SET foreign_key_checks = 0;
DROP TABLE IF EXISTS `agenda`;
CREATE TABLE `agenda` (
  `id` int(255) NOT NULL AUTO_INCREMENT,
  `cat_id` int(255) NOT NULL DEFAULT '0',
  `content_id` int(255) NOT NULL DEFAULT '0',
  `start_date` varchar(255) DEFAULT NULL,
  `start_hour` tinyint(24) DEFAULT NULL,
  `start_minute` tinyint(60) DEFAULT NULL,
  `end_date` varchar(255) DEFAULT NULL,
  `end_hour` tinyint(24) DEFAULT NULL,
  `end_minute` tinyint(60) DEFAULT NULL,
  `publish` tinyint(1) NOT NULL DEFAULT '0',
  PRIMARY KEY (`id`),
  KEY `cat_id` (`cat_id`),
  KEY `publish` (`publish`),
  FULLTEXT KEY `start_date` (`start_date`,`end_date`)
) ENGINE=MyISAM AUTO_INCREMENT=2 DEFAULT CHARSET=utf8;

INSERT INTO `agenda` VALUES (1,1,6,'2009-07-01',0,0,'2012-06-30',0,0,1);
DROP TABLE IF EXISTS `bbc_account`;
CREATE TABLE `bbc_account` (
  `id` bigint(20) unsigned NOT NULL AUTO_INCREMENT,
  `user_id` bigint(20) unsigned DEFAULT '0',
  `username` varchar(255) DEFAULT NULL,
  `name` varchar(255) DEFAULT NULL,
  `image` varchar(255) DEFAULT '',
  `email` varchar(255) DEFAULT NULL,
  `params` text,
  PRIMARY KEY (`id`),
  UNIQUE KEY `username` (`username`),
  KEY `user_id` (`user_id`),
  KEY `email` (`email`),
  FULLTEXT KEY `name` (`username`,`name`,`email`,`params`)
) ENGINE=MyISAM AUTO_INCREMENT=387 DEFAULT CHARSET=utf8;

INSERT INTO `bbc_account` VALUES (1,1,'admin','Administrator','','tmp@fisip.net','{\"Alamat Lengkap\":\"Indonesia\",\"Phone\":\"0818550122\"}'),(2,2,'danang@fisip.net','Danang Widiantoro','','danang@fisip.net','{\"Nick Name\":\"Danang\",\"Company\":\"Fisip.net\",\"Company Position\":\"Programmer\",\"Address\":\"Jl. Janti no.10 B\",\"City\":\"Bantul\",\"State\":\"Jogjakarta\",\"Post Code\":\"55161\",\"Country\":\"ID\",\"Phone\":\"0818550122\",\"Fax\":\"02743012336\",\"Email Alternate\":\"bbc_danang@yahoo.com\"}'),(3,3,'55555','surya','',NULL,NULL),(4,4,'11111','agung','',NULL,NULL),(5,5,'22222','ilham','',NULL,NULL),(6,6,'33333','yasin','',NULL,NULL),(7,7,'44444','vito','',NULL,NULL),(8,8,'120262874595','Bapak Arief Maharani','',NULL,NULL),(9,9,'120767679402','Bu Lina Maharani','',NULL,NULL),(10,10,'120272943020','Ibu Sri Susanto','',NULL,NULL),(11,11,'120993011554','Ibu Sri Maharani','',NULL,NULL),(12,12,'120384480034','Bapak Yanto Susanto','',NULL,NULL),(13,13,'120315388451','Bu Lina Susanto','',NULL,NULL),(14,14,'120580391382','Bapak Arief Susanto','',NULL,NULL),(15,15,'120682307134','Pak Adi Susanto','',NULL,NULL),(16,16,'120901865670','Ibu Sri Cahyono','',NULL,NULL),(17,17,'120820322274','Bu Lina Susanto','',NULL,NULL),(18,18,'120874668165','Pak Adi Cahyono','',NULL,NULL),(19,19,'120598454901','Bapak Yanto Widodo','',NULL,NULL),(20,20,'120255106144','Bu Lina Cahyono','',NULL,NULL),(21,21,'120865935695','Bapak Arief Susanto','',NULL,NULL),(22,22,'120131367059','Ibu Sri Prabowo','',NULL,NULL),(23,23,'3497213214','Joko Saputra','',NULL,NULL),(24,24,'3974569999','Ratna Fitri','',NULL,NULL),(25,25,'2182','Sofia Pratama','',NULL,NULL),(26,26,'3624745124','Iwan Saputra','',NULL,NULL),(27,27,'1991-02-04','Maria Kusuma','',NULL,NULL),(28,28,'1494','Alya Maharani','',NULL,NULL),(29,29,'3782842854','Budi Prabowo','',NULL,NULL),(30,30,'3545743197','Ratna Fitri','',NULL,NULL),(31,31,'5291','Farhan Pratama','',NULL,NULL),(32,32,'3766232904','Budi Prabowo','',NULL,NULL),(33,33,'3915077662','Linda Sari','',NULL,NULL),(34,34,'6773','Alya Cahaya','',NULL,NULL),(35,35,'3381513331','Iwan Saputra','',NULL,NULL),(36,36,'3101641519','Ayu Fitri','',NULL,NULL),(37,37,'8809','Farhan Cahaya','',NULL,NULL),(38,38,'3733800559','Hendro Saputra','',NULL,NULL),(39,39,'3470915813','Ratna Wati','',NULL,NULL),(40,40,'3512','Farhan Cahaya','',NULL,NULL),(41,41,'3129162122','Agus Santoso','',NULL,NULL),(42,42,'3695161872','Siti Kusuma','',NULL,NULL),(43,43,'8913','Alya Maharani','',NULL,NULL),(44,44,'3200388252','Iwan Nugroho','',NULL,NULL),(45,45,'3535988224','Maria Fitri','',NULL,NULL),(46,46,'1707','Rafa Maharani','',NULL,NULL),(47,47,'3663198028','Agus Santoso','',NULL,NULL),(48,48,'3303216194','Maria Wati','',NULL,NULL),(49,49,'7382','Alya Wardhana','',NULL,NULL),(50,50,'3466906593','Agus Prabowo','',NULL,NULL),(51,51,'3669162663','Siti Sari','',NULL,NULL),(52,52,'9876','Rizky Wardhana','',NULL,NULL),(53,53,'3449806357','Hendro Santoso','',NULL,NULL),(54,54,'3773106544','Ratna Kusuma','',NULL,NULL),(55,55,'5158','Sofia Wardhana','',NULL,NULL),(56,56,'3179493178','Hendro Nugroho','',NULL,NULL),(57,57,'3999631834','Ayu Sari','',NULL,NULL),(58,58,'7581','Sofia Putra','',NULL,NULL),(59,59,'3948811952','Hendro Prabowo','',NULL,NULL),(60,60,'3945803476','Siti Kusuma','',NULL,NULL),(61,61,'8801','Farhan Cahaya','',NULL,NULL),(62,62,'3380655664','Joko Santoso','',NULL,NULL),(63,63,'3493921785','Ayu Fitri','',NULL,NULL),(64,64,'2470','Sofia Putra','',NULL,NULL),(65,65,'3286125729','Budi Nugroho','',NULL,NULL),(66,66,'3956756248','Siti Sari','',NULL,NULL),(67,67,'6581','Farhan Wardhana','',NULL,NULL),(68,68,'3899590656','Agus Nugroho','',NULL,NULL),(69,69,'3948892086','Maria Fitri','',NULL,NULL),(70,70,'1885','Alya Maharani','',NULL,NULL),(71,71,'3839619306','Joko Saputra','',NULL,NULL),(72,72,'3516424352','Ratna Sari','',NULL,NULL),(73,73,'5094','Rafa Pratama','',NULL,NULL),(74,74,'3991396876','Iwan Santoso','',NULL,NULL),(75,75,'3824065983','Linda Kusuma','',NULL,NULL),(76,76,'5614','Alya Pratama','',NULL,NULL),(77,77,'3228057855','Budi Wijaya','',NULL,NULL),(78,78,'3936527800','Siti Wati','',NULL,NULL),(79,79,'8001','Alya Pratama','',NULL,NULL),(80,80,'3205751192','Joko Nugroho','',NULL,NULL),(81,81,'3296807772','Siti Sari','',NULL,NULL),(82,82,'2450','Rafa Cahaya','',NULL,NULL),(83,83,'3249184222','Agus Santoso','',NULL,NULL),(84,84,'3543598100','Linda Wati','',NULL,NULL),(85,85,'5659','Sofia Maharani','',NULL,NULL),(86,86,'3269357635','Hendro Santoso','',NULL,NULL),(87,87,'3975297845','Maria Lestari','',NULL,NULL),(88,88,'9529','Rafa Pratama','',NULL,NULL),(89,89,'3320175345','Joko Nugroho','',NULL,NULL),(90,90,'3474005612','Ratna Kusuma','',NULL,NULL),(91,91,'2719','Rafa Wardhana','',NULL,NULL),(92,92,'3689473075','Joko Prabowo','',NULL,NULL),(93,93,'3735599979','Siti Fitri','',NULL,NULL),(94,94,'8045','Rizky Maharani','',NULL,NULL),(95,95,'3213143276','Agus Wijaya','',NULL,NULL),(96,96,'3799030421','Linda Kusuma','',NULL,NULL),(97,97,'2049','Rafa Wardhana','',NULL,NULL),(98,98,'3306937143','Iwan Prabowo','',NULL,NULL),(99,99,'3575506581','Siti Wati','',NULL,NULL),(100,100,'9648','Rafa Putra','',NULL,NULL),(101,101,'3518464544','Budi Prabowo','',NULL,NULL),(102,102,'3503400915','Maria Lestari','',NULL,NULL),(103,103,'6994','Sofia Wardhana','',NULL,NULL),(104,104,'3367054320','Iwan Nugroho','',NULL,NULL),(105,105,'3142879382','Linda Kusuma','',NULL,NULL),(106,106,'5630','Farhan Pratama','',NULL,NULL),(107,107,'3551941059','Joko Wijaya','',NULL,NULL),(108,108,'3799779589','Linda Wati','',NULL,NULL),(109,109,'5426','Sofia Putra','',NULL,NULL),(110,110,'3274099967','Agus Wijaya','',NULL,NULL),(111,111,'3824851151','Maria Sari','',NULL,NULL),(112,112,'5784','Sofia Putra','',NULL,NULL),(113,113,'3705362662','Iwan Saputra','',NULL,NULL),(114,114,'3301952060','Siti Lestari','',NULL,NULL),(115,115,'1266','Rizky Maharani','',NULL,NULL),(116,116,'3146083834','Iwan Nugroho','',NULL,NULL),(117,117,'3853717912','Maria Fitri','',NULL,NULL),(118,118,'4966','Alya Putra','',NULL,NULL),(119,119,'3334463725','Budi Santoso','',NULL,NULL),(120,120,'3584905333','Siti Fitri','',NULL,NULL),(121,121,'3281','Sofia Cahaya','',NULL,NULL),(122,122,'3263436638','Iwan Prabowo','',NULL,NULL),(123,123,'3269592308','Maria Sari','',NULL,NULL),(124,124,'5188','Farhan Putra','',NULL,NULL),(125,125,'3519612148','Iwan Santoso','',NULL,NULL),(126,126,'3581657193','Siti Wati','',NULL,NULL),(127,127,'1708','Sofia Cahaya','',NULL,NULL),(128,128,'3960814106','Iwan Saputra','',NULL,NULL),(129,129,'3349005541','Ratna Kusuma','',NULL,NULL),(130,130,'1046','Rafa Pratama','',NULL,NULL),(131,131,'3359905880','Budi Saputra','',NULL,NULL),(132,132,'3660115675','Linda Kusuma','',NULL,NULL),(133,133,'5835','Rafa Cahaya','',NULL,NULL),(134,134,'3628735154','Hendro Nugroho','',NULL,NULL),(135,135,'3369473696','Ratna Wati','',NULL,NULL),(136,136,'2418','Rizky Pratama','',NULL,NULL),(137,137,'3828018827','Joko Prabowo','',NULL,NULL),(138,138,'3448228857','Maria Fitri','',NULL,NULL),(139,139,'9939','Sofia Cahaya','',NULL,NULL),(140,140,'3266236057','Budi Saputra','',NULL,NULL),(141,141,'3521251480','Linda Sari','',NULL,NULL),(142,142,'5374','Sofia Pratama','',NULL,NULL),(143,143,'3488641965','Joko Wijaya','',NULL,NULL),(144,144,'3946669613','Ayu Kusuma','',NULL,NULL),(145,145,'7925','Rizky Pratama','',NULL,NULL),(146,146,'3388791469','Budi Prabowo','',NULL,NULL),(147,147,'3185714777','Siti Sari','',NULL,NULL),(148,148,'7948','Rafa Wardhana','',NULL,NULL),(149,149,'3491984948','Joko Prabowo','',NULL,NULL),(150,150,'3934724217','Ayu Kusuma','',NULL,NULL),(151,151,'1576','Farhan Maharani','',NULL,NULL),(152,152,'3170934687','Budi Wijaya','',NULL,NULL),(153,153,'3111241583','Linda Fitri','',NULL,NULL),(154,154,'1920','Alya Cahaya','',NULL,NULL),(155,155,'3980264553','Agus Santoso','',NULL,NULL),(156,156,'3815547829','Maria Lestari','',NULL,NULL),(157,157,'2744','Alya Pratama','',NULL,NULL),(158,158,'3850668943','Budi Nugroho','',NULL,NULL),(159,159,'3213265881','Linda Sari','',NULL,NULL),(160,160,'2695','Rafa Wardhana','',NULL,NULL),(161,161,'3201027651','Iwan Prabowo','',NULL,NULL),(162,162,'3288794971','Ayu Fitri','',NULL,NULL),(163,163,'1481','Alya Cahaya','',NULL,NULL),(164,164,'3670285928','Iwan Prabowo','',NULL,NULL),(165,165,'3854068801','Ayu Lestari','',NULL,NULL),(166,166,'1951','Rizky Cahaya','',NULL,NULL),(167,167,'3388344252','Joko Prabowo','',NULL,NULL),(168,168,'3958864249','Ayu Wati','',NULL,NULL),(169,169,'1595','Rizky Pratama','',NULL,NULL),(170,170,'3278613744','Joko Wijaya','',NULL,NULL),(171,171,'3585945846','Maria Wati','',NULL,NULL),(172,172,'1206','Alya Maharani','',NULL,NULL),(173,173,'3899129003','Budi Wijaya','',NULL,NULL),(174,174,'3319103509','Siti Fitri','',NULL,NULL),(175,175,'1362','Sofia Maharani','',NULL,NULL),(176,176,'3866756819','Budi Nugroho','',NULL,NULL),(177,177,'3737430173','Maria Wati','',NULL,NULL),(178,178,'8136','Sofia Wardhana','',NULL,NULL),(179,179,'3467388287','Iwan Prabowo','',NULL,NULL),(180,180,'3375855251','Maria Kusuma','',NULL,NULL),(181,181,'6771','Rizky Wardhana','',NULL,NULL),(182,182,'3594012483','Agus Nugroho','',NULL,NULL),(183,183,'3241072660','Ratna Kusuma','',NULL,NULL),(184,184,'9638','Alya Wardhana','',NULL,NULL),(185,185,'3771427345','Agus Prabowo','',NULL,NULL),(186,186,'3942245484','Siti Fitri','',NULL,NULL),(187,187,'5558','Rafa Putra','',NULL,NULL),(188,188,'3263715721','Joko Santoso','',NULL,NULL),(189,189,'3780896597','Ayu Sari','',NULL,NULL),(190,190,'4102','Alya Pratama','',NULL,NULL),(191,191,'3794113939','Budi Prabowo','',NULL,NULL),(192,192,'3805039386','Ayu Sari','',NULL,NULL),(193,193,'1391','Farhan Wardhana','',NULL,NULL),(194,194,'3425990213','Joko Nugroho','',NULL,NULL),(195,195,'3355643370','Maria Kusuma','',NULL,NULL),(196,196,'5923','Rafa Wardhana','',NULL,NULL),(197,197,'3416882187','Agus Prabowo','',NULL,NULL),(198,198,'3578406420','Siti Sari','',NULL,NULL),(199,199,'9993','Alya Wardhana','',NULL,NULL),(200,200,'3800814807','Hendro Nugroho','',NULL,NULL),(201,201,'3548532128','Maria Kusuma','',NULL,NULL),(202,202,'6204','Alya Wardhana','',NULL,NULL),(203,203,'3465970860','Agus Wijaya','',NULL,NULL),(204,204,'3619448132','Ratna Fitri','',NULL,NULL),(205,205,'4607','Farhan Maharani','',NULL,NULL),(206,206,'3421832819','Agus Nugroho','',NULL,NULL),(207,207,'1979-04-20','Ratna Lestari','',NULL,NULL),(208,208,'8101','Alya Pratama','',NULL,NULL),(209,209,'3574827652','Budi Nugroho','',NULL,NULL),(210,210,'3737092562','Siti Fitri','',NULL,NULL),(211,211,'6223','Sofia Wardhana','',NULL,NULL),(212,212,'3626531321','Budi Nugroho','',NULL,NULL),(213,213,'3443194074','Siti Sari','',NULL,NULL),(214,214,'3022','Rafa Cahaya','',NULL,NULL),(215,215,'3673826069','Budi Wijaya','',NULL,NULL),(216,216,'3695719924','Siti Wati','',NULL,NULL),(217,217,'7670','Alya Pratama','',NULL,NULL),(218,218,'3574387308','Budi Wijaya','',NULL,NULL),(219,219,'3164319884','Siti Sari','',NULL,NULL),(220,220,'9565','Farhan Pratama','',NULL,NULL),(221,221,'3715794689','Joko Santoso','',NULL,NULL),(222,222,'3929979001','Maria Fitri','',NULL,NULL),(223,223,'1495','Sofia Putra','',NULL,NULL),(224,224,'3214541157','Hendro Santoso','',NULL,NULL),(225,225,'3124747302','Ayu Sari','',NULL,NULL),(226,226,'3751','Rafa Pratama','',NULL,NULL),(227,227,'3540478456','Budi Saputra','',NULL,NULL),(228,228,'3653437034','Siti Kusuma','',NULL,NULL),(229,229,'7458','Farhan Pratama','',NULL,NULL),(230,230,'3524516467','Joko Prabowo','',NULL,NULL),(231,231,'3898591068','Ayu Sari','',NULL,NULL),(232,232,'7869','Alya Putra','',NULL,NULL),(233,233,'3927997826','Agus Saputra','',NULL,NULL),(234,234,'3249415905','Maria Sari','',NULL,NULL),(235,235,'3634770068','Hendro Nugroho','',NULL,NULL),(236,236,'3466406715','Ratna Fitri','',NULL,NULL),(237,237,'5745','Rafa Pratama','',NULL,NULL),(238,238,'3710460316','Hendro Nugroho','',NULL,NULL),(239,239,'3155073644','Linda Wati','',NULL,NULL),(240,240,'4754','Rafa Putra','',NULL,NULL),(241,241,'3411170745','Agus Nugroho','',NULL,NULL),(242,242,'3891441722','Ratna Wati','',NULL,NULL),(243,243,'1831','Rizky Cahaya','',NULL,NULL),(244,244,'3914173604','Iwan Santoso','',NULL,NULL),(245,245,'3173031934','Maria Wati','',NULL,NULL),(246,246,'7283','Rizky Putra','',NULL,NULL),(247,247,'3312143535','Budi Santoso','',NULL,NULL),(248,248,'3267001589','Linda Fitri','',NULL,NULL),(249,249,'8309','Farhan Wardhana','',NULL,NULL),(250,250,'3516027224','Joko Prabowo','',NULL,NULL),(251,251,'3899414513','Maria Wati','',NULL,NULL),(252,252,'3150','Sofia Putra','',NULL,NULL),(253,253,'3649088084','Budi Prabowo','',NULL,NULL),(254,254,'3853769235','Linda Lestari','',NULL,NULL),(255,255,'9395','Sofia Wardhana','',NULL,NULL),(256,256,'3662227848','Iwan Saputra','',NULL,NULL),(257,257,'3567797374','Siti Fitri','',NULL,NULL),(258,258,'5099','Farhan Putra','',NULL,NULL),(259,259,'3935078036','Agus Prabowo','',NULL,NULL),(260,260,'3469516964','Siti Wati','',NULL,NULL),(261,261,'8653','Farhan Pratama','',NULL,NULL),(262,262,'3968232886','Hendro Prabowo','',NULL,NULL),(263,263,'3947107112','Ayu Sari','',NULL,NULL),(264,264,'2356','Rafa Pratama','',NULL,NULL),(265,265,'3517797163','Hendro Saputra','',NULL,NULL),(266,266,'3533289293','Maria Kusuma','',NULL,NULL),(267,267,'2056','Sofia Maharani','',NULL,NULL),(268,268,'3931427341','Joko Santoso','',NULL,NULL),(269,269,'3320230631','Ayu Kusuma','',NULL,NULL),(270,270,'9393','Rizky Cahaya','',NULL,NULL),(271,271,'3737938517','Iwan Wijaya','',NULL,NULL),(272,272,'3659870439','Linda Kusuma','',NULL,NULL),(273,273,'1503','Farhan Maharani','',NULL,NULL),(274,274,'3758891445','Iwan Saputra','',NULL,NULL),(275,275,'3861687773','Maria Kusuma','',NULL,NULL),(276,276,'5632','Rizky Pratama','',NULL,NULL),(277,277,'3994046359','Joko Wijaya','',NULL,NULL),(278,278,'3805718152','Ratna Kusuma','',NULL,NULL),(279,279,'2585','Rizky Maharani','',NULL,NULL),(280,280,'3425526642','Iwan Santoso','',NULL,NULL),(281,281,'3154955520','Ayu Fitri','',NULL,NULL),(282,282,'9404','Farhan Maharani','',NULL,NULL),(283,283,'3841094410','Budi Santoso','',NULL,NULL),(284,284,'3853043999','Ayu Fitri','',NULL,NULL),(285,285,'3239','Alya Putra','',NULL,NULL),(286,286,'3451005815','Agus Prabowo','',NULL,NULL),(287,287,'3160274244','Ratna Sari','',NULL,NULL),(288,288,'4767','Rizky Pratama','',NULL,NULL),(289,289,'3279765319','Agus Saputra','',NULL,NULL),(290,290,'3138331108','Siti Lestari','',NULL,NULL),(291,291,'4761','Alya Cahaya','',NULL,NULL),(292,292,'3859444563','Joko Wijaya','',NULL,NULL),(293,293,'3132561518','Ratna Kusuma','',NULL,NULL),(294,294,'2819','Sofia Pratama','',NULL,NULL),(295,295,'3477944261','Agus Prabowo','',NULL,NULL),(296,296,'3858813356','Ratna Wati','',NULL,NULL),(297,297,'4639','Rizky Cahaya','',NULL,NULL),(298,298,'3940559480','Agus Nugroho','',NULL,NULL),(299,299,'3750523176','Ratna Wati','',NULL,NULL),(300,300,'8254','Rafa Maharani','',NULL,NULL),(301,301,'3522880310','Agus Prabowo','',NULL,NULL),(302,302,'3229631377','Ayu Kusuma','',NULL,NULL),(303,303,'8209','Farhan Pratama','',NULL,NULL),(304,304,'3152204507','Agus Nugroho','',NULL,NULL),(305,305,'3584663655','Siti Sari','',NULL,NULL),(306,306,'4709','Farhan Pratama','',NULL,NULL),(307,307,'3830811583','Budi Prabowo','',NULL,NULL),(308,308,'3837084268','Linda Kusuma','',NULL,NULL),(309,309,'1257','Alya Wardhana','',NULL,NULL),(310,310,'3906393624','Joko Nugroho','',NULL,NULL),(311,311,'3460838511','Ayu Wati','',NULL,NULL),(312,312,'1453','Farhan Putra','',NULL,NULL),(313,313,'3481697266','Budi Prabowo','',NULL,NULL),(314,314,'3763213081','Ayu Wati','',NULL,NULL),(315,315,'1961','Alya Wardhana','',NULL,NULL),(316,316,'3856235986','Agus Nugroho','',NULL,NULL),(317,317,'3946342427','Siti Kusuma','',NULL,NULL),(318,318,'2556','Alya Pratama','',NULL,NULL),(319,319,'3581200118','Hendro Nugroho','',NULL,NULL),(320,320,'3495037392','Maria Wati','',NULL,NULL),(321,321,'6406','Rizky Maharani','',NULL,NULL),(322,322,'3503148326','Joko Nugroho','',NULL,NULL),(323,323,'3626747404','Ratna Wati','',NULL,NULL),(324,324,'3496','Sofia Wardhana','',NULL,NULL),(325,325,'3222233852','Hendro Wijaya','',NULL,NULL),(326,326,'3200224862','Siti Sari','',NULL,NULL),(327,327,'5840','Rafa Putra','',NULL,NULL),(328,328,'3472768414','Hendro Nugroho','',NULL,NULL),(329,329,'3677669833','Ayu Fitri','',NULL,NULL),(330,330,'2120','Alya Pratama','',NULL,NULL),(331,331,'3311499415','Iwan Santoso','',NULL,NULL),(332,332,'3551073818','Linda Fitri','',NULL,NULL),(333,333,'1623','Rafa Cahaya','',NULL,NULL),(334,334,'3253114793','Joko Saputra','',NULL,NULL),(335,335,'3727865143','Maria Fitri','',NULL,NULL),(336,336,'3789411080','Budi Santoso','',NULL,NULL),(337,337,'3705074542','Maria Kusuma','',NULL,NULL),(338,338,'9985','Farhan Wardhana','',NULL,NULL),(339,339,'3128974912','Joko Prabowo','',NULL,NULL),(340,340,'3999367489','Ratna Wati','',NULL,NULL),(341,341,'5192','Rizky Wardhana','',NULL,NULL),(342,342,'3311854387','Agus Prabowo','',NULL,NULL),(343,343,'3992615017','Maria Fitri','',NULL,NULL),(344,344,'1162','Rafa Wardhana','',NULL,NULL),(345,345,'3688997048','Agus Prabowo','',NULL,NULL),(346,346,'3164847325','Linda Lestari','',NULL,NULL),(347,347,'7274','Sofia Cahaya','',NULL,NULL),(348,348,'3588483552','Joko Nugroho','',NULL,NULL),(349,349,'3147393979','Siti Wati','',NULL,NULL),(350,350,'4573','Farhan Cahaya','',NULL,NULL),(351,351,'3851548635','Agus Nugroho','',NULL,NULL),(352,352,'3736928518','Siti Fitri','',NULL,NULL),(353,353,'4825','Farhan Putra','',NULL,NULL),(354,354,'3605912611','Iwan Nugroho','',NULL,NULL),(355,355,'3612804540','Ratna Kusuma','',NULL,NULL),(356,356,'5233','Sofia Pratama','',NULL,NULL),(357,357,'3450384418','Hendro Saputra','',NULL,NULL),(358,358,'3526640366','Ayu Sari','',NULL,NULL),(359,359,'8609','Rizky Pratama','',NULL,NULL),(360,360,'3717354005','Budi Saputra','',NULL,NULL),(361,361,'3923047883','Linda Wati','',NULL,NULL),(362,362,'8384','Farhan Wardhana','',NULL,NULL),(363,363,'3912186236','Iwan Prabowo','',NULL,NULL),(364,364,'3707951613','Maria Kusuma','',NULL,NULL),(365,365,'7528','Rafa Maharani','',NULL,NULL),(366,366,'3415121006','Joko Nugroho','',NULL,NULL),(367,367,'3361178099','Ratna Wati','',NULL,NULL),(368,368,'7461','Rafa Wardhana','',NULL,NULL),(369,369,'3313286210','Agus Prabowo','',NULL,NULL),(370,370,'3718275890','Maria Kusuma','',NULL,NULL),(371,371,'6477','Alya Cahaya','',NULL,NULL),(372,372,'3531292588','Joko Santoso','',NULL,NULL),(373,373,'3995269067','Maria Fitri','',NULL,NULL),(374,374,'8877','Rafa Putra','',NULL,NULL),(375,375,'3221879329','Iwan Santoso','',NULL,NULL),(376,376,'3979227553','Ratna Sari','',NULL,NULL),(377,377,'1381','Sofia Wardhana','',NULL,NULL),(378,378,'3792218907','Hendro Prabowo','',NULL,NULL),(379,379,'3233751779','Linda Sari','',NULL,NULL),(380,380,'3210','Farhan Cahaya','',NULL,NULL),(381,381,'3377232767','Iwan Saputra','',NULL,NULL),(382,382,'3816519247','Ayu Sari','',NULL,NULL),(383,383,'9533','Alya Cahaya','',NULL,NULL),(384,384,'3248363108','Budi Wijaya','',NULL,NULL),(385,385,'1978-04-13','Siti Sari','',NULL,NULL),(386,386,'7477','Rizky Maharani','',NULL,NULL);
DROP TABLE IF EXISTS `bbc_account_temp`;
CREATE TABLE `bbc_account_temp` (
  `id` bigint(20) unsigned NOT NULL AUTO_INCREMENT,
  `code` varchar(255) DEFAULT NULL,
  `date` datetime NOT NULL DEFAULT '0000-00-00 00:00:00',
  `username` varchar(255) DEFAULT NULL,
  `password` varchar(65) DEFAULT NULL,
  `name` varchar(255) DEFAULT NULL,
  `email` varchar(255) DEFAULT NULL,
  `params` text NOT NULL,
  `active` tinyint(1) NOT NULL DEFAULT '1',
  PRIMARY KEY (`id`),
  KEY `code` (`code`),
  FULLTEXT KEY `code_2` (`code`,`username`,`name`,`email`,`params`)
) ENGINE=MyISAM DEFAULT CHARSET=utf8;

DROP TABLE IF EXISTS `bbc_alert`;
CREATE TABLE `bbc_alert` (
  `id` bigint(20) unsigned NOT NULL AUTO_INCREMENT,
  `user_id` bigint(20) unsigned DEFAULT '0' COMMENT 'user_id=0 && group_id=0 means all user',
  `group_id` int(11) DEFAULT '0' COMMENT '>0 for all members of the group',
  `module` varchar(60) DEFAULT '',
  `title` varchar(60) DEFAULT '',
  `description` varchar(150) DEFAULT '',
  `params` text,
  `is_open` tinyint(1) DEFAULT '0',
  `is_admin` tinyint(1) DEFAULT '3' COMMENT '0=memberlogin, 1=admin, 2=public, 3=any',
  `updated` datetime DEFAULT '0000-00-00 00:00:00',
  `created` datetime DEFAULT '0000-00-00 00:00:00',
  PRIMARY KEY (`id`),
  KEY `user_id` (`user_id`),
  KEY `group_id` (`group_id`),
  KEY `is_open` (`is_open`),
  KEY `is_admin` (`is_admin`),
  KEY `created` (`created`)
) ENGINE=MyISAM DEFAULT CHARSET=utf8 COMMENT='Jika ingin me-notif semua member dalam suatu group maka harus memasukkan satu2 tiap user_id dalam group tersebut, karena jika mengunakan group_id maka jika salah satu user dalam group_id tsb membuka maka alert untuk yg lain akan hilang';

DROP TABLE IF EXISTS `bbc_block`;
CREATE TABLE `bbc_block` (
  `id` int(255) NOT NULL AUTO_INCREMENT,
  `template_id` int(255) NOT NULL DEFAULT '0',
  `block_ref_id` int(255) DEFAULT NULL,
  `position_id` int(255) DEFAULT NULL,
  `show_title` tinyint(4) DEFAULT '0',
  `link` varchar(255) DEFAULT NULL,
  `cache` int(11) NOT NULL DEFAULT '0',
  `theme_id` int(255) DEFAULT NULL,
  `group_ids` varchar(255) DEFAULT NULL,
  `menu_ids` varchar(255) DEFAULT NULL,
  `menu_ids_blocked` varchar(255) DEFAULT NULL,
  `module_ids_allowed` varchar(255) DEFAULT NULL,
  `module_ids_blocked` varchar(255) DEFAULT NULL,
  `config` text,
  `orderby` int(255) DEFAULT NULL,
  `active` tinyint(4) DEFAULT '0',
  PRIMARY KEY (`id`),
  KEY `template_id` (`template_id`),
  KEY `active` (`active`)
) ENGINE=MyISAM AUTO_INCREMENT=122 DEFAULT CHARSET=utf8;

INSERT INTO `bbc_block` VALUES (1,1,4,10,0,'',900,1,',all,',',all,','','','','{\"content\":\"%3Ch1%3EIni+adalah+sample+atau+demo+produk+e-profile+untuk+Company+Profile+dari+fisip.net.+Design+tampilan+situs+bisa+diubah+sesuai+dengan+permintaan+anda.%3C%2Fh1%3E\",\"type\":\"none\"}',1,1),(2,1,14,7,0,'',900,1,',all,',',all,','','','','{\"cat_id\":\"1\",\"template\":\"\"}',1,1),(3,1,3,9,1,'',900,2,',all,',',-1,','','','','{\"template\":\"default\",\"kind_id\":\"-1\",\"type_id\":\"1\",\"cat_id\":\"1\",\"ids\":\"\",\"popular\":\"\",\"limit_title\":\"75\",\"limit_title_by\":\"char\",\"title\":\"1\",\"title_link\":\"1\",\"intro\":\"intro\",\"created\":\"1\",\"modified\":\"1\",\"author\":\"1\",\"tag\":\"1\",\"tag_link\":\"1\",\"rating\":\"1\",\"read_more\":\"0\",\"tot_list\":\"2\",\"thumbnail\":\"1\"}',2,1),(4,1,10,3,0,'',0,4,',all,',',all,','','','','{\"template\":\"menu-horizontal\",\"cat_id\":\"1\",\"submenu\":\"bottom+right\"}',1,1),(5,1,9,5,0,'',900,1,',all,',',all,','','','','{\"image\":\"templates%2Fcampus_blue%2Fimages%2Fsite_logo.gif\",\"size\":\"\",\"is_link\":\"1\",\"link\":\"\",\"title\":\"\"}',1,1),(6,1,10,1,0,'',900,4,',all,',',all,','','','','{\"template\":\"menu-vertical\",\"cat_id\":\"2\",\"submenu\":\"bottom+right\"}',3,0),(7,1,6,2,0,'',0,3,',all,',',all,','','','','{\"task\":\"searchForm\",\"caption\":\"keyword+here...\"}',1,1),(8,1,12,2,1,'',0,2,',all,',',all,','','','','{\"total_visit\":\"1\",\"total_member\":\"1\",\"member_online\":\"1\",\"user_online\":\"1\",\"active_days\":\"1\",\"start_days\":\"2014-11-14\",\"interval_time\":\"900\"}',4,1),(9,1,2,1,1,'',900,2,',all,',',all,','','','','{\"template\":\"\",\"type\":\"default\"}',4,0),(10,1,8,1,1,'',0,2,',unassigned,',',all,','','','','{\"forget\":\"1\",\"register\":\"1\"}',1,1),(11,1,6,8,0,'',0,1,',all,',',all,',',-1,','','','{\"task\":\"Navigation\",\"caption\":\"\"}',1,1),(12,1,7,1,1,'',900,2,',all,',',all,','','','','{\"show\":\"0\",\"limit\":\"4\"}',6,1),(13,1,10,1,1,'',900,2,',logged,',',all,','','','','{\"template\":\"menu-vertical\",\"cat_id\":\"3\",\"submenu\":\"bottom+right\"}',2,1),(14,1,1,1,0,'',900,3,',all,',',all,','','','','{\"type\":\"6\",\"show\":\"5\"}',5,1),(15,1,10,4,0,'',900,5,',all,',',all,','','','','{\"template\":\"menu-horizontal\",\"cat_id\":\"2\",\"submenu\":\"top+left\"}',1,1),(16,1,6,11,0,'',0,1,',all,',',all,','','','','{\"task\":\"debug\",\"caption\":\"\"}',1,1),(17,1,11,2,1,'',0,2,',all,',',all,','','','','{\"ids\":[\"2\",\"1\"],\"limit\":\"1\"}',3,1),(18,1,6,2,1,'',0,2,',all,',',all,','','','','{\"task\":\"templates\",\"caption\":\"\"}',2,1),(19,1,3,9,0,'',0,1,',all,','',',-1,',',4,','','{\"type_id\":\"-1\",\"cat_id\":\"-1\",\"ids\":\"\",\"limit_title\":\"75\",\"limit_title_by\":\"char\",\"template\":\"related\",\"title\":\"1\",\"title_link\":\"1\",\"intro\":\"intro\",\"created\":\"1\",\"modified\":\"0\",\"author\":\"1\",\"tag\":\"0\",\"tag_link\":\"0\",\"rating\":\"1\",\"read_more\":\"1\",\"tot_list\":\"5\",\"thumbnail\":\"1\"}',1,1),(20,1,13,9,1,'',900,2,',all,',',-1,','','','','{\"limit\":\"2\",\"avatar\":\"1\",\"orderby\":\"1\",\"readmore\":\"1\"}',4,1),(21,1,4,7,0,'',900,1,',all,',',all,','','','','{\"content\":\"%3Cdiv+class%3D%22slidemask%22%3E%3C%2Fdiv%3E\",\"type\":\"none\"}',2,1),(22,6,9,3,0,'',0,14,',all,',',all,','','','','{\"image\":\"templates%2Fcobweb_blue%2Fimages%2Fmain_image.jpg\",\"size\":\"\",\"is_link\":\"0\",\"link\":\"\",\"title\":\"\"}',2,1),(23,6,4,10,0,'',0,13,',all,',',all,','','','','{\"content\":\"%3Ch1%3EIni+adalah+sample+atau+demo+produk+e-profile+untuk+Company+Profile+dari+fisip.net.+Design+tampilan+situs+bisa+diubah+sesuai+dengan+permintaan+anda.%3C%2Fh1%3E\",\"type\":\"none\"}',1,1),(24,6,9,7,0,'',0,14,',all,',',all,','','','','{\"image\":\"templates%2Fcobweb_blue%2Fimages%2Fsite_logo.gif\",\"size\":\"\",\"is_link\":\"1\",\"link\":\"\",\"title\":\"\"}',1,1),(25,6,13,9,1,'',0,9,',all,',',-1,','','','','{\"limit\":\"2\",\"avatar\":\"1\",\"orderby\":\"1\",\"readmore\":\"1\"}',4,1),(26,6,3,9,0,'',0,12,',all,','',',-1,',',4,','','{\"type_id\":\"1\",\"cat_id\":\"4\",\"ids\":\"\",\"limit_title\":\"75\",\"limit_title_by\":\"char\",\"template\":\"related\",\"title\":\"1\",\"title_link\":\"1\",\"intro\":\"intro\",\"created\":\"1\",\"modified\":\"0\",\"author\":\"1\",\"tag\":\"0\",\"tag_link\":\"0\",\"rating\":\"1\",\"read_more\":\"1\",\"tot_list\":\"5\",\"thumbnail\":\"1\"}',1,1),(27,6,10,1,0,'',0,7,',all,',',all,','','','','{\"template\":\"menu-vertical\",\"cat_id\":\"2\",\"submenu\":\"bottom+right\"}',1,1),(28,6,10,3,0,'',0,10,',all,',',all,','','','','{\"template\":\"menu-horizontal\",\"cat_id\":\"1\",\"submenu\":\"bottom+right\"}',1,1),(29,6,3,9,1,'',0,12,',all,',',-1,','','','','{\"type_id\":\"1\",\"cat_id\":\"3\",\"ids\":\"\",\"limit_title\":\"75\",\"limit_title_by\":\"char\",\"template\":\"content\",\"title\":\"1\",\"title_link\":\"1\",\"intro\":\"intro\",\"created\":\"1\",\"modified\":\"1\",\"author\":\"1\",\"tag\":\"1\",\"tag_link\":\"1\",\"rating\":\"1\",\"read_more\":\"1\",\"tot_list\":\"2\",\"thumbnail\":\"1\"}',2,1),(30,6,10,2,1,'',0,16,',logged,',',all,','','','','{\"template\":\"menu-vertical\",\"cat_id\":\"3\",\"submenu\":\"bottom+left\"}',2,1),(31,6,8,2,1,'',0,11,',unassigned,',',all,','','','','{\"forget\":\"1\",\"register\":\"1\"}',3,1),(32,6,6,8,0,'',0,13,',all,',',all,',',-1,','','','{\"task\":\"Navigation\",\"caption\":\"\"}',1,1),(33,6,2,1,1,'',0,11,',all,',',all,','','','','',4,1),(34,6,12,2,1,'',0,11,',all,',',all,','','','','{\"total_visit\":\"1\",\"total_member\":\"1\",\"member_online\":\"1\",\"user_online\":\"1\",\"active_days\":\"1\",\"start_days\":\"2014-11-14\",\"interval_time\":\"900\"}',5,1),(35,6,10,4,0,'',0,8,',all,',',all,','','','','{\"template\":\"menu-horizontal\",\"cat_id\":\"2\",\"submenu\":\"top+right\"}',1,1),(36,6,7,1,1,'',0,11,',all,',',all,','','','','{\"show\":\"0\",\"limit\":\"4\"}',3,1),(37,6,1,1,0,'',0,6,',all,',',all,','','','','{\"type\":\"6\",\"show\":\"5\"}',2,1),(38,6,6,11,0,'',0,13,',all,',',all,','','','','{\"task\":\"debug\",\"caption\":\"\"}',1,1),(39,6,6,2,1,'',0,11,',all,',',all,','','','','{\"task\":\"templates\",\"caption\":\"\"}',1,1),(40,6,11,2,1,'',0,11,',all,',',all,','','','','{\"ids\":[\"2\",\"1\"],\"limit\":\"1\"}',4,1),(41,6,6,5,0,'',0,15,',all,',',all,','','','','{\"task\":\"searchForm\",\"caption\":\"Keyword+here....\"}',1,1),(42,2,4,10,0,'',0,17,',all,',',all,','','','','{\"content\":\"%3Ch1%3EIni+adalah+sample+atau+demo+produk+e-profile+untuk+Company+Profile+dari+fisip.net.+Design+tampilan+situs+bisa+diubah+sesuai+dengan+permintaan+anda.%3C%2Fh1%3E\",\"type\":\"none\"}',1,1),(43,2,3,9,1,'',0,21,',all,',',-1,','','','','{\"type_id\":\"1\",\"cat_id\":\"1\",\"ids\":\"\",\"limit_title\":\"75\",\"limit_title_by\":\"char\",\"template\":\"default\",\"title\":\"1\",\"title_link\":\"1\",\"intro\":\"intro\",\"created\":\"1\",\"modified\":\"1\",\"author\":\"1\",\"tag\":\"1\",\"tag_link\":\"1\",\"rating\":\"1\",\"read_more\":\"0\",\"tot_list\":\"2\",\"thumbnail\":\"1\"}',1,1),(44,2,10,3,0,'',0,19,',all,',',all,','','','','{\"template\":\"menu-horizontal\",\"cat_id\":\"1\",\"submenu\":\"bottom+right\"}',1,1),(45,2,9,7,0,'',0,17,',all,',',all,','','','','{\"image\":\"templates%2Flogistic_transport%2Fimages%2Flogo.gif\",\"size\":\"\",\"is_link\":\"1\",\"link\":\"\",\"title\":\"\"}',1,1),(46,2,10,1,1,'',0,20,',all,',',all,','','','','{\"cat_id\":\"1\",\"layout\":\"vertical\",\"submenu\":\"bottom+right\"}',3,0),(47,2,6,3,0,'',0,18,',all,',',all,','','','','{\"task\":\"searchForm\",\"caption\":\"keyword+here...\"}',2,1),(48,2,12,1,1,'',900,20,',all,',',all,','','','','{\"total_visit\":\"1\",\"total_member\":\"1\",\"member_online\":\"1\",\"user_online\":\"1\",\"active_days\":\"1\",\"start_days\":\"07%2F25%2F2010\",\"interval_time\":\"900\"}',8,1),(49,2,2,1,1,'',900,20,',all,',',all,','','','','',6,1),(50,2,6,8,0,'',0,17,',all,',',all,',',-1,','','','{\"task\":\"Navigation\",\"caption\":\"\"}',2,1),(51,2,7,1,1,'',900,20,',all,',',all,','','','','{\"show\":\"0\",\"limit\":\"4\"}',5,1),(52,2,10,1,1,'',0,20,',logged,',',all,','','','','{\"template\":\"menu-vertical\",\"cat_id\":\"3\",\"submenu\":\"bottom+left\"}',2,1),(53,2,10,4,0,'',0,17,',all,',',all,','','','','{\"template\":\"menu-horizontal\",\"cat_id\":\"2\",\"submenu\":\"top+right\"}',1,1),(54,2,6,11,0,'',0,17,',all,',',all,','','','','{\"task\":\"debug\",\"caption\":\"\"}',1,1),(55,2,11,1,1,'',900,20,',all,',',all,','','','','{\"ids\":[\"2\",\"1\"],\"limit\":\"1\"}',7,1),(56,2,6,1,1,'',0,20,',all,',',all,','','','','{\"task\":\"templates\",\"caption\":\"\"}',1,1),(57,2,9,5,0,'',0,17,',all,',',all,','','','','{\"image\":\"templates%2Flogistic_transport%2Fimages%2Fheader.jpg\",\"size\":\"\",\"is_link\":\"0\",\"link\":\"\",\"title\":\"\"}',1,1),(58,2,3,8,0,'',0,20,',all,','',',-1,',',4,','','{\"type_id\":\"-1\",\"cat_id\":\"-1\",\"ids\":\"\",\"limit_title\":\"75\",\"limit_title_by\":\"char\",\"template\":\"related\",\"title\":\"1\",\"title_link\":\"1\",\"intro\":\"intro\",\"created\":\"1\",\"modified\":\"1\",\"author\":\"1\",\"tag\":\"0\",\"tag_link\":\"0\",\"rating\":\"1\",\"read_more\":\"1\",\"tot_list\":\"5\",\"thumbnail\":\"1\"}',1,1),(59,2,13,9,1,'',0,20,',all,',',all,','','','','{\"limit\":\"2\",\"avatar\":\"1\",\"orderby\":\"1\",\"readmore\":\"0\"}',3,1),(60,3,4,10,0,'',0,22,',all,',',all,','','','','{\"content\":\"%3Ch1%3EIni+adalah+sample+atau+demo+produk+e-profile+untuk+Company+Profile+dari+fisip.net.+Design+tampilan+situs+bisa+diubah+sesuai+dengan+permintaan+anda.%3C%2Fh1%3E\",\"type\":\"none\"}',1,1),(61,3,3,9,1,'',0,26,',all,',',-1,','','','','{\"type_id\":\"1\",\"cat_id\":\"1\",\"ids\":\"\",\"limit_title\":\"75\",\"limit_title_by\":\"char\",\"template\":\"content\",\"title\":\"1\",\"title_link\":\"1\",\"intro\":\"intro\",\"created\":\"1\",\"modified\":\"1\",\"author\":\"1\",\"tag\":\"1\",\"tag_link\":\"1\",\"rating\":\"1\",\"read_more\":\"0\",\"tot_list\":\"2\",\"thumbnail\":\"1\"}',1,1),(62,3,10,3,0,'',0,22,',all,',',all,','','','','{\"template\":\"menu-horizontal\",\"cat_id\":\"2\",\"submenu\":\"bottom+right\"}',1,1),(63,3,9,7,0,'',0,22,',all,',',all,','','','','{\"image\":\"templates%2Fcloudy_season%2Fimages%2Flogo.gif\",\"size\":\"\",\"is_link\":\"1\",\"link\":\"\",\"title\":\"\"}',1,1),(64,3,6,5,0,'',0,23,',all,',',all,','','','','{\"template\":\"searchForm\",\"caption\":\"keyword+here...\"}',1,1),(65,3,12,2,1,'',900,25,',all,',',all,','','','','{\"total_visit\":\"1\",\"total_member\":\"1\",\"member_online\":\"1\",\"user_online\":\"1\",\"active_days\":\"1\",\"start_days\":\"07%2F25%2F2010\",\"interval_time\":\"900\"}',5,1),(66,3,2,1,1,'',900,25,',all,',',all,','','','','',2,1),(67,3,6,8,0,'',0,22,',all,',',all,',',-1,','','','{\"task\":\"Navigation\",\"caption\":\"\"}',1,1),(68,3,7,1,1,'',900,25,',all,',',all,','','','','{\"show\":\"0\",\"limit\":\"4\"}',5,1),(69,3,10,1,1,'',0,25,',logged,',',all,','','','','{\"template\":\"menu-vertical\",\"cat_id\":\"3\",\"submenu\":\"bottom+right\"}',1,1),(70,3,1,1,1,'',900,25,',all,',',all,','','','','{\"type\":\"6\",\"show\":\"5\"}',3,1),(71,3,10,4,0,'',0,22,',all,',',all,','','','','{\"template\":\"menu-horizontal\",\"cat_id\":\"1\",\"submenu\":\"top+right\"}',1,1),(72,3,6,11,0,'',0,22,',all,',',all,','','','','{\"task\":\"debug\",\"caption\":\"\"}',1,1),(73,3,11,2,1,'',900,25,',all,',',all,','','','','{\"ids\":[\"2\",\"1\"],\"limit\":\"1\"}',3,1),(74,3,6,2,1,'',0,25,',all,',',all,','','','','{\"task\":\"templates\",\"caption\":\"\"}',1,1),(75,3,9,1,0,'',0,24,',all,',',-1,','','','','{\"template\":\"\",\"image\":\"templates%2Fcloudy_season%2Fimages%2Funicef.jpg\",\"size\":\"\",\"is_link\":\"0\",\"link\":\"\",\"title\":\"\",\"attribute\":\"\"}',6,1),(76,3,8,2,1,'',0,25,',unassigned,',',all,','','','','{\"forget\":\"1\",\"register\":\"1\"}',2,1),(77,3,1,1,1,'',900,25,',unassigned,',',all,','','','','{\"template\":\"\",\"type\":\"1\",\"show\":\"5\"}',4,1),(78,3,3,12,0,'',0,26,',all,','',',-1,',',4,','','{\"type_id\":\"-1\",\"cat_id\":\"-1\",\"ids\":\"\",\"limit_title\":\"75\",\"limit_title_by\":\"char\",\"template\":\"related\",\"title\":\"1\",\"title_link\":\"1\",\"intro\":\"intro\",\"created\":\"1\",\"modified\":\"1\",\"author\":\"1\",\"tag\":\"0\",\"tag_link\":\"0\",\"rating\":\"1\",\"read_more\":\"0\",\"tot_list\":\"5\",\"thumbnail\":\"1\"}',1,1),(79,3,13,9,1,'',900,25,',all,',',-1,','','','','{\"template\":\"\",\"limit\":\"2\",\"avatar\":\"1\",\"orderby\":\"1\",\"readmore\":\"0\"}',3,1),(80,3,1,2,1,'',900,25,',logged,',',all,','','','','{\"template\":\"\",\"type\":\"1\",\"show\":\"5\"}',4,1),(81,4,3,12,1,'',0,28,',all,',',-1,','','','','{\"template\":\"default\",\"type_id\":\"1\",\"cat_id\":\"1\",\"ids\":\"\",\"limit_title\":\"75\",\"limit_title_by\":\"char\",\"title\":\"1\",\"title_link\":\"1\",\"intro\":\"intro\",\"created\":\"1\",\"modified\":\"1\",\"author\":\"1\",\"tag\":\"1\",\"tag_link\":\"1\",\"rating\":\"1\",\"read_more\":\"0\",\"tot_list\":\"2\",\"thumbnail\":\"1\"}',2,1),(82,4,10,3,0,'',0,30,',all,',',all,','','','','{\"cat_id\":\"1\",\"layout\":\"horizontal\",\"submenu\":\"bottom+right\"}',1,1),(83,4,9,7,0,'',0,27,',all,',',all,','','','','{\"image\":\"templates%2Fgreen_accountant%2Fimages%2Flogo.png\",\"size\":\"\",\"is_link\":\"1\",\"link\":\"\",\"title\":\"\"}',1,1),(84,4,6,5,0,'',0,29,',all,',',all,','','','','{\"task\":\"searchForm\",\"caption\":\"keyword+here...\"}',2,1),(85,4,12,2,1,'',900,28,',all,',',all,','','','','{\"template\":\"\",\"total_visit\":\"1\",\"total_member\":\"1\",\"member_online\":\"1\",\"user_online\":\"1\",\"active_days\":\"1\",\"start_days\":\"07%2F25%2F2010\",\"interval_time\":\"900\"}',4,1),(86,4,2,1,1,'',900,28,',all,',',all,','','','','{\"template\":\"\",\"type\":\"default\"}',3,1),(87,4,6,8,0,'',0,27,',all,',',all,',',-1,','','','{\"task\":\"Navigation\",\"caption\":\"\"}',1,1),(88,4,7,1,1,'',900,27,',all,',',all,','','','','{\"template\":\"\",\"show\":\"0\",\"limit\":\"3\"}',4,1),(89,4,1,1,0,'',900,28,',all,',',all,','','','','{\"template\":\"\",\"type\":\"6\",\"show\":\"5\"}',2,1),(90,4,6,11,0,'',0,27,',all,',',all,','','','','{\"task\":\"debug\",\"caption\":\"\"}',1,1),(91,4,11,2,1,'',900,28,',all,',',all,','','','','{\"template\":\"\",\"ids\":[\"2\",\"1\"],\"limit\":\"1\"}',3,1),(92,4,6,2,1,'',0,28,',all,',',all,','','','','{\"task\":\"templates\",\"caption\":\"\"}',1,1),(93,4,9,5,0,'',0,27,',all,',',all,','','','','{\"image\":\"templates%2Fgreen_accountant%2Fimages%2Fimg-header.jpg\",\"size\":\"\",\"is_link\":\"0\",\"link\":\"\",\"title\":\"\"}',1,1),(94,4,8,2,1,'',0,27,',all,',',all,','','','','{\"template\":\"\",\"forget\":\"1\",\"register\":\"1\"}',2,1),(95,4,10,4,0,'',0,27,',all,',',all,','','','','{\"template\":\"menu-horizontal\",\"cat_id\":\"2\",\"submenu\":\"top+right\"}',1,1),(96,4,4,10,0,'',0,27,',all,',',all,','','','','{\"content\":\"%3Ch1%3EIni+adalah+sample+atau+demo+produk+e-profile+untuk+Company+Profile+dari+fisip.net.+Design+tampilan+situs+bisa+diubah+sesuai+dengan+permintaan+anda.%3C%2Fh1%3E\",\"type\":\"none\"}',1,1),(97,4,3,12,1,'',0,27,',all,','',',-1,',',4,','','{\"template\":\"related\",\"type_id\":\"-1\",\"cat_id\":\"-1\",\"ids\":\"\",\"limit_title\":\"75\",\"limit_title_by\":\"char\",\"title\":\"1\",\"title_link\":\"1\",\"intro\":\"intro\",\"created\":\"1\",\"modified\":\"1\",\"author\":\"1\",\"tag\":\"0\",\"tag_link\":\"0\",\"rating\":\"1\",\"read_more\":\"0\",\"tot_list\":\"5\",\"thumbnail\":\"1\"}',1,1),(98,5,4,10,0,'',0,31,',all,',',all,','','','','{\"content\":\"%3Ch1%3EIni+adalah+sample+atau+demo+produk+e-profile+untuk+Company+Profile+dari+fisip.net.+Design+tampilan+situs+bisa+diubah+sesuai+dengan+permintaan+anda.%3C%2Fh1%3E\",\"type\":\"none\"}',1,1),(99,5,3,9,1,'',0,32,',all,',',-1,','','','','{\"template\":\"related\",\"type_id\":\"1\",\"cat_id\":\"1\",\"ids\":\"\",\"limit_title\":\"75\",\"limit_title_by\":\"char\",\"title\":\"1\",\"title_link\":\"1\",\"intro\":\"intro\",\"created\":\"1\",\"modified\":\"1\",\"author\":\"1\",\"tag\":\"1\",\"tag_link\":\"1\",\"rating\":\"1\",\"read_more\":\"0\",\"tot_list\":\"2\",\"thumbnail\":\"1\"}',1,1),(100,5,10,3,0,'',0,33,',all,',',all,','','','','{\"template\":\"menu-horizontal\",\"cat_id\":\"1\",\"submenu\":\"bottom+right\"}',1,1),(101,5,9,7,0,'',0,31,',all,',',all,','','','','{\"image\":\"templates%2Fdark_style%2Fimages%2Fsite_logo.gif\",\"size\":\"\",\"is_link\":\"1\",\"link\":\"\",\"title\":\"\"}',1,1),(102,5,6,5,0,'',0,36,',all,',',all,','','','','{\"template\":\"searchForm\",\"caption\":\"keyword+here...\"}',1,1),(103,5,12,2,1,'',900,32,',all,',',all,','','','','{\"template\":\"\",\"total_visit\":\"1\",\"total_member\":\"1\",\"member_online\":\"1\",\"user_online\":\"1\",\"active_days\":\"1\",\"start_days\":\"07%2F25%2F2010\",\"interval_time\":\"900\"}',4,1),(104,5,2,1,1,'',900,32,',all,',',all,','','','','{\"template\":\"\",\"type\":\"default\"}',1,1),(105,5,6,8,0,'',0,31,',all,',',all,',',-1,','','','{\"template\":\"Navigation\",\"caption\":\"\"}',1,1),(106,5,7,1,1,'',900,32,',all,',',all,','','','','{\"template\":\"\",\"show\":\"0\",\"limit\":\"4\"}',5,1),(107,5,10,1,0,'',0,31,',logged,',',all,','','','','{\"template\":\"menu-vertical\",\"cat_id\":\"3\",\"submenu\":\"bottom+right\"}',2,1),(108,5,1,1,1,'',900,32,',all,',',all,','','','','{\"template\":\"\",\"type\":\"6\",\"show\":\"5\"}',3,1),(109,5,10,4,0,'',0,34,',all,',',all,','','','','{\"template\":\"menu-horizontal\",\"cat_id\":\"2\",\"submenu\":\"top+right\"}',1,1),(110,5,6,11,0,'',0,31,',all,',',all,','','','','{\"task\":\"debug\",\"caption\":\"\"}',1,1),(111,5,11,2,1,'',900,32,',all,',',all,','','','','{\"template\":\"\",\"ids\":[\"2\",\"1\"],\"limit\":\"1\"}',3,1),(112,5,6,2,1,'',0,32,',all,',',all,','','','','{\"template\":\"templates\",\"caption\":\"\"}',1,1),(113,5,9,1,0,'',0,35,',all,',',-1,','','','','{\"template\":\"\",\"image\":\"images%2Fuploads%2Funicef.jpg\",\"size\":\"\",\"is_link\":\"0\",\"link\":\"\",\"title\":\"\",\"attribute\":\"\"}',6,1),(114,5,8,2,1,'',0,32,',all,',',all,','','','','{\"template\":\"\",\"forget\":\"1\",\"register\":\"1\"}',2,1),(115,5,3,12,0,'',0,31,',all,','',',-1,',',4,','','{\"template\":\"related\",\"type_id\":\"-1\",\"cat_id\":\"-1\",\"ids\":\"\",\"limit_title\":\"75\",\"limit_title_by\":\"char\",\"title\":\"1\",\"title_link\":\"1\",\"intro\":\"intro\",\"created\":\"1\",\"modified\":\"1\",\"author\":\"1\",\"tag\":\"0\",\"tag_link\":\"0\",\"rating\":\"1\",\"read_more\":\"0\",\"tot_list\":\"5\",\"thumbnail\":\"1\"}',1,1),(116,1,3,9,1,'',0,2,',all,',',-1,','','','','{\"template\":\"thumbnail-only\",\"kind_id\":\"1\",\"type_id\":\"1\",\"cat_id\":\"-2\",\"ids\":\"\",\"popular\":\"\",\"limit_title\":\"75\",\"limit_title_by\":\"char\",\"title\":\"1\",\"title_link\":\"1\",\"intro\":\"blank\",\"created\":\"0\",\"modified\":\"0\",\"author\":\"0\",\"tag\":\"0\",\"tag_link\":\"0\",\"rating\":\"0\",\"read_more\":\"0\",\"tot_list\":\"3\",\"thumbnail\":\"1\"}',3,1),(117,2,3,9,1,'',900,21,',all,',',-1,','','','','{\"template\":\"thumbnail-only\",\"kind_id\":\"1\",\"type_id\":\"1\",\"cat_id\":\"-2\",\"ids\":\"\",\"popular\":\"\",\"limit_title\":\"75\",\"limit_title_by\":\"char\",\"title\":\"0\",\"title_link\":\"0\",\"intro\":\"blank\",\"created\":\"0\",\"modified\":\"0\",\"author\":\"0\",\"tag\":\"0\",\"tag_link\":\"0\",\"rating\":\"0\",\"read_more\":\"0\",\"tot_list\":\"3\",\"thumbnail\":\"0\"}',2,1),(118,3,3,9,1,'',900,25,',all,',',-1,','','','','{\"template\":\"thumbnail-only\",\"kind_id\":\"1\",\"type_id\":\"1\",\"cat_id\":\"-2\",\"ids\":\"\",\"popular\":\"\",\"limit_title\":\"75\",\"limit_title_by\":\"char\",\"title\":\"0\",\"title_link\":\"0\",\"intro\":\"blank\",\"created\":\"0\",\"modified\":\"0\",\"author\":\"0\",\"tag\":\"0\",\"tag_link\":\"0\",\"rating\":\"0\",\"read_more\":\"0\",\"tot_list\":\"3\",\"thumbnail\":\"0\"}',2,1),(119,6,3,9,1,'',900,12,',all,',',-1,','','','','{\"template\":\"thumbnail-only\",\"kind_id\":\"1\",\"type_id\":\"1\",\"cat_id\":\"-2\",\"ids\":\"\",\"popular\":\"\",\"limit_title\":\"75\",\"limit_title_by\":\"char\",\"title\":\"0\",\"title_link\":\"0\",\"intro\":\"intro\",\"created\":\"0\",\"modified\":\"0\",\"author\":\"0\",\"tag\":\"0\",\"tag_link\":\"0\",\"rating\":\"0\",\"read_more\":\"0\",\"tot_list\":\"3\",\"thumbnail\":\"0\"}',3,1),(120,4,3,9,0,'',900,27,',all,',',-1,','','','','{\"template\":\"thumbnail-only\",\"kind_id\":\"1\",\"type_id\":\"1\",\"cat_id\":\"-2\",\"ids\":\"\",\"popular\":\"\",\"limit_title\":\"75\",\"limit_title_by\":\"char\",\"title\":\"0\",\"title_link\":\"0\",\"intro\":\"intro\",\"created\":\"0\",\"modified\":\"0\",\"author\":\"0\",\"tag\":\"0\",\"tag_link\":\"0\",\"rating\":\"0\",\"read_more\":\"0\",\"tot_list\":\"3\",\"thumbnail\":\"0\"}',1,1),(121,4,10,1,0,'',0,27,',logged,',',all,','','','','{\"template\":\"menu-vertical\",\"cat_id\":\"3\",\"submenu\":\"bottom+right\"}',1,1);
DROP TABLE IF EXISTS `bbc_block_position`;
CREATE TABLE `bbc_block_position` (
  `id` int(255) NOT NULL AUTO_INCREMENT,
  `name` varchar(255) DEFAULT NULL,
  PRIMARY KEY (`id`)
) ENGINE=MyISAM AUTO_INCREMENT=13 DEFAULT CHARSET=utf8;

INSERT INTO `bbc_block_position` VALUES (1,'left'),(2,'right'),(3,'top'),(4,'bottom'),(5,'header'),(6,'footer'),(7,'logo'),(8,'content_top'),(9,'content_bottom'),(10,'intro'),(11,'debug'),(12,'content');
DROP TABLE IF EXISTS `bbc_block_ref`;
CREATE TABLE `bbc_block_ref` (
  `id` int(255) NOT NULL AUTO_INCREMENT,
  `name` varchar(255) DEFAULT NULL,
  PRIMARY KEY (`id`),
  UNIQUE KEY `name` (`name`)
) ENGINE=MyISAM AUTO_INCREMENT=17 DEFAULT CHARSET=utf8;

INSERT INTO `bbc_block_ref` VALUES (1,'agenda'),(2,'contact'),(3,'content'),(4,'custom'),(5,'language'),(6,'layout'),(7,'links'),(8,'login'),(9,'logo'),(10,'menu'),(11,'survey'),(12,'statistic'),(13,'testimonial'),(14,'imageslider'),(15,'content_list'),(16,'content_tag');
DROP TABLE IF EXISTS `bbc_block_text`;
CREATE TABLE `bbc_block_text` (
  `block_id` int(255) NOT NULL,
  `title` varchar(255) NOT NULL,
  `lang_id` tinyint(1) NOT NULL,
  KEY `block_id` (`block_id`),
  KEY `lang_id` (`lang_id`)
) ENGINE=MyISAM DEFAULT CHARSET=utf8;

INSERT INTO `bbc_block_text` VALUES (1,'Intro',1),(2,'Image Slider',1),(3,'Hotline News',1),(4,'Menu Top',1),(5,'Logo',1),(6,'Left Menu',1),(7,'Search :',1),(8,'Statistic',1),(9,'Online Support',1),(10,'Member Login',1),(11,'Navigation',1),(12,'Links',1),(13,'User Menu',1),(14,'Agenda',1),(15,'Menu Bottom',1),(16,'Debug',1),(17,'Polling',1),(18,'Pilih Template',1),(19,'Artikel Berhubungan',1),(20,'Testimonial',1),(21,'masking',1),(22,'Banner',1),(23,'Intro',1),(24,'Company Logo',1),(25,'<h3>Testimonial</h3>',1),(26,'Artikel Berhubungan',1),(27,'Left Menu',1),(28,'Menu Top',1),(29,'Hotline News',1),(30,'User Menu',1),(31,'Member Login',1),(32,'Navigation',1),(33,'Online Support',1),(34,'Statistic',1),(35,'Menu Bottom',1),(36,'Links',1),(37,'Agenda',1),(38,'Debug',1),(39,'Pilih Template',1),(40,'Polling',1),(41,'Search',1),(42,'Intro',1),(43,'Hotline News',1),(44,'Menu Top',1),(45,'Logo',1),(46,'Left Menu',1),(47,'Search :',1),(48,'Statistic',1),(49,'Online Support',1),(50,'Navigation',1),(51,'Links',1),(52,'User Menu',1),(53,'Menu Bottom',1),(54,'Debug',1),(55,'Polling',1),(56,'Pilih Template',1),(57,'Header',1),(58,'Artikel Berhubungan',1),(59,'Testimoni',1),(60,'Intro',1),(61,'Hotline News',1),(62,'Menu Top',1),(63,'Logo',1),(64,'Search :',1),(65,'Statistic',1),(66,'Online Support',1),(67,'Navigation',1),(68,'Links',1),(69,'User Menu',1),(70,'Agenda',1),(71,'Menu Bottom',1),(72,'Debug',1),(73,'Polling',1),(74,'Pilih Template',1),(75,'Unicef Ad',1),(76,'Member Login',1),(77,'Event',1),(78,'Artikel Berhubungan',1),(79,'Testimonial',1),(80,'Event',1),(81,'Hotline News',1),(82,'Menu Top',1),(83,'Logo',1),(84,'Search :',1),(85,'Statistic',1),(86,'Online Support',1),(87,'Navigation',1),(88,'Links',1),(89,'Agenda',1),(90,'Debug',1),(91,'Polling',1),(92,'Pilih Template',1),(93,'Header',1),(94,'Member Login',1),(95,'Bottom Menu',1),(96,'Intro',1),(97,'Artikel Berhubungan',1),(98,'Intro',1),(99,'Hotline News',1),(100,'Menu Top',1),(101,'Logo',1),(102,'Search :',1),(103,'Statistic',1),(104,'Online Support',1),(105,'Navigation',1),(106,'Links',1),(107,'User Menu',1),(108,'Agenda',1),(109,'Menu Bottom',1),(110,'Debug',1),(111,'Polling',1),(112,'Pilih Template',1),(113,'Header',1),(114,'Member Login',1),(115,'Artikel Berhubungan',1),(116,'Gallery',1),(117,'Gallery',1),(118,'Gallery',1),(119,'Gallery',1),(120,'Gallery',1),(121,'User menu',1);
DROP TABLE IF EXISTS `bbc_block_theme`;
CREATE TABLE `bbc_block_theme` (
  `id` int(255) NOT NULL AUTO_INCREMENT,
  `template_id` int(255) NOT NULL DEFAULT '0',
  `name` varchar(255) DEFAULT NULL,
  `content` text,
  `active` int(3) NOT NULL DEFAULT '0',
  PRIMARY KEY (`id`),
  KEY `template_id` (`template_id`),
  KEY `active` (`active`),
  FULLTEXT KEY `name` (`name`,`content`)
) ENGINE=MyISAM AUTO_INCREMENT=37 DEFAULT CHARSET=utf8;

INSERT INTO `bbc_block_theme` VALUES (1,1,'none','[title][content]',1),(2,1,'default-heading','<div class=\"panel panel-default\">\r\n  <div class=\"panel-heading\"><h3 class=\"panel-title\">[title]</h3></div>\r\n  <div class=\"panel-body\">\r\n    [content]\r\n  </div>\r\n</div>',1),(3,1,'default','<div class=\"panel panel-default\">\r\n  [title]\r\n  <div class=\"panel-body\">\r\n    [content]\r\n  </div>\r\n</div>',1),(4,1,'menu top','<div class=\"block_menu_top\">\r\n  <nav class=\"navbar navbar-default\" role=\"navigation\">\r\n    <div class=\"navbar-header\">\r\n      <button type=\"button\" class=\"navbar-toggle\" data-toggle=\"collapse\" data-target=\".navbar-menu-top\">\r\n        <span class=\"icon-bar\"></span>\r\n        <span class=\"icon-bar\"></span>\r\n        <span class=\"icon-bar\"></span>\r\n      </button>\r\n      [<a class=\"navbar-brand\" href=\"\">title</a>]\r\n    </div>\r\n    <div class=\"collapse navbar-collapse navbar-menu-top\">\r\n      [content]\r\n    </div>\r\n  </nav>\r\n</div>',1),(5,1,'menu bottom','<div class=\"widget_bottom\">\r\n  [content]\r\n</div>',1),(6,6,'widget_agenda','<div class=\"widget_agenda\">\n[<label>title</label>][content]\n</div>',1),(7,6,'widget_menu','<div class=\"widget_menu\">\n[<label>title</label>][content]\n</div>',1),(8,6,'widget_bottom','<div class=\"widget_bottom\">\n[<label>title</label>][content]\n</div>',1),(9,6,'widget_testimoni','<div class=\"widget_testimoni\">\n[<label>title</label>][content]\n</div>',1),(10,6,'widget_menutop','<div class=\"widget_menutop\">\r\n  <div class=\"navbar navbar-default\" role=\"navigation\">\r\n    <div class=\"navbar-header\">\r\n      <button type=\"button\" class=\"navbar-toggle\" data-toggle=\"collapse\" data-target=\".navbar-collapse\">\r\n        <span class=\"icon-bar\"></span>\r\n        <span class=\"icon-bar\"></span>\r\n        <span class=\"icon-bar\"></span>\r\n      </button>\r\n      [<a class=\"navbar-brand\" href=\"/\">title</a>]\r\n    </div>\r\n    <div class=\"collapse navbar-collapse\">\r\n        [content]\r\n    </div>\r\n  </div>\r\n</div>',1),(11,6,'info','<div class=\"panel panel-info\">\n  [<div class=\"panel-heading\"><h3 class=\"panel-title\">title</h3> </div>]\n  <div class=\"panel-body\">\n    [content]\n  </div>\n</div>',1),(12,6,'default','<div class=\"panel panel-default\">\r\n  [<div class=\"panel-heading\"><h3 class=\"panel-title\">title</h3> </div>]\r\n  <div class=\"panel-body\">\r\n    [content]\r\n  </div>\r\n</div>',1),(13,6,'none','[title][content]',1),(14,6,'banner','<div class=\"banner\">\n[title][content]\n</div>',1),(15,6,'search','<div class=\"block_search\">\n[<label>title</label>][content]\n</div>',1),(16,6,'menu side','<div class=\"block_menu_side\">\n[<h3>title</h3>][content]\n</div>',1),(17,2,'none','[title][content]',1),(18,2,'search','<div class=\"block_search\">\r\n[<label>title</label>][content]\r\n</div>',1),(19,2,'menu top','<div class=\"block_menu_top\">\r\n  <div class=\"navbar navbar-default\" role=\"navigation\">\r\n    <div class=\"navbar-header\">\r\n      <button type=\"button\" class=\"navbar-toggle\" data-toggle=\"collapse\" data-target=\".navbar-collapse\">\r\n        <span class=\"icon-bar\"></span>\r\n        <span class=\"icon-bar\"></span>\r\n        <span class=\"icon-bar\"></span>\r\n      </button>\r\n      [<a class=\"navbar-brand\" href=\"/\">title</a>]\r\n    </div>\r\n    <div class=\"collapse navbar-collapse\">\r\n        [content]\r\n    </div>\r\n  </div>\r\n</div>',1),(20,2,'info','<div class=\"panel panel-info\">\r\n  [<div class=\"panel-heading\"><h3 class=\"panel-title\">title</h3> </div>]\r\n  <div class=\"panel-body\">\r\n    [content]\r\n  </div>\r\n</div>',1),(21,2,'default','<div class=\"panel panel-default\">\r\n  [<div class=\"panel-heading\"><h3 class=\"panel-title\">title</h3> </div>]\r\n  <div class=\"panel-body\">\r\n    [content]\r\n  </div>\r\n</div>',1),(22,3,'none','[title][content]',1),(23,3,'search','<div class=\"block_search\">\r\n[<label>title</label>][content]\r\n</div>',1),(24,3,'banner','<div class=\"banner\">\r\n[title][content]\r\n</div>',1),(25,3,'info','<div class=\"panel panel-info\">\r\n  [<div class=\"panel-heading\"><h3 class=\"panel-title\">title</h3> </div>]\r\n  <div class=\"panel-body\">\r\n    [content]\r\n  </div>\r\n</div>',1),(26,3,'default','<div class=\"panel panel-default\">\r\n  [<div class=\"panel-heading\"><h3 class=\"panel-title\">title</h3> </div>]\r\n  <div class=\"panel-body\">\r\n    [content]\r\n  </div>\r\n</div>',1),(27,4,'none','[title][content]',1),(28,4,'accountant style','<div class=\"accountant_style\">\r\n[<h3>title</h3>][content]\r\n</div>',1),(29,4,'search','<div class=\"block_search\">\r\n[<label>title</label>][content]\r\n</div>',1),(30,4,'top menu','<div class=\"block_menu_top\">\r\n  <nav class=\"navbar navbar-default\" role=\"navigation\">\r\n    <div class=\"navbar-header\">\r\n      <button type=\"button\" class=\"navbar-toggle\" data-toggle=\"collapse\" data-target=\".navbar-menu-top\">\r\n        <span class=\"icon-bar\"></span>\r\n        <span class=\"icon-bar\"></span>\r\n        <span class=\"icon-bar\"></span>\r\n      </button>\r\n      [<a class=\"navbar-brand\" href=\"\">title</a>]\r\n    </div>\r\n    <div class=\"collapse navbar-collapse navbar-menu-top\">\r\n      [content]\r\n    </div>\r\n  </nav>\r\n</div>',1),(31,5,'none','[title][content]',1),(32,5,'dark','<div class=\"dark_panel\">\r\n  <h3>[title]</h3>\r\n  [content]\r\n</div>',1),(33,5,'nav','<nav class=\"navbar navbar-default\" role=\"navigation\">\r\n  <div class=\"navbar-header\">\r\n    <button type=\"button\" class=\"navbar-toggle\" data-toggle=\"collapse\" data-target=\".navbar-menu-top\">\r\n      <span class=\"icon-bar\"></span>\r\n      <span class=\"icon-bar\"></span>\r\n      <span class=\"icon-bar\"></span>\r\n    </button>\r\n    [<a class=\"navbar-brand\" href=\"\">title</a>]\r\n  </div>\r\n  <div class=\"collapse navbar-collapse navbar-menu-top\">\r\n    [content]\r\n  </div>\r\n</nav>',1),(34,5,'menu_bottom','<div class=\"nav_bottom\">\r\n  [content]\r\n</div>',1),(35,5,'dark_img','<div class=\"dark_img\">\r\n  [content]\r\n</div>',1),(36,5,'search','<div class=\"search\">\r\n  [content]\r\n</div>',1);
DROP TABLE IF EXISTS `bbc_config`;
CREATE TABLE `bbc_config` (
  `id` int(255) NOT NULL AUTO_INCREMENT,
  `module_id` int(255) NOT NULL DEFAULT '0',
  `name` varchar(25) DEFAULT NULL,
  `params` text,
  PRIMARY KEY (`id`),
  KEY `module_id` (`module_id`),
  KEY `name` (`name`)
) ENGINE=MyISAM AUTO_INCREMENT=21 DEFAULT CHARSET=utf8;

INSERT INTO `bbc_config` VALUES (1,0,'site','{\"title\":\"Demo+e-profile+untuk+Company+Profile%2C+Design+tampilan+bisa+diubah+sesuai+permintaan\",\"desc\":\"Ini+adalah+web-demo+bagi+anda+yang+ingin+membuat+Profile+Perusahaan+secara+online.+Anda+bisa+menentukan+sendiri+tampilan+design+dari+web+mengikuti+permintaan+anda\",\"keyword\":\"web+murah%2C+web+berkualitas%2C+demo+e-profile%2C+web+ilustrasi+untuk+coorperate%2C+contoh+web+profile\",\"url\":\"school.lc\",\"icon\":\"favicon.ico\",\"logo\":\"home.png\",\"footer\":\"Copyright+%26copy%3B+2010+E-Profile+Enterprise+-+All+rights+reserved.+Powered+by+%3Ca+href%3D%22http%3A%2F%2Fesoftplay.com%2F%22%3Eesoftplay.com%3C%2Fa%3E\",\"debug\":\"0\"}'),(2,0,'logged','{\"duration\":\"2\",\"period\":\"HOUR\",\"duration_admin\":\"2\",\"period_admin\":\"HOUR\",\"method_admin\":\"0\"}'),(3,0,'activation','{\"html\":\"ini+adalah+licensi+dari+fisip.net+%2F+silahka+diubah+sesukanya..%3Cbr+%2F%3E\",\"active\":\"1\"}'),(4,0,'rules','{\"content_max\":\"1000\",\"content_date\":\"M+jS%2C+Y+H%3Ai%3As\",\"content_rss\":\"12\",\"num_rows\":\"30\",\"register_auto\":\"1\",\"register_expired\":\"6\",\"register_monitor\":\"1\",\"register_groups\":[\"4\"],\"disable_user_del\":\"0\",\"lang_default\":\"1\",\"lang_auto\":\"0\",\"permitted_uri\":\"a-z0-9%7E%25%5C.%3A_%5C-\",\"uri_separator\":\"-\"}'),(5,0,'email','{\"name\":\"E-Profile\",\"address\":\"tmp%40fisip.net\",\"subject\":\"%5Be-profile%5D\",\"footer\":\"Hormat+Kami%2C%0D%0AAdministrator\"}'),(6,0,'template','\"campus_blue\"'),(7,3,'search','{\"from\":\"1\",\"module\":\"0\",\"per_page\":\"12\"}'),(8,4,'entry','{\"groups\":[\"4\"],\"auto\":\"1\",\"alert\":\"1\",\"address\":\"\",\"delete\":\"1\",\"type_id\":\"1\",\"show_cat\":\"1\",\"tot\":\"12\",\"animated\":\"0\",\"orderby\":\"4\"}'),(9,4,'detail','{\"template\":\"detail.html.php\",\"title\":\"1\",\"created\":\"1\",\"modified\":\"1\",\"author\":\"1\",\"tag\":\"1\",\"tag_link\":\"1\",\"rating\":\"1\",\"rating_vote\":\"1\",\"thumbsize\":\"250\",\"comment\":\"1\",\"comment_auto\":\"1\",\"comment_list\":\"9\",\"comment_form\":\"1\",\"comment_emoticons\":\"1\",\"comment_spam\":\"0\",\"comment_email\":\"1\",\"pdf\":\"1\",\"print\":\"1\",\"email\":\"1\",\"share\":\"1\"}'),(10,4,'list','{\"template\":\"list.html.php\",\"title\":\"1\",\"title_link\":\"1\",\"intro\":\"1\",\"created\":\"1\",\"modified\":\"1\",\"author\":\"1\",\"tag\":\"1\",\"tag_link\":\"1\",\"rating\":\"1\",\"read_more\":\"1\",\"tot_list\":\"12\",\"thumbnail\":\"1\"}'),(11,4,'manage','{\"webtype\":\"1\",\"image_size\":\"800\",\"images\":\"none.gif\",\"is_nested\":\"0\",\"cat_img\":\"1\",\"disqus\":\"fisipnet\"}'),(12,4,'frontpage','{\"auto\":\"0\",\"title\":\"1\",\"title_link\":\"1\",\"intro\":\"0\",\"created\":\"0\",\"modified\":\"0\",\"author\":\"0\",\"tag\":\"0\",\"tag_link\":\"0\",\"rating\":\"0\",\"read_more\":\"0\",\"tot_list\":\"1\",\"thumbnail\":\"1\"}'),(14,6,'form','{\"email\":\"\",\"address\":\"CONTOH+ALAMAT%26nbsp%3BPERUSAHAAN%26nbsp%3BANDA%3Cbr+%2F%3E%0D%0AJl.+Pedakbaru+425C+Gowok%3Cbr+%2F%3E%0D%0Abaguntapan%2C+Bantul%2C+Yogyakarta.%3Cbr+%2F%3E%0D%0ATelp%3A+%280274%29+XXXXX%3Cbr+%2F%3E%0D%0AEmail%3A+XXXXXXXX%3Cbr+%2F%3E%0D%0A%3Cbr+%2F%3E\"}'),(15,6,'widget','{\"auto_check\":\"1\",\"ym_show\":\"5\",\"icon\":\"1\",\"name\":\"1\",\"address\":\"0\"}'),(18,7,'guestbook','{\"alert\":\"1\",\"email\":\"\",\"approved\":\"1\",\"tot\":\"12\",\"avatar\":\"1\",\"animated\":\"1\",\"orderby\":\"1\"}'),(19,9,'main','{\"template\":\"\",\"noreentry\":\"1\",\"publish\":\"1\",\"alert\":\"1\",\"email\":\"\"}'),(20,10,'testimonial','{\"alert\":\"1\",\"email\":\"\",\"approved\":\"1\",\"tot\":\"12\",\"avatar\":\"1\",\"animated\":\"0\",\"orderby\":\"1\"}');
DROP TABLE IF EXISTS `bbc_content`;
CREATE TABLE `bbc_content` (
  `id` int(255) unsigned NOT NULL AUTO_INCREMENT,
  `par_id` int(255) DEFAULT '0',
  `type_id` int(255) NOT NULL DEFAULT '0',
  `kind_id` int(1) DEFAULT '0' COMMENT '0=content, 1=gallery, 2=download, 3=video, 4=audio',
  `file` varchar(255) DEFAULT '',
  `file_url` varchar(255) DEFAULT '',
  `file_format` varchar(12) DEFAULT '',
  `file_type` int(1) DEFAULT '0' COMMENT '0=local file, 1=tirth party file',
  `file_register` tinyint(1) DEFAULT '0' COMMENT '0=free download, 1=must register',
  `file_hit` int(255) DEFAULT '0',
  `file_hit_time` datetime DEFAULT '0000-00-00 00:00:00',
  `file_hit_ip` varchar(25) DEFAULT '',
  `video` varchar(255) DEFAULT '',
  `audio` varchar(255) DEFAULT '',
  `image` varchar(255) DEFAULT NULL,
  `caption` varchar(255) DEFAULT '',
  `images` text,
  `created` datetime DEFAULT NULL,
  `created_by` int(255) DEFAULT NULL,
  `created_by_alias` varchar(255) NOT NULL DEFAULT '',
  `modified` datetime DEFAULT NULL,
  `modified_by` int(255) DEFAULT NULL,
  `revised` int(11) DEFAULT '0',
  `privilege` varchar(255) DEFAULT ',all,' COMMENT 'all=any user, 1 >= user group (bbc_user_group.id)',
  `hits` int(255) unsigned DEFAULT '0',
  `rating` varchar(255) DEFAULT '0',
  `last_hits` datetime NOT NULL DEFAULT '0000-00-00 00:00:00',
  `is_popimage` tinyint(1) NOT NULL DEFAULT '0',
  `is_front` tinyint(1) NOT NULL DEFAULT '0',
  `is_config` tinyint(1) DEFAULT '0',
  `config` text NOT NULL,
  `publish` tinyint(1) NOT NULL DEFAULT '1',
  PRIMARY KEY (`id`),
  KEY `par_id` (`par_id`),
  KEY `type_id` (`type_id`),
  KEY `kind_id` (`kind_id`),
  KEY `created_by` (`created_by`),
  KEY `is_front` (`is_front`),
  KEY `publish` (`publish`),
  FULLTEXT KEY `title` (`caption`,`created_by_alias`)
) ENGINE=MyISAM AUTO_INCREMENT=39 DEFAULT CHARSET=utf8;

INSERT INTO `bbc_content` VALUES (1,0,1,0,'','','',0,0,0,'0000-00-00 00:00:00','','','','home-page.jpg','','','2016-05-04 03:11:39',1,'Administrator','2016-05-04 03:11:39',1,16,',all,',603,'0,0,1,2,0','2016-05-17 11:52:10',1,1,0,'',1),(2,0,1,1,'','','',0,0,0,'0000-00-00 00:00:00','','','','images/modules/content/2/alam-6.jpg','','[{\"image\":\"alam-6.jpg\",\"title\":\"\",\"description\":\"\"},{\"image\":\"alam-5.jpg\",\"title\":\"\",\"description\":\"\"},{\"image\":\"alam-4.jpg\",\"title\":\"\",\"description\":\"\"},{\"image\":\"alam-3.jpg\",\"title\":\"\",\"description\":\"\"},{\"image\":\"alam-2.jpg\",\"title\":\"\",\"description\":\"\"},{\"image\":\"alam-1.jpg\",\"title\":\"\",\"description\":\"\"}]','2016-05-04 03:11:39',1,'Administrator','2016-05-04 03:11:39',1,8,',all,',312,'0','2016-05-25 00:04:32',1,0,0,'',1),(3,0,1,1,'','','',0,0,0,'0000-00-00 00:00:00','','','','images/modules/content/3/art-2.jpg','','[{\"image\":\"art-2.jpg\",\"title\":\"\",\"description\":\"\"},{\"image\":\"art-6.jpg\",\"title\":\"\",\"description\":\"\"},{\"image\":\"art-5.jpg\",\"title\":\"\",\"description\":\"\"},{\"image\":\"art-4.jpg\",\"title\":\"\",\"description\":\"\"},{\"image\":\"art-3.jpg\",\"title\":\"\",\"description\":\"\"},{\"image\":\"art-1.jpg\",\"title\":\"\",\"description\":\"\"}]','2016-05-04 03:11:39',1,'Administrator','2016-05-04 03:11:39',1,6,',all,',38,'0','2019-06-14 08:24:31',1,0,0,'',1),(4,0,1,1,'','','',0,0,0,'0000-00-00 00:00:00','','','','images/modules/content/4/drone-6.jpg','','[{\"image\":\"drone-6.jpg\",\"title\":\"\",\"description\":\"\"},{\"image\":\"drone-5.jpg\",\"title\":\"\",\"description\":\"\"},{\"image\":\"drone-4.jpg\",\"title\":\"\",\"description\":\"\"},{\"image\":\"drone-3.jpg\",\"title\":\"\",\"description\":\"\"},{\"image\":\"drone-2.jpg\",\"title\":\"\",\"description\":\"\"},{\"image\":\"drone-1.jpg\",\"title\":\"\",\"description\":\"\"}]','2016-05-04 03:11:39',1,'Administrator','2016-05-04 03:11:39',1,10,',all,',312,'0','2016-05-25 00:03:53',0,0,0,'',1),(5,0,1,2,'sample_document.docx','','word',0,0,3,'2016-05-03 21:08:25','127.0.0.1','','','sample-download-file-satu.jpg','','','2016-05-04 03:11:39',1,'Administrator','2016-05-04 03:11:39',1,8,',all,',45,'0','2016-05-25 00:06:05',1,0,0,'',1),(6,0,1,2,'sample_document.xlsx','','excel',0,0,2,'2016-05-03 21:08:09','127.0.0.1','','','sample-download-file-dua.jpg','','','2016-05-04 03:11:39',1,'Administrator','2016-05-04 03:11:39',1,10,',all,',56,'0','2019-06-14 08:24:55',0,0,0,'',1),(7,0,1,2,'sample_document.pptx','','powerpoint',0,1,0,'0000-00-00 00:00:00','','','','sample-download-file-tiga.jpg','','','2016-05-04 03:11:39',1,'Administrator','2016-05-04 03:11:39',1,13,',all,',355,'0,1,0,1,0','2019-07-04 22:32:15',1,0,0,'',1),(8,0,1,3,'','','',0,0,0,'0000-00-00 00:00:00','','u_orGF2zM5o','','http://i2.ytimg.com/vi/u_orGF2zM5o/0.jpg','','','2016-05-04 03:11:39',1,'Administrator','2016-05-04 03:11:39',1,9,',all,',258,'0','2016-05-25 00:06:22',1,0,0,'',1),(9,0,1,3,'','','',0,0,0,'0000-00-00 00:00:00','','qREKP9oijWI','','http://i2.ytimg.com/vi/qREKP9oijWI/0.jpg','','','2016-05-04 03:11:39',1,'Administrator','2016-05-04 03:11:39',1,7,',all,',294,'0','2016-05-25 00:06:10',1,0,0,'',1),(10,0,1,3,'','','',0,0,0,'0000-00-00 00:00:00','','-dNp7DQJMP8','','http://i2.ytimg.com/vi/-dNp7DQJMP8/0.jpg','','','2016-05-04 03:11:39',1,'Administrator','2016-05-04 03:11:39',1,7,',all,',422,'0','2016-05-25 00:04:53',1,0,0,'',1),(11,0,1,4,'','','',0,0,0,'0000-00-00 00:00:00','','','87616772','https://i1.sndcdn.com/artworks-000045363067-gy0gm1-t500x500.jpg','','','2016-05-04 03:11:39',1,'Administrator','2016-05-04 03:11:39',1,12,',all,',301,'0','2016-05-25 00:06:15',1,0,0,'',1),(12,0,1,4,'','','',0,0,0,'0000-00-00 00:00:00','','','62576046','https://i1.sndcdn.com/artworks-000031744302-0730nk-t500x500.jpg','','','2016-05-04 03:11:39',1,'Administrator','2016-05-04 03:11:39',1,14,',all,',308,'0','2016-05-03 21:07:17',1,0,0,'',1),(13,0,1,4,'','','',0,0,0,'0000-00-00 00:00:00','','','24600650','https://i1.sndcdn.com/artworks-000012244956-xfjnke-t500x500.jpg','','','2016-05-04 03:11:39',1,'Administrator','2016-05-04 03:11:39',1,7,',all,',290,'0','2016-05-25 00:05:15',1,0,0,'',1),(14,0,1,0,'','','',0,0,0,'0000-00-00 00:00:00','','','','penandatanganan-bantuan-kapal-penyebrangan.jpg','Contrary to popular belief, Lorem Ipsum is not simply random text. It has roots in a piece of classical Latin literature from 45 BC','','2016-05-04 03:11:39',1,'Administrator','2016-05-04 03:11:39',1,12,',all,',284,'0','2019-06-14 08:25:30',1,0,0,'',1),(15,0,1,0,'','','',0,0,0,'0000-00-00 00:00:00','','','','merevitalisasi-sektor-pelayaran.jpg','','','2016-05-04 03:11:39',1,'Administrator','2016-05-04 03:11:39',1,7,',all,',342,'0,0,0,0,1','2016-04-15 18:49:27',0,0,0,'',1),(16,0,1,0,'','','',0,0,0,'0000-00-00 00:00:00','','','','transportasi-yang-efisien.jpg','','','2016-05-04 03:11:39',1,'Administrator','2016-05-04 03:11:39',1,6,',all,',381,'0','2015-09-03 02:36:44',1,0,0,'',1),(17,0,1,0,'','','',0,0,0,'0000-00-00 00:00:00','','','','8-langkah-hindari-kehilangan-mobil.jpg','','','2016-05-04 03:11:39',1,'Administrator','2016-05-04 03:11:39',1,8,',all,',404,'0','2016-04-15 18:49:19',0,0,0,'',1),(18,0,1,0,'','','',0,0,0,'0000-00-00 00:00:00','','','','indahnya-indonesia-dengan-menyelam.jpg','','','2016-05-04 03:11:39',1,'Administrator','2016-05-04 03:11:39',1,5,',all,',307,'0','2016-04-15 18:49:16',0,0,0,'',1),(19,0,1,0,'','','',0,0,0,'0000-00-00 00:00:00','','','','bertahan-dengan-inovasi.jpg','','','2016-05-04 03:11:39',1,'Administrator','2016-05-04 03:11:39',1,8,',all,',228,'0','2016-05-03 17:01:41',1,0,0,'',1),(20,0,1,0,'','','',0,0,0,'0000-00-00 00:00:00','','','','optimis-melangkah-ditahun-depan.jpg','','','2016-05-04 03:11:39',1,'Administrator','2016-05-04 03:11:39',1,8,',all,',367,'0,0,0,1,0','2015-09-03 04:57:43',1,0,0,'',1),(21,0,1,0,'','','',0,0,0,'0000-00-00 00:00:00','','','','bisnis-penyeberangan-potensi-yang-terabaikan.jpg','','','2016-05-04 03:11:39',1,'Administrator','2016-05-04 03:11:39',1,6,',all,',244,'0','2015-05-20 08:54:49',1,0,0,'',1),(22,0,1,0,'','','',0,0,0,'0000-00-00 00:00:00','','','','dukung-konektivitas-asean.jpg','','','2016-05-04 03:11:39',1,'Administrator','2016-05-04 03:11:39',1,6,',all,',657,'1,0,0,1,1','2016-05-04 01:43:42',0,0,0,'',1),(23,0,1,0,'','','',0,0,0,'0000-00-00 00:00:00','','','','tantangan-transportasi-di-kota-1001-gua.jpg','','','2016-05-04 03:11:39',1,'Administrator','2016-05-04 03:11:39',1,5,',all,',494,'0','2016-04-15 18:53:06',1,0,0,'',1),(24,0,1,0,'','','',0,0,0,'0000-00-00 00:00:00','','','','keselamatan-harus-jadi-icon.jpg','','','2016-05-04 03:11:39',1,'Administrator','2016-05-04 03:11:39',1,15,',all,',394,'0,0,0,0,1','2015-09-03 03:03:31',1,0,0,'',1),(25,0,1,0,'','','',0,0,0,'0000-00-00 00:00:00','','','','tingkatkan-pengawasan-perairan-kkp-akan-perkuat-dengan-kapal-induk.jpg','','','2016-05-04 03:11:39',1,'Administrator','2016-05-04 03:11:39',1,7,',all,',43,'0','2011-11-24 02:41:35',1,0,0,'',1),(26,0,1,0,'','','',0,0,0,'0000-00-00 00:00:00','','','','gencar-tertibkan-knalpot-bising-ratusan-motor-dipretelin-polisi.jpg','','','2016-05-04 03:11:39',1,'Administrator','2016-05-04 03:11:39',1,5,',all,',39,'0','2011-12-12 05:20:57',1,0,0,'',1),(27,0,1,0,'','','',0,0,0,'0000-00-00 00:00:00','','','','quo-vadis-perkeretaapian-nasional.jpg','','','2016-05-04 03:11:39',1,'Administrator','2016-05-04 03:11:39',1,6,',all,',38,'0','2013-04-13 18:13:45',1,0,0,'',1),(28,0,1,0,'','','',0,0,0,'0000-00-00 00:00:00','','','','mrt-jadi-pertaruhan.jpg','','','2016-05-04 03:11:39',1,'Administrator','2016-05-04 03:11:39',1,4,',all,',33,'0','2011-04-25 13:07:36',1,0,0,'',1),(29,0,1,0,'','','',0,0,0,'0000-00-00 00:00:00','','','','meneropong-redesign-juanda.jpg','','','2016-05-04 03:11:39',1,'Administrator','2016-05-04 03:11:39',1,4,',all,',40,'0','2011-04-25 13:08:38',1,0,0,'',1),(30,0,1,0,'','','',0,0,0,'0000-00-00 00:00:00','','','','apa-kabar-sistranas.jpg','','','2016-05-04 03:11:39',1,'Administrator','2016-05-04 03:11:39',1,3,',all,',41,'0','2011-04-25 13:09:44',1,0,0,'',1),(31,0,1,0,'','','',0,0,0,'0000-00-00 00:00:00','','','','konektivitas-nusantara.jpg','','','2016-05-04 03:11:39',1,'Administrator','2016-05-04 03:11:39',1,18,',all,',40,'0','2011-04-25 13:09:53',1,0,0,'',1),(32,0,1,0,'','','',0,0,0,'0000-00-00 00:00:00','','','','membumikan-transportasi-ke-ranah-lokal.jpg','','','2016-05-04 03:11:39',1,'Administrator','2016-05-04 03:11:39',1,5,',all,',117,'0','2016-04-16 04:03:32',0,0,0,'',0),(33,0,1,0,'','','',0,0,0,'0000-00-00 00:00:00','','','','nikmat-teh-di-pasar-terapung.jpg','','','2016-05-04 03:11:39',1,'Administrator','2016-05-04 03:11:39',1,7,',all,',314,'0','2016-04-15 23:24:10',1,0,0,'',1),(34,0,1,0,'','','',0,0,0,'0000-00-00 00:00:00','','','','tol-semakin-dikebut.jpg','','','2016-05-04 03:11:39',1,'Administrator','2016-05-04 03:11:39',1,12,',all,',389,'0','2012-03-15 02:57:55',1,0,0,'',1),(35,0,1,0,'','','',0,0,0,'0000-00-00 00:00:00','','','','dermaga-batubara-terbesar.jpg','','','2016-05-04 03:11:39',1,'Administrator','2016-05-04 03:11:39',1,5,',all,',323,'0','2016-04-15 18:48:35',0,0,0,'',1),(36,0,1,0,'','','',0,0,0,'0000-00-00 00:00:00','','','','belawan-terus-berbenah.jpg','','','2016-05-04 03:11:39',1,'Administrator','2016-05-04 03:11:39',1,10,',all,',409,'0','2015-09-09 10:08:33',1,0,0,'',1),(37,0,1,0,'','','',0,0,0,'0000-00-00 00:00:00','','','','pasar-perintis-kian-seksi.jpg','','','2016-05-04 03:11:39',1,'Administrator','2016-05-04 03:11:39',1,17,',all,',211,'0','2018-10-24 07:19:44',1,0,0,'',1),(38,0,1,0,'','','',0,0,0,'0000-00-00 00:00:00','','','','garuda-buka-rute-surabaya-jeddah.jpg','','','2016-05-04 03:11:39',1,'Administrator','2016-05-21 16:46:21',1,53,',all,',188,'0,0,0,1,0','2018-10-23 13:06:55',1,0,0,'',1);
DROP TABLE IF EXISTS `bbc_content_ad`;
CREATE TABLE `bbc_content_ad` (
  `id` int(11) unsigned NOT NULL AUTO_INCREMENT,
  `cat_id` int(11) DEFAULT '0' COMMENT 'based on bbc_content_cat',
  `type_id` tinyint(1) DEFAULT '0' COMMENT '0=logo n text, 1=banner, 2=text Only',
  `image` varchar(255) DEFAULT NULL,
  `title` varchar(255) DEFAULT NULL,
  `link` varchar(255) DEFAULT NULL,
  `hit` int(11) DEFAULT '0' COMMENT 'how many time ad had been clicked',
  `hit_last` datetime DEFAULT '0000-00-00 00:00:00',
  `created` datetime DEFAULT '0000-00-00 00:00:00',
  `updated` datetime DEFAULT '0000-00-00 00:00:00',
  `displayed` datetime DEFAULT '0000-00-00 00:00:00',
  `expire` tinyint(1) DEFAULT '0' COMMENT '1=use expire time, 0=unlimited time of use',
  `expire_date` date DEFAULT '0000-00-00',
  `active` tinyint(1) DEFAULT '1',
  PRIMARY KEY (`id`),
  KEY `cat_id` (`cat_id`),
  KEY `hit` (`hit`),
  KEY `expire` (`expire`),
  KEY `expire_time` (`expire_date`),
  KEY `active` (`active`)
) ENGINE=MyISAM DEFAULT CHARSET=utf8;

DROP TABLE IF EXISTS `bbc_content_cat`;
CREATE TABLE `bbc_content_cat` (
  `id` int(255) NOT NULL AUTO_INCREMENT,
  `par_id` int(255) DEFAULT '0',
  `type_id` int(255) NOT NULL DEFAULT '0',
  `image` varchar(255) DEFAULT '',
  `is_config` tinyint(1) DEFAULT '0',
  `config` text,
  `publish` tinyint(1) DEFAULT '0',
  PRIMARY KEY (`id`),
  KEY `publish` (`publish`),
  KEY `type_id` (`type_id`)
) ENGINE=MyISAM AUTO_INCREMENT=10 DEFAULT CHARSET=utf8;

INSERT INTO `bbc_content_cat` VALUES (1,0,1,'1151210920.png',0,'',1),(2,0,1,'936556321.png',1,'{\"template\":\"list-grid3.html.php\",\"title\":\"1\",\"title_link\":\"1\",\"intro\":\"1\",\"created\":\"0\",\"modified\":\"0\",\"author\":\"0\",\"tag\":\"0\",\"tag_link\":\"0\",\"rating\":\"0\",\"read_more\":\"0\",\"tot_list\":\"12\",\"thumbnail\":\"1\"}',1),(3,0,1,'808535225.png',0,'',1),(4,0,1,'2122945692.png',0,'',1),(5,0,1,'277845280.png',0,'',1),(6,0,1,'1685082208.png',0,'',1),(7,6,1,'1089586799.png',0,'',1),(8,6,1,'1049295436.png',0,'',1),(9,6,1,'25760023.png',0,'',1);
DROP TABLE IF EXISTS `bbc_content_cat_text`;
CREATE TABLE `bbc_content_cat_text` (
  `cat_id` int(255) NOT NULL DEFAULT '0',
  `title` varchar(255) DEFAULT NULL,
  `description` varchar(255) DEFAULT NULL,
  `keyword` varchar(255) DEFAULT NULL,
  `lang_id` int(255) NOT NULL DEFAULT '0',
  KEY `cat_id` (`cat_id`),
  KEY `lang_id` (`lang_id`),
  FULLTEXT KEY `title` (`title`,`description`,`keyword`)
) ENGINE=MyISAM DEFAULT CHARSET=utf8;

INSERT INTO `bbc_content_cat_text` VALUES (1,'Article','','',1),(2,'Gallery','','',1),(3,'Download','','',1),(4,'Videos','','',1),(5,'Sound Audio','','',1),(6,'Berita','','',1),(7,'Relaxing','','',1),(8,'Information','','',1),(9,'Hot List','','',1);
DROP TABLE IF EXISTS `bbc_content_category`;
CREATE TABLE `bbc_content_category` (
  `category_id` int(255) NOT NULL AUTO_INCREMENT,
  `content_id` int(255) NOT NULL DEFAULT '0',
  `cat_id` int(255) NOT NULL DEFAULT '0',
  `pruned` tinyint(1) NOT NULL DEFAULT '0',
  `active` tinyint(1) DEFAULT '1',
  PRIMARY KEY (`category_id`),
  KEY `content_id` (`content_id`),
  KEY `cat_id` (`cat_id`),
  KEY `pruned` (`pruned`),
  KEY `active` (`active`)
) ENGINE=MyISAM AUTO_INCREMENT=111 DEFAULT CHARSET=utf8;

INSERT INTO `bbc_content_category` VALUES (1,2,2,0,1),(2,2,6,0,1),(3,2,7,0,1),(4,3,2,0,1),(5,3,6,0,1),(6,3,8,0,1),(7,4,2,0,1),(8,4,6,0,1),(9,4,8,0,1),(10,5,3,0,1),(11,5,6,0,1),(12,5,7,0,1),(13,6,3,0,1),(14,6,6,0,1),(15,6,8,0,1),(16,7,3,0,1),(17,7,6,0,1),(18,7,8,0,1),(19,8,4,0,1),(20,8,6,0,1),(21,8,8,0,1),(22,9,4,0,1),(23,9,6,0,1),(24,9,8,0,1),(25,10,4,0,1),(26,10,6,0,1),(27,10,8,0,1),(28,11,5,0,1),(29,11,6,0,1),(30,11,7,0,1),(31,12,5,0,1),(32,12,6,0,1),(33,12,7,0,1),(34,13,5,0,1),(35,13,6,0,1),(36,13,8,0,1),(37,14,1,0,1),(38,14,6,0,1),(39,14,9,0,1),(40,15,1,0,1),(41,15,6,0,1),(42,15,7,0,1),(43,16,1,0,1),(44,16,6,0,1),(45,16,8,0,1),(46,17,1,0,1),(47,17,7,0,1),(48,18,1,0,1),(49,18,6,0,1),(50,18,8,0,1),(51,19,1,0,1),(52,19,6,0,1),(53,19,9,0,1),(54,20,1,0,1),(55,20,6,0,1),(56,20,9,0,1),(57,21,1,0,1),(58,21,6,0,1),(59,21,7,0,1),(60,22,1,0,1),(61,22,6,0,1),(62,22,8,0,1),(63,23,1,0,1),(64,23,6,0,1),(65,23,8,0,1),(66,24,1,0,1),(67,24,6,0,1),(68,24,9,0,1),(69,25,1,0,1),(70,25,6,0,1),(71,25,8,0,1),(72,26,1,0,1),(73,26,6,0,1),(74,26,7,0,1),(75,27,1,0,1),(76,27,6,0,1),(77,27,8,0,1),(78,28,1,0,1),(79,28,6,0,1),(80,28,9,0,1),(81,29,1,0,1),(82,29,6,0,1),(83,29,8,0,1),(84,30,1,0,1),(85,30,6,0,1),(86,30,9,0,1),(87,31,1,0,1),(88,31,6,0,1),(89,31,8,0,1),(90,32,1,0,1),(91,32,6,0,1),(92,32,9,0,1),(93,33,1,0,1),(94,33,6,0,1),(95,33,7,0,1),(96,34,1,0,1),(97,34,6,0,1),(98,34,8,0,1),(99,35,1,0,1),(100,35,6,0,1),(101,35,8,0,1),(102,36,1,0,1),(103,36,6,0,1),(104,36,9,0,1),(105,37,1,0,1),(106,37,6,0,1),(107,37,9,0,1),(108,38,1,0,1),(109,38,6,0,1),(110,38,8,0,1);
DROP TABLE IF EXISTS `bbc_content_comment`;
CREATE TABLE `bbc_content_comment` (
  `id` int(255) unsigned NOT NULL AUTO_INCREMENT,
  `par_id` int(11) DEFAULT '0',
  `user_id` int(11) DEFAULT '0',
  `reply_all` int(11) DEFAULT '0',
  `reply_on` int(11) DEFAULT '0',
  `content_id` int(255) unsigned DEFAULT NULL,
  `content_title` varchar(255) DEFAULT NULL,
  `name` varchar(255) DEFAULT NULL,
  `image` varchar(255) DEFAULT '',
  `email` varchar(255) DEFAULT NULL,
  `website` varchar(255) DEFAULT NULL,
  `content` text,
  `date` datetime DEFAULT NULL,
  `publish` tinyint(1) DEFAULT '0',
  PRIMARY KEY (`id`),
  KEY `par_id` (`par_id`),
  KEY `user_id` (`user_id`),
  KEY `reply_all` (`reply_all`),
  KEY `reply_on` (`reply_on`),
  KEY `content_id` (`content_id`),
  KEY `publish` (`publish`),
  FULLTEXT KEY `title` (`content_title`,`name`,`email`,`website`,`content`)
) ENGINE=MyISAM AUTO_INCREMENT=43 DEFAULT CHARSET=utf8;

INSERT INTO `bbc_content_comment` VALUES (1,0,0,0,0,14,'Sample Content Detail','yaya','http://graph.facebook.com/100005476120332/picture','melsa@yahoo.com','','kalo misal\'ny dari ank ips bisa tdk masuk ke perusahaan\nterimakasih','2010-10-10 19:06:31',1),(2,0,0,0,0,34,'Tol Semakin Dikebut','maya','http://graph.facebook.com/100001164127152/picture','maialail@yahoo.com','','bagaimana cara mendaftar & mendapatkan beasiswa disini??','2010-10-11 15:03:31',1),(3,0,0,0,0,14,'Sample Content Detail','Rizka Octa','http://graph.facebook.com/1259376413/picture','octa.rizka@yahoo.co.id','','kalau 5 semester berturut-turut nilai nya di atas 75 tapi tinggi nya tidak mencapai 150 apa tidak boleh masuk PERUSAHAAN ?\nterimakasih','2010-10-13 17:30:21',1),(4,0,0,0,0,14,'Sample Content Detail','nandha','http://graph.facebook.com/100000073777335/picture','nandafogbow@yahoo.com','','cara pendfatrannya langsung kkampusnya atau ada prasana lain?????','2010-10-15 11:34:18',1),(5,0,0,0,0,34,'Tol Semakin Dikebut','NANDHA','http://graph.facebook.com/100000073777335/picture','nandafogbow@yahoo.com','','cara untuk mendapatkan beasiswanya bagaimana yaa????','2010-10-15 11:46:32',1),(6,0,0,0,0,34,'Tol Semakin Dikebut','chris','http://graph.facebook.com/100000824915296/picture','christina_imuet@yahoo.com','','biayanya mahal banget ,,, ada biasiswa ngk??? n bagaimana caranya ndaftar  biasiswa n apa saja syarat-syarat nya.................?','2010-10-16 11:58:31',1),(7,0,0,0,0,23,'Tantangan Transportasi di Kota 1001 Gua','Dea','http://graph.facebook.com/100000920641908/picture','dhea_imutz77@yahoo.com','http://www.perusahaan.ac.id','saya mau bertanya,akbid ini merupakan akbid Negri yang dikelola pemerintah atau swasta yang dikelola lembaga..\nmohon,penjelasannya\nterima kasih','2010-10-18 17:48:46',1),(8,0,0,0,0,14,'Sample Content Detail','endang','http://graph.facebook.com/100000477046097/picture','endangrokama@yahoo.co.id','','klu tinggi badan kurang dari 150 gmna? misal 148','2010-10-20 13:29:04',1),(9,0,0,0,0,34,'Tol Semakin Dikebut','dheena','http://graph.facebook.com/100001512649744/picture','dina_ikayanti@yahoo.com','','yang mau saya tanyakan adalah siapa saja yang berhak untuk mendapatkan beasiswa tersebut?\n','2010-10-20 18:20:02',0),(10,0,0,0,0,2,'Sample Gallery Satu','NANDHA','http://graph.facebook.com/100000073777335/picture','nandafogbow@yahoo.com','','rincian uang stiap semesternya ko gugh dtampilkan????\n.,dtampilkan donk','2010-10-20 18:32:12',1),(11,0,0,0,0,14,'Sample Content Detail','patricia','http://graph.facebook.com/1243958560/picture','lianpatriciabolung@yahoo.com','','batasan umur untuk masuk akademi ada ga sih?','2010-10-23 17:37:39',1),(12,0,0,0,0,14,'Sample Content Detail','iin','http://graph.facebook.com/100002248209591/picture','prettycure_31@ymail.com','','klo\' anak ips bsa msk gak?\nn ada tes tulisnya?\n','2010-10-24 14:06:51',1),(13,0,0,0,0,14,'Sample Content Detail','devi','http://graph.facebook.com/100001277183678/picture','cup_punk@rocketmail.com','','kalo smk nya jurusan pemasaran bisa gak.maksh','2010-10-29 11:17:44',1),(14,0,0,0,0,14,'Sample Content Detail','haryati purnama sari','http://graph.facebook.com/100001067155465/picture','haryatitoanugrah@rocketmail.com','','kalo smk jurusan akutansi bisa msuk gak?????\n','2010-11-03 19:47:19',1),(15,0,0,0,0,36,'Belawan Terus Berbenah','lusiana','http://graph.facebook.com/100001659436537/picture','cicilusiana@ymail.com','','bsa nggak..ijasah nya pkai paket C ?','2010-11-08 16:28:12',1),(16,0,0,0,0,2,'Sample Gallery Satu','Perusahaan','http://graph.facebook.com/100011328960689/picture','info@perusahaan.ac.id','','@Nanda: Kami memberikan informasi biaya via email berdasarkan permintaan. :)','2010-11-10 12:43:13',1),(17,0,0,0,0,34,'Tol Semakin Dikebut','Perusahaan','http://graph.facebook.com/100011328960689/picture','info@perusahaan.ac.id','','@Maya: Pendaftaran bisa dilakuan secara online (lihat menu sipenmaru) atau datang langsung ke kampus Perusahaan d.a. Jl. Parangtritis Km.6 Sewon.\n@All: untuk untuk mendapatkan beasiswa harus terdaftar dulu sebagai mahasiswa Perusahaan, setelah itu dilihat prestasi akademik mahasiswa yang bersangkutan.','2010-11-10 13:01:33',1),(18,0,0,0,0,36,'Belawan Terus Berbenah','Perusahaan','http://graph.facebook.com/100011328960689/picture','info@perusahaan.ac.id','','@Lusiana: Bisa ','2010-11-10 13:03:50',1),(19,0,0,0,0,23,'Tantangan Transportasi di Kota 1001 Gua','Perusahaan','http://graph.facebook.com/100011328960689/picture','info@perusahaan.ac.id','','@Dea: Perusahaan adalah lembaga swasta','2010-11-10 13:08:45',1),(20,0,0,0,0,1,'Home page','andi','http://graph.facebook.com/1685135329/picture','kak.andi@yahoo.com','','untuk alumni smk akuntansi bisa masuk apa tidak?','2010-11-12 16:17:58',1),(21,0,0,0,0,36,'Belawan Terus Berbenah','nandha','http://graph.facebook.com/100000073777335/picture','nandafogbow@yahoo.com','','kalo pndftran buat siswa baru yg angkatan 2011 kpan ya??trus bsa gugh persyaratan yg di inginkan untuk wilayah luar jawa kita kirim lewat pos??','2010-11-14 10:30:53',1),(23,0,0,0,0,23,'Tantangan Transportasi di Kota 1001 Gua','ghita','http://graph.facebook.com/100000167977393/picture','immuudt@yahoo.com','','perusahaan kapan bika PMB TA.2011/2012 ?','2010-11-16 12:05:40',1),(24,0,0,0,0,20,'Optimis Melangkah ditahun depan','fd','http://graph.facebook.com/100003509649001/picture','ap.fedri@yahoo.com','','program study nya apa saja.\nada S1 tidak?','2010-11-17 17:33:44',1),(25,0,0,0,0,14,'Sample Content Detail','tusi minasari','http://graph.facebook.com/100001636105240/picture','thoesiygemini@yahoo.co.id','','klo ank akntnsi bsa g msuk akbid,,?','2010-11-18 12:56:59',1),(26,0,0,0,0,14,'Sample Content Detail','tusi minasari','http://graph.facebook.com/100001636105240/picture','thoesiygemini@yahoo.co.id','','klo ank akntnsi bs g msuk akbid','2010-11-18 12:58:27',1),(27,0,0,0,0,14,'Sample Content Detail','wien','http://graph.facebook.com/100001721082833/picture','jelex_poenyakoe@yahoo.com','','kalau anak SMK dari akuntansi bisa gak ya?\nmakasih sblmnya','2010-11-18 21:04:56',1),(28,0,0,0,0,14,'Sample Content Detail','fithri','http://graph.facebook.com/100000110940380/picture','vich_zhuity@yahoo.com','','saya mau tanYa, tes kesehatan\'y meliputi apa aja sih?\ntrus kalau nilai 5 semester di ats 75 beneran cuma ikut tes kesehatan aja????','2010-11-20 15:54:51',1),(29,0,0,0,0,14,'Sample Content Detail','putri ','http://graph.facebook.com/100000134050510/picture','may_ang21@yahoo.co.id','','apa tidak disediakan S1?','2010-11-20 20:24:48',1),(30,0,0,0,0,23,'Tantangan Transportasi di Kota 1001 Gua','nur','http://graph.facebook.com/100000215624909/picture','daimnh@gmail.com','','mohon minta rincian biaya pendidikan di perusahaan. kirim k email y . . .\nsaya ingin masuk akbid.','2010-11-21 10:59:41',1),(31,0,0,0,0,2,'Sample Gallery Satu','nandha','http://graph.facebook.com/100000073777335/picture','nandafogbow@yahoo.com','','alamat emailnya apa ya???\ntrus bagaimana dengan calon siswa baru yg berada d luar jawa??\napa bisa melalui pos ya?\napa ada no yg bisa di hub untuk konsultasi k perusahaan??','2010-11-22 17:17:44',1),(32,0,0,0,0,23,'Tantangan Transportasi di Kota 1001 Gua','eka','http://graph.facebook.com/100006096697514/picture','cha_muky@yahoo.com','','mau tanya pendaftaran dibuka kapan dan tolong minta rincian biayanya \nterimakasih','2010-11-23 16:03:20',1),(33,0,0,0,0,36,'Belawan Terus Berbenah','rindy','http://graph.facebook.com/100000302388141/picture','rfriezca@yahoo.com','','bwt pendaftarn tahun 2011\nkpn yah!!!!','2010-11-23 19:19:22',1),(34,0,0,0,0,10,'Sample Youtube Video Tiga','rahma','http://graph.facebook.com/100001533960031/picture','rahmaflayyer@yahoo.com','','kalau mahasiswanya tidak adrama, apakah diperbolehkan????','2010-11-26 11:22:36',1),(35,0,0,0,0,14,'Sample Content Detail','rahma','http://graph.facebook.com/100001533960031/picture','rahmaflayyer@yahoo.com','','ini dah bulan november...\npendaftaran masih buka kan????','2010-11-26 11:26:34',1),(36,0,0,0,0,35,'Dermaga Batubara Terbesar','Tuti','http://graph.facebook.com/100003894631547/picture','tutyclara@ymail.com','','umch bagus juga,,,,','2010-11-30 10:06:58',1),(37,0,0,0,0,14,'Sample Content Detail','lia','http://graph.facebook.com/100000083907730/picture','hakeshy_hatsuden@yahoo.co.id','',' =; maaf, saya lulusan smk pariwisata apakah bisa mendaftar?\nterimakasih.','2010-11-30 22:10:29',1),(38,0,0,0,0,36,'Belawan Terus Berbenah','mita','http://graph.facebook.com/100010192572668/picture','mita_kissing@yahoo.com','','apa gag ada saringan masuknya menggunakan PMDK????','2010-12-03 12:35:30',1),(39,0,0,0,0,34,'Tol Semakin Dikebut','hendrikawati ','http://graph.facebook.com/100002013531460/picture','rickacipoet@yahoo.com','','kapan nih penerimaan beasiswa diknas tahun 2010. 28 sept 2010 kemarin kan udah sosialisasi di diknas.. tapi kok lum ada juga pengumuman lagi. ten-temen yang dapat beasiswa pada bertnya-tanya ni.. :(( ','2010-12-04 17:44:10',1),(40,0,0,0,0,16,'Transportasi Yang Efisien','ajeng','http://graph.facebook.com/100000213226955/picture','ajen9m0et_morfabregas@yahoo.com','','sy mau tanya,apa akadibyo ini ada kerjasama dg Rumah sakit2? kira2 mana saja? n apakah lulusan akadibyo terjamin pkerjaannya? misalkan di transfer ke RS? Dan apakah ada program magang di rumah sakit?  sy mnta tolong di balas via email saja dan dikirimkan total biaya selama pendidikan. terimakasih','2010-12-09 20:23:09',1),(41,0,0,0,0,14,'Sample Content Detail','tusi','http://graph.facebook.com/100001636105240/picture','thoesiygemini@yahoo.co.id','','klo dr akuntansi bsa msuk akbid,, pa ujian tulisnya tetap sama','2010-12-15 12:59:29',1),(42,0,0,0,0,1,'Home page','Perusahaan','http://graph.facebook.com/100011328960689/picture','info@perusahaan.ac.id','','[ untuk alumni smk akuntansi bisa masuk apa tidak? ]\nOwh tentu saja bisa, perusahaan menerima semua jurusan untuk SMU atau sederajat.. :)','2011-03-23 13:59:17',1);
DROP TABLE IF EXISTS `bbc_content_registrant`;
CREATE TABLE `bbc_content_registrant` (
  `id` int(255) NOT NULL AUTO_INCREMENT,
  `content_id` int(255) NOT NULL,
  `name` varchar(120) NOT NULL DEFAULT '',
  `email` varchar(120) NOT NULL DEFAULT '',
  `phone` varchar(30) NOT NULL DEFAULT '',
  `address` text NOT NULL,
  `created` datetime NOT NULL DEFAULT '0000-00-00 00:00:00',
  PRIMARY KEY (`id`),
  KEY `content_id` (`content_id`),
  KEY `email` (`email`)
) ENGINE=MyISAM DEFAULT CHARSET=utf8;

DROP TABLE IF EXISTS `bbc_content_related`;
CREATE TABLE `bbc_content_related` (
  `id` int(255) NOT NULL AUTO_INCREMENT,
  `content_id` int(255) NOT NULL,
  `related_id` int(255) NOT NULL,
  PRIMARY KEY (`id`),
  KEY `content_id` (`content_id`)
) ENGINE=MyISAM AUTO_INCREMENT=68 DEFAULT CHARSET=utf8;

INSERT INTO `bbc_content_related` VALUES (1,22,31),(2,14,2),(3,14,3),(4,14,4),(5,14,5),(6,14,6),(7,4,2),(8,4,3),(9,4,7),(10,4,10),(11,4,13),(12,7,5),(13,7,6),(14,7,4),(15,7,10),(16,7,13),(17,6,5),(18,6,7),(19,6,2),(20,6,3),(21,6,4),(22,1,2),(23,1,3),(24,1,4),(25,1,5),(26,1,6),(27,37,33),(28,10,8),(29,10,9),(30,10,4),(31,10,7),(32,10,13),(33,2,3),(34,2,4),(35,2,5),(36,2,8),(37,2,11),(38,13,4),(39,13,7),(40,13,10),(41,13,11),(42,13,12),(43,5,6),(44,5,7),(45,5,2),(46,5,8),(47,5,11),(48,9,8),(49,9,10),(50,9,2),(51,9,3),(52,9,4),(53,11,2),(54,11,5),(55,11,8),(56,11,12),(57,11,13),(58,8,9),(59,8,10),(60,8,2),(61,8,5),(62,8,11),(63,3,2),(64,3,4),(65,3,5),(66,3,6),(67,3,7);
DROP TABLE IF EXISTS `bbc_content_schedule`;
CREATE TABLE `bbc_content_schedule` (
  `id` int(11) unsigned NOT NULL AUTO_INCREMENT,
  `content_id` int(11) unsigned DEFAULT '0',
  `action` tinyint(1) DEFAULT '0' COMMENT '1=publish, 2=unpublish, 3=delete',
  `action_time` datetime DEFAULT '0000-00-00 00:00:00',
  `created` datetime DEFAULT '0000-00-00 00:00:00',
  PRIMARY KEY (`id`),
  KEY `content_id` (`content_id`),
  KEY `action_time` (`action_time`)
) ENGINE=MyISAM DEFAULT CHARSET=utf8;

DROP TABLE IF EXISTS `bbc_content_tag`;
CREATE TABLE `bbc_content_tag` (
  `id` int(255) unsigned NOT NULL AUTO_INCREMENT,
  `title` varchar(255) DEFAULT '',
  `total` int(255) DEFAULT '0',
  `created` datetime DEFAULT '0000-00-00 00:00:00',
  `updated` datetime DEFAULT '0000-00-00 00:00:00',
  PRIMARY KEY (`id`)
) ENGINE=MyISAM DEFAULT CHARSET=utf8;

DROP TABLE IF EXISTS `bbc_content_tag_list`;
CREATE TABLE `bbc_content_tag_list` (
  `tag_id` int(255) DEFAULT '0',
  `content_id` int(255) DEFAULT '0',
  KEY `tag_id` (`tag_id`),
  KEY `content_id` (`content_id`)
) ENGINE=MyISAM DEFAULT CHARSET=utf8;

DROP TABLE IF EXISTS `bbc_content_text`;
CREATE TABLE `bbc_content_text` (
  `content_id` int(255) NOT NULL DEFAULT '0',
  `title` varchar(255) DEFAULT NULL,
  `description` varchar(255) DEFAULT NULL,
  `keyword` varchar(255) DEFAULT NULL,
  `tags` text NOT NULL,
  `intro` varchar(255) DEFAULT NULL,
  `content` text,
  `lang_id` int(255) NOT NULL DEFAULT '0',
  KEY `content_id` (`content_id`),
  KEY `lang_id` (`lang_id`),
  FULLTEXT KEY `title` (`title`,`description`,`keyword`,`tags`,`intro`,`content`)
) ENGINE=MyISAM DEFAULT CHARSET=utf8;

INSERT INTO `bbc_content_text` VALUES (1,'Home page','Lorem Ipsum is simply dummy text of the printing and typesetting  industry. Lorem Ipsum has been the industry\'s standard dummy text ever','keyword yang bisa di ganti sendiri','','Lorem Ipsum is simply dummy text of the printing and typesetting industry. Lorem Ipsum has been the industry&#39;s standard dummy text ever since the 1500s, when an unknown printer took a galley of type and scrambled it to make a type specimen book. It ha','Lorem Ipsum is simply dummy text of the printing and typesetting industry. Lorem Ipsum has been the industry&#39;s standard dummy text ever since the 1500s, when an unknown printer took a galley of type and scrambled it to make a type specimen book. It has survived not only five centuries, but also the leap into electronic typesetting, remaining essentially unchanged. It was popularised in the 1960s with the release of Letraset sheets containing Lorem Ipsum passages, and more recently with desktop publishing software like Aldus PageMaker including versions of Lorem Ipsum.',1),(2,'Sample Gallery Satu','Lorem Ipsum is simply dummy text of the printing and typesetting  industry. Lorem Ipsum has been the industry\'s standard dummy text ever','keyword yang bisa di ganti sendiri','','Lorem Ipsum is simply dummy text of the printing and typesetting industry. Lorem Ipsum has been the industry&#39;s standard dummy text ever since the 1500s, when an unknown printer took a galley of type and scrambled it to make a type specimen book. It ha','Lorem Ipsum is simply dummy text of the printing and typesetting industry. Lorem Ipsum has been the industry&#39;s standard dummy text ever since the 1500s, when an unknown printer took a galley of type and scrambled it to make a type specimen book. It has survived not only five centuries, but also the leap into electronic typesetting, remaining essentially unchanged. It was popularised in the 1960s with the release of Letraset sheets containing Lorem Ipsum passages, and more recently with desktop publishing software like Aldus PageMaker including versions of Lorem Ipsum.<br />\r\nWhy do we use it?<br />\r\n<br />\r\nIt is a long established fact that a reader will be distracted by the readable content of a page when looking at its layout. The point of using Lorem Ipsum is that it has a more-or-less normal distribution of letters, as opposed to using &#39;Content here, content here&#39;, making it look like readable English. Many desktop publishing packages and web page editors now use Lorem Ipsum as their default model text, and a search for &#39;lorem ipsum&#39; will uncover many web sites still in their infancy. Various versions have evolved over the years, sometimes by accident, sometimes on purpose (injected humour and the like).<br />\r\n&nbsp;<br />\r\nWhere does it come from?<br />\r\n<br />\r\nContrary to popular belief, Lorem Ipsum is not simply random text. It has roots in a piece of classical Latin literature from 45 BC, making it over 2000 years old. Richard McClintock, a Latin professor at Hampden-Sydney College in Virginia, looked up one of the more obscure Latin words, consectetur, from a Lorem Ipsum passage, and going through the cites of the word in classical literature, discovered the undoubtable source. Lorem Ipsum comes from sections 1.10.32 and 1.10.33 of &quot;de Finibus Bonorum et Malorum&quot; (The Extremes of Good and Evil) by Cicero, written in 45 BC. This book is a treatise on the theory of ethics, very popular during the Renaissance. The first line of Lorem Ipsum, &quot;Lorem ipsum dolor sit amet..&quot;, comes from a line in section 1.10.32.<br />\r\n<br />\r\nThe standard chunk of Lorem Ipsum used since the 1500s is reproduced below for those interested. Sections 1.10.32 and 1.10.33 from &quot;de Finibus Bonorum et Malorum&quot; by Cicero are also reproduced in their exact original form, accompanied by English versions from the 1914 translation by H. Rackham.<br />\r\nWhere can I get some?<br />\r\n<br />\r\nThere are many variations of passages of Lorem Ipsum available, but the majority have suffered alteration in some form, by injected humour, or randomised words which don&#39;t look even slightly believable. If you are going to use a passage of Lorem Ipsum, you need to be sure there isn&#39;t anything embarrassing hidden in the middle of text. All the Lorem Ipsum generators on the Internet tend to repeat predefined chunks as necessary, making this the first true generator on the Internet. It uses a dictionary of over 200 Latin words, combined with a handful of model sentence structures, to generate Lorem Ipsum which looks reasonable. The generated Lorem Ipsum is therefore always free from repetition, injected humour, or non-characteristic words etc.',1),(3,'Sample Gallery Dua','Lorem Ipsum is simply dummy text of the printing and typesetting  industry. Lorem Ipsum has been the industry\'s standard dummy text ever','keyword yang bisa di ganti sendiri','','Lorem Ipsum is simply dummy text of the printing and typesetting industry. Lorem Ipsum has been the industry&#39;s standard dummy text ever since the 1500s, when an unknown printer took a galley of type and scrambled it to make a type specimen book. It ha','Lorem Ipsum is simply dummy text of the printing and typesetting industry. Lorem Ipsum has been the industry&#39;s standard dummy text ever since the 1500s, when an unknown printer took a galley of type and scrambled it to make a type specimen book. It has survived not only five centuries, but also the leap into electronic typesetting, remaining essentially unchanged. It was popularised in the 1960s with the release of Letraset sheets containing Lorem Ipsum passages, and more recently with desktop publishing software like Aldus PageMaker including versions of Lorem Ipsum.<br />\r\nWhy do we use it?<br />\r\n<br />\r\nIt is a long established fact that a reader will be distracted by the readable content of a page when looking at its layout. The point of using Lorem Ipsum is that it has a more-or-less normal distribution of letters, as opposed to using &#39;Content here, content here&#39;, making it look like readable English. Many desktop publishing packages and web page editors now use Lorem Ipsum as their default model text, and a search for &#39;lorem ipsum&#39; will uncover many web sites still in their infancy. Various versions have evolved over the years, sometimes by accident, sometimes on purpose (injected humour and the like).<br />\r\n&nbsp;<br />\r\nWhere does it come from?<br />\r\n<br />\r\nContrary to popular belief, Lorem Ipsum is not simply random text. It has roots in a piece of classical Latin literature from 45 BC, making it over 2000 years old. Richard McClintock, a Latin professor at Hampden-Sydney College in Virginia, looked up one of the more obscure Latin words, consectetur, from a Lorem Ipsum passage, and going through the cites of the word in classical literature, discovered the undoubtable source. Lorem Ipsum comes from sections 1.10.32 and 1.10.33 of &quot;de Finibus Bonorum et Malorum&quot; (The Extremes of Good and Evil) by Cicero, written in 45 BC. This book is a treatise on the theory of ethics, very popular during the Renaissance. The first line of Lorem Ipsum, &quot;Lorem ipsum dolor sit amet..&quot;, comes from a line in section 1.10.32.<br />\r\n<br />\r\nThe standard chunk of Lorem Ipsum used since the 1500s is reproduced below for those interested. Sections 1.10.32 and 1.10.33 from &quot;de Finibus Bonorum et Malorum&quot; by Cicero are also reproduced in their exact original form, accompanied by English versions from the 1914 translation by H. Rackham.<br />\r\nWhere can I get some?<br />\r\n<br />\r\nThere are many variations of passages of Lorem Ipsum available, but the majority have suffered alteration in some form, by injected humour, or randomised words which don&#39;t look even slightly believable. If you are going to use a passage of Lorem Ipsum, you need to be sure there isn&#39;t anything embarrassing hidden in the middle of text. All the Lorem Ipsum generators on the Internet tend to repeat predefined chunks as necessary, making this the first true generator on the Internet. It uses a dictionary of over 200 Latin words, combined with a handful of model sentence structures, to generate Lorem Ipsum which looks reasonable. The generated Lorem Ipsum is therefore always free from repetition, injected humour, or non-characteristic words etc.',1),(4,'Sample Gallery Tiga','Lorem Ipsum is simply dummy text of the printing and typesetting  industry. Lorem Ipsum has been the industry\'s standard dummy text ever','keyword yang bisa di ganti sendiri','','Lorem Ipsum is simply dummy text of the printing and typesetting industry. Lorem Ipsum has been the industry&#39;s standard dummy text ever since the 1500s, when an unknown printer took a galley of type and scrambled it to make a type specimen book. It ha','Lorem Ipsum is simply dummy text of the printing and typesetting industry. Lorem Ipsum has been the industry&#39;s standard dummy text ever since the 1500s, when an unknown printer took a galley of type and scrambled it to make a type specimen book. It has survived not only five centuries, but also the leap into electronic typesetting, remaining essentially unchanged. It was popularised in the 1960s with the release of Letraset sheets containing Lorem Ipsum passages, and more recently with desktop publishing software like Aldus PageMaker including versions of Lorem Ipsum.<br />\r\nWhy do we use it?<br />\r\n<br />\r\nIt is a long established fact that a reader will be distracted by the readable content of a page when looking at its layout. The point of using Lorem Ipsum is that it has a more-or-less normal distribution of letters, as opposed to using &#39;Content here, content here&#39;, making it look like readable English. Many desktop publishing packages and web page editors now use Lorem Ipsum as their default model text, and a search for &#39;lorem ipsum&#39; will uncover many web sites still in their infancy. Various versions have evolved over the years, sometimes by accident, sometimes on purpose (injected humour and the like).<br />\r\n&nbsp;<br />\r\nWhere does it come from?<br />\r\n<br />\r\nContrary to popular belief, Lorem Ipsum is not simply random text. It has roots in a piece of classical Latin literature from 45 BC, making it over 2000 years old. Richard McClintock, a Latin professor at Hampden-Sydney College in Virginia, looked up one of the more obscure Latin words, consectetur, from a Lorem Ipsum passage, and going through the cites of the word in classical literature, discovered the undoubtable source. Lorem Ipsum comes from sections 1.10.32 and 1.10.33 of &quot;de Finibus Bonorum et Malorum&quot; (The Extremes of Good and Evil) by Cicero, written in 45 BC. This book is a treatise on the theory of ethics, very popular during the Renaissance. The first line of Lorem Ipsum, &quot;Lorem ipsum dolor sit amet..&quot;, comes from a line in section 1.10.32.<br />\r\n<br />\r\nThe standard chunk of Lorem Ipsum used since the 1500s is reproduced below for those interested. Sections 1.10.32 and 1.10.33 from &quot;de Finibus Bonorum et Malorum&quot; by Cicero are also reproduced in their exact original form, accompanied by English versions from the 1914 translation by H. Rackham.<br />\r\nWhere can I get some?<br />\r\n<br />\r\nThere are many variations of passages of Lorem Ipsum available, but the majority have suffered alteration in some form, by injected humour, or randomised words which don&#39;t look even slightly believable. If you are going to use a passage of Lorem Ipsum, you need to be sure there isn&#39;t anything embarrassing hidden in the middle of text. All the Lorem Ipsum generators on the Internet tend to repeat predefined chunks as necessary, making this the first true generator on the Internet. It uses a dictionary of over 200 Latin words, combined with a handful of model sentence structures, to generate Lorem Ipsum which looks reasonable. The generated Lorem Ipsum is therefore always free from repetition, injected humour, or non-characteristic words etc.',1),(5,'Sample Download File Satu','Lorem Ipsum is simply dummy text of the printing and typesetting  industry. Lorem Ipsum has been the industry\'s standard dummy text ever','keyword yang bisa di ganti sendiri','','Lorem Ipsum is simply dummy text of the printing and typesetting industry. Lorem Ipsum has been the industry&#39;s standard dummy text ever since the 1500s, when an unknown printer took a galley of type and scrambled it to make a type specimen book. It ha','Lorem Ipsum is simply dummy text of the printing and typesetting industry. Lorem Ipsum has been the industry&#39;s standard dummy text ever since the 1500s, when an unknown printer took a galley of type and scrambled it to make a type specimen book. It has survived not only five centuries, but also the leap into electronic typesetting, remaining essentially unchanged. It was popularised in the 1960s with the release of Letraset sheets containing Lorem Ipsum passages, and more recently with desktop publishing software like Aldus PageMaker including versions of Lorem Ipsum.<br />\r\nWhy do we use it?<br />\r\n<br />\r\nIt is a long established fact that a reader will be distracted by the readable content of a page when looking at its layout. The point of using Lorem Ipsum is that it has a more-or-less normal distribution of letters, as opposed to using &#39;Content here, content here&#39;, making it look like readable English. Many desktop publishing packages and web page editors now use Lorem Ipsum as their default model text, and a search for &#39;lorem ipsum&#39; will uncover many web sites still in their infancy. Various versions have evolved over the years, sometimes by accident, sometimes on purpose (injected humour and the like).<br />\r\n&nbsp;<br />\r\nWhere does it come from?<br />\r\n<br />\r\nContrary to popular belief, Lorem Ipsum is not simply random text. It has roots in a piece of classical Latin literature from 45 BC, making it over 2000 years old. Richard McClintock, a Latin professor at Hampden-Sydney College in Virginia, looked up one of the more obscure Latin words, consectetur, from a Lorem Ipsum passage, and going through the cites of the word in classical literature, discovered the undoubtable source. Lorem Ipsum comes from sections 1.10.32 and 1.10.33 of &quot;de Finibus Bonorum et Malorum&quot; (The Extremes of Good and Evil) by Cicero, written in 45 BC. This book is a treatise on the theory of ethics, very popular during the Renaissance. The first line of Lorem Ipsum, &quot;Lorem ipsum dolor sit amet..&quot;, comes from a line in section 1.10.32.<br />\r\n<br />\r\nThe standard chunk of Lorem Ipsum used since the 1500s is reproduced below for those interested. Sections 1.10.32 and 1.10.33 from &quot;de Finibus Bonorum et Malorum&quot; by Cicero are also reproduced in their exact original form, accompanied by English versions from the 1914 translation by H. Rackham.<br />\r\nWhere can I get some?<br />\r\n<br />\r\nThere are many variations of passages of Lorem Ipsum available, but the majority have suffered alteration in some form, by injected humour, or randomised words which don&#39;t look even slightly believable. If you are going to use a passage of Lorem Ipsum, you need to be sure there isn&#39;t anything embarrassing hidden in the middle of text. All the Lorem Ipsum generators on the Internet tend to repeat predefined chunks as necessary, making this the first true generator on the Internet. It uses a dictionary of over 200 Latin words, combined with a handful of model sentence structures, to generate Lorem Ipsum which looks reasonable. The generated Lorem Ipsum is therefore always free from repetition, injected humour, or non-characteristic words etc.',1),(6,'Sample Download File Dua','Lorem Ipsum is simply dummy text of the printing and typesetting industry. Lorem Ipsum has been the industry\'s standard dummy text ever since the ','Diresmikan, Rumah Bersalin Laras Hati, Lorem Ipsum is simply dummy text of the printing and typesetting industry. Lorem','','Lorem Ipsum is simply dummy text of the printing and typesetting industry. Lorem Ipsum has been the industry&#39;s standard dummy text ever since the 1500s, when an unknown printer took a galley of type and scrambled it to make a type specimen book. It ha','Lorem Ipsum is simply dummy text of the printing and typesetting industry. Lorem Ipsum has been the industry&#39;s standard dummy text ever since the 1500s, when an unknown printer took a galley of type and scrambled it to make a type specimen book. It has survived not only five centuries, but also the leap into electronic typesetting, remaining essentially unchanged. It was popularised in the 1960s with the release of Letraset sheets containing Lorem Ipsum passages, and more recently with desktop publishing software like Aldus PageMaker including versions of Lorem Ipsum.<br />\r\nWhy do we use it?<br />\r\n<br />\r\nIt is a long established fact that a reader will be distracted by the readable content of a page when looking at its layout. The point of using Lorem Ipsum is that it has a more-or-less normal distribution of letters, as opposed to using &#39;Content here, content here&#39;, making it look like readable English. Many desktop publishing packages and web page editors now use Lorem Ipsum as their default model text, and a search for &#39;lorem ipsum&#39; will uncover many web sites still in their infancy. Various versions have evolved over the years, sometimes by accident, sometimes on purpose (injected humour and the like).<br />\r\n&nbsp;<br />\r\nWhere does it come from?<br />\r\n<br />\r\nContrary to popular belief, Lorem Ipsum is not simply random text. It has roots in a piece of classical Latin literature from 45 BC, making it over 2000 years old. Richard McClintock, a Latin professor at Hampden-Sydney College in Virginia, looked up one of the more obscure Latin words, consectetur, from a Lorem Ipsum passage, and going through the cites of the word in classical literature, discovered the undoubtable source. Lorem Ipsum comes from sections 1.10.32 and 1.10.33 of &quot;de Finibus Bonorum et Malorum&quot; (The Extremes of Good and Evil) by Cicero, written in 45 BC. This book is a treatise on the theory of ethics, very popular during the Renaissance. The first line of Lorem Ipsum, &quot;Lorem ipsum dolor sit amet..&quot;, comes from a line in section 1.10.32.<br />\r\n<br />\r\nThe standard chunk of Lorem Ipsum used since the 1500s is reproduced below for those interested. Sections 1.10.32 and 1.10.33 from &quot;de Finibus Bonorum et Malorum&quot; by Cicero are also reproduced in their exact original form, accompanied by English versions from the 1914 translation by H. Rackham.<br />\r\nWhere can I get some?<br />\r\n<br />\r\nThere are many variations of passages of Lorem Ipsum available, but the majority have suffered alteration in some form, by injected humour, or randomised words which don&#39;t look even slightly believable. If you are going to use a passage of Lorem Ipsum, you need to be sure there isn&#39;t anything embarrassing hidden in the middle of text. All the Lorem Ipsum generators on the Internet tend to repeat predefined chunks as necessary, making this the first true generator on the Internet. It uses a dictionary of over 200 Latin words, combined with a handful of model sentence structures, to generate Lorem Ipsum which looks reasonable. The generated Lorem Ipsum is therefore always free from repetition, injected humour, or non-characteristic words etc.',1),(7,'Sample Download File Tiga','Lorem Ipsum is simply dummy text of the printing and typesetting  industry. Lorem Ipsum has been the industry\'s standard dummy text ever','keyword yang bisa di ganti sendiri','','Lorem Ipsum is simply dummy text of the printing and typesetting industry. Lorem Ipsum has been the industry&#39;s standard dummy text ever since the 1500s, when an unknown printer took a galley of type and scrambled it to make a type specimen book. It ha','Lorem Ipsum is simply dummy text of the printing and typesetting industry. Lorem Ipsum has been the industry&#39;s standard dummy text ever since the 1500s, when an unknown printer took a galley of type and scrambled it to make a type specimen book. It has survived not only five centuries, but also the leap into electronic typesetting, remaining essentially unchanged. It was popularised in the 1960s with the release of Letraset sheets containing Lorem Ipsum passages, and more recently with desktop publishing software like Aldus PageMaker including versions of Lorem Ipsum.<br />\r\nWhy do we use it?<br />\r\n<br />\r\nIt is a long established fact that a reader will be distracted by the readable content of a page when looking at its layout. The point of using Lorem Ipsum is that it has a more-or-less normal distribution of letters, as opposed to using &#39;Content here, content here&#39;, making it look like readable English. Many desktop publishing packages and web page editors now use Lorem Ipsum as their default model text, and a search for &#39;lorem ipsum&#39; will uncover many web sites still in their infancy. Various versions have evolved over the years, sometimes by accident, sometimes on purpose (injected humour and the like).<br />\r\n&nbsp;<br />\r\nWhere does it come from?<br />\r\n<br />\r\nContrary to popular belief, Lorem Ipsum is not simply random text. It has roots in a piece of classical Latin literature from 45 BC, making it over 2000 years old. Richard McClintock, a Latin professor at Hampden-Sydney College in Virginia, looked up one of the more obscure Latin words, consectetur, from a Lorem Ipsum passage, and going through the cites of the word in classical literature, discovered the undoubtable source. Lorem Ipsum comes from sections 1.10.32 and 1.10.33 of &quot;de Finibus Bonorum et Malorum&quot; (The Extremes of Good and Evil) by Cicero, written in 45 BC. This book is a treatise on the theory of ethics, very popular during the Renaissance. The first line of Lorem Ipsum, &quot;Lorem ipsum dolor sit amet..&quot;, comes from a line in section 1.10.32.<br />\r\n<br />\r\nThe standard chunk of Lorem Ipsum used since the 1500s is reproduced below for those interested. Sections 1.10.32 and 1.10.33 from &quot;de Finibus Bonorum et Malorum&quot; by Cicero are also reproduced in their exact original form, accompanied by English versions from the 1914 translation by H. Rackham.<br />\r\nWhere can I get some?<br />\r\n<br />\r\nThere are many variations of passages of Lorem Ipsum available, but the majority have suffered alteration in some form, by injected humour, or randomised words which don&#39;t look even slightly believable. If you are going to use a passage of Lorem Ipsum, you need to be sure there isn&#39;t anything embarrassing hidden in the middle of text. All the Lorem Ipsum generators on the Internet tend to repeat predefined chunks as necessary, making this the first true generator on the Internet. It uses a dictionary of over 200 Latin words, combined with a handful of model sentence structures, to generate Lorem Ipsum which looks reasonable. The generated Lorem Ipsum is therefore always free from repetition, injected humour, or non-characteristic words etc.',1),(8,'Sample Youtube Video Satu','Lorem Ipsum is simply dummy text of the printing and typesetting  industry. Lorem Ipsum has been the industry\'s standard dummy text ever','keyword yang bisa di ganti sendiri','','Lorem Ipsum is simply dummy text of the printing and typesetting industry. Lorem Ipsum has been the industry&#39;s standard dummy text ever since the 1500s, when an unknown printer took a galley of type and scrambled it to make a type specimen book. It ha','Lorem Ipsum is simply dummy text of the printing and typesetting industry. Lorem Ipsum has been the industry&#39;s standard dummy text ever since the 1500s, when an unknown printer took a galley of type and scrambled it to make a type specimen book. It has survived not only five centuries, but also the leap into electronic typesetting, remaining essentially unchanged. It was popularised in the 1960s with the release of Letraset sheets containing Lorem Ipsum passages, and more recently with desktop publishing software like Aldus PageMaker including versions of Lorem Ipsum.<br />\r\nWhy do we use it?<br />\r\n<br />\r\nIt is a long established fact that a reader will be distracted by the readable content of a page when looking at its layout. The point of using Lorem Ipsum is that it has a more-or-less normal distribution of letters, as opposed to using &#39;Content here, content here&#39;, making it look like readable English. Many desktop publishing packages and web page editors now use Lorem Ipsum as their default model text, and a search for &#39;lorem ipsum&#39; will uncover many web sites still in their infancy. Various versions have evolved over the years, sometimes by accident, sometimes on purpose (injected humour and the like).<br />\r\n&nbsp;<br />\r\nWhere does it come from?<br />\r\n<br />\r\nContrary to popular belief, Lorem Ipsum is not simply random text. It has roots in a piece of classical Latin literature from 45 BC, making it over 2000 years old. Richard McClintock, a Latin professor at Hampden-Sydney College in Virginia, looked up one of the more obscure Latin words, consectetur, from a Lorem Ipsum passage, and going through the cites of the word in classical literature, discovered the undoubtable source. Lorem Ipsum comes from sections 1.10.32 and 1.10.33 of &quot;de Finibus Bonorum et Malorum&quot; (The Extremes of Good and Evil) by Cicero, written in 45 BC. This book is a treatise on the theory of ethics, very popular during the Renaissance. The first line of Lorem Ipsum, &quot;Lorem ipsum dolor sit amet..&quot;, comes from a line in section 1.10.32.<br />\r\n<br />\r\nThe standard chunk of Lorem Ipsum used since the 1500s is reproduced below for those interested. Sections 1.10.32 and 1.10.33 from &quot;de Finibus Bonorum et Malorum&quot; by Cicero are also reproduced in their exact original form, accompanied by English versions from the 1914 translation by H. Rackham.<br />\r\nWhere can I get some?<br />\r\n<br />\r\nThere are many variations of passages of Lorem Ipsum available, but the majority have suffered alteration in some form, by injected humour, or randomised words which don&#39;t look even slightly believable. If you are going to use a passage of Lorem Ipsum, you need to be sure there isn&#39;t anything embarrassing hidden in the middle of text. All the Lorem Ipsum generators on the Internet tend to repeat predefined chunks as necessary, making this the first true generator on the Internet. It uses a dictionary of over 200 Latin words, combined with a handful of model sentence structures, to generate Lorem Ipsum which looks reasonable. The generated Lorem Ipsum is therefore always free from repetition, injected humour, or non-characteristic words etc.',1),(9,'Sample Youtube Video Dua','Lorem Ipsum is simply dummy text of the printing and typesetting  industry. Lorem Ipsum has been the industry\'s standard dummy text ever','keyword yang bisa di ganti sendiri','','Lorem Ipsum is simply dummy text of the printing and typesetting industry. Lorem Ipsum has been the industry&#39;s standard dummy text ever since the 1500s, when an unknown printer took a galley of type and scrambled it to make a type specimen book. It ha','Lorem Ipsum is simply dummy text of the printing and typesetting industry. Lorem Ipsum has been the industry&#39;s standard dummy text ever since the 1500s, when an unknown printer took a galley of type and scrambled it to make a type specimen book. It has survived not only five centuries, but also the leap into electronic typesetting, remaining essentially unchanged. It was popularised in the 1960s with the release of Letraset sheets containing Lorem Ipsum passages, and more recently with desktop publishing software like Aldus PageMaker including versions of Lorem Ipsum.<br />\r\nWhy do we use it?<br />\r\n<br />\r\nIt is a long established fact that a reader will be distracted by the readable content of a page when looking at its layout. The point of using Lorem Ipsum is that it has a more-or-less normal distribution of letters, as opposed to using &#39;Content here, content here&#39;, making it look like readable English. Many desktop publishing packages and web page editors now use Lorem Ipsum as their default model text, and a search for &#39;lorem ipsum&#39; will uncover many web sites still in their infancy. Various versions have evolved over the years, sometimes by accident, sometimes on purpose (injected humour and the like).<br />\r\n&nbsp;<br />\r\nWhere does it come from?<br />\r\n<br />\r\nContrary to popular belief, Lorem Ipsum is not simply random text. It has roots in a piece of classical Latin literature from 45 BC, making it over 2000 years old. Richard McClintock, a Latin professor at Hampden-Sydney College in Virginia, looked up one of the more obscure Latin words, consectetur, from a Lorem Ipsum passage, and going through the cites of the word in classical literature, discovered the undoubtable source. Lorem Ipsum comes from sections 1.10.32 and 1.10.33 of &quot;de Finibus Bonorum et Malorum&quot; (The Extremes of Good and Evil) by Cicero, written in 45 BC. This book is a treatise on the theory of ethics, very popular during the Renaissance. The first line of Lorem Ipsum, &quot;Lorem ipsum dolor sit amet..&quot;, comes from a line in section 1.10.32.<br />\r\n<br />\r\nThe standard chunk of Lorem Ipsum used since the 1500s is reproduced below for those interested. Sections 1.10.32 and 1.10.33 from &quot;de Finibus Bonorum et Malorum&quot; by Cicero are also reproduced in their exact original form, accompanied by English versions from the 1914 translation by H. Rackham.<br />\r\nWhere can I get some?<br />\r\n<br />\r\nThere are many variations of passages of Lorem Ipsum available, but the majority have suffered alteration in some form, by injected humour, or randomised words which don&#39;t look even slightly believable. If you are going to use a passage of Lorem Ipsum, you need to be sure there isn&#39;t anything embarrassing hidden in the middle of text. All the Lorem Ipsum generators on the Internet tend to repeat predefined chunks as necessary, making this the first true generator on the Internet. It uses a dictionary of over 200 Latin words, combined with a handful of model sentence structures, to generate Lorem Ipsum which looks reasonable. The generated Lorem Ipsum is therefore always free from repetition, injected humour, or non-characteristic words etc.',1),(10,'Sample Youtube Video Tiga','Lorem Ipsum is simply dummy text of the printing and typesetting  industry. Lorem Ipsum has been the industry\'s standard dummy text ever','keyword yang bisa di ganti sendiri','','Lorem Ipsum is simply dummy text of the printing and typesetting industry. Lorem Ipsum has been the industry&#39;s standard dummy text ever since the 1500s, when an unknown printer took a galley of type and scrambled it to make a type specimen book. It ha','Lorem Ipsum is simply dummy text of the printing and typesetting industry. Lorem Ipsum has been the industry&#39;s standard dummy text ever since the 1500s, when an unknown printer took a galley of type and scrambled it to make a type specimen book. It has survived not only five centuries, but also the leap into electronic typesetting, remaining essentially unchanged. It was popularised in the 1960s with the release of Letraset sheets containing Lorem Ipsum passages, and more recently with desktop publishing software like Aldus PageMaker including versions of Lorem Ipsum.<br />\r\nWhy do we use it?<br />\r\n<br />\r\nIt is a long established fact that a reader will be distracted by the readable content of a page when looking at its layout. The point of using Lorem Ipsum is that it has a more-or-less normal distribution of letters, as opposed to using &#39;Content here, content here&#39;, making it look like readable English. Many desktop publishing packages and web page editors now use Lorem Ipsum as their default model text, and a search for &#39;lorem ipsum&#39; will uncover many web sites still in their infancy. Various versions have evolved over the years, sometimes by accident, sometimes on purpose (injected humour and the like).<br />\r\n&nbsp;<br />\r\nWhere does it come from?<br />\r\n<br />\r\nContrary to popular belief, Lorem Ipsum is not simply random text. It has roots in a piece of classical Latin literature from 45 BC, making it over 2000 years old. Richard McClintock, a Latin professor at Hampden-Sydney College in Virginia, looked up one of the more obscure Latin words, consectetur, from a Lorem Ipsum passage, and going through the cites of the word in classical literature, discovered the undoubtable source. Lorem Ipsum comes from sections 1.10.32 and 1.10.33 of &quot;de Finibus Bonorum et Malorum&quot; (The Extremes of Good and Evil) by Cicero, written in 45 BC. This book is a treatise on the theory of ethics, very popular during the Renaissance. The first line of Lorem Ipsum, &quot;Lorem ipsum dolor sit amet..&quot;, comes from a line in section 1.10.32.<br />\r\n<br />\r\nThe standard chunk of Lorem Ipsum used since the 1500s is reproduced below for those interested. Sections 1.10.32 and 1.10.33 from &quot;de Finibus Bonorum et Malorum&quot; by Cicero are also reproduced in their exact original form, accompanied by English versions from the 1914 translation by H. Rackham.<br />\r\nWhere can I get some?<br />\r\n<br />\r\nThere are many variations of passages of Lorem Ipsum available, but the majority have suffered alteration in some form, by injected humour, or randomised words which don&#39;t look even slightly believable. If you are going to use a passage of Lorem Ipsum, you need to be sure there isn&#39;t anything embarrassing hidden in the middle of text. All the Lorem Ipsum generators on the Internet tend to repeat predefined chunks as necessary, making this the first true generator on the Internet. It uses a dictionary of over 200 Latin words, combined with a handful of model sentence structures, to generate Lorem Ipsum which looks reasonable. The generated Lorem Ipsum is therefore always free from repetition, injected humour, or non-characteristic words etc.',1),(11,'Sample Audio Satu','Lorem Ipsum is simply dummy text of the printing and typesetting  industry. Lorem Ipsum has been the industry\'s standard dummy text ever','keyword yang bisa di ganti sendiri','','Lorem Ipsum is simply dummy text of the printing and typesetting industry. Lorem Ipsum has been the industry&#39;s standard dummy text ever since the 1500s, when an unknown printer took a galley of type and scrambled it to make a type specimen book. It ha','Lorem Ipsum is simply dummy text of the printing and typesetting industry. Lorem Ipsum has been the industry&#39;s standard dummy text ever since the 1500s, when an unknown printer took a galley of type and scrambled it to make a type specimen book. It has survived not only five centuries, but also the leap into electronic typesetting, remaining essentially unchanged. It was popularised in the 1960s with the release of Letraset sheets containing Lorem Ipsum passages, and more recently with desktop publishing software like Aldus PageMaker including versions of Lorem Ipsum.<br />\r\nWhy do we use it?<br />\r\n<br />\r\nIt is a long established fact that a reader will be distracted by the readable content of a page when looking at its layout. The point of using Lorem Ipsum is that it has a more-or-less normal distribution of letters, as opposed to using &#39;Content here, content here&#39;, making it look like readable English. Many desktop publishing packages and web page editors now use Lorem Ipsum as their default model text, and a search for &#39;lorem ipsum&#39; will uncover many web sites still in their infancy. Various versions have evolved over the years, sometimes by accident, sometimes on purpose (injected humour and the like).<br />\r\n&nbsp;<br />\r\nWhere does it come from?<br />\r\n<br />\r\nContrary to popular belief, Lorem Ipsum is not simply random text. It has roots in a piece of classical Latin literature from 45 BC, making it over 2000 years old. Richard McClintock, a Latin professor at Hampden-Sydney College in Virginia, looked up one of the more obscure Latin words, consectetur, from a Lorem Ipsum passage, and going through the cites of the word in classical literature, discovered the undoubtable source. Lorem Ipsum comes from sections 1.10.32 and 1.10.33 of &quot;de Finibus Bonorum et Malorum&quot; (The Extremes of Good and Evil) by Cicero, written in 45 BC. This book is a treatise on the theory of ethics, very popular during the Renaissance. The first line of Lorem Ipsum, &quot;Lorem ipsum dolor sit amet..&quot;, comes from a line in section 1.10.32.<br />\r\n<br />\r\nThe standard chunk of Lorem Ipsum used since the 1500s is reproduced below for those interested. Sections 1.10.32 and 1.10.33 from &quot;de Finibus Bonorum et Malorum&quot; by Cicero are also reproduced in their exact original form, accompanied by English versions from the 1914 translation by H. Rackham.<br />\r\nWhere can I get some?<br />\r\n<br />\r\nThere are many variations of passages of Lorem Ipsum available, but the majority have suffered alteration in some form, by injected humour, or randomised words which don&#39;t look even slightly believable. If you are going to use a passage of Lorem Ipsum, you need to be sure there isn&#39;t anything embarrassing hidden in the middle of text. All the Lorem Ipsum generators on the Internet tend to repeat predefined chunks as necessary, making this the first true generator on the Internet. It uses a dictionary of over 200 Latin words, combined with a handful of model sentence structures, to generate Lorem Ipsum which looks reasonable. The generated Lorem Ipsum is therefore always free from repetition, injected humour, or non-characteristic words etc.',1),(12,'Sample Audio Dua','Lorem Ipsum is simply dummy text of the printing and typesetting  industry. Lorem Ipsum has been the industry\'s standard dummy text ever','keyword yang bisa di ganti sendiri','','Lorem Ipsum is simply dummy text of the printing and typesetting industry. Lorem Ipsum has been the industry&#39;s standard dummy text ever since the 1500s, when an unknown printer took a galley of type and scrambled it to make a type specimen book. It ha','Lorem Ipsum is simply dummy text of the printing and typesetting industry. Lorem Ipsum has been the industry&#39;s standard dummy text ever since the 1500s, when an unknown printer took a galley of type and scrambled it to make a type specimen book. It has survived not only five centuries, but also the leap into electronic typesetting, remaining essentially unchanged. It was popularised in the 1960s with the release of Letraset sheets containing Lorem Ipsum passages, and more recently with desktop publishing software like Aldus PageMaker including versions of Lorem Ipsum.<br />\r\nWhy do we use it?<br />\r\n<br />\r\nIt is a long established fact that a reader will be distracted by the readable content of a page when looking at its layout. The point of using Lorem Ipsum is that it has a more-or-less normal distribution of letters, as opposed to using &#39;Content here, content here&#39;, making it look like readable English. Many desktop publishing packages and web page editors now use Lorem Ipsum as their default model text, and a search for &#39;lorem ipsum&#39; will uncover many web sites still in their infancy. Various versions have evolved over the years, sometimes by accident, sometimes on purpose (injected humour and the like).<br />\r\n&nbsp;<br />\r\nWhere does it come from?<br />\r\n<br />\r\nContrary to popular belief, Lorem Ipsum is not simply random text. It has roots in a piece of classical Latin literature from 45 BC, making it over 2000 years old. Richard McClintock, a Latin professor at Hampden-Sydney College in Virginia, looked up one of the more obscure Latin words, consectetur, from a Lorem Ipsum passage, and going through the cites of the word in classical literature, discovered the undoubtable source. Lorem Ipsum comes from sections 1.10.32 and 1.10.33 of &quot;de Finibus Bonorum et Malorum&quot; (The Extremes of Good and Evil) by Cicero, written in 45 BC. This book is a treatise on the theory of ethics, very popular during the Renaissance. The first line of Lorem Ipsum, &quot;Lorem ipsum dolor sit amet..&quot;, comes from a line in section 1.10.32.<br />\r\n<br />\r\nThe standard chunk of Lorem Ipsum used since the 1500s is reproduced below for those interested. Sections 1.10.32 and 1.10.33 from &quot;de Finibus Bonorum et Malorum&quot; by Cicero are also reproduced in their exact original form, accompanied by English versions from the 1914 translation by H. Rackham.<br />\r\nWhere can I get some?<br />\r\n<br />\r\nThere are many variations of passages of Lorem Ipsum available, but the majority have suffered alteration in some form, by injected humour, or randomised words which don&#39;t look even slightly believable. If you are going to use a passage of Lorem Ipsum, you need to be sure there isn&#39;t anything embarrassing hidden in the middle of text. All the Lorem Ipsum generators on the Internet tend to repeat predefined chunks as necessary, making this the first true generator on the Internet. It uses a dictionary of over 200 Latin words, combined with a handful of model sentence structures, to generate Lorem Ipsum which looks reasonable. The generated Lorem Ipsum is therefore always free from repetition, injected humour, or non-characteristic words etc.',1),(13,'Sample Audio Tiga','Lorem Ipsum is simply dummy text of the printing and typesetting  industry. Lorem Ipsum has been the industry\'s standard dummy text ever','keyword yang bisa di ganti sendiri','','Lorem Ipsum is simply dummy text of the printing and typesetting industry. Lorem Ipsum has been the industry&#39;s standard dummy text ever since the 1500s, when an unknown printer took a galley of type and scrambled it to make a type specimen book. It ha','Lorem Ipsum is simply dummy text of the printing and typesetting industry. Lorem Ipsum has been the industry&#39;s standard dummy text ever since the 1500s, when an unknown printer took a galley of type and scrambled it to make a type specimen book. It has survived not only five centuries, but also the leap into electronic typesetting, remaining essentially unchanged. It was popularised in the 1960s with the release of Letraset sheets containing Lorem Ipsum passages, and more recently with desktop publishing software like Aldus PageMaker including versions of Lorem Ipsum.<br />\r\nWhy do we use it?<br />\r\n<br />\r\nIt is a long established fact that a reader will be distracted by the readable content of a page when looking at its layout. The point of using Lorem Ipsum is that it has a more-or-less normal distribution of letters, as opposed to using &#39;Content here, content here&#39;, making it look like readable English. Many desktop publishing packages and web page editors now use Lorem Ipsum as their default model text, and a search for &#39;lorem ipsum&#39; will uncover many web sites still in their infancy. Various versions have evolved over the years, sometimes by accident, sometimes on purpose (injected humour and the like).<br />\r\n&nbsp;<br />\r\nWhere does it come from?<br />\r\n<br />\r\nContrary to popular belief, Lorem Ipsum is not simply random text. It has roots in a piece of classical Latin literature from 45 BC, making it over 2000 years old. Richard McClintock, a Latin professor at Hampden-Sydney College in Virginia, looked up one of the more obscure Latin words, consectetur, from a Lorem Ipsum passage, and going through the cites of the word in classical literature, discovered the undoubtable source. Lorem Ipsum comes from sections 1.10.32 and 1.10.33 of &quot;de Finibus Bonorum et Malorum&quot; (The Extremes of Good and Evil) by Cicero, written in 45 BC. This book is a treatise on the theory of ethics, very popular during the Renaissance. The first line of Lorem Ipsum, &quot;Lorem ipsum dolor sit amet..&quot;, comes from a line in section 1.10.32.<br />\r\n<br />\r\nThe standard chunk of Lorem Ipsum used since the 1500s is reproduced below for those interested. Sections 1.10.32 and 1.10.33 from &quot;de Finibus Bonorum et Malorum&quot; by Cicero are also reproduced in their exact original form, accompanied by English versions from the 1914 translation by H. Rackham.<br />\r\nWhere can I get some?<br />\r\n<br />\r\nThere are many variations of passages of Lorem Ipsum available, but the majority have suffered alteration in some form, by injected humour, or randomised words which don&#39;t look even slightly believable. If you are going to use a passage of Lorem Ipsum, you need to be sure there isn&#39;t anything embarrassing hidden in the middle of text. All the Lorem Ipsum generators on the Internet tend to repeat predefined chunks as necessary, making this the first true generator on the Internet. It uses a dictionary of over 200 Latin words, combined with a handful of model sentence structures, to generate Lorem Ipsum which looks reasonable. The generated Lorem Ipsum is therefore always free from repetition, injected humour, or non-characteristic words etc.',1),(14,'Sample Content Detail','Lorem Ipsum is simply dummy text of the printing and typesetting  industry. Lorem Ipsum has been the industry\'s standard dummy text ever','keyword yang bisa di ganti sendiri','','Lorem Ipsum is simply dummy text of the printing and typesetting industry. Lorem Ipsum has been the industry&#39;s standard dummy text ever since the 1500s, when an unknown printer took a galley of type and scrambled it to make a type specimen book. It ha','Lorem Ipsum is simply dummy text of the printing and typesetting industry. Lorem Ipsum has been the industry&#39;s standard dummy text ever since the 1500s, when an unknown printer took a galley of type and scrambled it to make a type specimen book. It has survived not only five centuries, but also the leap into electronic typesetting, remaining essentially unchanged. It was popularised in the 1960s with the release of Letraset sheets containing Lorem Ipsum passages, and more recently with desktop publishing software like Aldus PageMaker including versions of Lorem Ipsum.<br />\r\nWhy do we use it?<br />\r\n<br />\r\nIt is a long established fact that a reader will be distracted by the readable content of a page when looking at its layout. The point of using Lorem Ipsum is that it has a more-or-less normal distribution of letters, as opposed to using &#39;Content here, content here&#39;, making it look like readable English. Many desktop publishing packages and web page editors now use Lorem Ipsum as their default model text, and a search for &#39;lorem ipsum&#39; will uncover many web sites still in their infancy. Various versions have evolved over the years, sometimes by accident, sometimes on purpose (injected humour and the like).<br />\r\n&nbsp;<br />\r\nWhere does it come from?<br />\r\n<br />\r\nContrary to popular belief, Lorem Ipsum is not simply random text. It has roots in a piece of classical Latin literature from 45 BC, making it over 2000 years old. Richard McClintock, a Latin professor at Hampden-Sydney College in Virginia, looked up one of the more obscure Latin words, consectetur, from a Lorem Ipsum passage, and going through the cites of the word in classical literature, discovered the undoubtable source. Lorem Ipsum comes from sections 1.10.32 and 1.10.33 of &quot;de Finibus Bonorum et Malorum&quot; (The Extremes of Good and Evil) by Cicero, written in 45 BC. This book is a treatise on the theory of ethics, very popular during the Renaissance. The first line of Lorem Ipsum, &quot;Lorem ipsum dolor sit amet..&quot;, comes from a line in section 1.10.32.<br />\r\n<br />\r\nThe standard chunk of Lorem Ipsum used since the 1500s is reproduced below for those interested. Sections 1.10.32 and 1.10.33 from &quot;de Finibus Bonorum et Malorum&quot; by Cicero are also reproduced in their exact original form, accompanied by English versions from the 1914 translation by H. Rackham.<br />\r\nWhere can I get some?<br />\r\n<br />\r\nThere are many variations of passages of Lorem Ipsum available, but the majority have suffered alteration in some form, by injected humour, or randomised words which don&#39;t look even slightly believable. If you are going to use a passage of Lorem Ipsum, you need to be sure there isn&#39;t anything embarrassing hidden in the middle of text. All the Lorem Ipsum generators on the Internet tend to repeat predefined chunks as necessary, making this the first true generator on the Internet. It uses a dictionary of over 200 Latin words, combined with a handful of model sentence structures, to generate Lorem Ipsum which looks reasonable. The generated Lorem Ipsum is therefore always free from repetition, injected humour, or non-characteristic words etc.',1),(15,'Merevitalisasi Sektor Pelayaran','Lorem Ipsum is simply dummy text of the printing and typesetting  industry. Lorem Ipsum has been the industry\'s standard dummy text ever','keyword yang bisa di ganti sendiri','','Lorem Ipsum is simply dummy text of the printing and typesetting industry. Lorem Ipsum has been the industry&#39;s standard dummy text ever since the 1500s, when an unknown printer took a galley of type and scrambled it to make a type specimen book. It ha','Lorem Ipsum is simply dummy text of the printing and typesetting industry. Lorem Ipsum has been the industry&#39;s standard dummy text ever since the 1500s, when an unknown printer took a galley of type and scrambled it to make a type specimen book. It has survived not only five centuries, but also the leap into electronic typesetting, remaining essentially unchanged. It was popularised in the 1960s with the release of Letraset sheets containing Lorem Ipsum passages, and more recently with desktop publishing software like Aldus PageMaker including versions of Lorem Ipsum.<br />\r\nWhy do we use it?<br />\r\n<br />\r\nIt is a long established fact that a reader will be distracted by the readable content of a page when looking at its layout. The point of using Lorem Ipsum is that it has a more-or-less normal distribution of letters, as opposed to using &#39;Content here, content here&#39;, making it look like readable English. Many desktop publishing packages and web page editors now use Lorem Ipsum as their default model text, and a search for &#39;lorem ipsum&#39; will uncover many web sites still in their infancy. Various versions have evolved over the years, sometimes by accident, sometimes on purpose (injected humour and the like).<br />\r\n&nbsp;<br />\r\nWhere does it come from?<br />\r\n<br />\r\nContrary to popular belief, Lorem Ipsum is not simply random text. It has roots in a piece of classical Latin literature from 45 BC, making it over 2000 years old. Richard McClintock, a Latin professor at Hampden-Sydney College in Virginia, looked up one of the more obscure Latin words, consectetur, from a Lorem Ipsum passage, and going through the cites of the word in classical literature, discovered the undoubtable source. Lorem Ipsum comes from sections 1.10.32 and 1.10.33 of &quot;de Finibus Bonorum et Malorum&quot; (The Extremes of Good and Evil) by Cicero, written in 45 BC. This book is a treatise on the theory of ethics, very popular during the Renaissance. The first line of Lorem Ipsum, &quot;Lorem ipsum dolor sit amet..&quot;, comes from a line in section 1.10.32.<br />\r\n<br />\r\nThe standard chunk of Lorem Ipsum used since the 1500s is reproduced below for those interested. Sections 1.10.32 and 1.10.33 from &quot;de Finibus Bonorum et Malorum&quot; by Cicero are also reproduced in their exact original form, accompanied by English versions from the 1914 translation by H. Rackham.<br />\r\nWhere can I get some?<br />\r\n<br />\r\nThere are many variations of passages of Lorem Ipsum available, but the majority have suffered alteration in some form, by injected humour, or randomised words which don&#39;t look even slightly believable. If you are going to use a passage of Lorem Ipsum, you need to be sure there isn&#39;t anything embarrassing hidden in the middle of text. All the Lorem Ipsum generators on the Internet tend to repeat predefined chunks as necessary, making this the first true generator on the Internet. It uses a dictionary of over 200 Latin words, combined with a handful of model sentence structures, to generate Lorem Ipsum which looks reasonable. The generated Lorem Ipsum is therefore always free from repetition, injected humour, or non-characteristic words etc.',1),(16,'Transportasi Yang Efisien','Lorem Ipsum is simply dummy text of the printing and typesetting  industry. Lorem Ipsum has been the industry\'s standard dummy text ever','keyword yang bisa di ganti sendiri','','Lorem Ipsum is simply dummy text of the printing and typesetting industry. Lorem Ipsum has been the industry&#39;s standard dummy text ever since the 1500s, when an unknown printer took a galley of type and scrambled it to make a type specimen book. It ha','Lorem Ipsum is simply dummy text of the printing and typesetting industry. Lorem Ipsum has been the industry&#39;s standard dummy text ever since the 1500s, when an unknown printer took a galley of type and scrambled it to make a type specimen book. It has survived not only five centuries, but also the leap into electronic typesetting, remaining essentially unchanged. It was popularised in the 1960s with the release of Letraset sheets containing Lorem Ipsum passages, and more recently with desktop publishing software like Aldus PageMaker including versions of Lorem Ipsum.<br />\r\nWhy do we use it?<br />\r\n<br />\r\nIt is a long established fact that a reader will be distracted by the readable content of a page when looking at its layout. The point of using Lorem Ipsum is that it has a more-or-less normal distribution of letters, as opposed to using &#39;Content here, content here&#39;, making it look like readable English. Many desktop publishing packages and web page editors now use Lorem Ipsum as their default model text, and a search for &#39;lorem ipsum&#39; will uncover many web sites still in their infancy. Various versions have evolved over the years, sometimes by accident, sometimes on purpose (injected humour and the like).<br />\r\n&nbsp;<br />\r\nWhere does it come from?<br />\r\n<br />\r\nContrary to popular belief, Lorem Ipsum is not simply random text. It has roots in a piece of classical Latin literature from 45 BC, making it over 2000 years old. Richard McClintock, a Latin professor at Hampden-Sydney College in Virginia, looked up one of the more obscure Latin words, consectetur, from a Lorem Ipsum passage, and going through the cites of the word in classical literature, discovered the undoubtable source. Lorem Ipsum comes from sections 1.10.32 and 1.10.33 of &quot;de Finibus Bonorum et Malorum&quot; (The Extremes of Good and Evil) by Cicero, written in 45 BC. This book is a treatise on the theory of ethics, very popular during the Renaissance. The first line of Lorem Ipsum, &quot;Lorem ipsum dolor sit amet..&quot;, comes from a line in section 1.10.32.<br />\r\n<br />\r\nThe standard chunk of Lorem Ipsum used since the 1500s is reproduced below for those interested. Sections 1.10.32 and 1.10.33 from &quot;de Finibus Bonorum et Malorum&quot; by Cicero are also reproduced in their exact original form, accompanied by English versions from the 1914 translation by H. Rackham.<br />\r\nWhere can I get some?<br />\r\n<br />\r\nThere are many variations of passages of Lorem Ipsum available, but the majority have suffered alteration in some form, by injected humour, or randomised words which don&#39;t look even slightly believable. If you are going to use a passage of Lorem Ipsum, you need to be sure there isn&#39;t anything embarrassing hidden in the middle of text. All the Lorem Ipsum generators on the Internet tend to repeat predefined chunks as necessary, making this the first true generator on the Internet. It uses a dictionary of over 200 Latin words, combined with a handful of model sentence structures, to generate Lorem Ipsum which looks reasonable. The generated Lorem Ipsum is therefore always free from repetition, injected humour, or non-characteristic words etc.',1),(17,'8 Langkah Hindari Kehilangan Mobil','Lorem Ipsum is simply dummy text of the printing and typesetting  industry. Lorem Ipsum has been the industry\'s standard dummy text ever','keyword yang bisa di ganti sendiri','','Lorem Ipsum is simply dummy text of the printing and typesetting  industry. Lorem Ipsum has been the industry\'s standard dummy text ever  since the 1500s, when an unknown printer took a galley of type and  scrambled it to make a type specimen book.','Lorem Ipsum is simply dummy text of the printing and typesetting  industry. Lorem Ipsum has been the industry\'s standard dummy text ever  since the 1500s, when an unknown printer took a galley of type and  scrambled it to make a type specimen book. It has survived not only five  centuries, but also the leap into electronic typesetting, remaining  essentially unchanged. It was popularised in the 1960s with the release  of Letraset sheets containing Lorem Ipsum passages, and more recently  with desktop publishing software like Aldus PageMaker including versions  of Lorem Ipsum.<br />\r\nWhy do we use it?<br />\r\n<br />\r\nIt is a long established fact that a reader will be distracted by the  readable content of a page when looking at its layout. The point of  using Lorem Ipsum is that it has a more-or-less normal distribution of  letters, as opposed to using \'Content here, content here\', making it  look like readable English. Many desktop publishing packages and web  page editors now use Lorem Ipsum as their default model text, and a  search for \'lorem ipsum\' will uncover many web sites still in their  infancy. Various versions have evolved over the years, sometimes by  accident, sometimes on purpose (injected humour and the like).<br />\r\n&nbsp;<br />\r\nWhere does it come from?<br />\r\n<br />\r\nContrary to popular belief, Lorem Ipsum is not simply random text. It  has roots in a piece of classical Latin literature from 45 BC, making it  over 2000 years old. Richard McClintock, a Latin professor at  Hampden-Sydney College in Virginia, looked up one of the more obscure  Latin words, consectetur, from a Lorem Ipsum passage, and going through  the cites of the word in classical literature, discovered the  undoubtable source. Lorem Ipsum comes from sections 1.10.32 and 1.10.33  of &quot;de Finibus Bonorum et Malorum&quot; (The Extremes of Good and Evil) by  Cicero, written in 45 BC. This book is a treatise on the theory of  ethics, very popular during the Renaissance. The first line of Lorem  Ipsum, &quot;Lorem ipsum dolor sit amet..&quot;, comes from a line in section  1.10.32.<br />\r\n<br />\r\nThe standard chunk of Lorem Ipsum used since the 1500s is reproduced  below for those interested. Sections 1.10.32 and 1.10.33 from &quot;de  Finibus Bonorum et Malorum&quot; by Cicero are also reproduced in their exact  original form, accompanied by English versions from the 1914  translation by H. Rackham.<br />\r\nWhere can I get some?<br />\r\n<br />\r\nThere are many variations of passages of Lorem Ipsum available, but the  majority have suffered alteration in some form, by injected humour, or  randomised words which don\'t look even slightly believable. If you are  going to use a passage of Lorem Ipsum, you need to be sure there isn\'t  anything embarrassing hidden in the middle of text. All the Lorem Ipsum  generators on the Internet tend to repeat predefined chunks as  necessary, making this the first true generator on the Internet. It uses  a dictionary of over 200 Latin words, combined with a handful of model  sentence structures, to generate Lorem Ipsum which looks reasonable. The  generated Lorem Ipsum is therefore always free from repetition,  injected humour, or non-characteristic words etc.',1),(18,'Indahnya Indonesia dengan menyelam','Lorem Ipsum is simply dummy text of the printing and typesetting  industry. Lorem Ipsum has been the industry\'s standard dummy text ever','keyword yang bisa di ganti sendiri','','Lorem Ipsum is simply dummy text of the printing and typesetting industry. Lorem Ipsum has been the industry&#39;s standard dummy text ever since the 1500s, when an unknown printer took a galley of type and scrambled it to make a type specimen book. It ha','Lorem Ipsum is simply dummy text of the printing and typesetting industry. Lorem Ipsum has been the industry&#39;s standard dummy text ever since the 1500s, when an unknown printer took a galley of type and scrambled it to make a type specimen book. It has survived not only five centuries, but also the leap into electronic typesetting, remaining essentially unchanged. It was popularised in the 1960s with the release of Letraset sheets containing Lorem Ipsum passages, and more recently with desktop publishing software like Aldus PageMaker including versions of Lorem Ipsum.<br />\r\nWhy do we use it?<br />\r\n<br />\r\nIt is a long established fact that a reader will be distracted by the readable content of a page when looking at its layout. The point of using Lorem Ipsum is that it has a more-or-less normal distribution of letters, as opposed to using &#39;Content here, content here&#39;, making it look like readable English. Many desktop publishing packages and web page editors now use Lorem Ipsum as their default model text, and a search for &#39;lorem ipsum&#39; will uncover many web sites still in their infancy. Various versions have evolved over the years, sometimes by accident, sometimes on purpose (injected humour and the like).<br />\r\n&nbsp;<br />\r\nWhere does it come from?<br />\r\n<br />\r\nContrary to popular belief, Lorem Ipsum is not simply random text. It has roots in a piece of classical Latin literature from 45 BC, making it over 2000 years old. Richard McClintock, a Latin professor at Hampden-Sydney College in Virginia, looked up one of the more obscure Latin words, consectetur, from a Lorem Ipsum passage, and going through the cites of the word in classical literature, discovered the undoubtable source. Lorem Ipsum comes from sections 1.10.32 and 1.10.33 of &quot;de Finibus Bonorum et Malorum&quot; (The Extremes of Good and Evil) by Cicero, written in 45 BC. This book is a treatise on the theory of ethics, very popular during the Renaissance. The first line of Lorem Ipsum, &quot;Lorem ipsum dolor sit amet..&quot;, comes from a line in section 1.10.32.<br />\r\n<br />\r\nThe standard chunk of Lorem Ipsum used since the 1500s is reproduced below for those interested. Sections 1.10.32 and 1.10.33 from &quot;de Finibus Bonorum et Malorum&quot; by Cicero are also reproduced in their exact original form, accompanied by English versions from the 1914 translation by H. Rackham.<br />\r\nWhere can I get some?<br />\r\n<br />\r\nThere are many variations of passages of Lorem Ipsum available, but the majority have suffered alteration in some form, by injected humour, or randomised words which don&#39;t look even slightly believable. If you are going to use a passage of Lorem Ipsum, you need to be sure there isn&#39;t anything embarrassing hidden in the middle of text. All the Lorem Ipsum generators on the Internet tend to repeat predefined chunks as necessary, making this the first true generator on the Internet. It uses a dictionary of over 200 Latin words, combined with a handful of model sentence structures, to generate Lorem Ipsum which looks reasonable. The generated Lorem Ipsum is therefore always free from repetition, injected humour, or non-characteristic words etc.',1),(19,'Bertahan dengan Inovasi','Lorem Ipsum is simply dummy text of the printing and typesetting  industry. Lorem Ipsum has been the industry\'s standard dummy text ever','keyword yang bisa di ganti sendiri','','Lorem Ipsum is simply dummy text of the printing and typesetting industry. Lorem Ipsum has been the industry&#39;s standard dummy text ever since the 1500s, when an unknown printer took a galley of type and scrambled it to make a type specimen book. It ha','Lorem Ipsum is simply dummy text of the printing and typesetting industry. Lorem Ipsum has been the industry&#39;s standard dummy text ever since the 1500s, when an unknown printer took a galley of type and scrambled it to make a type specimen book. It has survived not only five centuries, but also the leap into electronic typesetting, remaining essentially unchanged. It was popularised in the 1960s with the release of Letraset sheets containing Lorem Ipsum passages, and more recently with desktop publishing software like Aldus PageMaker including versions of Lorem Ipsum.<br />\r\nWhy do we use it?<br />\r\n<br />\r\nIt is a long established fact that a reader will be distracted by the readable content of a page when looking at its layout. The point of using Lorem Ipsum is that it has a more-or-less normal distribution of letters, as opposed to using &#39;Content here, content here&#39;, making it look like readable English. Many desktop publishing packages and web page editors now use Lorem Ipsum as their default model text, and a search for &#39;lorem ipsum&#39; will uncover many web sites still in their infancy. Various versions have evolved over the years, sometimes by accident, sometimes on purpose (injected humour and the like).<br />\r\n&nbsp;<br />\r\nWhere does it come from?<br />\r\n<br />\r\nContrary to popular belief, Lorem Ipsum is not simply random text. It has roots in a piece of classical Latin literature from 45 BC, making it over 2000 years old. Richard McClintock, a Latin professor at Hampden-Sydney College in Virginia, looked up one of the more obscure Latin words, consectetur, from a Lorem Ipsum passage, and going through the cites of the word in classical literature, discovered the undoubtable source. Lorem Ipsum comes from sections 1.10.32 and 1.10.33 of &quot;de Finibus Bonorum et Malorum&quot; (The Extremes of Good and Evil) by Cicero, written in 45 BC. This book is a treatise on the theory of ethics, very popular during the Renaissance. The first line of Lorem Ipsum, &quot;Lorem ipsum dolor sit amet..&quot;, comes from a line in section 1.10.32.<br />\r\n<br />\r\nThe standard chunk of Lorem Ipsum used since the 1500s is reproduced below for those interested. Sections 1.10.32 and 1.10.33 from &quot;de Finibus Bonorum et Malorum&quot; by Cicero are also reproduced in their exact original form, accompanied by English versions from the 1914 translation by H. Rackham.<br />\r\nWhere can I get some?<br />\r\n<br />\r\nThere are many variations of passages of Lorem Ipsum available, but the majority have suffered alteration in some form, by injected humour, or randomised words which don&#39;t look even slightly believable. If you are going to use a passage of Lorem Ipsum, you need to be sure there isn&#39;t anything embarrassing hidden in the middle of text. All the Lorem Ipsum generators on the Internet tend to repeat predefined chunks as necessary, making this the first true generator on the Internet. It uses a dictionary of over 200 Latin words, combined with a handful of model sentence structures, to generate Lorem Ipsum which looks reasonable. The generated Lorem Ipsum is therefore always free from repetition, injected humour, or non-characteristic words etc.',1),(20,'Optimis Melangkah ditahun depan','Lorem Ipsum is simply dummy text of the printing and typesetting  industry. Lorem Ipsum has been the industry\'s standard dummy text ever','keyword yang bisa di ganti sendiri','','Lorem Ipsum is simply dummy text of the printing and typesetting industry. Lorem Ipsum has been the industry&#39;s standard dummy text ever since the 1500s, when an unknown printer took a galley of type and scrambled it to make a type specimen book. It ha','Lorem Ipsum is simply dummy text of the printing and typesetting industry. Lorem Ipsum has been the industry&#39;s standard dummy text ever since the 1500s, when an unknown printer took a galley of type and scrambled it to make a type specimen book. It has survived not only five centuries, but also the leap into electronic typesetting, remaining essentially unchanged. It was popularised in the 1960s with the release of Letraset sheets containing Lorem Ipsum passages, and more recently with desktop publishing software like Aldus PageMaker including versions of Lorem Ipsum.<br />\r\nWhy do we use it?<br />\r\n<br />\r\nIt is a long established fact that a reader will be distracted by the readable content of a page when looking at its layout. The point of using Lorem Ipsum is that it has a more-or-less normal distribution of letters, as opposed to using &#39;Content here, content here&#39;, making it look like readable English. Many desktop publishing packages and web page editors now use Lorem Ipsum as their default model text, and a search for &#39;lorem ipsum&#39; will uncover many web sites still in their infancy. Various versions have evolved over the years, sometimes by accident, sometimes on purpose (injected humour and the like).<br />\r\n&nbsp;<br />\r\nWhere does it come from?<br />\r\n<br />\r\nContrary to popular belief, Lorem Ipsum is not simply random text. It has roots in a piece of classical Latin literature from 45 BC, making it over 2000 years old. Richard McClintock, a Latin professor at Hampden-Sydney College in Virginia, looked up one of the more obscure Latin words, consectetur, from a Lorem Ipsum passage, and going through the cites of the word in classical literature, discovered the undoubtable source. Lorem Ipsum comes from sections 1.10.32 and 1.10.33 of &quot;de Finibus Bonorum et Malorum&quot; (The Extremes of Good and Evil) by Cicero, written in 45 BC. This book is a treatise on the theory of ethics, very popular during the Renaissance. The first line of Lorem Ipsum, &quot;Lorem ipsum dolor sit amet..&quot;, comes from a line in section 1.10.32.<br />\r\n<br />\r\nThe standard chunk of Lorem Ipsum used since the 1500s is reproduced below for those interested. Sections 1.10.32 and 1.10.33 from &quot;de Finibus Bonorum et Malorum&quot; by Cicero are also reproduced in their exact original form, accompanied by English versions from the 1914 translation by H. Rackham.<br />\r\nWhere can I get some?<br />\r\n<br />\r\nThere are many variations of passages of Lorem Ipsum available, but the majority have suffered alteration in some form, by injected humour, or randomised words which don&#39;t look even slightly believable. If you are going to use a passage of Lorem Ipsum, you need to be sure there isn&#39;t anything embarrassing hidden in the middle of text. All the Lorem Ipsum generators on the Internet tend to repeat predefined chunks as necessary, making this the first true generator on the Internet. It uses a dictionary of over 200 Latin words, combined with a handful of model sentence structures, to generate Lorem Ipsum which looks reasonable. The generated Lorem Ipsum is therefore always free from repetition, injected humour, or non-characteristic words etc.',1),(21,'Bisnis Penyeberangan Potensi yang Terabaikan','Lorem Ipsum is simply dummy text of the printing and typesetting  industry. Lorem Ipsum has been the industry\'s standard dummy text ever','keyword yang bisa di ganti sendiri','','Lorem Ipsum is simply dummy text of the printing and typesetting industry. Lorem Ipsum has been the industry&#39;s standard dummy text ever since the 1500s, when an unknown printer took a galley of type and scrambled it to make a type specimen book. It ha','Lorem Ipsum is simply dummy text of the printing and typesetting industry. Lorem Ipsum has been the industry&#39;s standard dummy text ever since the 1500s, when an unknown printer took a galley of type and scrambled it to make a type specimen book. It has survived not only five centuries, but also the leap into electronic typesetting, remaining essentially unchanged. It was popularised in the 1960s with the release of Letraset sheets containing Lorem Ipsum passages, and more recently with desktop publishing software like Aldus PageMaker including versions of Lorem Ipsum.<br />\r\nWhy do we use it?<br />\r\n<br />\r\nIt is a long established fact that a reader will be distracted by the readable content of a page when looking at its layout. The point of using Lorem Ipsum is that it has a more-or-less normal distribution of letters, as opposed to using &#39;Content here, content here&#39;, making it look like readable English. Many desktop publishing packages and web page editors now use Lorem Ipsum as their default model text, and a search for &#39;lorem ipsum&#39; will uncover many web sites still in their infancy. Various versions have evolved over the years, sometimes by accident, sometimes on purpose (injected humour and the like).<br />\r\n&nbsp;<br />\r\nWhere does it come from?<br />\r\n<br />\r\nContrary to popular belief, Lorem Ipsum is not simply random text. It has roots in a piece of classical Latin literature from 45 BC, making it over 2000 years old. Richard McClintock, a Latin professor at Hampden-Sydney College in Virginia, looked up one of the more obscure Latin words, consectetur, from a Lorem Ipsum passage, and going through the cites of the word in classical literature, discovered the undoubtable source. Lorem Ipsum comes from sections 1.10.32 and 1.10.33 of &quot;de Finibus Bonorum et Malorum&quot; (The Extremes of Good and Evil) by Cicero, written in 45 BC. This book is a treatise on the theory of ethics, very popular during the Renaissance. The first line of Lorem Ipsum, &quot;Lorem ipsum dolor sit amet..&quot;, comes from a line in section 1.10.32.<br />\r\n<br />\r\nThe standard chunk of Lorem Ipsum used since the 1500s is reproduced below for those interested. Sections 1.10.32 and 1.10.33 from &quot;de Finibus Bonorum et Malorum&quot; by Cicero are also reproduced in their exact original form, accompanied by English versions from the 1914 translation by H. Rackham.<br />\r\nWhere can I get some?<br />\r\n<br />\r\nThere are many variations of passages of Lorem Ipsum available, but the majority have suffered alteration in some form, by injected humour, or randomised words which don&#39;t look even slightly believable. If you are going to use a passage of Lorem Ipsum, you need to be sure there isn&#39;t anything embarrassing hidden in the middle of text. All the Lorem Ipsum generators on the Internet tend to repeat predefined chunks as necessary, making this the first true generator on the Internet. It uses a dictionary of over 200 Latin words, combined with a handful of model sentence structures, to generate Lorem Ipsum which looks reasonable. The generated Lorem Ipsum is therefore always free from repetition, injected humour, or non-characteristic words etc.',1),(22,'Dukung Konektivitas ASEAN','Lorem Ipsum is simply dummy text of the printing and typesetting  industry. Lorem Ipsum has been the industry\'s standard dummy text ever','keyword yang bisa di ganti sendiri','','Lorem Ipsum is simply dummy text of the printing and typesetting industry. Lorem Ipsum has been the industry&#39;s standard dummy text ever since the 1500s, when an unknown printer took a galley of type and scrambled it to make a type specimen book. It ha','Lorem Ipsum is simply dummy text of the printing and typesetting industry. Lorem Ipsum has been the industry&#39;s standard dummy text ever since the 1500s, when an unknown printer took a galley of type and scrambled it to make a type specimen book. It has survived not only five centuries, but also the leap into electronic typesetting, remaining essentially unchanged. It was popularised in the 1960s with the release of Letraset sheets containing Lorem Ipsum passages, and more recently with desktop publishing software like Aldus PageMaker including versions of Lorem Ipsum.<br />\r\nWhy do we use it?<br />\r\n<br />\r\nIt is a long established fact that a reader will be distracted by the readable content of a page when looking at its layout. The point of using Lorem Ipsum is that it has a more-or-less normal distribution of letters, as opposed to using &#39;Content here, content here&#39;, making it look like readable English. Many desktop publishing packages and web page editors now use Lorem Ipsum as their default model text, and a search for &#39;lorem ipsum&#39; will uncover many web sites still in their infancy. Various versions have evolved over the years, sometimes by accident, sometimes on purpose (injected humour and the like).<br />\r\n&nbsp;<br />\r\nWhere does it come from?<br />\r\n<br />\r\nContrary to popular belief, Lorem Ipsum is not simply random text. It has roots in a piece of classical Latin literature from 45 BC, making it over 2000 years old. Richard McClintock, a Latin professor at Hampden-Sydney College in Virginia, looked up one of the more obscure Latin words, consectetur, from a Lorem Ipsum passage, and going through the cites of the word in classical literature, discovered the undoubtable source. Lorem Ipsum comes from sections 1.10.32 and 1.10.33 of &quot;de Finibus Bonorum et Malorum&quot; (The Extremes of Good and Evil) by Cicero, written in 45 BC. This book is a treatise on the theory of ethics, very popular during the Renaissance. The first line of Lorem Ipsum, &quot;Lorem ipsum dolor sit amet..&quot;, comes from a line in section 1.10.32.<br />\r\n<br />\r\nThe standard chunk of Lorem Ipsum used since the 1500s is reproduced below for those interested. Sections 1.10.32 and 1.10.33 from &quot;de Finibus Bonorum et Malorum&quot; by Cicero are also reproduced in their exact original form, accompanied by English versions from the 1914 translation by H. Rackham.<br />\r\nWhere can I get some?<br />\r\n<br />\r\nThere are many variations of passages of Lorem Ipsum available, but the majority have suffered alteration in some form, by injected humour, or randomised words which don&#39;t look even slightly believable. If you are going to use a passage of Lorem Ipsum, you need to be sure there isn&#39;t anything embarrassing hidden in the middle of text. All the Lorem Ipsum generators on the Internet tend to repeat predefined chunks as necessary, making this the first true generator on the Internet. It uses a dictionary of over 200 Latin words, combined with a handful of model sentence structures, to generate Lorem Ipsum which looks reasonable. The generated Lorem Ipsum is therefore always free from repetition, injected humour, or non-characteristic words etc.',1),(23,'Tantangan Transportasi di Kota 1001 Gua','Lorem Ipsum is simply dummy text of the printing and typesetting  industry. Lorem Ipsum has been the industry\'s standard dummy text ever','keyword yang bisa di ganti sendiri','','Lorem Ipsum is simply dummy text of the printing and typesetting industry. Lorem Ipsum has been the industry&#39;s standard dummy text ever since the 1500s, when an unknown printer took a galley of type and scrambled it to make a type specimen book. It ha','Lorem Ipsum is simply dummy text of the printing and typesetting industry. Lorem Ipsum has been the industry&#39;s standard dummy text ever since the 1500s, when an unknown printer took a galley of type and scrambled it to make a type specimen book. It has survived not only five centuries, but also the leap into electronic typesetting, remaining essentially unchanged. It was popularised in the 1960s with the release of Letraset sheets containing Lorem Ipsum passages, and more recently with desktop publishing software like Aldus PageMaker including versions of Lorem Ipsum.<br />\r\nWhy do we use it?<br />\r\n<br />\r\nIt is a long established fact that a reader will be distracted by the readable content of a page when looking at its layout. The point of using Lorem Ipsum is that it has a more-or-less normal distribution of letters, as opposed to using &#39;Content here, content here&#39;, making it look like readable English. Many desktop publishing packages and web page editors now use Lorem Ipsum as their default model text, and a search for &#39;lorem ipsum&#39; will uncover many web sites still in their infancy. Various versions have evolved over the years, sometimes by accident, sometimes on purpose (injected humour and the like).<br />\r\n&nbsp;<br />\r\nWhere does it come from?<br />\r\n<br />\r\nContrary to popular belief, Lorem Ipsum is not simply random text. It has roots in a piece of classical Latin literature from 45 BC, making it over 2000 years old. Richard McClintock, a Latin professor at Hampden-Sydney College in Virginia, looked up one of the more obscure Latin words, consectetur, from a Lorem Ipsum passage, and going through the cites of the word in classical literature, discovered the undoubtable source. Lorem Ipsum comes from sections 1.10.32 and 1.10.33 of &quot;de Finibus Bonorum et Malorum&quot; (The Extremes of Good and Evil) by Cicero, written in 45 BC. This book is a treatise on the theory of ethics, very popular during the Renaissance. The first line of Lorem Ipsum, &quot;Lorem ipsum dolor sit amet..&quot;, comes from a line in section 1.10.32.<br />\r\n<br />\r\nThe standard chunk of Lorem Ipsum used since the 1500s is reproduced below for those interested. Sections 1.10.32 and 1.10.33 from &quot;de Finibus Bonorum et Malorum&quot; by Cicero are also reproduced in their exact original form, accompanied by English versions from the 1914 translation by H. Rackham.<br />\r\nWhere can I get some?<br />\r\n<br />\r\nThere are many variations of passages of Lorem Ipsum available, but the majority have suffered alteration in some form, by injected humour, or randomised words which don&#39;t look even slightly believable. If you are going to use a passage of Lorem Ipsum, you need to be sure there isn&#39;t anything embarrassing hidden in the middle of text. All the Lorem Ipsum generators on the Internet tend to repeat predefined chunks as necessary, making this the first true generator on the Internet. It uses a dictionary of over 200 Latin words, combined with a handful of model sentence structures, to generate Lorem Ipsum which looks reasonable. The generated Lorem Ipsum is therefore always free from repetition, injected humour, or non-characteristic words etc.',1),(24,'Keselamatan Harus Jadi Icon','Lorem Ipsum is simply dummy text of the printing and typesetting  industry. Lorem Ipsum has been the industry\'s standard dummy text ever','keyword yang bisa di ganti sendiri','','Lorem Ipsum is simply dummy text of the printing and typesetting industry. Lorem Ipsum has been the industry&#39;s standard dummy text ever since the 1500s, when an unknown printer took a galley of type and scrambled it to make a type specimen book. It ha','Lorem Ipsum is simply dummy text of the printing and typesetting industry. Lorem Ipsum has been the industry&#39;s standard dummy text ever since the 1500s, when an unknown printer took a galley of type and scrambled it to make a type specimen book. It has survived not only five centuries, but also the leap into electronic typesetting, remaining essentially unchanged. It was popularised in the 1960s with the release of Letraset sheets containing Lorem Ipsum passages, and more recently with desktop publishing software like Aldus PageMaker including versions of Lorem Ipsum.<br />\r\nWhy do we use it?<br />\r\n<br />\r\nIt is a long established fact that a reader will be distracted by the readable content of a page when looking at its layout. The point of using Lorem Ipsum is that it has a more-or-less normal distribution of letters, as opposed to using &#39;Content here, content here&#39;, making it look like readable English. Many desktop publishing packages and web page editors now use Lorem Ipsum as their default model text, and a search for &#39;lorem ipsum&#39; will uncover many web sites still in their infancy. Various versions have evolved over the years, sometimes by accident, sometimes on purpose (injected humour and the like).<br />\r\n&nbsp;<br />\r\nWhere does it come from?<br />\r\n<br />\r\nContrary to popular belief, Lorem Ipsum is not simply random text. It has roots in a piece of classical Latin literature from 45 BC, making it over 2000 years old. Richard McClintock, a Latin professor at Hampden-Sydney College in Virginia, looked up one of the more obscure Latin words, consectetur, from a Lorem Ipsum passage, and going through the cites of the word in classical literature, discovered the undoubtable source. Lorem Ipsum comes from sections 1.10.32 and 1.10.33 of &quot;de Finibus Bonorum et Malorum&quot; (The Extremes of Good and Evil) by Cicero, written in 45 BC. This book is a treatise on the theory of ethics, very popular during the Renaissance. The first line of Lorem Ipsum, &quot;Lorem ipsum dolor sit amet..&quot;, comes from a line in section 1.10.32.<br />\r\n<br />\r\nThe standard chunk of Lorem Ipsum used since the 1500s is reproduced below for those interested. Sections 1.10.32 and 1.10.33 from &quot;de Finibus Bonorum et Malorum&quot; by Cicero are also reproduced in their exact original form, accompanied by English versions from the 1914 translation by H. Rackham.<br />\r\nWhere can I get some?<br />\r\n<br />\r\nThere are many variations of passages of Lorem Ipsum available, but the majority have suffered alteration in some form, by injected humour, or randomised words which don&#39;t look even slightly believable. If you are going to use a passage of Lorem Ipsum, you need to be sure there isn&#39;t anything embarrassing hidden in the middle of text. All the Lorem Ipsum generators on the Internet tend to repeat predefined chunks as necessary, making this the first true generator on the Internet. It uses a dictionary of over 200 Latin words, combined with a handful of model sentence structures, to generate Lorem Ipsum which looks reasonable. The generated Lorem Ipsum is therefore always free from repetition, injected humour, or non-characteristic words etc.',1),(25,'Tingkatkan Pengawasan Perairan, KKP akan Perkuat dengan Kapal Induk','Lorem Ipsum is simply dummy text of the printing and typesetting  industry. Lorem Ipsum has been the industry\'s standard dummy text ever','keyword yang bisa di ganti sendiri','','Lorem Ipsum is simply dummy text of the printing and typesetting industry. Lorem Ipsum has been the industry&#39;s standard dummy text ever since the 1500s, when an unknown printer took a galley of type and scrambled it to make a type specimen book. It ha','Lorem Ipsum is simply dummy text of the printing and typesetting industry. Lorem Ipsum has been the industry&#39;s standard dummy text ever since the 1500s, when an unknown printer took a galley of type and scrambled it to make a type specimen book. It has survived not only five centuries, but also the leap into electronic typesetting, remaining essentially unchanged. It was popularised in the 1960s with the release of Letraset sheets containing Lorem Ipsum passages, and more recently with desktop publishing software like Aldus PageMaker including versions of Lorem Ipsum.<br />\r\nWhy do we use it?<br />\r\n<br />\r\nIt is a long established fact that a reader will be distracted by the readable content of a page when looking at its layout. The point of using Lorem Ipsum is that it has a more-or-less normal distribution of letters, as opposed to using &#39;Content here, content here&#39;, making it look like readable English. Many desktop publishing packages and web page editors now use Lorem Ipsum as their default model text, and a search for &#39;lorem ipsum&#39; will uncover many web sites still in their infancy. Various versions have evolved over the years, sometimes by accident, sometimes on purpose (injected humour and the like).<br />\r\n&nbsp;<br />\r\nWhere does it come from?<br />\r\n<br />\r\nContrary to popular belief, Lorem Ipsum is not simply random text. It has roots in a piece of classical Latin literature from 45 BC, making it over 2000 years old. Richard McClintock, a Latin professor at Hampden-Sydney College in Virginia, looked up one of the more obscure Latin words, consectetur, from a Lorem Ipsum passage, and going through the cites of the word in classical literature, discovered the undoubtable source. Lorem Ipsum comes from sections 1.10.32 and 1.10.33 of &quot;de Finibus Bonorum et Malorum&quot; (The Extremes of Good and Evil) by Cicero, written in 45 BC. This book is a treatise on the theory of ethics, very popular during the Renaissance. The first line of Lorem Ipsum, &quot;Lorem ipsum dolor sit amet..&quot;, comes from a line in section 1.10.32.<br />\r\n<br />\r\nThe standard chunk of Lorem Ipsum used since the 1500s is reproduced below for those interested. Sections 1.10.32 and 1.10.33 from &quot;de Finibus Bonorum et Malorum&quot; by Cicero are also reproduced in their exact original form, accompanied by English versions from the 1914 translation by H. Rackham.<br />\r\nWhere can I get some?<br />\r\n<br />\r\nThere are many variations of passages of Lorem Ipsum available, but the majority have suffered alteration in some form, by injected humour, or randomised words which don&#39;t look even slightly believable. If you are going to use a passage of Lorem Ipsum, you need to be sure there isn&#39;t anything embarrassing hidden in the middle of text. All the Lorem Ipsum generators on the Internet tend to repeat predefined chunks as necessary, making this the first true generator on the Internet. It uses a dictionary of over 200 Latin words, combined with a handful of model sentence structures, to generate Lorem Ipsum which looks reasonable. The generated Lorem Ipsum is therefore always free from repetition, injected humour, or non-characteristic words etc.',1),(26,'Gencar Tertibkan Knalpot Bising, Ratusan Motor Dipretelin Polisi','Lorem Ipsum is simply dummy text of the printing and typesetting  industry. Lorem Ipsum has been the industry\'s standard dummy text ever','keyword yang bisa di ganti sendiri','','Lorem Ipsum is simply dummy text of the printing and typesetting industry. Lorem Ipsum has been the industry&#39;s standard dummy text ever since the 1500s, when an unknown printer took a galley of type and scrambled it to make a type specimen book. It ha','Lorem Ipsum is simply dummy text of the printing and typesetting industry. Lorem Ipsum has been the industry&#39;s standard dummy text ever since the 1500s, when an unknown printer took a galley of type and scrambled it to make a type specimen book. It has survived not only five centuries, but also the leap into electronic typesetting, remaining essentially unchanged. It was popularised in the 1960s with the release of Letraset sheets containing Lorem Ipsum passages, and more recently with desktop publishing software like Aldus PageMaker including versions of Lorem Ipsum.<br />\r\nWhy do we use it?<br />\r\n<br />\r\nIt is a long established fact that a reader will be distracted by the readable content of a page when looking at its layout. The point of using Lorem Ipsum is that it has a more-or-less normal distribution of letters, as opposed to using &#39;Content here, content here&#39;, making it look like readable English. Many desktop publishing packages and web page editors now use Lorem Ipsum as their default model text, and a search for &#39;lorem ipsum&#39; will uncover many web sites still in their infancy. Various versions have evolved over the years, sometimes by accident, sometimes on purpose (injected humour and the like).<br />\r\n&nbsp;<br />\r\nWhere does it come from?<br />\r\n<br />\r\nContrary to popular belief, Lorem Ipsum is not simply random text. It has roots in a piece of classical Latin literature from 45 BC, making it over 2000 years old. Richard McClintock, a Latin professor at Hampden-Sydney College in Virginia, looked up one of the more obscure Latin words, consectetur, from a Lorem Ipsum passage, and going through the cites of the word in classical literature, discovered the undoubtable source. Lorem Ipsum comes from sections 1.10.32 and 1.10.33 of &quot;de Finibus Bonorum et Malorum&quot; (The Extremes of Good and Evil) by Cicero, written in 45 BC. This book is a treatise on the theory of ethics, very popular during the Renaissance. The first line of Lorem Ipsum, &quot;Lorem ipsum dolor sit amet..&quot;, comes from a line in section 1.10.32.<br />\r\n<br />\r\nThe standard chunk of Lorem Ipsum used since the 1500s is reproduced below for those interested. Sections 1.10.32 and 1.10.33 from &quot;de Finibus Bonorum et Malorum&quot; by Cicero are also reproduced in their exact original form, accompanied by English versions from the 1914 translation by H. Rackham.<br />\r\nWhere can I get some?<br />\r\n<br />\r\nThere are many variations of passages of Lorem Ipsum available, but the majority have suffered alteration in some form, by injected humour, or randomised words which don&#39;t look even slightly believable. If you are going to use a passage of Lorem Ipsum, you need to be sure there isn&#39;t anything embarrassing hidden in the middle of text. All the Lorem Ipsum generators on the Internet tend to repeat predefined chunks as necessary, making this the first true generator on the Internet. It uses a dictionary of over 200 Latin words, combined with a handful of model sentence structures, to generate Lorem Ipsum which looks reasonable. The generated Lorem Ipsum is therefore always free from repetition, injected humour, or non-characteristic words etc.',1),(27,'Quo Vadis Perkeretaapian Nasional?','Lorem Ipsum is simply dummy text of the printing and typesetting  industry. Lorem Ipsum has been the industry\'s standard dummy text ever','keyword yang bisa di ganti sendiri','','Lorem Ipsum is simply dummy text of the printing and typesetting industry. Lorem Ipsum has been the industry&#39;s standard dummy text ever since the 1500s, when an unknown printer took a galley of type and scrambled it to make a type specimen book. It ha','Lorem Ipsum is simply dummy text of the printing and typesetting industry. Lorem Ipsum has been the industry&#39;s standard dummy text ever since the 1500s, when an unknown printer took a galley of type and scrambled it to make a type specimen book. It has survived not only five centuries, but also the leap into electronic typesetting, remaining essentially unchanged. It was popularised in the 1960s with the release of Letraset sheets containing Lorem Ipsum passages, and more recently with desktop publishing software like Aldus PageMaker including versions of Lorem Ipsum.<br />\r\nWhy do we use it?<br />\r\n<br />\r\nIt is a long established fact that a reader will be distracted by the readable content of a page when looking at its layout. The point of using Lorem Ipsum is that it has a more-or-less normal distribution of letters, as opposed to using &#39;Content here, content here&#39;, making it look like readable English. Many desktop publishing packages and web page editors now use Lorem Ipsum as their default model text, and a search for &#39;lorem ipsum&#39; will uncover many web sites still in their infancy. Various versions have evolved over the years, sometimes by accident, sometimes on purpose (injected humour and the like).<br />\r\n&nbsp;<br />\r\nWhere does it come from?<br />\r\n<br />\r\nContrary to popular belief, Lorem Ipsum is not simply random text. It has roots in a piece of classical Latin literature from 45 BC, making it over 2000 years old. Richard McClintock, a Latin professor at Hampden-Sydney College in Virginia, looked up one of the more obscure Latin words, consectetur, from a Lorem Ipsum passage, and going through the cites of the word in classical literature, discovered the undoubtable source. Lorem Ipsum comes from sections 1.10.32 and 1.10.33 of &quot;de Finibus Bonorum et Malorum&quot; (The Extremes of Good and Evil) by Cicero, written in 45 BC. This book is a treatise on the theory of ethics, very popular during the Renaissance. The first line of Lorem Ipsum, &quot;Lorem ipsum dolor sit amet..&quot;, comes from a line in section 1.10.32.<br />\r\n<br />\r\nThe standard chunk of Lorem Ipsum used since the 1500s is reproduced below for those interested. Sections 1.10.32 and 1.10.33 from &quot;de Finibus Bonorum et Malorum&quot; by Cicero are also reproduced in their exact original form, accompanied by English versions from the 1914 translation by H. Rackham.<br />\r\nWhere can I get some?<br />\r\n<br />\r\nThere are many variations of passages of Lorem Ipsum available, but the majority have suffered alteration in some form, by injected humour, or randomised words which don&#39;t look even slightly believable. If you are going to use a passage of Lorem Ipsum, you need to be sure there isn&#39;t anything embarrassing hidden in the middle of text. All the Lorem Ipsum generators on the Internet tend to repeat predefined chunks as necessary, making this the first true generator on the Internet. It uses a dictionary of over 200 Latin words, combined with a handful of model sentence structures, to generate Lorem Ipsum which looks reasonable. The generated Lorem Ipsum is therefore always free from repetition, injected humour, or non-characteristic words etc.',1),(28,'MRT Jadi Pertaruhan','Lorem Ipsum is simply dummy text of the printing and typesetting  industry. Lorem Ipsum has been the industry\'s standard dummy text ever','keyword yang bisa di ganti sendiri','','Lorem Ipsum is simply dummy text of the printing and typesetting industry. Lorem Ipsum has been the industry&#39;s standard dummy text ever since the 1500s, when an unknown printer took a galley of type and scrambled it to make a type specimen book. It ha','Lorem Ipsum is simply dummy text of the printing and typesetting industry. Lorem Ipsum has been the industry&#39;s standard dummy text ever since the 1500s, when an unknown printer took a galley of type and scrambled it to make a type specimen book. It has survived not only five centuries, but also the leap into electronic typesetting, remaining essentially unchanged. It was popularised in the 1960s with the release of Letraset sheets containing Lorem Ipsum passages, and more recently with desktop publishing software like Aldus PageMaker including versions of Lorem Ipsum.<br />\r\nWhy do we use it?<br />\r\n<br />\r\nIt is a long established fact that a reader will be distracted by the readable content of a page when looking at its layout. The point of using Lorem Ipsum is that it has a more-or-less normal distribution of letters, as opposed to using &#39;Content here, content here&#39;, making it look like readable English. Many desktop publishing packages and web page editors now use Lorem Ipsum as their default model text, and a search for &#39;lorem ipsum&#39; will uncover many web sites still in their infancy. Various versions have evolved over the years, sometimes by accident, sometimes on purpose (injected humour and the like).<br />\r\n&nbsp;<br />\r\nWhere does it come from?<br />\r\n<br />\r\nContrary to popular belief, Lorem Ipsum is not simply random text. It has roots in a piece of classical Latin literature from 45 BC, making it over 2000 years old. Richard McClintock, a Latin professor at Hampden-Sydney College in Virginia, looked up one of the more obscure Latin words, consectetur, from a Lorem Ipsum passage, and going through the cites of the word in classical literature, discovered the undoubtable source. Lorem Ipsum comes from sections 1.10.32 and 1.10.33 of &quot;de Finibus Bonorum et Malorum&quot; (The Extremes of Good and Evil) by Cicero, written in 45 BC. This book is a treatise on the theory of ethics, very popular during the Renaissance. The first line of Lorem Ipsum, &quot;Lorem ipsum dolor sit amet..&quot;, comes from a line in section 1.10.32.<br />\r\n<br />\r\nThe standard chunk of Lorem Ipsum used since the 1500s is reproduced below for those interested. Sections 1.10.32 and 1.10.33 from &quot;de Finibus Bonorum et Malorum&quot; by Cicero are also reproduced in their exact original form, accompanied by English versions from the 1914 translation by H. Rackham.<br />\r\nWhere can I get some?<br />\r\n<br />\r\nThere are many variations of passages of Lorem Ipsum available, but the majority have suffered alteration in some form, by injected humour, or randomised words which don&#39;t look even slightly believable. If you are going to use a passage of Lorem Ipsum, you need to be sure there isn&#39;t anything embarrassing hidden in the middle of text. All the Lorem Ipsum generators on the Internet tend to repeat predefined chunks as necessary, making this the first true generator on the Internet. It uses a dictionary of over 200 Latin words, combined with a handful of model sentence structures, to generate Lorem Ipsum which looks reasonable. The generated Lorem Ipsum is therefore always free from repetition, injected humour, or non-characteristic words etc.',1),(29,'Meneropong Redesign Juanda','Lorem Ipsum is simply dummy text of the printing and typesetting  industry. Lorem Ipsum has been the industry\'s standard dummy text ever','keyword yang bisa di ganti sendiri','','Lorem Ipsum is simply dummy text of the printing and typesetting industry. Lorem Ipsum has been the industry&#39;s standard dummy text ever since the 1500s, when an unknown printer took a galley of type and scrambled it to make a type specimen book. It ha','Lorem Ipsum is simply dummy text of the printing and typesetting industry. Lorem Ipsum has been the industry&#39;s standard dummy text ever since the 1500s, when an unknown printer took a galley of type and scrambled it to make a type specimen book. It has survived not only five centuries, but also the leap into electronic typesetting, remaining essentially unchanged. It was popularised in the 1960s with the release of Letraset sheets containing Lorem Ipsum passages, and more recently with desktop publishing software like Aldus PageMaker including versions of Lorem Ipsum.<br />\r\nWhy do we use it?<br />\r\n<br />\r\nIt is a long established fact that a reader will be distracted by the readable content of a page when looking at its layout. The point of using Lorem Ipsum is that it has a more-or-less normal distribution of letters, as opposed to using &#39;Content here, content here&#39;, making it look like readable English. Many desktop publishing packages and web page editors now use Lorem Ipsum as their default model text, and a search for &#39;lorem ipsum&#39; will uncover many web sites still in their infancy. Various versions have evolved over the years, sometimes by accident, sometimes on purpose (injected humour and the like).<br />\r\n&nbsp;<br />\r\nWhere does it come from?<br />\r\n<br />\r\nContrary to popular belief, Lorem Ipsum is not simply random text. It has roots in a piece of classical Latin literature from 45 BC, making it over 2000 years old. Richard McClintock, a Latin professor at Hampden-Sydney College in Virginia, looked up one of the more obscure Latin words, consectetur, from a Lorem Ipsum passage, and going through the cites of the word in classical literature, discovered the undoubtable source. Lorem Ipsum comes from sections 1.10.32 and 1.10.33 of &quot;de Finibus Bonorum et Malorum&quot; (The Extremes of Good and Evil) by Cicero, written in 45 BC. This book is a treatise on the theory of ethics, very popular during the Renaissance. The first line of Lorem Ipsum, &quot;Lorem ipsum dolor sit amet..&quot;, comes from a line in section 1.10.32.<br />\r\n<br />\r\nThe standard chunk of Lorem Ipsum used since the 1500s is reproduced below for those interested. Sections 1.10.32 and 1.10.33 from &quot;de Finibus Bonorum et Malorum&quot; by Cicero are also reproduced in their exact original form, accompanied by English versions from the 1914 translation by H. Rackham.<br />\r\nWhere can I get some?<br />\r\n<br />\r\nThere are many variations of passages of Lorem Ipsum available, but the majority have suffered alteration in some form, by injected humour, or randomised words which don&#39;t look even slightly believable. If you are going to use a passage of Lorem Ipsum, you need to be sure there isn&#39;t anything embarrassing hidden in the middle of text. All the Lorem Ipsum generators on the Internet tend to repeat predefined chunks as necessary, making this the first true generator on the Internet. It uses a dictionary of over 200 Latin words, combined with a handful of model sentence structures, to generate Lorem Ipsum which looks reasonable. The generated Lorem Ipsum is therefore always free from repetition, injected humour, or non-characteristic words etc.',1),(30,'Apa Kabar Sistranas?','Lorem Ipsum is simply dummy text of the printing and typesetting  industry. Lorem Ipsum has been the industry\'s standard dummy text ever','keyword yang bisa di ganti sendiri','','Lorem Ipsum is simply dummy text of the printing and typesetting industry. Lorem Ipsum has been the industry&#39;s standard dummy text ever since the 1500s, when an unknown printer took a galley of type and scrambled it to make a type specimen book. It ha','Lorem Ipsum is simply dummy text of the printing and typesetting industry. Lorem Ipsum has been the industry&#39;s standard dummy text ever since the 1500s, when an unknown printer took a galley of type and scrambled it to make a type specimen book. It has survived not only five centuries, but also the leap into electronic typesetting, remaining essentially unchanged. It was popularised in the 1960s with the release of Letraset sheets containing Lorem Ipsum passages, and more recently with desktop publishing software like Aldus PageMaker including versions of Lorem Ipsum.<br />\r\nWhy do we use it?<br />\r\n<br />\r\nIt is a long established fact that a reader will be distracted by the readable content of a page when looking at its layout. The point of using Lorem Ipsum is that it has a more-or-less normal distribution of letters, as opposed to using &#39;Content here, content here&#39;, making it look like readable English. Many desktop publishing packages and web page editors now use Lorem Ipsum as their default model text, and a search for &#39;lorem ipsum&#39; will uncover many web sites still in their infancy. Various versions have evolved over the years, sometimes by accident, sometimes on purpose (injected humour and the like).<br />\r\n&nbsp;<br />\r\nWhere does it come from?<br />\r\n<br />\r\nContrary to popular belief, Lorem Ipsum is not simply random text. It has roots in a piece of classical Latin literature from 45 BC, making it over 2000 years old. Richard McClintock, a Latin professor at Hampden-Sydney College in Virginia, looked up one of the more obscure Latin words, consectetur, from a Lorem Ipsum passage, and going through the cites of the word in classical literature, discovered the undoubtable source. Lorem Ipsum comes from sections 1.10.32 and 1.10.33 of &quot;de Finibus Bonorum et Malorum&quot; (The Extremes of Good and Evil) by Cicero, written in 45 BC. This book is a treatise on the theory of ethics, very popular during the Renaissance. The first line of Lorem Ipsum, &quot;Lorem ipsum dolor sit amet..&quot;, comes from a line in section 1.10.32.<br />\r\n<br />\r\nThe standard chunk of Lorem Ipsum used since the 1500s is reproduced below for those interested. Sections 1.10.32 and 1.10.33 from &quot;de Finibus Bonorum et Malorum&quot; by Cicero are also reproduced in their exact original form, accompanied by English versions from the 1914 translation by H. Rackham.<br />\r\nWhere can I get some?<br />\r\n<br />\r\nThere are many variations of passages of Lorem Ipsum available, but the majority have suffered alteration in some form, by injected humour, or randomised words which don&#39;t look even slightly believable. If you are going to use a passage of Lorem Ipsum, you need to be sure there isn&#39;t anything embarrassing hidden in the middle of text. All the Lorem Ipsum generators on the Internet tend to repeat predefined chunks as necessary, making this the first true generator on the Internet. It uses a dictionary of over 200 Latin words, combined with a handful of model sentence structures, to generate Lorem Ipsum which looks reasonable. The generated Lorem Ipsum is therefore always free from repetition, injected humour, or non-characteristic words etc.',1),(31,'Konektivitas Nusantara','Lorem Ipsum is simply dummy text of the printing and typesetting  industry. Lorem Ipsum has been the industry\'s standard dummy text ever','keyword yang bisa di ganti sendiri','','Lorem Ipsum is simply dummy text of the printing and typesetting industry. Lorem Ipsum has been the industry&#39;s standard dummy text ever since the 1500s, when an unknown printer took a galley of type and scrambled it to make a type specimen book. It ha','Lorem Ipsum is simply dummy text of the printing and typesetting industry. Lorem Ipsum has been the industry&#39;s standard dummy text ever since the 1500s, when an unknown printer took a galley of type and scrambled it to make a type specimen book. It has survived not only five centuries, but also the leap into electronic typesetting, remaining essentially unchanged. It was popularised in the 1960s with the release of Letraset sheets containing Lorem Ipsum passages, and more recently with desktop publishing software like Aldus PageMaker including versions of Lorem Ipsum.<br />\r\nWhy do we use it?<br />\r\n<br />\r\nIt is a long established fact that a reader will be distracted by the readable content of a page when looking at its layout. The point of using Lorem Ipsum is that it has a more-or-less normal distribution of letters, as opposed to using &#39;Content here, content here&#39;, making it look like readable English. Many desktop publishing packages and web page editors now use Lorem Ipsum as their default model text, and a search for &#39;lorem ipsum&#39; will uncover many web sites still in their infancy. Various versions have evolved over the years, sometimes by accident, sometimes on purpose (injected humour and the like).<br />\r\n&nbsp;<br />\r\nWhere does it come from?<br />\r\n<br />\r\nContrary to popular belief, Lorem Ipsum is not simply random text. It has roots in a piece of classical Latin literature from 45 BC, making it over 2000 years old. Richard McClintock, a Latin professor at Hampden-Sydney College in Virginia, looked up one of the more obscure Latin words, consectetur, from a Lorem Ipsum passage, and going through the cites of the word in classical literature, discovered the undoubtable source. Lorem Ipsum comes from sections 1.10.32 and 1.10.33 of &quot;de Finibus Bonorum et Malorum&quot; (The Extremes of Good and Evil) by Cicero, written in 45 BC. This book is a treatise on the theory of ethics, very popular during the Renaissance. The first line of Lorem Ipsum, &quot;Lorem ipsum dolor sit amet..&quot;, comes from a line in section 1.10.32.<br />\r\n<br />\r\nThe standard chunk of Lorem Ipsum used since the 1500s is reproduced below for those interested. Sections 1.10.32 and 1.10.33 from &quot;de Finibus Bonorum et Malorum&quot; by Cicero are also reproduced in their exact original form, accompanied by English versions from the 1914 translation by H. Rackham.<br />\r\nWhere can I get some?<br />\r\n<br />\r\nThere are many variations of passages of Lorem Ipsum available, but the majority have suffered alteration in some form, by injected humour, or randomised words which don&#39;t look even slightly believable. If you are going to use a passage of Lorem Ipsum, you need to be sure there isn&#39;t anything embarrassing hidden in the middle of text. All the Lorem Ipsum generators on the Internet tend to repeat predefined chunks as necessary, making this the first true generator on the Internet. It uses a dictionary of over 200 Latin words, combined with a handful of model sentence structures, to generate Lorem Ipsum which looks reasonable. The generated Lorem Ipsum is therefore always free from repetition, injected humour, or non-characteristic words etc.',1),(32,'Membumikan Transportasi Ke Ranah Lokal','Lorem Ipsum is simply dummy text of the printing and typesetting  industry. Lorem Ipsum has been the industry\'s standard dummy text ever','keyword yang bisa di ganti sendiri','','Lorem Ipsum is simply dummy text of the printing and typesetting industry. Lorem Ipsum has been the industry&#39;s standard dummy text ever since the 1500s, when an unknown printer took a galley of type and scrambled it to make a type specimen book. It ha','Lorem Ipsum is simply dummy text of the printing and typesetting industry. Lorem Ipsum has been the industry&#39;s standard dummy text ever since the 1500s, when an unknown printer took a galley of type and scrambled it to make a type specimen book. It has survived not only five centuries, but also the leap into electronic typesetting, remaining essentially unchanged. It was popularised in the 1960s with the release of Letraset sheets containing Lorem Ipsum passages, and more recently with desktop publishing software like Aldus PageMaker including versions of Lorem Ipsum.<br />\r\nWhy do we use it?<br />\r\n<br />\r\nIt is a long established fact that a reader will be distracted by the readable content of a page when looking at its layout. The point of using Lorem Ipsum is that it has a more-or-less normal distribution of letters, as opposed to using &#39;Content here, content here&#39;, making it look like readable English. Many desktop publishing packages and web page editors now use Lorem Ipsum as their default model text, and a search for &#39;lorem ipsum&#39; will uncover many web sites still in their infancy. Various versions have evolved over the years, sometimes by accident, sometimes on purpose (injected humour and the like).<br />\r\n&nbsp;<br />\r\nWhere does it come from?<br />\r\n<br />\r\nContrary to popular belief, Lorem Ipsum is not simply random text. It has roots in a piece of classical Latin literature from 45 BC, making it over 2000 years old. Richard McClintock, a Latin professor at Hampden-Sydney College in Virginia, looked up one of the more obscure Latin words, consectetur, from a Lorem Ipsum passage, and going through the cites of the word in classical literature, discovered the undoubtable source. Lorem Ipsum comes from sections 1.10.32 and 1.10.33 of &quot;de Finibus Bonorum et Malorum&quot; (The Extremes of Good and Evil) by Cicero, written in 45 BC. This book is a treatise on the theory of ethics, very popular during the Renaissance. The first line of Lorem Ipsum, &quot;Lorem ipsum dolor sit amet..&quot;, comes from a line in section 1.10.32.<br />\r\n<br />\r\nThe standard chunk of Lorem Ipsum used since the 1500s is reproduced below for those interested. Sections 1.10.32 and 1.10.33 from &quot;de Finibus Bonorum et Malorum&quot; by Cicero are also reproduced in their exact original form, accompanied by English versions from the 1914 translation by H. Rackham.<br />\r\nWhere can I get some?<br />\r\n<br />\r\nThere are many variations of passages of Lorem Ipsum available, but the majority have suffered alteration in some form, by injected humour, or randomised words which don&#39;t look even slightly believable. If you are going to use a passage of Lorem Ipsum, you need to be sure there isn&#39;t anything embarrassing hidden in the middle of text. All the Lorem Ipsum generators on the Internet tend to repeat predefined chunks as necessary, making this the first true generator on the Internet. It uses a dictionary of over 200 Latin words, combined with a handful of model sentence structures, to generate Lorem Ipsum which looks reasonable. The generated Lorem Ipsum is therefore always free from repetition, injected humour, or non-characteristic words etc.',1),(33,'Nikmat Teh di Pasar Terapung','Lorem Ipsum is simply dummy text of the printing and typesetting  industry. Lorem Ipsum has been the industry\'s standard dummy text ever','keyword yang bisa di ganti sendiri','','Lorem Ipsum is simply dummy text of the printing and typesetting industry. Lorem Ipsum has been the industry&#39;s standard dummy text ever since the 1500s, when an unknown printer took a galley of type and scrambled it to make a type specimen book. It ha','Lorem Ipsum is simply dummy text of the printing and typesetting industry. Lorem Ipsum has been the industry&#39;s standard dummy text ever since the 1500s, when an unknown printer took a galley of type and scrambled it to make a type specimen book. It has survived not only five centuries, but also the leap into electronic typesetting, remaining essentially unchanged. It was popularised in the 1960s with the release of Letraset sheets containing Lorem Ipsum passages, and more recently with desktop publishing software like Aldus PageMaker including versions of Lorem Ipsum.<br />\r\nWhy do we use it?<br />\r\n<br />\r\nIt is a long established fact that a reader will be distracted by the readable content of a page when looking at its layout. The point of using Lorem Ipsum is that it has a more-or-less normal distribution of letters, as opposed to using &#39;Content here, content here&#39;, making it look like readable English. Many desktop publishing packages and web page editors now use Lorem Ips<img alt=\"ooooh\" src=\"includes/smiley/ooooh.gif\" style=\"height:18px; width:18px\" title=\"ooooh\" />um as their default model text, and a search for &#39;lorem ipsum&#39; will uncover many web sites still in their infancy. Various versions have evolved over the years, sometimes by accident, sometimes on purpose (injected humour and the like).<br />\r\n&nbsp;<br />\r\nWhere does it come from?<br />\r\n<br />\r\nContrary to popular be<object classid=\"clsid:d27cdb6e-ae6d-11cf-96b8-444553540000\" codebase=\"http://download.macromedia.com/pub/shockwave/cabs/flash/swflash.cab#version=6,0,40,0\"><param name=\"quality\" value=\"high\" /><param name=\"movie\" value=\"images/modules/content/BannerBatam.swf\" /><embed pluginspage=\"http://www.macromedia.com/go/getflashplayer\" quality=\"high\" src=\"images/modules/content/BannerBatam.swf\" type=\"application/x-shockwave-flash\"></embed></object>lief, Lorem Ipsum is not simply random text. It has roots in a piece of classical Latin literature from 45 BC, making it over 2000 years old. Richard McClintock, a Latin professor at Hampden-Sydney College in Virginia, looked up one of the more obscure Latin words, consectetur, from a Lorem Ipsum passage, and going through the cites of the word in classical literature, discovered the undoubtable source. Lorem Ipsum comes from sections 1.10.32 and 1.10.33 of &quot;de Finibus Bonorum et M<object classid=\"clsid:d27cdb6e-ae6d-11cf-96b8-444553540000\" codebase=\"http://download.macromedia.com/pub/shockwave/cabs/flash/swflash.cab#version=6,0,40,0\"><param name=\"quality\" value=\"high\" /><param name=\"movie\" value=\"images/modules/content/bannerpameran.swf\" /><embed pluginspage=\"http://www.macromedia.com/go/getflashplayer\" quality=\"high\" src=\"images/modules/content/bannerpameran.swf\" type=\"application/x-shockwave-flash\"></embed></object>alorum&quot; (The Extremes of Good and Evil) by Cicero, written in 45 BC. This book is a treatise on the theory of ethics, very popular during the Renaissance. The first line of Lorem Ipsum, &quot;Lorem ipsum dolor sit amet..&quot;, comes from a line in section 1.10.32.<br />\r\n<br />\r\nThe standard chunk of Lorem Ipsum used since the 1500s is reproduced below for those interested. Sections 1.10.32 and 1.10.33 from &quot;de Finibus Bonorum et Malorum&quot; by Cicero are al<img alt=\"\" src=\"images/modules/content/bannerbatam.jpg\" style=\"height:158px; width:181px\" />so reproduced in their exact original form, accompanied by English versions from the 1914 translation by H. Rackham.<br />\r\nWhere can I get some?<br />\r\n<br />\r\nThere are many variations of passages of Lorem Ipsum available, but the majority have suffered alteration in some form, by injected humour, or randomised words which don&#39;t look even slightly believable. If yo<img alt=\"\" src=\"images/modules/content/IMG_5883.jpg\" style=\"height:300px; width:400px\" />u are going to use a passage of Lorem Ipsum, you need to be sure there isn&#39;t anything embarrassing hidden in the middle of text. All the Lorem Ipsum generators on the Internet tend to repeat predefined chunks as necessary, making this the first true generator on the Internet. It uses a dictionary of over 200 Latin words, combined with a handful of model sentence structures, to generate Lorem Ipsum which looks reasonable. The generated Lorem Ipsum is therefore always free from repetition, injected humour, or non-characteristic words etc.',1),(34,'Tol Semakin Dikebut','Lorem Ipsum is simply dummy text of the printing and typesetting  industry. Lorem Ipsum has been the industry\'s standard dummy text ever','keyword yang bisa di ganti sendiri','','Lorem Ipsum is simply dummy text of the printing and typesetting industry. Lorem Ipsum has been the industry&#39;s standard dummy text ever since the 1500s, when an unknown printer took a galley of type and scrambled it to make a type specimen book. It ha','Lorem Ipsum is simply dummy text of the printing and typesetting industry. Lorem Ipsum has been the industry&#39;s standard dummy text ever since the 1500s, when an unknown printer took a galley of type and scrambled it to make a type specimen book. It has survived not only five centuries, but also the leap into electronic typesetting, remaining essentially unchanged. It was popularised in the 1960s with the release of Letraset sheets containing Lorem Ipsum passages, and more recently with desktop publishing software like Aldus PageMaker including versions of Lorem Ipsum.<br />\r\nWhy do we use it?<br />\r\n<br />\r\nIt is a long established fact that a reader will be distracted by the readable content of a page when looking at its layout. The point of using Lorem Ipsum is that it has a more-or-less normal distribution of letters, as opposed to using &#39;Content here, content here&#39;, making it look like readable English. Many desktop publishing packages and web page editors now use Lorem Ipsum as their default model text, and a search for &#39;lorem ipsum&#39; will uncover many web sites still in their infancy. Various versions have evolved over the years, sometimes by accident, sometimes on purpose (injected humour and the like).<br />\r\n&nbsp;<br />\r\nWhere does it come from?<br />\r\n<br />\r\nContrary to popular belief, Lorem Ipsum is not simply random text. It has roots in a piece of classical Latin literature from 45 BC, making it over 2000 years old. Richard McClintock, a Latin professor at Hampden-Sydney College in Virginia, looked up one of the more obscure Latin words, consectetur, from a Lorem Ipsum passage, and going through the cites of the word in classical literature, discovered the undoubtable source. Lorem Ipsum comes from sections 1.10.32 and 1.10.33 of &quot;de Finibus Bonorum et Malorum&quot; (The Extremes of Good and Evil) by Cicero, written in 45 BC. This book is a treatise on the theory of ethics, very popular during the Renaissance. The first line of Lorem Ipsum, &quot;Lorem ipsum dolor sit amet..&quot;, comes from a line in section 1.10.32.<br />\r\n<br />\r\nThe standard chunk of Lorem Ipsum used since the 1500s is reproduced below for those interested. Sections 1.10.32 and 1.10.33 from &quot;de Finibus Bonorum et Malorum&quot; by Cicero are also reproduced in their exact original form, accompanied by English versions from the 1914 translation by H. Rackham.<br />\r\nWhere can I get some?<br />\r\n<br />\r\nThere are many variations of passages of Lorem Ipsum available, but the majority have suffered alteration in some form, by injected humour, or randomised words which don&#39;t look even slightly believable. If you are going to use a passage of Lorem Ipsum, you need to be sure there isn&#39;t anything embarrassing hidden in the middle of text. All the Lorem Ipsum generators on the Internet tend to repeat predefined chunks as necessary, making this the first true generator on the Internet. It uses a dictionary of over 200 Latin words, combined with a handful of model sentence structures, to generate Lorem Ipsum which looks reasonable. The generated Lorem Ipsum is therefore always free from repetition, injected humour, or non-characteristic words etc.',1),(35,'Dermaga Batubara Terbesar','Lorem Ipsum is simply dummy text of the printing and typesetting  industry. Lorem Ipsum has been the industry\'s standard dummy text ever','keyword yang bisa di ganti sendiri','','Lorem Ipsum is simply dummy text of the printing and typesetting industry. Lorem Ipsum has been the industry&#39;s standard dummy text ever since the 1500s, when an unknown printer took a galley of type and scrambled it to make a type specimen book. It ha','Lorem Ipsum is simply dummy text of the printing and typesetting industry. Lorem Ipsum has been the industry&#39;s standard dummy text ever since the 1500s, when an unknown printer took a galley of type and scrambled it to make a type specimen book. It has survived not only five centuries, but also the leap into electronic typesetting, remaining essentially unchanged. It was popularised in the 1960s with the release of Letraset sheets containing Lorem Ipsum passages, and more recently with desktop publishing software like Aldus PageMaker including versions of Lorem Ipsum.<br />\r\nWhy do we use it?<br />\r\n<br />\r\nIt is a long established fact that a reader will be distracted by the readable content of a page when looking at its layout. The point of using Lorem Ipsum is that it has a more-or-less normal distribution of letters, as opposed to using &#39;Content here, content here&#39;, making it look like readable English. Many desktop publishing packages and web page editors now use Lorem Ipsum as their default model text, and a search for &#39;lorem ipsum&#39; will uncover many web sites still in their infancy. Various versions have evolved over the years, sometimes by accident, sometimes on purpose (injected humour and the like).<br />\r\n&nbsp;<br />\r\nWhere does it come from?<br />\r\n<br />\r\nContrary to popular belief, Lorem Ipsum is not simply random text. It has roots in a piece of classical Latin literature from 45 BC, making it over 2000 years old. Richard McClintock, a Latin professor at Hampden-Sydney College in Virginia, looked up one of the more obscure Latin words, consectetur, from a Lorem Ipsum passage, and going through the cites of the word in classical literature, discovered the undoubtable source. Lorem Ipsum comes from sections 1.10.32 and 1.10.33 of &quot;de Finibus Bonorum et Malorum&quot; (The Extremes of Good and Evil) by Cicero, written in 45 BC. This book is a treatise on the theory of ethics, very popular during the Renaissance. The first line of Lorem Ipsum, &quot;Lorem ipsum dolor sit amet..&quot;, comes from a line in section 1.10.32.<br />\r\n<br />\r\nThe standard chunk of Lorem Ipsum used since the 1500s is reproduced below for those interested. Sections 1.10.32 and 1.10.33 from &quot;de Finibus Bonorum et Malorum&quot; by Cicero are also reproduced in their exact original form, accompanied by English versions from the 1914 translation by H. Rackham.<br />\r\nWhere can I get some?<br />\r\n<br />\r\nThere are many variations of passages of Lorem Ipsum available, but the majority have suffered alteration in some form, by injected humour, or randomised words which don&#39;t look even slightly believable. If you are going to use a passage of Lorem Ipsum, you need to be sure there isn&#39;t anything embarrassing hidden in the middle of text. All the Lorem Ipsum generators on the Internet tend to repeat predefined chunks as necessary, making this the first true generator on the Internet. It uses a dictionary of over 200 Latin words, combined with a handful of model sentence structures, to generate Lorem Ipsum which looks reasonable. The generated Lorem Ipsum is therefore always free from repetition, injected humour, or non-characteristic words etc.',1),(36,'Belawan Terus Berbenah','Lorem Ipsum is simply dummy text of the printing and typesetting  industry. Lorem Ipsum has been the industry\'s standard dummy text ever','keyword yang bisa di ganti sendiri','','Lorem Ipsum is simply dummy text of the printing and typesetting industry. Lorem Ipsum has been the industry&#39;s standard dummy text ever since the 1500s, when an unknown printer took a galley of type and scrambled it to make a type specimen book. It ha','Lorem Ipsum is simply dummy text of the printing and typesetting industry. Lorem Ipsum has been the industry&#39;s standard dummy text ever since the 1500s, when an unknown printer took a galley of type and scrambled it to make a type specimen book. It has survived not only five centuries, but also the leap into electronic typesetting, remaining essentially unchanged. It was popularised in the 1960s with the release of Letraset sheets containing Lorem Ipsum passages, and more recently with desktop publishing software like Aldus PageMaker including versions of Lorem Ipsum.<br />\r\nWhy do we use it?<br />\r\n<br />\r\nIt is a long established fact that a reader will be distracted by the readable content of a page when looking at its layout. The point of using Lorem Ipsum is that it has a more-or-less normal distribution of letters, as opposed to using &#39;Content here, content here&#39;, making it look like readable English. Many desktop publishing packages and web page editors now use Lorem Ipsum as their default model text, and a search for &#39;lorem ipsum&#39; will uncover many web sites still in their infancy. Various versions have evolved over the years, sometimes by accident, sometimes on purpose (injected humour and the like).<br />\r\n&nbsp;<br />\r\nWhere does it come from?<br />\r\n<br />\r\nContrary to popular belief, Lorem Ipsum is not simply random text. It has roots in a piece of classical Latin literature from 45 BC, making it over 2000 years old. Richard McClintock, a Latin professor at Hampden-Sydney College in Virginia, looked up one of the more obscure Latin words, consectetur, from a Lorem Ipsum passage, and going through the cites of the word in classical literature, discovered the undoubtable source. Lorem Ipsum comes from sections 1.10.32 and 1.10.33 of &quot;de Finibus Bonorum et Malorum&quot; (The Extremes of Good and Evil) by Cicero, written in 45 BC. This book is a treatise on the theory of ethics, very popular during the Renaissance. The first line of Lorem Ipsum, &quot;Lorem ipsum dolor sit amet..&quot;, comes from a line in section 1.10.32.<br />\r\n<br />\r\nThe standard chunk of Lorem Ipsum used since the 1500s is reproduced below for those interested. Sections 1.10.32 and 1.10.33 from &quot;de Finibus Bonorum et Malorum&quot; by Cicero are also reproduced in their exact original form, accompanied by English versions from the 1914 translation by H. Rackham.<br />\r\nWhere can I get some?<br />\r\n<br />\r\nThere are many variations of passages of Lorem Ipsum available, but the majority have suffered alteration in some form, by injected humour, or randomised words which don&#39;t look even slightly believable. If you are going to use a passage of Lorem Ipsum, you need to be sure there isn&#39;t anything embarrassing hidden in the middle of text. All the Lorem Ipsum generators on the Internet tend to repeat predefined chunks as necessary, making this the first true generator on the Internet. It uses a dictionary of over 200 Latin words, combined with a handful of model sentence structures, to generate Lorem Ipsum which looks reasonable. The generated Lorem Ipsum is therefore always free from repetition, injected humour, or non-characteristic words etc.',1),(37,'Pasar Perintis Kian Seksi','Lorem Ipsum is simply dummy text of the printing and typesetting  industry. Lorem Ipsum has been the industry\'s standard dummy text ever','keyword yang bisa di ganti sendiri','','Lorem Ipsum is simply dummy text of the printing and typesetting industry. Lorem Ipsum has been the industry&#39;s standard dummy text ever since the 1500s, when an unknown printer took a galley of type and scrambled it to make a type specimen book. It ha','Lorem Ipsum is simply dummy text of the printing and typesetting industry. Lorem Ipsum has been the industry&#39;s standard dummy text ever since the 1500s, when an unknown printer took a galley of type and scrambled it to make a type specimen book. It has survived not only five centuries, but also the leap into electronic typesetting, remaining essentially unchanged. It was popularised in the 1960s with the release of Letraset sheets containing Lorem Ipsum passages, and more recently with desktop publishing software like Aldus PageMaker including versions of Lorem Ipsum.<br />\r\nWhy do we use it?<br />\r\n<br />\r\nIt is a long established fact that a reader will be distracted by the readable content of a page when looking at its layout. The point of using Lorem Ipsum is that it has a more-or-less normal distribution of letters, as opposed to using &#39;Content here, content here&#39;, making it look like readable English. Many desktop publishing packages and web page editors now use Lorem Ipsum as their default model text, and a search for &#39;lorem ipsum&#39; will uncover many web sites still in their infancy. Various versions have evolved over the years, sometimes by accident, sometimes on purpose (injected humour and the like).<br />\r\n&nbsp;<br />\r\nWhere does it come from?<br />\r\n<br />\r\nContrary to popular belief, Lorem Ipsum is not simply random text. It has roots in a piece of classical Latin literature from 45 BC, making it over 2000 years old. Richard McClintock, a Latin professor at Hampden-Sydney College in Virginia, looked up one of the more obscure Latin words, consectetur, from a Lorem Ipsum passage, and going through the cites of the word in classical literature, discovered the undoubtable source. Lorem Ipsum comes from sections 1.10.32 and 1.10.33 of &quot;de Finibus Bonorum et Malorum&quot; (The Extremes of Good and Evil) by Cicero, written in 45 BC. This book is a treatise on the theory of ethics, very popular during the Renaissance. The first line of Lorem Ipsum, &quot;Lorem ipsum dolor sit amet..&quot;, comes from a line in section 1.10.32.<br />\r\n<br />\r\nThe standard chunk of Lorem Ipsum used since the 1500s is reproduced below for those interested. Sections 1.10.32 and 1.10.33 from &quot;de Finibus Bonorum et Malorum&quot; by Cicero are also reproduced in their exact original form, accompanied by English versions from the 1914 translation by H. Rackham.<br />\r\nWhere can I get some?<br />\r\n<br />\r\nThere are many variations of passages of Lorem Ipsum available, but the majority have suffered alteration in some form, by injected humour, or randomised words which don&#39;t look even slightly believable. If you are going to use a passage of Lorem Ipsum, you need to be sure there isn&#39;t anything embarrassing hidden in the middle of text. All the Lorem Ipsum generators on the Internet tend to repeat predefined chunks as necessary, making this the first true generator on the Internet. It uses a dictionary of over 200 Latin words, combined with a handful of model sentence structures, to generate Lorem Ipsum which looks reasonable. The generated Lorem Ipsum is therefore always free from repetition, injected humour, or non-characteristic words etc.',1),(38,'Garuda Buka Rute Surabaya - Jeddah','Lorem Ipsum is simply dummy text of the printing and typesetting  industry. Lorem Ipsum has been the industry\'s standard dummy text ever','keyword yang bisa di ganti sendiri','','Lorem Ipsum is simply dummy text of the printing and typesetting industry. Lorem Ipsum has been the industry\'s standard dummy text ever since the 1500s, when an unknown printer took a galley of type and scrambled it to make a type specimen book.','Lorem Ipsum is simply dummy text of the printing and typesetting industry. Lorem Ipsum has been the industry&#39;s standard dummy text ever since the 1500s, when an unknown printer took a galley of type and scrambled it to make a type specimen book. It has survived not only five centuries, but also the leap into electronic typesetting, remaining essentially unchanged. It was popularised in the 1960s with the release of Letraset sheets containing Lorem Ipsum passages, and more recently with desktop publishing software like Aldus PageMaker including versions of Lorem Ipsum.<br />\r\nWhy do we use it?<br />\r\n<br />\r\nIt is a long established fact that a reader will be distracted by the readable content of a page when looking at its layout. The point of using Lorem Ipsum is that it has a more-or-less normal distribution of letters, as opposed to using &#39;Content here, content here&#39;, making it look like readable English. Many desktop publishing packages and web page editors now use Lorem Ipsum as their default model text, and a search for &#39;lorem ipsum&#39; will uncover many web sites still in their infancy. Various versions have evolved over the years, sometimes by accident, sometimes on purpose (injected humour and the like).<br />\r\n&nbsp;<br />\r\nWhere does it come from?<br />\r\n<br />\r\nContrary to popular belief, Lorem Ipsum is not simply random text. It has roots in a piece of classical Latin literature from 45 BC, making it over 2000 years old. Richard McClintock, a Latin professor at Hampden-Sydney College in Virginia, looked up one of the more obscure Latin words, consectetur, from a Lorem Ipsum passage, and going through the cites of the word in classical literature, discovered the undoubtable source. Lorem Ipsum comes from sections 1.10.32 and 1.10.33 of &quot;de Finibus Bonorum et Malorum&quot; (The Extremes of Good and Evil) by Cicero, written in 45 BC. This book is a treatise on the theory of ethics, very popular during the Renaissance. The first line of Lorem Ipsum, &quot;Lorem ipsum dolor sit amet..&quot;, comes from a line in section 1.10.32.<br />\r\n<br />\r\nThe standard chunk of Lorem Ipsum used since the 1500s is reproduced below for those interested. Sections 1.10.32 and 1.10.33 from &quot;de Finibus Bonorum et Malorum&quot; by Cicero are also reproduced in their exact original form, accompanied by English versions from the 1914 translation by H. Rackham.<br />\r\nWhere can I get some?<br />\r\n<br />\r\nThere are many variations of passages of Lorem Ipsum available, but the majority have suffered alteration in some form, by injected humour, or randomised words which don&#39;t look even slightly believable. If you are going to use a passage of Lorem Ipsum, you need to be sure there isn&#39;t anything embarrassing hidden in the middle of text. All the Lorem Ipsum generators on the Internet tend to repeat predefined chunks as necessary, making this the first true generator on the Internet. It uses a dictionary of over 200 Latin words, combined with a handful of model sentence structures, to generate Lorem Ipsum which looks reasonable. The generated Lorem Ipsum is therefore always free from repetition, injected humour, or non-characteristic words etc.',1);
DROP TABLE IF EXISTS `bbc_content_trash`;
CREATE TABLE `bbc_content_trash` (
  `id` int(255) NOT NULL AUTO_INCREMENT,
  `title` varchar(255) NOT NULL,
  `image` varchar(255) DEFAULT NULL,
  `content_id` int(255) NOT NULL DEFAULT '0',
  `params` text NOT NULL,
  `trashed` datetime DEFAULT NULL,
  `restore` tinyint(1) NOT NULL DEFAULT '0',
  PRIMARY KEY (`id`),
  KEY `restore` (`restore`),
  FULLTEXT KEY `title` (`title`,`image`,`params`)
) ENGINE=MyISAM DEFAULT CHARSET=utf8;

DROP TABLE IF EXISTS `bbc_content_type`;
CREATE TABLE `bbc_content_type` (
  `id` int(255) NOT NULL AUTO_INCREMENT,
  `title` varchar(255) DEFAULT NULL,
  `detail` text,
  `list` text,
  `menu_id` int(255) NOT NULL DEFAULT '0',
  `active` tinyint(1) NOT NULL DEFAULT '1',
  PRIMARY KEY (`id`),
  KEY `menu_id` (`menu_id`),
  KEY `active` (`active`)
) ENGINE=MyISAM AUTO_INCREMENT=2 DEFAULT CHARSET=utf8;

INSERT INTO `bbc_content_type` VALUES (1,'General Content','{\"template\":\"detail.html.php\",\"title\":\"1\",\"created\":\"1\",\"modified\":\"1\",\"author\":\"1\",\"tag\":\"1\",\"tag_link\":\"1\",\"rating\":\"1\",\"rating_vote\":\"1\",\"thumbsize\":\"250\",\"comment\":\"1\",\"comment_auto\":\"1\",\"comment_list\":\"9\",\"comment_form\":\"1\",\"comment_emoticons\":\"1\",\"comment_spam\":\"0\",\"comment_email\":\"1\",\"pdf\":\"1\",\"print\":\"1\",\"email\":\"1\",\"share\":\"1\"}','{\"template\":\"list.html.php\",\"title\":\"1\",\"title_link\":\"1\",\"intro\":\"1\",\"created\":\"1\",\"modified\":\"1\",\"author\":\"1\",\"tag\":\"1\",\"tag_link\":\"1\",\"rating\":\"1\",\"read_more\":\"1\",\"tot_list\":\"12\",\"thumbnail\":\"1\"}',0,1);
DROP TABLE IF EXISTS `bbc_cpanel`;
CREATE TABLE `bbc_cpanel` (
  `id` int(255) unsigned NOT NULL AUTO_INCREMENT,
  `par_id` int(255) DEFAULT '0',
  `title` varchar(255) DEFAULT NULL,
  `image` varchar(255) DEFAULT NULL,
  `act` varchar(255) DEFAULT NULL,
  `link` varchar(255) DEFAULT NULL,
  `is_shortcut` tinyint(1) DEFAULT '0',
  `orderby` int(255) DEFAULT NULL,
  `active` tinyint(1) DEFAULT '1',
  PRIMARY KEY (`id`),
  KEY `is_shortcut` (`is_shortcut`),
  KEY `active` (`active`)
) ENGINE=MyISAM AUTO_INCREMENT=22 DEFAULT CHARSET=utf8;

INSERT INTO `bbc_cpanel` VALUES (1,0,'Configuration','config.png','config','index.php?mod=_cpanel.config',0,2,1),(2,0,'User Manager','user.png','user','index.php?mod=_cpanel.user',0,14,1),(3,0,'Manage Content','content.png','main','index.php?mod=_cpanel.content',0,7,1),(4,0,'Block Manager','block.png','block','index.php?mod=_cpanel.block',0,1,1),(5,0,'Site Template','template.png','template','index.php?mod=_cpanel.template',0,10,1),(6,0,'User Group','group.png','group','index.php?mod=_cpanel.group',0,13,1),(7,0,'Menu Manager','menu.png','menu','index.php?mod=_cpanel.menu',0,8,1),(8,0,'Welcome Message','home.png','home','index.php?mod=_cpanel.home',0,15,1),(9,0,'Third Party App','application.png','application','index.php?mod=_cpanel.application',0,12,1),(10,0,'Modules Manager','modules.png','modules','index.php?mod=_cpanel.module',0,9,1),(11,0,'Language','language.png','language','index.php?mod=_cpanel.language',0,6,1),(12,0,'Content Trash','trash.png','trash','index.php?mod=_cpanel.trash',0,3,1),(13,0,'Email Template','email.png','email','index.php?mod=_cpanel.email',0,4,1),(14,0,'File Manager','filemanager.png','main','index.php?mod=_cpanel.filemanager',0,5,1),(15,0,'System Tools','tools.png','tools','index.php?mod=_cpanel.tools',0,11,1),(16,2,'User Field','field.png','field','index.php?mod=_cpanel.user&act=field',0,1,1),(17,4,'Block Theme','theme.png','block','index.php?mod=_cpanel.block&act=theme',0,2,1),(18,4,'Block Position','block_position.png','block','index.php?mod=_cpanel.block&act=block_position',0,1,1),(19,5,'Edit CSS Style','editcss.png','template','index.php?mod=_cpanel.template&act=editCSS',0,1,1),(20,7,'Menu Position','position.png','menu','index.php?mod=_cpanel.menu&act=position',0,1,1),(21,11,'Language Reference','reference.png','language','index.php?mod=_cpanel.language&act=reference',0,1,1);
DROP TABLE IF EXISTS `bbc_email`;
CREATE TABLE `bbc_email` (
  `id` int(255) NOT NULL AUTO_INCREMENT,
  `module_id` int(255) DEFAULT NULL,
  `name` varchar(255) DEFAULT NULL,
  `global_subject` enum('0','1') DEFAULT '1',
  `global_footer` enum('0','1') DEFAULT '1',
  `global_email` enum('0','1') DEFAULT '1',
  `from_email` varchar(255) DEFAULT NULL,
  `from_name` varchar(255) DEFAULT NULL,
  `is_html` tinyint(1) NOT NULL DEFAULT '0',
  `description` text NOT NULL,
  PRIMARY KEY (`id`),
  KEY `module_id` (`module_id`),
  KEY `name_2` (`name`),
  FULLTEXT KEY `name` (`name`,`from_email`,`from_name`,`description`)
) ENGINE=MyISAM AUTO_INCREMENT=15 DEFAULT CHARSET=utf8;

INSERT INTO `bbc_email` VALUES (1,2,'comment_post','1','1','1','','',0,'when visitor post the comment '),(2,2,'password','1','1','1','','',0,'password reminder'),(3,2,'register_confirm','1','1','1','','',0,'registration complete and Global Configuration in \"auto approval\" is ON'),(4,2,'register_pending','1','1','1','','',0,'registration complete and Global Configuration in \"auto approval\" is OFF'),(5,2,'register_success','1','1','1','','',0,'Validate Registration is success'),(6,4,'entry_post','1','1','1','','',0,'if public user post a new article'),(7,4,'download_register','1','1','1','','',0,'register to download'),(8,6,'contact','1','1','1','','',0,'auto reply from Contact Us Form.'),(12,7,'guestbook','1','1','1','','',0,'auto reply from Guestbook Form.'),(13,9,'entry','1','1','1','','',0,'posted survey'),(14,10,'testimonial','1','1','1','','',0,'auto reply from Testimonial Form.');
DROP TABLE IF EXISTS `bbc_email_text`;
CREATE TABLE `bbc_email_text` (
  `email_id` int(255) NOT NULL,
  `subject` varchar(255) NOT NULL,
  `content` text,
  `lang_id` tinyint(1) NOT NULL,
  KEY `email_id` (`email_id`),
  KEY `lang_id` (`lang_id`),
  FULLTEXT KEY `subject` (`subject`,`content`)
) ENGINE=MyISAM DEFAULT CHARSET=utf8;

INSERT INTO `bbc_email_text` VALUES (1,'Dear [name], thank for your comment','Dear [name]\r\n\r\n[date]\r\nTitle   : [title]\r\nLink    : [link]\r\nName    : [name]\r\nEmail   : [email]\r\nWebsite : [website]\r\nComment :\r\n   [message]\r\n\r\n\r\n[status]',1),(2,'Password reminder','Dear [name],\r\n\r\n/* INFORMATION LOGIN */\r\nUSERNAME : [username]\r\nPASSWORD: [password]\r\n\r\nThank You for stay in touch with us.',1),(3,'Link Validasi Pendaftaran','dear [name],\r\n\r\nProses pendaftaran telah selesai, account akan dibuat setelah anda mengakses halaman di bawah ini :\r\n[validateLink]\r\n\r\nApabila link diatas tidak bisa diakses, anda bisa mengaksesnya dengan cara kopi text di atas kemudian paste link tsb di bowser untuk mengaksesnya',1),(4,'Terimakasih, data anda telah kami simpan','dear [name],\r\n\r\nTerimakasih data diri pendaftaran anda telah kami simpan. Kami akan menghubungi anda secepatnya.\r\n\r\nBerikut data diri yang telah anda masukkan :\r\n[memberdata]',1),(5,'Pendaftaran Selesai, Account Telah Kami Buat','dear [name],\r\n\r\nTerimakasih proses pendaftaran telah selesai, data anda akan kami simpan sekaligus account untuk member telah kami buatkan\r\nBerikut Data Diri Yang Telah anda masukkan :\r\n[memberdata]\r\n\r\n/* LOGIN INFORMATION */\r\nUSERNAME :  [username]\r\nPASSWORD : [password]\r\nGunakan account informasi di atas untuk login ke situs, password di atas bersifat temporary. Anda bisa mengganti password sesuai keinginan anda dengan cara login ke situs kami.',1),(6,'New entry has been posted by user','[title]\r\n\r\n[intro]\r\n\r\n[status]\r\n[link]',1),(7,'Download Your File ([title])','Silahkan download file anda dengan klik link dibawah ini\r\n[url]\r\n\r\n',1),(8,'Thank for your concern','Thank you [name] for your concern to our site.\r\n\r\n[detail]\r\nYour message :\r\n [message]\r\n\r\nyour email has been sent to our mailbox, and will be process in 1x24hours.\r\n',1),(12,'Thank for your concern','Thank you [name] for your concern to our site.\r\n\r\n[detail]\r\n',1),(13,'thank you [name] for your time','dear [name],\r\n\r\nThank you for your time to fulfill our form survey, we will take all incoming opinions and suggestions from visitor as our priority reference in expanding our offering services.\r\n\r\nThank You',1),(14,'Thank for your concern','Thank you [name] for your concern to our site.\r\n\r\n[detail]\r\n',1);
DROP TABLE IF EXISTS `bbc_lang`;
CREATE TABLE `bbc_lang` (
  `id` int(25) NOT NULL AUTO_INCREMENT,
  `title` varchar(255) DEFAULT NULL,
  `code` varchar(2) NOT NULL,
  PRIMARY KEY (`id`)
) ENGINE=MyISAM AUTO_INCREMENT=2 DEFAULT CHARSET=utf8;

INSERT INTO `bbc_lang` VALUES (1,'Indonesia','id');
DROP TABLE IF EXISTS `bbc_lang_code`;
CREATE TABLE `bbc_lang_code` (
  `id` int(255) NOT NULL AUTO_INCREMENT,
  `module_id` int(255) NOT NULL DEFAULT '0',
  `code` varchar(255) NOT NULL,
  PRIMARY KEY (`id`),
  KEY `module_id` (`module_id`)
) ENGINE=MyISAM AUTO_INCREMENT=212 DEFAULT CHARSET=utf8;

INSERT INTO `bbc_lang_code` VALUES (1,0,'total visitor'),(2,0,'visitors'),(3,0,'total member'),(4,0,'members'),(5,0,'online member'),(6,0,'user'),(7,0,'online user'),(8,0,'year'),(9,0,'months'),(10,0,'weeks'),(11,0,'actived'),(12,0,'search'),(13,0,'home'),(14,0,'users'),(15,0,'day'),(16,0,'select template option'),(17,2,'not found'),(18,2,'my profile'),(19,2,'username'),(20,2,'name'),(21,2,'nick name'),(22,2,'company'),(23,2,'company position'),(24,2,'address'),(25,2,'city'),(26,2,'state'),(27,2,'post code'),(28,2,'country'),(29,2,'phone'),(30,2,'fax'),(31,2,'email alternate'),(32,2,'email'),(33,2,'validation code'),(34,2,' must not empty'),(35,2,'registration form'),(36,2,'fill form below'),(37,2,'register finish pending'),(38,2,'register finish auto'),(39,2,'register success expired'),(40,2,'register success commit'),(41,2,'register success failed'),(42,2,'email is already registered'),(43,3,'search result'),(44,3,'results'),(45,3,'of'),(46,3,'for'),(47,4,'author'),(48,4,'created'),(49,4,'read more'),(50,4,'tags'),(51,4,'modified'),(52,4,'last modified'),(53,4,'convert to pdf'),(54,4,'tell friends'),(55,4,'print preview'),(56,4,'comment feed'),(57,4,'comments'),(58,4,'post your comment'),(59,4,'name'),(60,4,'email'),(61,4,'website'),(62,4,'comment'),(63,4,'insert code above'),(64,4,'failed to submit comment'),(65,4,'validation code is incorrect'),(66,4,'name is empty'),(67,4,'email is empty'),(68,4,'email is invalid'),(69,4,'url is invalid'),(70,4,'comment is empty'),(71,4,'comment approved auto'),(72,4,'category feed'),(73,4,'print'),(74,4,'close'),(75,4,'email tool message default'),(76,4,'email tool from empty'),(77,4,'email tool from invalid'),(78,4,'email tool to empty'),(79,4,'email tool subject empty'),(80,4,'email tool from'),(81,4,'email tool to'),(82,4,'email tool subject'),(83,4,'email tool message'),(84,4,'email tool'),(85,4,'Found'),(86,4,'match data'),(87,4,'listed'),(88,4,'item'),(89,4,'search not found'),(90,4,'insert keyword'),(91,4,'not found'),(92,4,'posted list'),(93,4,'content inactive'),(94,4,'edit content'),(95,4,'entry approved auto'),(96,4,'entry approved manual'),(97,4,'succeed to update content'),(98,4,'failed to update content'),(99,4,'entry edit'),(100,4,'entry add'),(101,4,'email tool success'),(102,4,'comment approved manual'),(103,4,'related articles'),(104,4,'content list'),(105,4,'article list'),(106,4,'page'),(107,4,'of'),(108,4,'pages'),(109,4,'voter'),(110,4,'keyword here...'),(111,4,'please insert keyword!'),(112,4,'username'),(113,4,'password'),(114,4,'remember me'),(115,4,'forget password ?'),(116,4,'register'),(117,4,'login'),(118,4,'gallery list'),(119,4,'download list'),(120,4,'voters'),(121,4,'video list'),(122,4,'audio list'),(123,5,'cal_august'),(124,5,'cal_su'),(125,5,'cal_mo'),(126,5,'cal_tu'),(127,5,'cal_we'),(128,5,'cal_th'),(129,5,'cal_fr'),(130,5,'cal_sa'),(131,5,'agenda calendar'),(132,5,'cal_july'),(133,5,'no schedule'),(134,5,'weekly agenda'),(135,5,'cal_september'),(136,5,'cal_october'),(137,5,'cal_november'),(138,5,'cal_december'),(139,5,'cal_january'),(140,5,'cal_february'),(141,5,'cal_march'),(142,5,'cal_april'),(143,5,'cal_may'),(144,5,'cal_june'),(145,5,'cal_sunday'),(146,5,'cal_monday'),(147,5,'cal_tuesday'),(148,5,'cal_wednesday'),(149,5,'cal_thursday'),(150,5,'cal_friday'),(151,5,'cal_saturday'),(152,6,'contact form'),(153,6,'name'),(154,6,'nick name'),(155,6,'address'),(156,6,'city'),(157,6,'state'),(158,6,'post code'),(159,6,'country'),(160,6,'phone'),(161,6,'fax'),(162,6,'company'),(163,6,'company position'),(164,6,'email'),(165,6,'message'),(166,6,'validation code'),(167,6,'title'),(168,6,' must not empty'),(169,7,'guestbook'),(170,7,'add guestbook'),(171,7,'post guestbook'),(172,7,'name'),(173,7,'company'),(174,7,'address'),(175,7,'email'),(176,7,'message'),(177,7,'validation code'),(178,7,'use form below'),(179,7,' must not empty'),(180,7,'guestbook empty'),(181,7,'guest book sent'),(182,7,'finished'),(183,8,'link exchange'),(184,9,'polling finished'),(185,9,'polling result'),(186,9,'check input'),(187,9,'checkbox option'),(188,9,'error'),(189,9,'insert notes'),(190,9,'multiple option'),(191,9,'no selection'),(192,9,'please select'),(193,9,'radio option'),(194,9,'select option'),(195,9,'thank you'),(196,9,'submit'),(197,9,'view result'),(198,10,'testimonial'),(199,10,'add testimonial'),(200,10,'post testimonial'),(201,10,'name'),(202,10,'company'),(203,10,'address'),(204,10,'email'),(205,10,'message'),(206,10,'validation code'),(207,10,'use form below'),(208,10,' must not empty'),(209,10,'finished'),(210,10,'testimonial empty'),(211,10,'testimonial sent');
DROP TABLE IF EXISTS `bbc_lang_text`;
CREATE TABLE `bbc_lang_text` (
  `text_id` int(255) NOT NULL AUTO_INCREMENT,
  `code_id` int(255) NOT NULL,
  `lang_id` int(255) NOT NULL,
  `content` text,
  PRIMARY KEY (`text_id`),
  KEY `code_id` (`code_id`),
  KEY `lang_id` (`lang_id`)
) ENGINE=MyISAM AUTO_INCREMENT=212 DEFAULT CHARSET=utf8;

INSERT INTO `bbc_lang_text` VALUES (1,1,1,'Total Pengunjung'),(2,2,1,'Pengunjung'),(3,3,1,'Jumlah Member'),(4,4,1,'member'),(5,5,1,'Member Aktif'),(6,6,1,'User'),(7,7,1,'User aktif'),(8,8,1,'Tahun'),(9,9,1,'Bulan'),(10,10,1,'Minggu'),(11,11,1,'Aktif'),(12,12,1,'Cari'),(13,13,1,'Home'),(14,14,1,'users'),(15,15,1,'Hari'),(16,16,1,'Gantilah opsi di bawah untuk melihat website dalam tampilan lain<br />\r\n'),(17,17,1,'Maaf, halaman yang ingin anda akses tidak ditemukan dalam situs. Silahkan kunjungi halaman berdasarkan menu yang telah disediakan.'),(18,18,1,'Profile Saya'),(19,19,1,'Username'),(20,20,1,'Nama'),(21,21,1,'Nama Panggilan'),(22,22,1,'Nama Perusahaan'),(23,23,1,'Jabatan'),(24,24,1,'Alamat'),(25,25,1,'Kota'),(26,26,1,'Provinsi'),(27,27,1,'Kode Pos'),(28,28,1,'Negara'),(29,29,1,'Telepon'),(30,30,1,'Fax'),(31,31,1,'Email Alternatif'),(32,32,1,'Email'),(33,33,1,'Kode Validasi'),(34,34,1,' tidak boleh kosong'),(35,35,1,'Form Pendaftaran Member'),(36,36,1,'Silahkan isi form di bawah untuk mendaftarkan diri sebagai member kami '),(37,37,1,'Terimakasih,<br />\r\n<br />\r\nData diri anda telah kami simpan sebagai bahan review, <br />\r\nKami akan memberikan kabar selanjutnya apabila proses review telah selesai<br />\r\n<br />\r\nBest Regards,<br />\r\nAdmin'),(38,38,1,'Terimakasih,<br />\r\n<br />\r\nProses pendaftaran telah kami simpan.<br />\r\nLink validasi telah kami kirim ke email anda, proses pendaftaran akan selesai dengan cara mengklik link yang telah kami kirimkan.<br />\r\n<br />\r\nSilahkan check inbox email anda !'),(39,39,1,'Link validasi telah expired, silahkan ulangi proses pendaftaran dan masukkan kembali data diri anda <a href=\\\\\\\"user/register\\\\\\\">klik di sini</a> untuk pendaftaran ulang.'),(40,40,1,'Dear [name],<br />\r\n<br />\r\nProses pendaftaran telah selesai, dan data diri anda telah kami kirim ke email.<br />\r\nUntuk melakukan login ke situs anda bisa menggunakan account yang telah kami kirimkan.<br />\r\n<br />\r\nTerimakasih.'),(41,41,1,'Maaf, validasi pendaftaran telah gagal.<br />\r\n<br />\r\n<a href=\\\\\\\"user/register\\\\\\\">Klik di sini</a> untuk mengulangi proses pendaftaran'),(42,42,1,'Email yang anda masukkan telah teregister, silahkan tunggu respon dari admin'),(43,43,1,'Hasil Pencarian'),(44,44,1,'Hasil'),(45,45,1,'dari'),(46,46,1,'Untuk'),(47,47,1,'Author : '),(48,48,1,'Dibuat : '),(49,49,1,'Selanjutnya'),(50,50,1,'Tags :'),(51,51,1,'Disunting : '),(52,52,1,'Terakhir disunting : '),(53,53,1,'Konversi ke pdf'),(54,54,1,'Kasih tahu teman'),(55,55,1,'Print Preview'),(56,56,1,'RSS Komentar'),(57,57,1,'Komentar'),(58,58,1,'Berikan komentar anda'),(59,59,1,'Nama'),(60,60,1,'Email'),(61,61,1,'Website'),(62,62,1,'Komentar'),(63,63,1,'Masukkan kode diatas'),(64,64,1,'Maaf komentar anda gagal dimasukkan'),(65,65,1,'Kode validasi tidak benar'),(66,66,1,'Mohon masukkan nama anda'),(67,67,1,'Alamat email anda masih kosong'),(68,68,1,'Mohon masukkan email yang valid untuk validasi'),(69,69,1,'URL anda tidak valid'),(70,70,1,'Silahkan masukkan komentar anda'),(71,71,1,'Komentar anda telah di publikasikan, Terimakasih atas perhatian anda'),(72,72,1,'RSS Halaman'),(73,73,1,'Print'),(74,74,1,'Tutup'),(75,75,1,'Silahkan lihat content yang bagus ini !'),(76,76,1,'Silahkan masukkan email anda pada field Dari'),(77,77,1,'Anda memasukkan email yang tidak valid'),(78,78,1,'Email tujuan masih kosong'),(79,79,1,'Maaf judul anda masih kosong'),(80,80,1,'Dari email'),(81,81,1,'Ke email'),(82,82,1,'Judul'),(83,83,1,'Pesan'),(84,84,1,'NB : Beritahukan artikel ini kepada kawan anda melalui email. Anda bisa memasukkan alamat email lebih dari satu dengan dipisahkan dengan koma \\\\\\\",\\\\\\\"'),(85,85,1,'Ditemukan'),(86,86,1,'Data yang cocok'),(87,87,1,'Daftar'),(88,88,1,'item'),(89,89,1,'Kata kunci yang anda cari tidak ditemukan silahkan masukkan kata kunci yang lain !'),(90,90,1,'Silahkan masukkan kata kunci yang ingin cari di form field di atas !'),(91,91,1,'Daftar halaman masih kosong, silahkan pilih halaman berdasarkan menu yang telah disediakan'),(92,92,1,'Artikel artikel anda'),(93,93,1,'halaman tidak aktif'),(94,94,1,'Ubah artikel ini'),(95,95,1,'Halaman baru yang anda masukan telah di publish'),(96,96,1,'Posting baru anda menunggu di approved oleh admin'),(97,97,1,'Update halaman telah berhasil'),(98,98,1,'Update halaman telah gagal'),(99,99,1,'Edit Halaman'),(100,100,1,'Posting Halaman Baru'),(101,101,1,'Email anda telah diproses.'),(102,102,1,'Terimakasih komentar anda akan di approved oleh admin dan akan terpublish secepatnya'),(103,103,1,'Artikel Berhubungan'),(104,104,1,'Daftar Content'),(105,105,1,'Daftar Artikel'),(106,106,1,'halaman'),(107,107,1,'dari'),(108,108,1,'halaman'),(109,109,1,'voter'),(110,110,1,'kata kunci di sini...'),(111,111,1,'Silahkan masukkan kata kunci!'),(112,112,1,'Username'),(113,113,1,'Password'),(114,114,1,'Ingat saya'),(115,115,1,'Lupa Password ?'),(116,116,1,'Registrasi'),(117,117,1,'Login'),(118,118,1,'Daftar Gallery'),(119,119,1,'Daftar File Download'),(120,120,1,'voters'),(121,121,1,'Daftar Video'),(122,122,1,'Daftar Audio'),(123,123,1,'Agustus'),(124,124,1,'Mi'),(125,125,1,'Se'),(126,126,1,'Se'),(127,127,1,'Ra'),(128,128,1,'Ka'),(129,129,1,'Ju'),(130,130,1,'Sa'),(131,131,1,'Kalender Agenda'),(132,132,1,'Juli'),(133,133,1,'Tidak ada jadwal atau jadwal masih kosong'),(134,134,1,'Agenda Mingguan'),(135,135,1,'September'),(136,136,1,'Oktober'),(137,137,1,'November'),(138,138,1,'Desember'),(139,139,1,'Januari'),(140,140,1,'Febuari'),(141,141,1,'Maret'),(142,142,1,'April'),(143,143,1,'Mei'),(144,144,1,'Juni'),(145,145,1,'Minggu'),(146,146,1,'Senin'),(147,147,1,'Selasa'),(148,148,1,'Rabu'),(149,149,1,'Kamis'),(150,150,1,'Jumat'),(151,151,1,'Sabtu'),(152,152,1,'Formulir Hubungi Kami'),(153,153,1,'Nama'),(154,154,1,'Nama Panggilan'),(155,155,1,'Alamat'),(156,156,1,'Kota'),(157,157,1,'Propinsi'),(158,158,1,'Kodepos'),(159,159,1,'Negara'),(160,160,1,'Telepon'),(161,161,1,'Fax'),(162,162,1,'Nama Perusahaan'),(163,163,1,'Jabatan'),(164,164,1,'Email'),(165,165,1,'Pesan'),(166,166,1,'Kode Validasi'),(167,167,1,'Lengkapi Form Di Bawah untuk menghubungi kami melalui email'),(168,168,1,' Tidak boleh kosong'),(169,169,1,'Buku Tamu'),(170,170,1,'Tambah Buku Tamu'),(171,171,1,'Masukkan Buku Tamu'),(172,172,1,'Nama'),(173,173,1,'Nama Perusahaan'),(174,174,1,'Alamat'),(175,175,1,'Email'),(176,176,1,'Pesan'),(177,177,1,'Kode Validasi'),(178,178,1,'Gunakan formulir di bawah untuk mengisi buku tamu'),(179,179,1,'tidak boleh kosong'),(180,180,1,'Maaf, daftar buku tamu masih kosong atau tidak ada yg dipublikasikan. Silahkan masukkan data diri anda dengan cara meng-klik link dibawah !'),(181,181,1,'Buku tamu terkirim'),(182,182,1,'Dear [name],<br />\r\n<br />\r\nTerimakasih telah menyempatkan waktu anda untuk mengisi formulir buku tamu ini. Data diri anda telah kami simpan dalam database kami. Adapun data buku tamu yang telah anda berikan akan kami publikasikan tanpa menampilkan data personal anda seperti email / nomor telpon / alamat demi menjaga privasi anda.<br />\r\n<br />\r\nSalam hormat'),(183,183,1,'Exchange Links'),(184,184,1,'Proses Polling telah selesai, terimakasih atas waktu anda'),(185,185,1,'Hasil Polling'),(186,186,1,'Salah satu jawaban yang anda berikan tidak valid, mohon perbaiki jawaban anda !'),(187,187,1,'Pilih jawaban yang menurut anda benar :'),(188,188,1,'Pesan Error :'),(189,189,1,'Masukkan catatan mengenai jawaban anda :'),(190,190,1,'Check pilihan yang menurut anda benar :'),(191,191,1,'Mohon perbaiki jawaban anda !'),(192,192,1,'Silahkan pilih tema yang ingin anda voting !'),(193,193,1,'Silahkan pilih salah satu opsi :'),(194,194,1,'Tentukan Pilihan :'),(195,195,1,'Dear [name],<br />\r\n<br />\r\nTerimakasih atas waktu anda dalam mengisi formulir survey kami, kami akan menerima semua pendapat dan saran dari pengunjung demi peningkatan kinerja kami. Dengan mengisikan form survey berarti anda membantu kami dalam meningkatkan kualitas layanan dari kami.<br />\r\n<br />\r\nHormat Kami,<br />\r\nAdministrator'),(196,196,1,'Submit'),(197,197,1,'View Result'),(198,198,1,'Testimonial User'),(199,199,1,'Tambahkan Testimoni'),(200,200,1,'Post Testimoni'),(201,201,1,'Nama'),(202,202,1,'Nama Perusahaan'),(203,203,1,'Alamat'),(204,204,1,'Email'),(205,205,1,'Pesan'),(206,206,1,'Kode Validasi'),(207,207,1,'Silahkan isi form di bawah untuk memberikan testimoni ke kami. Testimoni dari anda sangat lah membantu kami dalam peningkatan kinerja'),(208,208,1,'tidak boleh kosong'),(209,209,1,'Dear [name],<br />\r\n<br />\r\nTerimakasih telah menyempatkan waktu anda untuk mengisi formulir testimoni ini. Testimoni anda telah kami simpan dalam database kami, respon secepatnya akan kami berikan jika testimoni anda adalah pertanyaan. Adapun testimoni yang telah anda berikan akan kami publikasikan tanpa menampilkan data personal anda seperti email / nomor telpon / alamat demi menjaga privasi anda.<br />\r\n<br />\r\nSalam hormat'),(210,210,1,'Maaf, daftar testimonial masih kosong atau tidak ada yg dipublikasikan. Silahkan masukkan testimoni anda dengan cara meng-klik link dibawah !'),(211,211,1,'Testimoni terkirim');
DROP TABLE IF EXISTS `bbc_log`;
CREATE TABLE `bbc_log` (
  `id` bigint(20) unsigned NOT NULL AUTO_INCREMENT,
  `name` varchar(255) DEFAULT NULL,
  `ip` varchar(255) DEFAULT NULL,
  `datetime` datetime DEFAULT NULL,
  PRIMARY KEY (`id`),
  KEY `datetime` (`datetime`),
  KEY `name` (`name`)
) ENGINE=MyISAM DEFAULT CHARSET=utf8;

DROP TABLE IF EXISTS `bbc_menu`;
CREATE TABLE `bbc_menu` (
  `id` int(255) NOT NULL AUTO_INCREMENT,
  `par_id` int(255) NOT NULL DEFAULT '0',
  `module_id` int(10) unsigned NOT NULL DEFAULT '0',
  `seo` varchar(255) DEFAULT NULL,
  `link` varchar(255) NOT NULL DEFAULT '',
  `orderby` int(255) unsigned NOT NULL DEFAULT '1',
  `cat_id` int(255) NOT NULL DEFAULT '0',
  `protected` tinyint(1) NOT NULL DEFAULT '0',
  `is_admin` tinyint(1) NOT NULL DEFAULT '0',
  `is_shortcut` tinyint(1) DEFAULT '0',
  `is_content` tinyint(1) NOT NULL DEFAULT '0',
  `is_content_cat` tinyint(1) NOT NULL DEFAULT '0',
  `content_cat_id` int(255) NOT NULL DEFAULT '0',
  `content_id` int(255) NOT NULL DEFAULT '0',
  `active` tinyint(1) NOT NULL DEFAULT '0',
  PRIMARY KEY (`id`),
  KEY `module_id` (`module_id`),
  KEY `seo` (`seo`),
  KEY `link` (`link`),
  KEY `is_content` (`is_content`),
  KEY `content_id` (`content_id`),
  KEY `is_content_cat` (`is_content_cat`),
  KEY `content_cat_id` (`content_cat_id`),
  KEY `is_admin` (`is_admin`),
  KEY `is_shortcut` (`is_shortcut`),
  KEY `active` (`active`)
) ENGINE=MyISAM AUTO_INCREMENT=85 DEFAULT CHARSET=utf8;

INSERT INTO `bbc_menu` VALUES (1,0,4,'','index.php?mod=content.main',1,1,1,1,0,0,0,0,0,1),(2,1,4,'','index.php?mod=content.content',1,1,1,1,0,0,0,0,0,1),(3,1,4,'','index.php?mod=content.content_add',2,1,1,1,0,0,0,0,0,1),(4,1,4,'','index.php?mod=content.category',3,1,1,1,0,0,0,0,0,1),(5,1,4,'','index.php?mod=content.comment',4,1,1,1,0,0,0,0,0,1),(6,1,4,'','index.php?mod=content.type',5,1,1,1,0,0,0,0,0,1),(7,1,4,'','index.php?mod=content.tag',6,1,1,1,0,0,0,0,0,1),(8,1,4,'','index.php?mod=content.config',7,1,1,1,0,0,0,0,0,1),(9,0,5,'','index.php?mod=agenda.main',2,1,1,1,0,0,0,0,0,1),(10,0,6,'','index.php?mod=contact.main',3,1,1,1,0,0,0,0,0,1),(11,10,6,'','index.php?mod=contact.posted',1,1,1,1,0,0,0,0,0,1),(12,10,6,'','index.php?mod=contact.messenger',2,1,1,1,0,0,0,0,0,1),(13,10,6,'','index.php?mod=contact.setting',3,1,1,1,0,0,0,0,0,1),(14,0,7,'','index.php?mod=guestbook.main',4,1,1,1,0,0,0,0,0,1),(15,14,7,'','index.php?mod=guestbook.list',1,1,1,1,0,0,0,0,0,1),(16,14,7,'','index.php?mod=guestbook.setting',2,1,1,1,0,0,0,0,0,1),(17,0,11,'','index.php?mod=imageslider.main',5,1,1,1,0,0,0,0,0,1),(18,17,11,'','index.php?mod=imageslider.list',1,1,1,1,0,0,0,0,0,1),(19,17,11,'','index.php?mod=imageslider.category',2,1,1,1,0,0,0,0,0,1),(20,0,8,'','index.php?mod=links.main',7,1,1,1,0,0,0,0,0,1),(21,20,8,'','index.php?mod=links.list',1,1,1,1,0,0,0,0,0,1),(22,20,8,'','index.php?mod=links.share',2,1,1,1,0,0,0,0,0,1),(23,20,8,'','index.php?mod=links.advertise',3,1,1,1,0,0,0,0,0,1),(24,0,9,'','index.php?mod=survey.main',8,1,1,1,0,0,0,0,0,1),(25,24,9,'','index.php?mod=survey.posted',1,1,1,1,0,0,0,0,0,1),(26,24,9,'','index.php?mod=survey.question',2,1,1,1,0,0,0,0,0,1),(27,24,9,'','index.php?mod=survey.polling',3,1,1,1,0,0,0,0,0,1),(28,24,9,'','index.php?mod=survey.config',4,1,1,1,0,0,0,0,0,1),(29,0,10,'','index.php?mod=testimonial.main',9,1,1,1,0,0,0,0,0,1),(30,29,10,'','index.php?mod=testimonial.list',1,1,1,1,0,0,0,0,0,1),(31,29,10,'','index.php?mod=testimonial.add',2,1,1,1,0,0,0,0,0,1),(32,29,10,'','index.php?mod=testimonial.setting',3,1,1,1,0,0,0,0,0,1),(33,0,3,'','index.php?mod=search.main',10,1,1,1,0,0,0,0,0,1),(34,0,2,'','index.php?mod=user.password',11,1,1,1,0,0,0,0,0,0),(35,0,1,'','index.php?mod=_cpanel.main',12,1,1,1,0,0,0,0,0,1),(36,0,5,'home','',1,1,0,0,0,0,0,0,0,1),(37,0,10,'testimonial','index.php?mod=testimonial.main',1,2,0,0,0,0,0,0,0,1),(38,0,2,'my-profile','index.php?mod=user.account',1,3,1,0,0,0,0,0,0,1),(39,0,4,'my-content','index.php?mod=content.posted',2,3,1,0,0,0,0,0,0,1),(40,0,5,'agenda','index.php?mod=agenda.main',2,2,0,0,0,0,0,0,0,1),(41,40,5,'kalender','index.php?mod=agenda.calendar',1,2,0,0,0,0,0,0,0,1),(42,40,5,'rutinitas','index.php?mod=agenda.routine',2,2,0,0,0,0,0,0,0,1),(43,40,5,'event','index.php?mod=agenda.events',3,2,0,0,0,0,0,0,0,1),(44,40,5,'harian','index.php?mod=agenda.daily',4,2,0,0,0,0,0,0,0,1),(45,40,5,'mingguan','index.php?mod=agenda.weekly',5,2,0,0,0,0,0,0,0,1),(46,40,5,'bulanan','index.php?mod=agenda.monthly',6,2,0,0,0,0,0,0,0,1),(47,40,5,'tahunan','index.php?mod=agenda.yearly',7,2,0,0,0,0,0,0,0,1),(48,0,4,'about-us','index.php?mod=content.detail&id=14&title=Penandatanganan Bantuan Kapal Penyebrangan',2,1,0,0,0,1,0,0,14,1),(49,0,4,'content','index.php?mod=content.latest',3,1,0,0,0,0,0,0,0,1),(50,49,4,'artikel','index.php?mod=content.article',1,1,0,0,0,0,0,0,0,1),(51,49,4,'gallery','index.php?mod=content.gallery',2,1,0,0,0,0,0,0,0,1),(52,49,4,'download','index.php?mod=content.download',3,1,0,0,0,0,0,0,0,1),(53,49,4,'video','index.php?mod=content.video',4,1,0,0,0,0,0,0,0,1),(54,49,4,'audio','index.php?mod=content.audio',5,1,0,0,0,0,0,0,0,1),(55,0,4,'create-content','index.php?mod=content.posted_form',3,3,1,0,0,0,0,0,0,1),(56,0,9,'survey','index.php?mod=survey.main',3,2,0,0,0,0,0,0,0,1),(57,0,2,'change-password','index.php?mod=user.password',4,3,1,0,0,0,0,0,0,1),(58,0,4,'pencarian','index.php?mod=content.search',4,1,0,0,0,0,0,0,0,1),(59,0,6,'contact-us','index.php?mod=contact.main',4,2,0,0,0,0,0,0,0,1),(60,0,2,'logout','index.php?mod=user.logout',5,3,1,0,0,0,0,0,0,1),(61,0,4,'berita','index.php?mod=content.list&id=6&title=Berita',5,1,0,0,0,0,1,6,0,1),(62,61,4,'hot-list','index.php?mod=content.list&id=9&title=Hot+List',1,1,0,0,0,0,1,9,0,1),(63,61,4,'information','index.php?mod=content.list&id=8&title=Information',2,1,0,0,0,0,1,8,0,1),(64,61,4,'relaxing','index.php?mod=content.list&id=7&title=Relaxing',3,1,0,0,0,0,1,7,0,1),(65,0,11,'search','index.php?mod=search.main',5,2,0,0,0,0,0,0,0,1),(66,0,4,'galleries','index.php?mod=content.list&id=2&title=Gallery',6,1,0,0,0,0,1,2,0,1),(67,0,4,'downloads','index.php?mod=content.list&id=3&title=Download',7,1,0,0,0,0,1,3,0,1),(68,0,4,'audios','index.php?mod=content.list&id=5&title=Sound+Audio',8,1,0,0,0,0,1,5,0,1),(69,0,4,'videos','index.php?mod=content.list&id=4&title=Videos',9,1,0,0,0,0,1,4,0,1),(70,0,2,'registrasi','index.php?mod=user.register',10,1,0,0,0,0,0,0,0,1),(71,0,8,'links','index.php?mod=links.main',11,1,0,0,0,0,0,0,0,1),(77,75,14,'','index.php?mod=school.student',2,1,1,1,1,0,0,0,0,1),(76,75,14,'','index.php?mod=school.school',1,1,1,1,1,0,0,0,0,1),(75,0,14,'','index.php?mod=school.school',6,1,1,1,0,0,0,0,0,1),(78,75,14,'','index.php?mod=school.teacher',3,1,1,1,1,0,0,0,0,1),(79,75,14,'','index.php?mod=school.class',4,1,1,1,1,0,0,0,0,1),(80,75,14,'','index.php?mod=school.schedule',5,1,1,1,1,0,0,0,0,1),(81,75,14,'','index.php?mod=school.subject',6,1,1,1,1,0,0,0,0,1),(82,75,14,'','index.php?mod=school.parent',7,1,1,1,1,0,0,0,0,1),(83,75,14,'','index.php?mod=school.attendance',8,1,1,1,1,0,0,0,0,1),(84,75,14,'','index.php?mod=school.student_class',9,1,1,1,1,0,0,0,0,1);
DROP TABLE IF EXISTS `bbc_menu_cat`;
CREATE TABLE `bbc_menu_cat` (
  `id` int(255) NOT NULL AUTO_INCREMENT,
  `name` varchar(255) DEFAULT NULL,
  `orderby` int(11) NOT NULL DEFAULT '1',
  PRIMARY KEY (`id`)
) ENGINE=MyISAM AUTO_INCREMENT=4 DEFAULT CHARSET=utf8;

INSERT INTO `bbc_menu_cat` VALUES (1,'top',1),(2,'bottom',2),(3,'usermenu',3);
DROP TABLE IF EXISTS `bbc_menu_text`;
CREATE TABLE `bbc_menu_text` (
  `menu_id` int(255) NOT NULL,
  `title` varchar(255) NOT NULL DEFAULT '',
  `lang_id` int(255) NOT NULL DEFAULT '0',
  KEY `menu_id` (`menu_id`,`lang_id`)
) ENGINE=MyISAM DEFAULT CHARSET=utf8;

INSERT INTO `bbc_menu_text` VALUES (1,'Content',1),(2,'Content List',1),(3,'Add Content',1),(4,'Category',1),(5,'Comments',1),(6,'Content Type',1),(7,'Content Tags',1),(8,'Configuration',1),(9,'Agenda',1),(10,'Contact Us',1),(11,'List Contact Us',1),(12,'YM Account',1),(13,'Configuration',1),(14,'Guest Book',1),(15,'List Guest Book',1),(16,'Configuration',1),(17,'Image Slider',1),(18,'List Images',1),(19,'Category',1),(20,'Links',1),(21,'Ad List',1),(22,'Share Links',1),(23,'Advertise',1),(24,'Survey',1),(25,'Posted',1),(26,'Question',1),(27,'Polling',1),(28,'Configuration',1),(29,'Testimonial',1),(30,'List Testimonial',1),(31,'Add Testimonial',1),(32,'Configuration',1),(33,'Search',1),(34,'Change Password',1),(35,'Control Panel',1),(36,'Home',1),(37,'Testimonial',1),(38,'My Profile',1),(39,'My Content',1),(40,'Agenda',1),(41,'Kalender',1),(42,'Rutinitas',1),(43,'Event',1),(44,'Harian',1),(45,'Mingguan',1),(46,'Bulanan',1),(47,'Tahunan',1),(48,'About Us',1),(49,'Content',1),(50,'Artikel',1),(51,'Gallery',1),(52,'Download',1),(53,'Video',1),(54,'Audio',1),(55,'Create Content',1),(56,'Survey',1),(57,'Change Password',1),(58,'Pencarian',1),(59,'Contact Us',1),(60,'Logout',1),(61,'Berita',1),(62,'Hot List',1),(63,'Information',1),(64,'Relaxing',1),(65,'Search',1),(66,'Gallery',1),(67,'Download',1),(68,'Audio',1),(69,'Video',1),(70,'Registrasi',1),(71,'Links',1),(77,'Student',1),(76,'School Info',1),(75,'School',1),(78,'Teacher',1),(79,'Class',1),(80,'Schedule ',1),(81,'Subject',1),(82,'Parent',1),(83,'Attendance',1),(84,'Student class',1);
DROP TABLE IF EXISTS `bbc_module`;
CREATE TABLE `bbc_module` (
  `id` int(255) NOT NULL AUTO_INCREMENT,
  `name` varchar(255) DEFAULT NULL,
  `site_title` varchar(255) DEFAULT NULL,
  `site_desc` varchar(255) DEFAULT NULL,
  `site_keyword` varchar(255) DEFAULT NULL,
  `created` datetime DEFAULT NULL,
  `protected` tinyint(1) NOT NULL DEFAULT '0',
  `allow_group` varchar(255) DEFAULT NULL,
  `order_func_pre` varchar(255) DEFAULT NULL,
  `order_func_post` varchar(255) DEFAULT NULL,
  `account_func_pre` varchar(255) DEFAULT NULL,
  `account_func_post` varchar(255) DEFAULT NULL,
  `search_func` varchar(255) NOT NULL COMMENT 'func_name#main_table#field_title#field_description',
  `is_config` tinyint(1) NOT NULL DEFAULT '0',
  `active` tinyint(1) NOT NULL DEFAULT '0',
  PRIMARY KEY (`id`),
  KEY `active` (`active`),
  KEY `order_func_pre` (`order_func_pre`),
  KEY `order_func_post` (`order_func_post`),
  KEY `account_func_pre` (`account_func_pre`),
  KEY `account_func_post` (`account_func_post`),
  KEY `search_func` (`search_func`),
  KEY `is_config` (`is_config`),
  FULLTEXT KEY `name` (`name`,`site_title`,`site_desc`,`site_keyword`,`allow_group`,`order_func_pre`,`order_func_post`,`account_func_pre`,`account_func_post`)
) ENGINE=MyISAM AUTO_INCREMENT=16 DEFAULT CHARSET=utf8;

INSERT INTO `bbc_module` VALUES (1,'_cpanel','','','','0000-00-00 00:00:00',0,',all,','','','','','',1,1),(2,'user','','','','0000-00-00 00:00:00',0,',all,','','','','','',0,1),(3,'search','','','','0000-00-00 00:00:00',0,',all,','','','','','',0,1),(4,'content','','','','0000-00-00 00:00:00',0,',all,','','','','','content_search_link_list#bbc_content',1,1),(5,'agenda','','','','2008-10-14 22:38:12',0,',all,','','','','','',0,1),(6,'contact','','','','2008-10-14 22:38:12',0,',all,','','','','','',0,1),(7,'guestbook','','','','2008-10-14 22:40:58',0,',all,','','','','','',0,1),(8,'links','','','','2008-10-14 22:40:58',0,',all,','','','','','',0,1),(9,'survey','','','','2009-01-09 04:05:01',0,',all,','','','','','',0,1),(10,'testimonial','','','','2009-01-11 20:18:32',0,',all,','','','','','',0,1),(11,'imageslider','','','','2010-07-25 04:52:28',0,',all,','','','','','',0,1),(12,'tools','','','','2011-11-16 02:50:48',0,',all,','','','','','',0,1),(14,'school',NULL,NULL,NULL,'2023-12-13 13:22:19',0,',all,',NULL,NULL,NULL,NULL,'',0,1),(15,'api',NULL,NULL,NULL,'2024-01-02 13:50:49',0,',all,',NULL,NULL,NULL,NULL,'',1,1);
DROP TABLE IF EXISTS `bbc_template`;
CREATE TABLE `bbc_template` (
  `id` int(255) unsigned NOT NULL AUTO_INCREMENT,
  `name` varchar(255) DEFAULT NULL,
  `installed` datetime DEFAULT NULL,
  `syncron_to` int(255) NOT NULL DEFAULT '0',
  `last_copty_to` int(255) NOT NULL DEFAULT '0',
  `last_copy_from` int(255) NOT NULL DEFAULT '0',
  PRIMARY KEY (`id`),
  KEY `name` (`name`)
) ENGINE=MyISAM AUTO_INCREMENT=7 DEFAULT CHARSET=utf8;

INSERT INTO `bbc_template` VALUES (1,'campus_blue','2010-07-26 00:46:08',0,0,0),(2,'logistic_transport','2011-02-06 04:53:52',0,0,0),(3,'cloudy_season','2011-02-07 06:52:19',0,0,0),(4,'green_accountant','2011-02-09 16:52:43',0,0,0),(5,'dark_style','2011-02-09 16:54:58',0,0,0),(6,'cobweb_blue','2011-02-09 18:52:59',0,0,0);
DROP TABLE IF EXISTS `bbc_user`;
CREATE TABLE `bbc_user` (
  `id` bigint(20) unsigned NOT NULL AUTO_INCREMENT,
  `group_ids` varchar(255) DEFAULT NULL,
  `username` varchar(255) DEFAULT NULL,
  `password` varchar(255) DEFAULT NULL,
  `last_ip` varchar(25) NOT NULL DEFAULT '',
  `last_ip_temp` varchar(25) NOT NULL DEFAULT '',
  `last_login` datetime DEFAULT NULL,
  `last_login_temp` datetime DEFAULT NULL,
  `exp_checked` datetime DEFAULT '0000-00-00 00:00:00',
  `login_time` int(255) NOT NULL DEFAULT '0',
  `created` datetime DEFAULT NULL,
  `active` tinyint(1) NOT NULL DEFAULT '1',
  PRIMARY KEY (`id`),
  UNIQUE KEY `username` (`username`),
  KEY `group_ids` (`group_ids`),
  KEY `active` (`active`),
  KEY `exp_checked` (`exp_checked`)
) ENGINE=MyISAM AUTO_INCREMENT=387 DEFAULT CHARSET=utf8;

INSERT INTO `bbc_user` VALUES (1,',3,4,1,2,','admin','G8zLdKXdDjlUrItY4ze1lQfRK2fT2HdCIJlknwyWYZwqPAXA7/S9frztNPjeBgrt0LPFUEePW/jJxfpH0iVVWA==','::1','::1','2024-02-01 13:36:44','2024-02-01 10:13:45','2024-02-01 19:21:27',21,'0000-00-00 00:00:00',1),(2,',2,1,3,4,','danang@fisip.net','DOtGmGAQ9sEZA4nNBAgcw2MOp3eivB3SnbpgYhoYO1ibI93Egax7y9vMG9ThsPi6BMiZwx497sGjKYHyZvPv+A==','127.0.0.1','127.0.0.1','2016-05-03 23:35:44','2016-05-03 23:32:34','0000-00-00 00:00:00',0,'0000-00-00 00:00:00',1),(3,'5','55555','urQC4ID7cnefeyCxtsFFpVMNmYicHyViq9HTVYbXTVwod2QND2ETPK45P6WEwTbQ1idZcCDQDBGe9dDn6p2M9A==','192.168.100.56','127.0.0.1','2024-01-24 10:20:29','2024-01-23 09:49:09','0000-00-00 00:00:00',25,NULL,1),(4,'5','11111','urQC4ID7cnefeyCxtsFFpVMNmYicHyViq9HTVYbXTVwod2QND2ETPK45P6WEwTbQ1idZcCDQDBGe9dDn6p2M9A==','','',NULL,NULL,'0000-00-00 00:00:00',0,NULL,1),(5,'5','22222','urQC4ID7cnefeyCxtsFFpVMNmYicHyViq9HTVYbXTVwod2QND2ETPK45P6WEwTbQ1idZcCDQDBGe9dDn6p2M9A==','192.168.100.71','','2024-01-16 12:33:35',NULL,'0000-00-00 00:00:00',1,NULL,1),(6,'5','33333','urQC4ID7cnefeyCxtsFFpVMNmYicHyViq9HTVYbXTVwod2QND2ETPK45P6WEwTbQ1idZcCDQDBGe9dDn6p2M9A==','192.168.100.56','192.168.100.56','2024-01-19 11:04:18','2024-01-19 10:53:22','0000-00-00 00:00:00',5,NULL,1),(7,'5','44444','urQC4ID7cnefeyCxtsFFpVMNmYicHyViq9HTVYbXTVwod2QND2ETPK45P6WEwTbQ1idZcCDQDBGe9dDn6p2M9A==','127.0.0.1','','2024-01-11 14:56:36',NULL,'0000-00-00 00:00:00',1,NULL,1),(8,'5','120262874595','KsTtrJ2n42xTkrpeEHH99V1/dj9KUcbFxyzvjlEcObcZP+Xah/uiQi4ZCyAx9FEk2kvJAg3dJTfzInb774H2hQ==','','',NULL,NULL,'0000-00-00 00:00:00',0,NULL,1),(9,'5','120767679402','73rvByVV1F+FzXIT2g0jP0znD9bqq4SktKftjdnK1U0i7JrysGt+3YYFC0O8r0ayDXudc0XlC2J03mmADUox6w==','','',NULL,NULL,'0000-00-00 00:00:00',0,NULL,1),(10,'5','120272943020','xHWrJPvPlEDu5Ucbhidz5AKZM9wWVJWTRxS5TwJcmsFGYdIFO/qRuk3xWyyzO1ZBXroL0nyyck32y+g7KZQ46g==','','',NULL,NULL,'0000-00-00 00:00:00',0,NULL,1),(11,'5','120993011554','f6VRs7bhLFmdCrHNXyw519vRxpz85BIJfSs0Gbz5UB0Wpbp5IfcSghT5LWF5M+TN/npe5d+1JmR8/rk/tOPC6Q==','','',NULL,NULL,'0000-00-00 00:00:00',0,NULL,1),(12,'5','120384480034','de53NtF42t27h2XfCorMVMUs8/fpzbDqB4MXxokBPqJ9maOchUUQgVRd9JIRlsoNDJlfIpbFk+93BYt5ytCHNA==','','',NULL,NULL,'0000-00-00 00:00:00',0,NULL,1),(13,'5','120315388451','bekdydfG4jPK7OAwVYswri5Q+C43n+bpliiKjQy9nuqC9VXyesQCVeljwfcK2N+b8P5Kkq3/paiF1C/z2F1w+g==','','',NULL,NULL,'0000-00-00 00:00:00',0,NULL,1),(14,'5','120580391382','mCMHIB1cXH6QnBB66LpBefJHob7v21zc8c3sJr27QDGMveIHc815Pl1Xp+8o6qwsb96LqACifUCb3T7rq+Edlg==','','',NULL,NULL,'0000-00-00 00:00:00',0,NULL,1),(15,'5','120682307134','VhGnfSLeT37OxWEmJmBhD2E6LD0RicHCdMKqqpxzp7lsvPXWydKdHj2sUL6z2X1bqJBNnPksI77I0T7hFpghiw==','','',NULL,NULL,'0000-00-00 00:00:00',0,NULL,1),(16,'5','120901865670','77mxh42TtsX4WdQHid70S9zhauUfp2gdk6SqMBcp9ARIwngRS+4K4bZjBgxSB6+QjLpmzaY1NDszhHV9Tiu4xA==','','',NULL,NULL,'0000-00-00 00:00:00',0,NULL,1),(17,'5','120820322274','yuabE5vTWWpbQ15x0mthyKSqILYznG7ytKM+xd+J2cjt4/e08MOhQmXTMtLPi57ME10RtIXCuBG7WhwAUjqYWw==','','',NULL,NULL,'0000-00-00 00:00:00',0,NULL,1),(18,'5','120874668165','DVeu0qn1vry1y0+twQx6H9IB/yChlKGzAHa6c0Qh58fObeWEfi3oHQv40Yy2ACmz4iq0eFg9GkKxfXamY4SjFg==','','',NULL,NULL,'0000-00-00 00:00:00',0,NULL,1),(19,'5','120598454901','5sAsVLxOWr3guhNRcGaRj6Ll8mPfUWDoEmIMO8hP52TT/0p0lgmE9F3gged+E5lcIzZ68SJXDAZwTmFMrd3CFw==','','',NULL,NULL,'0000-00-00 00:00:00',0,NULL,1),(20,'5','120255106144','yrEh8rZP/kDKE1dnl/v2QJwQZHtc3VUEcCobybnHMdsg1HEIPdVED7LN30LWsdSot0nkqgoP+bMJ9ql7fKy/kQ==','','',NULL,NULL,'0000-00-00 00:00:00',0,NULL,1),(21,'5','120865935695','DWnehu5pXZV56hFPdiqAFN/XIWtIymAY6MMxcAxuYKtO8gSxhpNF9jPYBlq8jpCQBvd9K46diPxhg+KJ7Xe5aw==','','',NULL,NULL,'0000-00-00 00:00:00',0,NULL,1),(22,'5','120131367059','Z7B6aiQ9qxjDwacrlGNaQwhsYlaQIjYNSrAy4pxKIXYqgiGNzjoSzFwE6zWNAwuvW6TVL5MFnw3lXeucBZcwcg==','','',NULL,NULL,'0000-00-00 00:00:00',0,NULL,1),(23,'6','3497213214','gSKVeRXisTYgV9ayfZa+WPkA6MCjkDOrNGf5grLHKbi6YkmrYwv02nJd1Q9zouCVFaxOcVo9wsRlLidcwb4cTg==','','',NULL,NULL,'0000-00-00 00:00:00',0,NULL,1),(24,'6','3974569999','NiJeqzNzJlcTByTsdLdRTjNt8St0q0PN7EcOWyK7C2eOIQ/1Q8Wh0/SOfLhtjtCpkPvYOQRkrKpxt09cLdUCGQ==','','',NULL,NULL,'0000-00-00 00:00:00',0,NULL,1),(25,'7','2182','2y2W439/6ZSS6HQANSadYAwWHPYEjRBUnqnf//HUcrDhZBW/Xa6stfPQE9822Y+iztY6rN+a3KU5JK/2jR9GGw==','','',NULL,NULL,'0000-00-00 00:00:00',0,NULL,1),(26,'6','3624745124','wOwLWLnd/1isAWJ7zdtvvo8mgga8PcfBqxmN+Od4oYK+6vhCsHZ38GYCWs5ejKIH9dMr0ZNcJuzMuFfYdNkdFQ==','','',NULL,NULL,'0000-00-00 00:00:00',0,NULL,1),(27,'6','1991-02-04','Cpn2QBqSDucUPLhJYRCQ1xWduEUvEFNVr7ZpqWqBAa7dBYAIwJKNaNOq5Hjl9W58JxeN8Fv4ekh9tkROObzFrw==','','',NULL,NULL,'0000-00-00 00:00:00',0,NULL,1),(28,'7','1494','gpzeJhCYU4mN93Dd8l9tFEH8oDeSL7C64/UHEom6awnNiO8X9J7YeSUM1kih0jQRAx5W2EED6XfgMoV5myKDqQ==','','',NULL,NULL,'0000-00-00 00:00:00',0,NULL,1),(29,'6','3782842854','qDn2Fij5kRId1J6BpbliFScD5irdbq4b/4qlKG+uoEGwMVrK4pWxP1+gAs8e3TBal7h9pAszDpWcLzd7Ubav8g==','','',NULL,NULL,'0000-00-00 00:00:00',0,NULL,1),(30,'6','3545743197','WagAD9Fu7GhHpb75fu19WvYapzLxShUkJ1pO7Dnk12azjHzzuPLMF6g0Hs5LNBlwFWxoWerbcSIlDNKnwgC5IQ==','','',NULL,NULL,'0000-00-00 00:00:00',0,NULL,1),(31,'7','5291','YR4Ww7ouT7vF8bHWxigZgL7X+z3nV4H+jV60rOBH3pgUkFWnuGH/PckoXRx6rWcor6X0l3LEzHYwHMUYv5+t+Q==','','',NULL,NULL,'0000-00-00 00:00:00',0,NULL,1),(32,'6','3766232904','lyLSTlnWeFzLlAlc+V1o3sKZrja/mGMe/+viJ/SdeGMIBHwYAKaFs9npoTFUGOeBzHlzmyr/tKphxc/hdZWyaw==','','',NULL,NULL,'0000-00-00 00:00:00',0,NULL,1),(33,'6','3915077662','94gYfCwAMXBWcIGAD5mNB9iuU5Q0/oCq2Oww71q5B20kNUygsNheI/R6iWzAma/2ZI8Oo2HUvM0ep1sZ674bVA==','','',NULL,NULL,'0000-00-00 00:00:00',0,NULL,1),(34,'7','6773','0wHYlJp6tovshIZ2cG21LnbaoOAoMepzeJdazcjwhb1MS6/soVj2lnrsAFgZJW1BK+i7vbxdO6Sbm0jPplGEgQ==','','',NULL,NULL,'0000-00-00 00:00:00',0,NULL,1),(35,'6','3381513331','GUrVWa1hah3BkxxgOMivcOOQwBoB3Cvqd2V0bjIg0dOshr5u+fD7cCbkX09rrM9hXjszsbuJslW3cLUvmd5TYQ==','','',NULL,NULL,'0000-00-00 00:00:00',0,NULL,1),(36,'6','3101641519','2VcOuXoM7Oo/Bm7uNROsxs3LzWB0Yh28XdlcudunWLvDfyFwJdhylxhXFuGO9gVb15AcrUBOrNy5NVGXdlU/mA==','','',NULL,NULL,'0000-00-00 00:00:00',0,NULL,1),(37,'7','8809','e47u6oO9HLnIPHgU9CvLQk7zJatjDCyqKBMz0BeNsoIV4aWZk1a98IDeN4O8ESvoh+mYzsKWPFkMaXs3yki8KQ==','','',NULL,NULL,'0000-00-00 00:00:00',0,NULL,1),(38,'6','3733800559','yHubeHm4ATwBV5Q2PwDrnEg0Zg0JUVshpaT8o0UqxOSP9dNOW6zK+jEUMgG2OjsH0oU6hTiysAMed/Trv6q5lw==','','',NULL,NULL,'0000-00-00 00:00:00',0,NULL,1),(39,'6','3470915813','slORF/5K3U6V1pnF/sqNW10egAN2v3ztsE1sRIJAt3HTlK6eMOrA/CJ0crQfLyTSvIsL4q9UqVo7tlofp04LQw==','','',NULL,NULL,'0000-00-00 00:00:00',0,NULL,1),(40,'7','3512','FiWQx3AN+Vpmim6ppMDL3IqebhdVjpz3KIkomHw9qsFgbeEdv863hWcWHUjVJr84GqUthsH6Ev4OXbt381rjbA==','','',NULL,NULL,'0000-00-00 00:00:00',0,NULL,1),(41,'6','3129162122','VZUr4Es5rkNjJ3cvrtxxYU9thpKOOnzluQWqB4fgVXrGWPnHRlD4qgET1qUMKSOpkzPOl0W1uZ4FATpMBEjnjw==','','',NULL,NULL,'0000-00-00 00:00:00',0,NULL,1),(42,'6','3695161872','nwzo0zc4kkPpH+zH2DApe9CWGaSO6jEQJr9yetOUHx1oBQ8ApeLUgshQEO1H22XlanZCZtpzarZ9nRcZPOeeAA==','','',NULL,NULL,'0000-00-00 00:00:00',0,NULL,1),(43,'7','8913','h13nxY0Qu/2hFvVBMSlpKvuM7psQGkhYXXqVgDjfzJzwbR77F9HAX4OEUKhlYkBIZR5ZpXVHFoNX9AXJDr4JYg==','','',NULL,NULL,'0000-00-00 00:00:00',0,NULL,1),(44,'6','3200388252','5RXRpdcmg+7m3XMTMD3zIfbH+YVnNBkzZ4D6oKEBmq849AXR+1p5tSuuH69bEFqcuXX2TrB+ILY8LWvoXawK1Q==','','',NULL,NULL,'0000-00-00 00:00:00',0,NULL,1),(45,'6','3535988224','4Gcx0BY/avLVx0d6ev5F25AXLu9TLZ+Ape/53Xzl6Zt8c+LdAv3ENKvg4nLGIt2OAwbcraEx7XwgqaXW0aAvdw==','','',NULL,NULL,'0000-00-00 00:00:00',0,NULL,1),(46,'7','1707','E5LPBT+6jAiBmO3JCaOrBozhZrSisSuJi1PAqt9lgfqczVkE57BuelzMHnAemNtHnqd4CfZmiAcmiuEYFmct3g==','','',NULL,NULL,'0000-00-00 00:00:00',0,NULL,1),(47,'6','3663198028','nnv1YCtilBibhRPdXyKa/zCGnE8kg/sZyuP6JIlXql3s8RQP5GBBel+ih3EPMChvC8s5fY8IPC4FKcZN0hrFzw==','','',NULL,NULL,'0000-00-00 00:00:00',0,NULL,1),(48,'6','3303216194','dKs5wKAKJoZm4WrclNTY6QGWFsWTBw3bcPNMiu9qd0makWi5JdizpRFfhvLB2iC4Dmh5wiQ1UfJtR1B4X/GEhQ==','','',NULL,NULL,'0000-00-00 00:00:00',0,NULL,1),(49,'7','7382','H681UjIwwFALVgAHZIktIO5HLFoO2+x9d0UOgE9K4uGlMAC5FKzqWyLsRRgU7LcaeAGDSHIOQoX/0FfylJd2RQ==','','',NULL,NULL,'0000-00-00 00:00:00',0,NULL,1),(50,'6','3466906593','WhyZ2zefvHJPk+ZgmugjPMPp0qIu4HPDn3RNmjv1imzUMCNWVTSRc1nwz12//Kcjdf68wD467ofup+TgBpVSXg==','','',NULL,NULL,'0000-00-00 00:00:00',0,NULL,1),(51,'6','3669162663','OqhrR+XE8sFeOHTBGiBEi8VjsiyYaijZp+EfbqJKBEMGoiqH/2/wlvxdSkrlfuXhko9pk6i6wmldAiH6ZhnSZg==','','',NULL,NULL,'0000-00-00 00:00:00',0,NULL,1),(52,'7','9876','ATJoh/1T467ru3gPDD99Prr1yppvZqNhKD8YmgwDjm84/rOjI/rlteEXLgdhW0hgCmvWNxUwzDO/GmUHCh8ftg==','','',NULL,NULL,'0000-00-00 00:00:00',0,NULL,1),(53,'6','3449806357','Q9Tq7Erhar+6EmvURCfftDcuOchuyGDZy1a842nlXPFoKAShd/BNNSPnPeRT+kdEQfc4IFvey0ciHDndN42a7w==','','',NULL,NULL,'0000-00-00 00:00:00',0,NULL,1),(54,'6','3773106544','oWjSbnoDn4+P/YxcsfXmAag9lUohhuKge7uxV8csyePuORQjSyIRAZFYBIxwV7GtDZYAPReUFJzaZCNoievccA==','','',NULL,NULL,'0000-00-00 00:00:00',0,NULL,1),(55,'7','5158','twFU4Sv+CcYHUwU/4+wV1z0kajPemqAXE723sIMuM+Mv/kRkcLAlLorV+wnx39ePXNtfyjgfkPr44vGmjZHdGQ==','','',NULL,NULL,'0000-00-00 00:00:00',0,NULL,1),(56,'6','3179493178','JfxGMBtxb6j6wglNuy0LSc4IeGqTHQ0YwXreKZz625NmsSjhPLCCE8YRbOl8XZXBNMuKMLK479prSJkBQfPXtw==','','',NULL,NULL,'0000-00-00 00:00:00',0,NULL,1),(57,'6','3999631834','Dds3SIbOTJnTKSOqjPtePAVjdnQl5Q9SYde81UuWnUnBmmXTyHAwIEUUfBJlN3wqoeZjNdzGO9exoDvYUf7Hqg==','','',NULL,NULL,'0000-00-00 00:00:00',0,NULL,1),(58,'7','7581','bjKjRI99ABxfb1T96qnX48TY1pFBv3uxhEp2ZQ7ei74suBRcBKVCEnRVZVZd8bFXP+RQIz7plwxQ4YGM6CGCRA==','','',NULL,NULL,'0000-00-00 00:00:00',0,NULL,1),(59,'6','3948811952','3zd7/TDjJ938XGrCzHmHD82RuVRuyBD8vHkC7BUaGx+nB48xGDqu9uHDOT+Df2Fkb3k3t0DMVfR5w5z8TBozLQ==','','',NULL,NULL,'0000-00-00 00:00:00',0,NULL,1),(60,'6','3945803476','rIvnGv39GuxhWZni+n2Tf1Clk18HbRfIXx8a8h1hE+ApUsjqwU4pGhlA6W1be6QnfGfOdkBcrNKGhtKV8lwHqQ==','','',NULL,NULL,'0000-00-00 00:00:00',0,NULL,1),(61,'7','8801','esmZ38Cgb1Sczq12UOgJEa2Q8dMSt4Jqu282N3XFQJioFFZuTsSVBupN85WXp/W1qiIAkHb0rC2f7t/fzNkxKg==','','',NULL,NULL,'0000-00-00 00:00:00',0,NULL,1),(62,'6','3380655664','Q+s0GhqZmo5+n9/s/NTMGK2R2WoWoy/UdEtB5EoNPaTemx4BcyHcGFdqAAnXSY3LLP/cczgc8Ybqc9SymDQQPw==','','',NULL,NULL,'0000-00-00 00:00:00',0,NULL,1),(63,'6','3493921785','snBQLGDvDXrdOpkD6Aj0GKe1TBoK5oeng9VAaYUi8oNCu7oAONhDdu0GQlUSTY6y+souW810If12ZEI9RDGXqw==','','',NULL,NULL,'0000-00-00 00:00:00',0,NULL,1),(64,'7','2470','zyjNmcSmR5L0X28RwfeB4/HaUQDd9WQaDXoY7qIOEFH5NRWyh0XTyOcrPlnt4WfRm5IrhAfXjuohz4llzKc8Zg==','','',NULL,NULL,'0000-00-00 00:00:00',0,NULL,1),(65,'6','3286125729','CY5V98XMG8ojYI1gBvqrUcFInIXV2GeAqSacKGUvqMIzovG9ExlvDBIIQf/ZTlBETvK6pFqeoa4Ss/8YsS2W2Q==','','',NULL,NULL,'0000-00-00 00:00:00',0,NULL,1),(66,'6','3956756248','wxntAs8SsBkJj7Hij7bB0MXUZMWWS0oTDaF/PWLHo3Zzj3NJZ5DJqXv302ayLmK4r5oG8rVNqqWR7OucBoqqVw==','','',NULL,NULL,'0000-00-00 00:00:00',0,NULL,1),(67,'7','6581','7uXHdMXVKB8YHSOjI8WP0xdJSy++xGYRNIow8tvrO49rO4u+SueMluoDyBtIfrRixmn6B02xDSOd7aa30mn77w==','','',NULL,NULL,'0000-00-00 00:00:00',0,NULL,1),(68,'6','3899590656','1RFJdnwW7m2FFPnGACqhKYYY3eQX2PaAZuN8uEAqaCHPcPxsoK+1l1mYywx8PdoVEjQbmvgi5DqFAMOdYZu/9Q==','','',NULL,NULL,'0000-00-00 00:00:00',0,NULL,1),(69,'6','3948892086','nvyWBTGaI1DNrLyC5mnT/y/8qUdsxum4RU7COVQyPvPlSstFQmE68H5xf3EA6cVrBpcKZ8ricui4SkyX5OGANg==','','',NULL,NULL,'0000-00-00 00:00:00',0,NULL,1),(70,'7','1885','M9CmbvnIDjKsI2203yee5+1ojcvDBiSrs37tO5medssDzlpceex6+rgfNihELzMCSyo0coFbSwgt5axt1fCK5A==','','',NULL,NULL,'0000-00-00 00:00:00',0,NULL,1),(71,'6','3839619306','6FHyL5+ZBMpoLwk4zOVpSbOozpJSX7O0vmnVcxPqaWZCqGzGk3jgBAjN5ZWofUU5XLlf3GcB1ZcuN2chaWT0cA==','','',NULL,NULL,'0000-00-00 00:00:00',0,NULL,1),(72,'6','3516424352','WWIjFajrycri58+tP55Un6o8CztjL2LNDBxacudNfWPjLhTzPUtIpW80tVEml95cGlPJs6WQgn9codOGNVLJ1Q==','','',NULL,NULL,'0000-00-00 00:00:00',0,NULL,1),(73,'7','5094','fK62069HcoRK0YWB8b0RIqfTL909ut5r2vPZf3uiYzYE9XcJGTeG4EoL4fdCQbfmJbx50B5Gi4dZTy8+laEuGg==','','',NULL,NULL,'0000-00-00 00:00:00',0,NULL,1),(74,'6','3991396876','WII7ftefq29fyKxBsMaESntg22vqWgx0nov37g++IzmvXrOHrrpO1u9gPkMs9YyhE6WDdTxYqXOSqtPfHqLZTg==','','',NULL,NULL,'0000-00-00 00:00:00',0,NULL,1),(75,'6','3824065983','+tX+TPtskmdism64BzbltwpOLAM4eStxwBUiW/mRk8Th9+pnAcMqRHHwHP4RQYwrTFEZTmWJf1wsL82QAwH2Sw==','','',NULL,NULL,'0000-00-00 00:00:00',0,NULL,1),(76,'7','5614','GBIrBj3L/3JxhiMRYwJ6P1qPxfHEoCwrL1Dgc7rdQXKK7kAw/ESFnXe5kJnat87RKJQybR1W3zrhjkQB7InT0w==','','',NULL,NULL,'0000-00-00 00:00:00',0,NULL,1),(77,'6','3228057855','qkJe5CYmxs3KgCK0Gg7Hg5muOtR6/4I80gTfPQaQkBfr1pOFjV78idazKddNcGXFTm+YmY7EDtQy1QoflpyJ1g==','','',NULL,NULL,'0000-00-00 00:00:00',0,NULL,1),(78,'6','3936527800','rA/+5/ja/+PKDbWuQhQ/kZNvDX+KnygsTBAmdUoS5eU6OG5EVYbFoL0z9Sb/dZ+mWcRpG6S/9LFnZ8Gya/iGPA==','','',NULL,NULL,'0000-00-00 00:00:00',0,NULL,1),(79,'7','8001','OyynTFePITxGflPQSK+A3hty8ux3/btK7rcilvAmhtusydi42tOQYY8CJz1Xr5B+NNI6zTwYkjlEfyndZOsQiA==','','',NULL,NULL,'0000-00-00 00:00:00',0,NULL,1),(80,'6','3205751192','t0jExc4TZnVsrT35KvR1OV+NEoJYEL+5xIzElRX3j/stTMahyRTn15DO4pBrQVz2mF+05qOmmIzT5hGBNf2XKg==','','',NULL,NULL,'0000-00-00 00:00:00',0,NULL,1),(81,'6','3296807772','kg1vz3QN+0fFDmw9Nr9oqtamT7tTG+oYkJI0X5DNT2p4tc0BPYEL6wUPkr7/37Tv8Hq5gaDc/YDe4wA3endFoQ==','','',NULL,NULL,'0000-00-00 00:00:00',0,NULL,1),(82,'7','2450','ITXYqU+pVAYUl9j7BOMFgNXWW5FGc2dsJA4X3KhcGXd6PdLw46oG7f/uaqS9VSNw/07baMmlVnXExhAlEzBBDA==','','',NULL,NULL,'0000-00-00 00:00:00',0,NULL,1),(83,'6','3249184222','G8evhedSo/O11ktloxDlSOWaOE+a6wBMkvvvLNGBCuJH6dwGm6G0FWKDRmuGAPqJVp5Le0lPx0Z15yi3SCZRuw==','','',NULL,NULL,'0000-00-00 00:00:00',0,NULL,1),(84,'6','3543598100','PXCQO0yetkOktvqGYgJemPMBNm69RDZjS81jRhMqmRTZesEJ5CB5nPEXkXU/0dSfUCXCoTwZUt4Y8TuFVBFCDQ==','','',NULL,NULL,'0000-00-00 00:00:00',0,NULL,1),(85,'7','5659','mFGQm6csbzs1LyoAq2xxCgyy+6SW5Sh9LimU2jkiN1ioQ6kZgW63UqFJaVu3YSXjTVRocsuR6PHNOCYbZXfk9g==','','',NULL,NULL,'0000-00-00 00:00:00',0,NULL,1),(86,'6','3269357635','g3J6DdNujpTFdtELarRLXjf+7J//PtbjKzNkZ6xnc7y01rjFA2pMOmq5F8cnckHMpoQRz52JC0tnSuCmVJIXlA==','','',NULL,NULL,'0000-00-00 00:00:00',0,NULL,1),(87,'6','3975297845','6eoowUvbU2/bd9jUjzRVOcnvxrKh24hD/+MN+O8duR9FNztV9UrbNbOSkcZ/mr9Q6KVTWwGDn3Agh8upZH7cgw==','','',NULL,NULL,'0000-00-00 00:00:00',0,NULL,1),(88,'7','9529','9cxD4PPETQp+QyPvRRoPhHLLKXb98FvsuKDeQLXSRPJ0j+ST8WSrEgWMXBIy/ZevvauwFKvUzorhFyQBgpdIIA==','','',NULL,NULL,'0000-00-00 00:00:00',0,NULL,1),(89,'6','3320175345','TXrodQbbwc3IDPSmUFVp1cI9VhW932m9SC0+GxcUX+EzS0Nb+JJe4QBJ1c3hn/MH48RSaUH17aDXI8DZLH8W8A==','','',NULL,NULL,'0000-00-00 00:00:00',0,NULL,1),(90,'6','3474005612','ZX2Qi9CbsK0YKk10u6q9+dBdv2b+CNl+y3DaLe7XhZcjvF32EdHBkZNwY660dfpj9CZWHsdLu8KodqYTYbbh+g==','','',NULL,NULL,'0000-00-00 00:00:00',0,NULL,1),(91,'7','2719','52dGyvpkjXMo+qMVmt/dP/c2AheW6ObAiEYVvgoMvNYrekAJw5BXxQpASOwxso7LrVyb5qLU0xMiyYJDrk90kQ==','','',NULL,NULL,'0000-00-00 00:00:00',0,NULL,1),(92,'6','3689473075','JHP7kD5DsjeDMEoVh0fnrWePABsPoUSvQ9WP+36p8duv/uzRoEQLXomQ13ImM2k0TQMZk6d/ktELP0SmSnw/OA==','','',NULL,NULL,'0000-00-00 00:00:00',0,NULL,1),(93,'6','3735599979','V/NwXrEmJjgL/Um9HRnAzGmOk1UwapUt4724+u5Y4V9ReZ39y/0Y/XDwH3CUp6ckYPa5L4YZZGhqJ8Sbhu0+4A==','','',NULL,NULL,'0000-00-00 00:00:00',0,NULL,1),(94,'7','8045','a1639C3WgkeUnHAXNpqFTopbaUCWf1SMLS/w7QFcR1IhRMJztl6c3serwMHcSxk7Pn7mQ8fdPinq2e7FfzWl/A==','','',NULL,NULL,'0000-00-00 00:00:00',0,NULL,1),(95,'6','3213143276','v4ra6AEKZe+1wqSUva2QVBGbl3goR+nb33gEoVbdVxvJpJQaxSgnhsBW73qUW3bLZoeL3XiyZGospHx+QzEnrA==','','',NULL,NULL,'0000-00-00 00:00:00',0,NULL,1),(96,'6','3799030421','r0r7uHp1K5ff0RzakIgUW5X5VUgo6L4req7KDLWIJZfrupEs9hhLrB5wo1dvZzKLBRhck+MpYbc+GXeabBEwZQ==','','',NULL,NULL,'0000-00-00 00:00:00',0,NULL,1),(97,'7','2049','5GrOk41JwEREuK/PYNYXWPZI/lQFHQ4J9tjuzlh2WFJuVla8qBN32LAenPsXawXYwSqsYZJWxdQc6UJfrkuSaw==','','',NULL,NULL,'0000-00-00 00:00:00',0,NULL,1),(98,'6','3306937143','CSJQ3QnGhG9Fk0mcKkAm5IeLVS8ZNLXs8mNUUGTdFLgNv8Zg7LanFj/D7nLu5EXfbtIkrhgeOmr8CGu4TtFsQg==','','',NULL,NULL,'0000-00-00 00:00:00',0,NULL,1),(99,'6','3575506581','mKZDHFBt184CtfawYF7mCDopzG6k9TrPX6AdI7Su19vWXzE0plwfAV+K08T227i1k63WIIqXOtiIT3vbkwQhpA==','','',NULL,NULL,'0000-00-00 00:00:00',0,NULL,1),(100,'7','9648','HQFSITEYjSQ1Lv4u1Q5tnc7KxywKw6Dvv2u71D1fs6DirWj53O6YHfxEtlvtCpD3+wZo7badin1uo9ZqDLdS0A==','','',NULL,NULL,'0000-00-00 00:00:00',0,NULL,1),(101,'6','3518464544','KBvauAFXH9B6LLXdOkavGa46I2lvQB9mV/qDCL4XtIYmXWga2DFanSe4+a1Gqt1ISIGReLiJ3lnm65WrCJ+I+g==','','',NULL,NULL,'0000-00-00 00:00:00',0,NULL,1),(102,'6','3503400915','AwzIzy5o8MNZVApwEBmTEcLkV7seCyn0h/UWmvVUSiLglP43Tm9yImUm9aOXfoDxe6hJ6nXYp5Fk4HbsTuyNQw==','','',NULL,NULL,'0000-00-00 00:00:00',0,NULL,1),(103,'7','6994','2lWaPiFRtd6yrK7UH2p+6MShScYvmb6soLN/hDA5fJgEtql1gZ/bx4a/YNML36uU1wdCnIWplcKpNZBlUaVqLQ==','','',NULL,NULL,'0000-00-00 00:00:00',0,NULL,1),(104,'6','3367054320','pw+oaWpcRqTz+jxMsD5EiAgEE5su4Yhi33K4QC89KGsA1Ehi2f8uhcx9eTdWcRyf24e76dLvSp3zqFNYJaxO0A==','','',NULL,NULL,'0000-00-00 00:00:00',0,NULL,1),(105,'6','3142879382','gFunDd2dUobniJ9HvUb9F8FP+az3B2xVWkb/U/5XzipzetVTuF1iKYYY24p8o5FwM7aDec/tDh7xyWlHUYyvfA==','','',NULL,NULL,'0000-00-00 00:00:00',0,NULL,1),(106,'7','5630','cSZc/lKj+CpxxgsIntiKcyb/QhsswoMdENFxc6G2+CjvsFMaXYlLWgd3AZNxYl1wR3VmY+OFVrjvk22QHIrgdA==','','',NULL,NULL,'0000-00-00 00:00:00',0,NULL,1),(107,'6','3551941059','oWdoWYN8XcUCUySdDTdA1Hj13UikoSc40AKgkpTySczRATEoDsKnIgD9RePXpNt3meVW5+2IfA6onWoNNZ3k/w==','','',NULL,NULL,'0000-00-00 00:00:00',0,NULL,1),(108,'6','3799779589','2YJ29J+C+qcQjjAd9+0LAnxc+XKzS0jJy6CSdQN1GGmfPNjjIPev4o6fCldYc1O11bxsWrLxwM4fpaxHt1D6Kw==','','',NULL,NULL,'0000-00-00 00:00:00',0,NULL,1),(109,'7','5426','EiPCqQxTPT17KpbC7uQ8U+SEoXzMjeKpfCZwiDlvQSxj0+zzQjvei1PbinuIMeKkKtQtFDv+l5IYdmimi2nN5Q==','','',NULL,NULL,'0000-00-00 00:00:00',0,NULL,1),(110,'6','3274099967','pZewk7s+bLeuA4xJqaDh8cfzbs5EmSg15asudAqg67PKbvbugxgQU4rEjVZOeqYduyiUIMISMpPmBA5GR7y0EA==','','',NULL,NULL,'0000-00-00 00:00:00',0,NULL,1),(111,'6','3824851151','WLB/isjWzObqjSEkN0tHRXMevORluykgnumDcX1WcWSJTXVs0bq0n0SM1ExHZ8xFdMh3IJrzbbYcnbh+AIbytg==','','',NULL,NULL,'0000-00-00 00:00:00',0,NULL,1),(112,'7','5784','zbtxGsosqACA5bkAdMmfHz2SkyV0V+ddxqpSnBSXV02WYGBVFm+na4il0C2DEtbjKCnRz73xI+wB/JvhghHq+g==','','',NULL,NULL,'0000-00-00 00:00:00',0,NULL,1),(113,'6','3705362662','8uHIrUK50DBbGVIGs26YuIW1xHwXfPoNQQ9JtV1E39G+p/qhkf3iz5KhTe9RS8UpLf27F8dpu7tRlejAvfSevw==','','',NULL,NULL,'0000-00-00 00:00:00',0,NULL,1),(114,'6','3301952060','nWxpivf3678s469n2y0GwV9r+vC9d5RB2WpYRXAhOReD7f/Y071omlqzvbW1mORvAosIYzPyvlnQEeYdBWZgmA==','','',NULL,NULL,'0000-00-00 00:00:00',0,NULL,1),(115,'7','1266','ULAYmPg0C24RkAjhpqo5nrvKuIgc4bL1ib7NVXVb8h/7y+ZUfRx6I/rMDlN6XpT5TxxAMGP1mMGHljpTmIvtEg==','','',NULL,NULL,'0000-00-00 00:00:00',0,NULL,1),(116,'6','3146083834','ScvozdxnFye9YPEvq8cFAIOl/5eNdx3BsyZxg/6auxL6YlukBwSMNvOscGpo4WChJp9L5x+jV8N5bausqH7OLA==','','',NULL,NULL,'0000-00-00 00:00:00',0,NULL,1),(117,'6','3853717912','LRlzohaVB2xGOMdKq9rqVu9fyE/OyGxxreFVvk7Y+0bRhbAxsqyGk9k2DAJVIVHID3pKFzc8eg6w9bK/76Radw==','','',NULL,NULL,'0000-00-00 00:00:00',0,NULL,1),(118,'7','4966','UjyaaWW9SP9Cd/IljMgvt1kyyxHQBJlckq8QOljKaRYjKqvGsoXwMfLlXOus4h3nu81ccKLejmhVkQXMuLD50A==','','',NULL,NULL,'0000-00-00 00:00:00',0,NULL,1),(119,'6','3334463725','vRtwWPQXU6F9YZc3UiX7Q1K2HJ1IleDxniotOWCP6h+/wzAwSj4Qhf0E+NZCBToc6O+Zdxrm9H1bS8bs/nRz/Q==','','',NULL,NULL,'0000-00-00 00:00:00',0,NULL,1),(120,'6','3584905333','bvqYsI7cObM4CuEZY4pHsqWXQ7mBnIUfGiYhQLXHvG5U77lbJ/6kRAOXzyOwIDxhKOy9GP7CzSG5hadChAKXUA==','','',NULL,NULL,'0000-00-00 00:00:00',0,NULL,1),(121,'7','3281','lC8uXG4KXVl55E/m3Go+DjTIAT8HEOPNm+Paffn0JufQ1oGYofeJFmmxwMZDJuGeo5gEn+TGZCSMyAZiODS7Gw==','','',NULL,NULL,'0000-00-00 00:00:00',0,NULL,1),(122,'6','3263436638','c67nLFWTUIt0Q9LwYRqxYG6VtsdgAMyZzsDR/9LQdTv0kbPCH0/HCf3b+2yjv579uK12PUgYeTJllF4M5RBk6A==','','',NULL,NULL,'0000-00-00 00:00:00',0,NULL,1),(123,'6','3269592308','yUVvtbGM1BbdhGfdQyfCrk6+kbxkCj14cYcZ+AkPyVyrl8tYl6El/Z+kIQPhqKnaZCYys6xZEBKfFB3MW9r4Dg==','','',NULL,NULL,'0000-00-00 00:00:00',0,NULL,1),(124,'7','5188','MNeGv4N7IP1BGsOutwnP5jhi95BSzr2MKBbSIJUZ4IzhBbctWl+s0p90OvbR27zf7QQ07bp1G8Y9QdVGF65btg==','','',NULL,NULL,'0000-00-00 00:00:00',0,NULL,1),(125,'6','3519612148','GvFxgSQf6hzhFaZSrCuE8J8cfLNDzsG+mM0mg9KMJWyEc3N1BLBD9+g8OzBKDOOP5XrgP0Xpyd7WaQ94IS2T3g==','','',NULL,NULL,'0000-00-00 00:00:00',0,NULL,1),(126,'6','3581657193','JEFpSVRAQswh9GAb08mcnCroB9o3cFXgocCnltmj7WcGCyvx6Gk3KuUMRQyLffeY6EGK4yg2qbRKuZADFyBrAw==','','',NULL,NULL,'0000-00-00 00:00:00',0,NULL,1),(127,'7','1708','vq+rgahPlyy0GLkmgkQCy9DZJF8MpOGmg/IczPTQ6p7Zsk6fWAiJxBSZdcGy4FV8zs8mzSB2y2nofDJYW77RQQ==','','',NULL,NULL,'0000-00-00 00:00:00',0,NULL,1),(128,'6','3960814106','PJ+MZND+iCI/iVWs08xiyPeNPJ9c0iBmOh+XPgu3AoYDXpKHXxPVWBsvbHcWVykQK1lhqTURGQ2T79YgkW8Wpg==','','',NULL,NULL,'0000-00-00 00:00:00',0,NULL,1),(129,'6','3349005541','9VsEsRkZSjrA0sIpjFRMA1gdoeXeYbQyYQc6BbVyAG7r3nU2YiKNo+KK81DE1rql8rSbI4Qd9hHdOBXOdv9lUg==','','',NULL,NULL,'0000-00-00 00:00:00',0,NULL,1),(130,'7','1046','iOFc+bUp2CsMt2+YG4t0e6pn/oulnhwIe1EBrhs8f/ZuLU/4dNemS+f+tNKaDf831fgFl2PmMe3Hm9jObXmv9g==','','',NULL,NULL,'0000-00-00 00:00:00',0,NULL,1),(131,'6','3359905880','lck8QlM6rSfruiKERirVCaFi5wV83TQ4CErsGpFNMgfJDhH6U9C1S8jIijY57i94IIluAWm7HyvlguJ+L0QpIQ==','','',NULL,NULL,'0000-00-00 00:00:00',0,NULL,1),(132,'6','3660115675','lPgpCwsTZkFOZcpo2twrjZ3NSH2+xtaywJzMhgFzKkZq/vX/YYLHxW5rGWo0TDz001AmUA6AFtWuF0hx3yXqtQ==','','',NULL,NULL,'0000-00-00 00:00:00',0,NULL,1),(133,'7','5835','jMkn8oQMbdSmRMsReXe5q1kEKzXhzKxXwy6XGPeZFrpu4jsIg9/PatxXOR1BFFyDgzMazzl+AP08yT/jktp8Fw==','','',NULL,NULL,'0000-00-00 00:00:00',0,NULL,1),(134,'6','3628735154','u23N5SuVKMSXa29wwzxZciTgkR4Thtm4X5ThF4NIqN/kXue5d/SU5W0XRDeAVeLRUR0p8h8eiA0Zrca39kBNpA==','','',NULL,NULL,'0000-00-00 00:00:00',0,NULL,1),(135,'6','3369473696','3zUvTP4b/MJSkyP+ZAJIoWG37Q7rqw/L92PgL8f4ATOjWhci2Vojr1qeG4JsK2pBsfUUK7oOG8axTXsjP1xJng==','','',NULL,NULL,'0000-00-00 00:00:00',0,NULL,1),(136,'7','2418','pzl46OQR6tb9Ez7rZPNJrs8v5oNcEkLr8ZlqsQXpFxP+0+bvmnjqg64BQNG1wsnmvkhKnDtMdVDZbMJ6m+flAg==','','',NULL,NULL,'0000-00-00 00:00:00',0,NULL,1),(137,'6','3828018827','UHp143K4lvU+uxSz1HtneEfkJsi4V8LMPNBpqapG5E3h01dHg4nExoAd8Gdx1V99tMHXR+mQoZhZL6zTqhbQNg==','','',NULL,NULL,'0000-00-00 00:00:00',0,NULL,1),(138,'6','3448228857','u1+HCDKfYb+kWyS5HnL8pC4kFd+/URotxip5h8nVCPPvQddcG7XGsD5FU65fv89Yp5XpX/oatEYlX+m4k1CVRQ==','','',NULL,NULL,'0000-00-00 00:00:00',0,NULL,1),(139,'7','9939','8yx/nh35eOBzTz7d7BzeSX0fo9pNcnYAp5rhL1d4aStYj8ETFZMUEYA314ZiLDd0Cfol/QGDBbSdNguVafUxQg==','','',NULL,NULL,'0000-00-00 00:00:00',0,NULL,1),(140,'6','3266236057','MJ/pxWIo/9o21tkOp9cG+W4A6sLW6h0jJ9cV/y1K+ZEjd3267QfUsW2IJp4/6Hc1qhfiLV9MXUFvdvh3oAmoEQ==','','',NULL,NULL,'0000-00-00 00:00:00',0,NULL,1),(141,'6','3521251480','SLdoH7WkzqyZ7PZID2OCqp2AG4EUSfLq039wTqvRPcpUMF6oTysEnu6uXGwReYwZnq2s3pZsniwNtMpcJdJ+TQ==','','',NULL,NULL,'0000-00-00 00:00:00',0,NULL,1),(142,'7','5374','Iu5Facfp0SEeR/I4xua/uvOqVFUEdKy9OvZPeSW7uR6ZGVT4pOUDtiFM6mznGW27PjxAIFKEY6p5ZoiOV3fKTQ==','','',NULL,NULL,'0000-00-00 00:00:00',0,NULL,1),(143,'6','3488641965','E0/E/nZPinzcucfqz/Cbb2sfAvzx4cJU9rD4ouuPibCzPQUTfI18gCZ5nXMwk26xPLcZ/fcwNC3XrX+ke88Dvg==','','',NULL,NULL,'0000-00-00 00:00:00',0,NULL,1),(144,'6','3946669613','Bnf9P+wKLzJFCuUQ6ZyvBxLcWWNqbC82i/mdhsE9KqQuxJ1KMGn9M32xmJB8zeXIQM0j3Lvk1w63OQrWMpRieg==','','',NULL,NULL,'0000-00-00 00:00:00',0,NULL,1),(145,'7','7925','IqBb/SEuW18vcPAhG3RqNTMY+b7s6j0DBo1kFc5cSI4KdVZJ8qXBRhRLgHWvkPPXP5LHBAqSvTYFYRCH6s9ukA==','','',NULL,NULL,'0000-00-00 00:00:00',0,NULL,1),(146,'6','3388791469','CcA8xzoZeXcxAls0mrm7cQQOcJXzxOY6z3qEcytKB3eEIp28wVVlJv9irBrrcTvQS8lE6G2fT8LAK5w0gAWQYQ==','','',NULL,NULL,'0000-00-00 00:00:00',0,NULL,1),(147,'6','3185714777','IjyU7q69olIuUOujXwYJLfOMPEb13Zubu2paQPG3CTtOJF/2XbQ+Th7IFcQPoXw6fJpu6nqfT7qUy4gOMV0C7g==','','',NULL,NULL,'0000-00-00 00:00:00',0,NULL,1),(148,'7','7948','aZK5tGbsg41aCg7iwexo16OK+Gi4P3rgaFyyrK9jh/xOSiZMGcqoGXOxWmUEUULYlcO8hYcoXkgw+Q6eYL79lQ==','','',NULL,NULL,'0000-00-00 00:00:00',0,NULL,1),(149,'6','3491984948','ssXumae4TvzqTeaOq99zCqSeAbHm9LHOC7PxX2XQhjGPnDTn97cyAjTsa5F+nY9Pyxwk0XAqT1OwGV/7Mia2rg==','','',NULL,NULL,'0000-00-00 00:00:00',0,NULL,1),(150,'6','3934724217','otzLeQulhiPoV+7vrc746TgZVmkUwCOAcsEILcYZmeZ5LRutYm5SCicXznCeo1NhEul5aDLCMB2pNL+vNzHF9w==','','',NULL,NULL,'0000-00-00 00:00:00',0,NULL,1),(151,'7','1576','Svw0t1WZJgRShBuGdaa8zwqM8fVpGxNljZf5Lk4gT9XI92MfXj7HG5vXRXXRQgwhU6UtzE5dl3Il1hcKRB6YGw==','','',NULL,NULL,'0000-00-00 00:00:00',0,NULL,1),(152,'6','3170934687','dF6i7Y9rbaVWNNyS7HEgCWbZ9KP9aMPGdXHJt0JJSK5/LGIHORPy42wtq+BUcOHXsxpOf5V53IneGA4WbIE3JA==','','',NULL,NULL,'0000-00-00 00:00:00',0,NULL,1),(153,'6','3111241583','TZMfA6reVUNfkF/0Kayy22QPC5k5tjB/gA8PHSpUbHLjqa4TIvVcxsyd1/4mE7eDqrkEDiKrk2Km4vfNE7uMew==','','',NULL,NULL,'0000-00-00 00:00:00',0,NULL,1),(154,'7','1920','yShZs4KiP7adrHPNcmA6pRlLHrh/yEuxr3TFGWXl400l2BV/T9gv/mPUDIhunp5p/mcfWnU0DkkFkRvG75zURQ==','','',NULL,NULL,'0000-00-00 00:00:00',0,NULL,1),(155,'6','3980264553','W0DW9HeFlyHdkNEHoPjz5bs73pX+NzE4dfDUs4mj2OWOaaNnJUMCAOpOvmkpM5bCtKux8nKVJ5hUZ9j+5stHqQ==','','',NULL,NULL,'0000-00-00 00:00:00',0,NULL,1),(156,'6','3815547829','bQjO5dORa41dFyfiMe7ckGaku/fGyfxPcwJpCUSlbHAyiV4Gw/hyOE2z58YnXe+GY0UXl8GGf7qJsPPJLJ9WKg==','','',NULL,NULL,'0000-00-00 00:00:00',0,NULL,1),(157,'7','2744','eJWhCrkhEINMCCgAyTo83rQeBxgUBtirqWqtHu4XWfc5lQaEKZVZ4+eOFqV2y1ttmE/5juxzjSfqMPkGSUNNZQ==','','',NULL,NULL,'0000-00-00 00:00:00',0,NULL,1),(158,'6','3850668943','ioYshm+XvjFKa7u8DOmB5STbUVKRRxiqCySGwZ5vEiHFnm/MvWkFa5nIYABpIP5/M8+6imvC7tGC6Cw8/37b8w==','','',NULL,NULL,'0000-00-00 00:00:00',0,NULL,1),(159,'6','3213265881','TEuUOmUKBlarIOGv6e4BYabnZl5OYosvpaY12Hz3/9Q1DGo55uG0UezLVyl+iq90A6jdQQOTNxYlYsZaYZx5rQ==','','',NULL,NULL,'0000-00-00 00:00:00',0,NULL,1),(160,'7','2695','ywfyhKaaRy1aFYoRMfrJ0sm6PxzkUjKDPArEtNslfiTXJiZFXXxAcE1c2j4FztbXCBRvDuSqE+von6Clk0A+xA==','','',NULL,NULL,'0000-00-00 00:00:00',0,NULL,1),(161,'6','3201027651','6OSbpco9JDTgjtbzPEh4iHo9dfZmwhTQy9se196pok0Cf8322f8TsOydGemNAHavk9K4Cg/nFFV07UQJWfDdBg==','','',NULL,NULL,'0000-00-00 00:00:00',0,NULL,1),(162,'6','3288794971','ywBzZwi3yIhBBgsMdNbx4N+tBCIAHu0kpyx3b18zYT9N9cO/Yn/oWQj6bBavBxvD619Hxt0ZQjctKJiLAapGWA==','','',NULL,NULL,'0000-00-00 00:00:00',0,NULL,1),(163,'7','1481','R/xzbknNzgz+j4qELEyHis70RuHNO/YaiF9f3IM4HKssRaeWwe065U90pizBUe+7TY1aO2raAxUeJ6hZquZYDw==','','',NULL,NULL,'0000-00-00 00:00:00',0,NULL,1),(164,'6','3670285928','ei7WGR57cjgDVIM6DmD0vuGqC2bqDLL6vAG3s9BR5f+IUSjn4VvIxIRsysxHvfSzkUDTJaqzWka3MHIbSyOJKA==','','',NULL,NULL,'0000-00-00 00:00:00',0,NULL,1),(165,'6','3854068801','yeiOQsI8cZW96nknk5sGX6US3oIjxisFHnQSddu7pg5XbVIjIlNVTHucfyU3gd17hcfTTQUuy/+SZ5+EBdseog==','','',NULL,NULL,'0000-00-00 00:00:00',0,NULL,1),(166,'7','1951','U+UP8IFPqVkLTgn9Rlsml9OqPhOBU9gaQQ37yESohuQgT9ZOrPtkdMPd08OAG1Mo1l+jZ1+Hq9XgUgps4UQRlw==','','',NULL,NULL,'0000-00-00 00:00:00',0,NULL,1),(167,'6','3388344252','ywLaZQ2gy3wEoqxoWpyx9i/y9dgSSpzJAvThaYRx7r9opB0YBLusnkvXA9BLsOxsoEYgeAPpQu6+MZNz+w1KHQ==','','',NULL,NULL,'0000-00-00 00:00:00',0,NULL,1),(168,'6','3958864249','CgW+8FgCpWNUHUnIQ9tV+ENOpqzqo51tBJLBEFPbB96drPy2fKXMBZby9u0FaZDDcnXTSAjadrO00Lf5hL4V7w==','','',NULL,NULL,'0000-00-00 00:00:00',0,NULL,1),(169,'7','1595','V6UOjkyaDx9Gskvk077X8LVTPKNITiV/ch/7Rh3hb1j4V+BIIi/8YvSM5j7MhvGzzM577CwHwXRw1GUYmabs2A==','','',NULL,NULL,'0000-00-00 00:00:00',0,NULL,1),(170,'6','3278613744','/yOENJHvRcKGCYuhkh0cDOekKia62nsWOhZCpBNrkQo+zPxY2yGoFAtB6aB8RkKm+YtGEa4tl97eC1DB2LGr7g==','','',NULL,NULL,'0000-00-00 00:00:00',0,NULL,1),(171,'6','3585945846','NxfgATuG+hsO8vGVWQcDQEY369R5fkTl9+8dF51T9qO+SK4VlENBPlseFMj9ZiOr4jOtlg2i3Ejy8RG7i60Rpg==','','',NULL,NULL,'0000-00-00 00:00:00',0,NULL,1),(172,'7','1206','R3fY/i7nU9VTEhaI2LimMnaFEEVSQ+AJkHWAekp2gZmQtijq+0IhRck12+TWEiSKcGLmMfHMbzwGcV7x8pOI0Q==','','',NULL,NULL,'0000-00-00 00:00:00',0,NULL,1),(173,'6','3899129003','gMmlXcltxhM87SLXVVqksjjiea9//ikYOpbM00MxesoIQHQpxNqzJX/7YrhQVYBMe8Rl6+q7KbpKWulRbItXOw==','','',NULL,NULL,'0000-00-00 00:00:00',0,NULL,1),(174,'6','3319103509','uvCKIk3a3h6cIRYWxH6p1fMBO8WF4Z0imU6yiVFKjf9N1Vl0NabVJBgTUOSpP9uwjih1NmCeNFKozVF97fRGXg==','','',NULL,NULL,'0000-00-00 00:00:00',0,NULL,1),(175,'7','1362','mGvInDoYW5fcDLDm1ENs9Q6/v2WSW4Onefon12+kikDwpS0K1jhEhbM0NyRjVYWx8ouBxLgfVNA83VYTPK5+Gw==','','',NULL,NULL,'0000-00-00 00:00:00',0,NULL,1),(176,'6','3866756819','KZObBP/QR5lU3VO95WJo0XuOLkZdGKvZG1m9UmURtCzy91E9Kr3k6kZurpT0XYHv8cilbxrX1SlXFKNApLcCZQ==','','',NULL,NULL,'0000-00-00 00:00:00',0,NULL,1),(177,'6','3737430173','7NcYnsuM1LfOWG75LW2KP/zqF44HqJ5Hn9OxapfEWe58Mk8DcatebxeL7VoQ6iY76uOfCHvnoLpHFyOxik+fZg==','','',NULL,NULL,'0000-00-00 00:00:00',0,NULL,1),(178,'7','8136','kEFjxiWSVg8cmgBmqiyeW/0gi+1XTXUW1xRYJ42rPootxYoHqGSZINNQ5aHe8WLLJCqaUe53Bz7dT2o9RrmFUA==','','',NULL,NULL,'0000-00-00 00:00:00',0,NULL,1),(179,'6','3467388287','p5Ydigw2v8BRQ8VAiDKuLHQ7yZ5x1MjdvhvDi225dPXOG8RoTkqd5yErqbNZZHCMa0KHH+iwA16SLFRhEo1LYw==','','',NULL,NULL,'0000-00-00 00:00:00',0,NULL,1),(180,'6','3375855251','QxfyUJJq3FkHjvPXTUDxt80EnEvvjqnHwGiqNTySK274EseOhiFMx5O+vRzDA9iaXDucbd/D0FpKLExbQwbbFQ==','','',NULL,NULL,'0000-00-00 00:00:00',0,NULL,1),(181,'7','6771','K6zo8/4DmNLZHABv+ASjfqNYdDTMMnGjJ1nLgqkIcI2NSEAut5C8EjsnXt8V/TgdZmjGx26bb7EtwpeWwT5cVw==','','',NULL,NULL,'0000-00-00 00:00:00',0,NULL,1),(182,'6','3594012483','uPvnkm+qSYfeukmuBtvAjW1qZzumr0xR2Nu2cqqeVtAXYj6EYa1yCSZqXMRBnlP5TnfvBd+9wH69/DMt1Uwx8g==','','',NULL,NULL,'0000-00-00 00:00:00',0,NULL,1),(183,'6','3241072660','Muxq873TSh+7fNkNUv5ZGZmrvB+Pg0ROIKoPymV6TPDPZi8Y9nSjM23eBNsg0WBTvZDISFyxMEDGWSKfZtjrSw==','','',NULL,NULL,'0000-00-00 00:00:00',0,NULL,1),(184,'7','9638','sGxE6EcE3+3OVd4oepjhAO74FRxDYtYx6QxzBxwM2Jgt7xFXQVe253Kx0SUakIoMqyB1t6u43Cio7Pq91LjSFA==','','',NULL,NULL,'0000-00-00 00:00:00',0,NULL,1),(185,'6','3771427345','KkmZ5iHpXl4I+0MhgqHa6EenGi1yrFXAMCnvcZfjChZgai7t6Pbh79hEsFI278rqaxVSh18grgYPQG1F8kAGEA==','','',NULL,NULL,'0000-00-00 00:00:00',0,NULL,1),(186,'6','3942245484','SNidqsGUO556I7p1N5tCkCKU2CKBN+A7a4Kp8VFf7f+Cm4ABXXk+TrHEAlHA4s3JACvThXSsuxOsYC3htOMA4g==','','',NULL,NULL,'0000-00-00 00:00:00',0,NULL,1),(187,'7','5558','hirlC0GEwUyb/zI7lAciTTtlj1Qd9Wfq6c0eyFtTCfI/lDyyfrdfLkPgtzX7inR3F7a1iihDq47+hvhdovpeAQ==','','',NULL,NULL,'0000-00-00 00:00:00',0,NULL,1),(188,'6','3263715721','YLQr9Qp+9kopBfm16qOtzIM2asMooGwdVBMSRCPFr7P1VYOBTkvWFa13s0Z+ThtFXRPnTmtaOb9xXanDqw7PiQ==','','',NULL,NULL,'0000-00-00 00:00:00',0,NULL,1),(189,'6','3780896597','RCG5Iaeiqf47pz+KgXrZ4bqH1mV2Ta8y8A3bY+XUphOI9CKlUA3COKQH5lWkC2toYEhbqO0nj/Gs6O38BWRLZg==','','',NULL,NULL,'0000-00-00 00:00:00',0,NULL,1),(190,'7','4102','k7EoVcvCz3KVN+BbS/hx68ICsGHTJDpbsUMRYTqyhv3Mn7zhSJFkvc3Xqghylk+IQVj18jaS99VXR7l1EJXiZA==','','',NULL,NULL,'0000-00-00 00:00:00',0,NULL,1),(191,'6','3794113939','JNpYB3XxE6xMW+WWgSPqW5rPnW9dGzKV9/zjyAAgvSgQb43+uL2IJuqDP0N2M339m2hbcsEFfT1NCHs6iHRALA==','','',NULL,NULL,'0000-00-00 00:00:00',0,NULL,1),(192,'6','3805039386','ONYXiN/TCtjTb+/iQkT8ae7dOLAaC/+RbCuh/VMnJR81msWkwybhZiTFMWBXn+XknW9C28wHtFx3CO+CY1DU6g==','','',NULL,NULL,'0000-00-00 00:00:00',0,NULL,1),(193,'7','1391','g67KhV/KVntHf7KpZrqijjEMblyuNaj+N1g1g7QwhI86LKSyDjy709EjuIOc0pnHlAmRPJE7uWRW9Q3blYTleQ==','','',NULL,NULL,'0000-00-00 00:00:00',0,NULL,1),(194,'6','3425990213','sa81Wy8eMYdkAihE+xnUAV3MRUOZbWFt23Paga59GpRemP+NhSykdu1I6CoTCbbKLiqSgIWEjJUleMMR82YdCw==','','',NULL,NULL,'0000-00-00 00:00:00',0,NULL,1),(195,'6','3355643370','xAcqTUvxkGoL5CMysIFShUieJiDoU37+08jk7fBbXT78Y4H+kiBL5IkSBuTBWuPGIWcQISypzHgdyaMHGqjdnQ==','','',NULL,NULL,'0000-00-00 00:00:00',0,NULL,1),(196,'7','5923','avN0N6+pYM2XVEcPIhdSkfKEpKLSYnR8CzKZIr3Fqnm1EanuEBO9A/9WLUjVyYmqdfy+JJ5oE00Xto5GcOtecA==','','',NULL,NULL,'0000-00-00 00:00:00',0,NULL,1),(197,'6','3416882187','L+x1a/1Td6R3r6s2wa1Lk50Vw6grzxLSbJSjZgE96nrbJomp6yJ6hZuAiz9xf9Ll8yC4K2SvY37TlhO8XZqnmw==','','',NULL,NULL,'0000-00-00 00:00:00',0,NULL,1),(198,'6','3578406420','BTICtq/GbQ95MXaKD2RBZDxRf2/vCC4LLD0BfLF9tO0GfM9stl+/rOUxV+bRDYYPQo5W6PN8CbdrXxB67jaJ5A==','','',NULL,NULL,'0000-00-00 00:00:00',0,NULL,1),(199,'7','9993','Um9OphPn1H8Blavnbnwt3YDjSotc3u6laWmWNuJAkQ7Kk24+wKK1BLh9z9vEiUet26WWvn+Dw0c6+80V488rQA==','','',NULL,NULL,'0000-00-00 00:00:00',0,NULL,1),(200,'6','3800814807','1Pmc4XERaekxrnW/M3bZ1ZIn9qO5wdnM7qRpzfWcWbS5E6t/hLs+FEPMND9yGmZpoI13e5HFQyTGChn1b5Qejg==','','',NULL,NULL,'0000-00-00 00:00:00',0,NULL,1),(201,'6','3548532128','x9P4x5hh+b9wvs0HoodOrR8jgH4gPw28blsQ/tc8CiGP/xRH9G+PdWm2Okupd7VCjIdLUk99SptNpwDmhgWtLw==','','',NULL,NULL,'0000-00-00 00:00:00',0,NULL,1),(202,'7','6204','DXKb+GHe0km95RGwOSwsXOHOf4ErSPHUCZmGIf8caEtS6pe77a3dAv9c5igzt3YFHAO1rgvEj95AN6tZ9NI5kw==','','',NULL,NULL,'0000-00-00 00:00:00',0,NULL,1),(203,'6','3465970860','cAsJ5RRgcWgI84KVbyFE/z6HqQIN0cFKbHyN1PgMo5seXyom6mM92ACIYiwEcbKx0QOxOmgX2LfvEN1YHl7cfA==','','',NULL,NULL,'0000-00-00 00:00:00',0,NULL,1),(204,'6','3619448132','uHoq8Xh/2GQlVpsNrJzdjN7OEG/76idunZ9lM/BbBVWZKknewejsYxaCXEuDRrqegr5gi6z8yx2xe0k9MSAGTQ==','','',NULL,NULL,'0000-00-00 00:00:00',0,NULL,1),(205,'7','4607','88ihnvGwAClyd+3rNYM0N0lyl3Lo5ahZYDXabpUqjX1NMN1y5ZQP8dx9GCCwpZVl8GkEo4+K4h7lLIfc9fwmcA==','','',NULL,NULL,'0000-00-00 00:00:00',0,NULL,1),(206,'6','3421832819','laKIRJLhraG2LzzqQiRB57YrJZO8IaC0WXTLpEdWB3TCIBo8WrugoaBy3jXfDcT3jZdOm3J+OSm6gPCBjtE7IA==','','',NULL,NULL,'0000-00-00 00:00:00',0,NULL,1),(207,'6','1979-04-20','A7s1tlCjR4MZJSk/0Oh8qgrZlPc4OtgvAwi1kDoF+6Lmv/s/Gqa/bTw37+CO9a/pFles/rvIYUEOKDWk8DeY4w==','','',NULL,NULL,'0000-00-00 00:00:00',0,NULL,1),(208,'7','8101','8F/JZ5wOSwvsyNhkFWB0VLTwfoLo821fhSQyATkR41x2dd6LVGfwUk3kyL0nXd9r2rnc82QDVjE8crH+RGtVLw==','','',NULL,NULL,'0000-00-00 00:00:00',0,NULL,1),(209,'6','3574827652','B+Cm4NbHXN5enoAwQlIc5y5r471SjjFOTobFQTBP57JqHSKAK1CFKEV0B79oDPKhA6NABYDzSl45AEq7bIFYOg==','','',NULL,NULL,'0000-00-00 00:00:00',0,NULL,1),(210,'6','3737092562','PfJ5UYHW+1J5FwTQVj2HY3ZjQiaoExx/TsePI2Q/1nPGk2Y2gl936rOnLOIxchrIYMKRO1n9NSQR9uZQo/xmfg==','','',NULL,NULL,'0000-00-00 00:00:00',0,NULL,1),(211,'7','6223','nSr+XlxTa3MWso2XX2FmBYSqN9wX8dVpuP8WUCw+QAhOUSOJ35dYT7OtR1WCRu8tY2imZZU1bNVDvkJ/owiZEg==','','',NULL,NULL,'0000-00-00 00:00:00',0,NULL,1),(212,'6','3626531321','gt7Vm3pEOBj20tDbcmkfoQpMvafNlF1rm6QZdyowXgn+xPcXxDAFE5tjWvIoJrmF7Vhr9me0+6fWQ/inoTa8Ag==','','',NULL,NULL,'0000-00-00 00:00:00',0,NULL,1),(213,'6','3443194074','Bj4Ru/B2fP1dXo1N3/XWUGIAt/tvb+zMu6KzPQl/Oru3m8bkPd3Ee/9ctfLBoyeX/oe0uX0LUUzcK7UN5E7C4A==','','',NULL,NULL,'0000-00-00 00:00:00',0,NULL,1),(214,'7','3022','jUE8rKAL2+/ocZWeziB3DWYPcEilNPHToVZoAZVYxOEMcVZrclXZ3wbp03YbTLMOLF1toFae6eH+g8RXyU3wsw==','','',NULL,NULL,'0000-00-00 00:00:00',0,NULL,1),(215,'6','3673826069','ahjtok1s3rfT6HkTGPWyrpl3zK7C41F9h0dPR1JrRf//u/fumW2LfYpPt8q8YrRZ4PbSWE9mJ9ymrP9xW8db1Q==','','',NULL,NULL,'0000-00-00 00:00:00',0,NULL,1),(216,'6','3695719924','m7hTGIIiKo5vsALc6Yu28HL74KmGNohRh33yPjyK6xfaP2TUPlRwFitrn5XdOJcaZtrCeuB0mjCtUsCx7ZgpEQ==','','',NULL,NULL,'0000-00-00 00:00:00',0,NULL,1),(217,'7','7670','qEMKkmyU1vgffKdllYsRmwyCWH1RFDfnR8nYp1nDFYKrt6DNeUvJ8C1COaQqInGw6qs0AAcCBlGc2IM5zGcj3Q==','','',NULL,NULL,'0000-00-00 00:00:00',0,NULL,1),(218,'6','3574387308','deSW513FIaXEuCB7jGJGLIqS5U3k2GMirCjbZQI0TyZMhrpfXHi1XXSl8zqDHtJU3FGfnOzW92xzLust9S/iBA==','','',NULL,NULL,'0000-00-00 00:00:00',0,NULL,1),(219,'6','3164319884','6nUvo5uOAVgnl+hFdh9T3nsuvj89d+tOL48ulStoh9O6O/QwVyp+bcvTipUp7+7pBmGYGdKMZO1/94bb7mIiQg==','','',NULL,NULL,'0000-00-00 00:00:00',0,NULL,1),(220,'7','9565','5k81AqEjJ5Io/DAUssuJR8KawjRPg61w0YLcnWRoOLfMkc+3XkOjtjRge218Iry1vcuiuyqQn17aheGFxW7U/Q==','','',NULL,NULL,'0000-00-00 00:00:00',0,NULL,1),(221,'6','3715794689','j3KfIGqFs/0qfS+BMaeWySPcbi6mIH5uFvQH8xv1OSRrI/clDhswEO0ndrqVZOBxw9YqgcG3R6vm0f0S8YPlew==','','',NULL,NULL,'0000-00-00 00:00:00',0,NULL,1),(222,'6','3929979001','XaKmvnaN/fZeG/+s6YV6xUH7vmEB0sAmUZ+AG/OkeL2hhPGkrh1SRSr3nLQaaVnoGGmp6kUg/dklYWIoyFqdQQ==','','',NULL,NULL,'0000-00-00 00:00:00',0,NULL,1),(223,'7','1495','3sw7T1HheIiXDNA7Ssea3tkvB+4Rru35kLm5JyoAR7pD520p71ayCC9Z3dFeDqciTTg7udNrBpq0YBXRDLeROQ==','','',NULL,NULL,'0000-00-00 00:00:00',0,NULL,1),(224,'6','3214541157','yc5dpgEf/F2cMDPi5XRljnRvvRj789YGuY3PiCHpUZXpsmQMWVlqn0xFYmqLo5uleWC5oRl3lOQpQ8xh5PPNNA==','','',NULL,NULL,'0000-00-00 00:00:00',0,NULL,1),(225,'6','3124747302','0avc0XAC7tTAOnHd+bvxg7F2INKejg9N2PFIJFiEZ1amMlkQi7vlouNt4bsHnvGELWzgEvfdAPIe+kgVBVLMFg==','','',NULL,NULL,'0000-00-00 00:00:00',0,NULL,1),(226,'7','3751','m+fq81yEYYXxJn5Q+uyIjnIr0oggHdfNLXUazpdGljBBpq2lFQrQF0NwtCM60r5Z0wCXjpyDOagOsKe3OHOAjA==','','',NULL,NULL,'0000-00-00 00:00:00',0,NULL,1),(227,'6','3540478456','47SgAtqKpUYAD9/tH5E4VYdLLqNnzdXOFdzuAZJF6chk6LN1qxajb+5lgRttGYtKIWVO2ueF2PZhm/HCwG7D6Q==','','',NULL,NULL,'0000-00-00 00:00:00',0,NULL,1),(228,'6','3653437034','ua++Rd55HIV6S/K9nDt1cz2q03gfmPqb04Eyi7wib5aA3z0CLPnAVYXFvBDfJDJJN5QXBKcRporw5I1UtGyJ+w==','','',NULL,NULL,'0000-00-00 00:00:00',0,NULL,1),(229,'7','7458','RciJuIOBldUeMcQ12xWrZ7TKW+C32jFd+L9YvWWmTjT0SWnVW6+p9+KWGI2Sf1UkAdfyiMmC1mTgUZKkyTaU+w==','','',NULL,NULL,'0000-00-00 00:00:00',0,NULL,1),(230,'6','3524516467','LpG2Ck9lJEVnda06gdJY283ynwoTXWIKt3dV02B1Ya2cTcTuqZpzXzbbbYhyLZ8vE7SbLbT8qVX5DLtyRO09gQ==','','',NULL,NULL,'0000-00-00 00:00:00',0,NULL,1),(231,'6','3898591068','cBTBffQVa+Es+HbQPf2WYnFKobXV//qS6WFZKlwEW4HeTW4FBRO9nTUqJEO0OAnwzbTIxeqYxc+ZssCQuYFAMQ==','','',NULL,NULL,'0000-00-00 00:00:00',0,NULL,1),(232,'7','7869','+jV3HO6g3td+2ajtkxvZ0UlrP1sKHWExFjl60/gnwwqpnsCQcYF6ro9CfWjndsSwhJVprxhiFSZUGxjpSwY+gQ==','','',NULL,NULL,'0000-00-00 00:00:00',0,NULL,1),(233,'6','3927997826','HjbhIA+8/5h4nXpx3/zjxNHZbzd3U6Oofk5Avc/23ooBj88esALvtwHeZYmyObPCVKG+zxsIZVQ0rX+DC0yKCg==','','',NULL,NULL,'0000-00-00 00:00:00',0,NULL,1),(234,'6','3249415905','rWEpdl3JRBIRzHjzs1n/jpvGKKCze44LeEEbyFR+VSPQB5GONOG+YTGt3O72O/k1Zbn0YetJXp0kj9v5+He5QQ==','','',NULL,NULL,'0000-00-00 00:00:00',0,NULL,1),(235,'6','3634770068','iKlcTXC8l2pgQZsqSMrAfSr4KeWmnKZmvbKUV1kwAirCg5ZApugootRbEdPABoD2rWCYP8YA1VoNeisagzF+zg==','','',NULL,NULL,'0000-00-00 00:00:00',0,NULL,1),(236,'6','3466406715','nJwjvHlY6NPcVDDuXlVOxjoNz7ggoy/Q7+X6gPypFGDv9hSvmmczZ+FnuxrSOIEGnEc4voIcs9/6r+U4S1N/Lg==','','',NULL,NULL,'0000-00-00 00:00:00',0,NULL,1),(237,'7','5745','rrUTJyqvtJwx2GoHOkt+7lBh8rxom2GQdC5NbCVzT+mIXIDBTUPOCcYjvvYggXsQOqAbZ32T0r325+1l9K8Rlw==','','',NULL,NULL,'0000-00-00 00:00:00',0,NULL,1),(238,'6','3710460316','DEwKcHm6eIqSXhrSWkpmQIDBOhcRFzZO4mnw/FnxsDrseA1OPF1n++/rAeZFGXmzdkjC0EVmqX5/OzI6TEQlVw==','','',NULL,NULL,'0000-00-00 00:00:00',0,NULL,1),(239,'6','3155073644','SBS3nfdf1VBCUG0wS3YNuv4ronu0TFCQxX+7WMlxwHWdfZRdB8CgJqMv0hDYS3hhNMWb9vaQ9rjci7XCeFJfMQ==','','',NULL,NULL,'0000-00-00 00:00:00',0,NULL,1),(240,'7','4754','Cg27vkiCOGZ+XrTnD2HXJnVGemdhH7CDFD9BhTd9t/IRGGset36EX0GT8gAFjp0NzZG5K54XV7HfsgsuCfX9ag==','','',NULL,NULL,'0000-00-00 00:00:00',0,NULL,1),(241,'6','3411170745','xI7qxg6WSPvTJ5VkVjqSf0Nq189kuHY8tsZDwutjg2pnap5lv1+7LAKG5ChCAwfDv48OowbL3GP/7waCxEoWRw==','','',NULL,NULL,'0000-00-00 00:00:00',0,NULL,1),(242,'6','3891441722','ljr+qWqpkBqDXReLzzTYbKipnWAmv+j/4NYkSJS3rAklTJCi+qRbnpzW0jIwrQlMv7or/Lwr9xqmsAcH5WQrPg==','','',NULL,NULL,'0000-00-00 00:00:00',0,NULL,1),(243,'7','1831','sThZC7Dbr9vAMsV+I+ZJkjo1q1eppgxH7eLcej8pWt+kzC0IExBrQokIa1ph8IW01hxJtGmxQCXiFUhzSUZQUw==','','',NULL,NULL,'0000-00-00 00:00:00',0,NULL,1),(244,'6','3914173604','4wifAC+s3rSR9/nyC3ol2gyGykaDdqc7tR+Ysx993yCVjaQnuOEPAOgZ3RLXV1Fz/unsNh5J/wFLLMnTo1R2uw==','','',NULL,NULL,'0000-00-00 00:00:00',0,NULL,1),(245,'6','3173031934','99GQg2DH+ldXGxR636XvfThcrJ0Zzpg4/8yNte9Hj0H4K4+zIHKtqKNYRQwJDW4z7er3f8MFRkVYlIbxHuQ3ng==','','',NULL,NULL,'0000-00-00 00:00:00',0,NULL,1),(246,'7','7283','gAZt7luZ39B3PjCdzIZisVVt45q4oMvaV/XLEDbqy1gKcsDuAgCgmsOEd5DGt7RCdMKn+SayhPvVQy5scpTNPA==','','',NULL,NULL,'0000-00-00 00:00:00',0,NULL,1),(247,'6','3312143535','BM8m4pG1ks+fXWR4sfzlvn9eNjunEbxoQU77CpWa+x5pCaGah6jE171bRpZZ2PHCYOihQD7VFlD9JE9hEdqgsA==','','',NULL,NULL,'0000-00-00 00:00:00',0,NULL,1),(248,'6','3267001589','MDeqSCrtlLzFcESfGIXI+jgXT18rNu0czU8Pn7RODIT2VQFB8e39ubNgjJeTB3YYk6P6S3gLxYAgnFtOm7clLQ==','','',NULL,NULL,'0000-00-00 00:00:00',0,NULL,1),(249,'7','8309','PnLoMFmVarzVMePgjF1hlfrTS6nNcEvLXy5yqe+dQQ3ocuX+iJTDqnBWL9WLrLjYmSKyI1OhgxFStFc/+wVndA==','','',NULL,NULL,'0000-00-00 00:00:00',0,NULL,1),(250,'6','3516027224','q9/W/LmDcO47CaXzxoD7LdWe9+wCVorES3g8Bw05LIBr5cYUrwSMTLOGbNiu7l0QgVJgYXI6IY+HV1KrjSkX2g==','','',NULL,NULL,'0000-00-00 00:00:00',0,NULL,1),(251,'6','3899414513','WyZ8LxnGYc8ie9CCeNs41+I/jcOOrAaS0UOpFmEc+6UCoh4OLaFSYUduLcfEBIXYA3euQGV17NLFvhgO60gWpw==','','',NULL,NULL,'0000-00-00 00:00:00',0,NULL,1),(252,'7','3150','QnI42pCKRYiJXyHXyNL8OnhswZWc2/2NyUig7fsif2Y/Kuc7Fr07lE48ih6pb92hMlvAFisKXF7UkV99TdqJhQ==','','',NULL,NULL,'0000-00-00 00:00:00',0,NULL,1),(253,'6','3649088084','5K3hvDtbSPXgvBMb9tqhaZ4dNxKN7Yb5iu9TS6EuT0HxwIQQtYUjgaNb6vmlV6xGTIbuLcKHUQ8Ryixxpr/efQ==','','',NULL,NULL,'0000-00-00 00:00:00',0,NULL,1),(254,'6','3853769235','/FJi0kzjjTvIXgf3ennOsWRkT59XWBJiaMscJLm/vAKruarCbGCWLKp311TEHMMCIRtXaadsdyp2GIFiBczI2g==','','',NULL,NULL,'0000-00-00 00:00:00',0,NULL,1),(255,'7','9395','KgMuV5Gbyd+BQGkwcyfrp2URyV0nKkO3rHD3AtLo0V0JDz7In7d/awTP055IudkqRfG9BACDjbvNVqF67njrag==','','',NULL,NULL,'0000-00-00 00:00:00',0,NULL,1),(256,'6','3662227848','+vPX01KufVY25lroosUlv7zNtTI30S25PXEXylXtdOaqPagnGGnYubspwUjP9ROPtPW71FEie18ohdgHHK0WHw==','','',NULL,NULL,'0000-00-00 00:00:00',0,NULL,1),(257,'6','3567797374','nQY5Ou8LYGXl5HZNLVBOG5hVVpf+NCnG7ty5uOzizYdJFowWLR/yHKXQBbroY82qyLhfIVSI/YnYB/2K+SQkEg==','','',NULL,NULL,'0000-00-00 00:00:00',0,NULL,1),(258,'7','5099','lowlZxrvIXKhg5+5/JB4BroY49ht7VtbXagdFS0Jlr5u08ijBMQGWGZVmnyU86ZddlcR6XwKtT9BR51QvNXcSw==','','',NULL,NULL,'0000-00-00 00:00:00',0,NULL,1),(259,'6','3935078036','bfXriZCewHZTViccn6VUzJVyyBGuxPb286HgYk/maRYK2o5SP8gqJqghwSmMvolv9eCA2P9GzTNQ8TOj9Hw6eQ==','','',NULL,NULL,'0000-00-00 00:00:00',0,NULL,1),(260,'6','3469516964','lZGfRY5rbZG4Nd5U4u3h0o8tI1lb/rgilBR30lARddMIlseWPMd6UavfZPcPAJyn3CX6kac4KPUZ6Foy8od0gw==','','',NULL,NULL,'0000-00-00 00:00:00',0,NULL,1),(261,'7','8653','yUcZU9rz6g0/iQr+UGajqoxlDoXj7bqzBDu9mQ/1BbKXAlV3J8874Kvw7OiRk8USEta+AdV2bqxUAcjNvABGEQ==','','',NULL,NULL,'0000-00-00 00:00:00',0,NULL,1),(262,'6','3968232886','aAmGtYHQfrXWIWtTAsTFeQ9yTzXrcfJqN8GlVZkILfolE5pPt7+eMZgG7Ypo6rkDHlooMRVsOtXQRb9I2C+80w==','','',NULL,NULL,'0000-00-00 00:00:00',0,NULL,1),(263,'6','3947107112','bovIHo7fANfL21EIPmK0oCeol3X9Z9ZVC4TkehaSurKPUIdxVTyJIVa3f6SVUmFbMbFaSWnE6UyPoIM51c43lg==','','',NULL,NULL,'0000-00-00 00:00:00',0,NULL,1),(264,'7','2356','KxQvvrdJ8W7ZKi1hmtHSF/yb440hDIPkAx9XbghTgKWUvajALTxLyPLaOjvamPCtVXNMQ8bDrqTYx1Osn0kVJQ==','','',NULL,NULL,'0000-00-00 00:00:00',0,NULL,1),(265,'6','3517797163','ZjYTt+zjJAb9oh/kpvrhYUMZ5JqrfvRrTEu9KQKbuV6s9cTGOkMzgYiw4O/WENtcdjGCDcrl0jf/YUUxIzBrjQ==','','',NULL,NULL,'0000-00-00 00:00:00',0,NULL,1),(266,'6','3533289293','b9ntZVyOtFB/VFHh+Nc463MOyyE3N64nYR2Of2IZwxQO4hEiKKSQgBJSIooqjSGa9iKdHkjbblsmqTi9bmWuVg==','','',NULL,NULL,'0000-00-00 00:00:00',0,NULL,1),(267,'7','2056','DzQBsN28ni9Q97zb6vk0HihakcrvkfwD5mP4Hm/ft5HSSXiuicXqpbEfoTxhnbGzOwYQyObVyKxTXbMHCMC2VQ==','','',NULL,NULL,'0000-00-00 00:00:00',0,NULL,1),(268,'6','3931427341','/VhxLJV6F1tUewXHNn8DbWm5B4TvHLEdsbKC+3cxus95r9SrupJRwksvG6FKZcMqomDDLR+0F0vCXd0GLYORHA==','','',NULL,NULL,'0000-00-00 00:00:00',0,NULL,1),(269,'6','3320230631','/YPerEcg2zFyRR80DaKiAjNsKdvoJmwBoEfijdpDn00Qmt0tzU6XR6JKldZ7fPYtbNNI2iePBstU3Hc7f2vKmg==','','',NULL,NULL,'0000-00-00 00:00:00',0,NULL,1),(270,'7','9393','RIWT8/4TDmRsX7YbYvq9vTBAekO5BIPLUBMFycqUaNS1ocrfZ7V6PJHZ4F90YR16rykUQudxZ3w83foWp01XnQ==','','',NULL,NULL,'0000-00-00 00:00:00',0,NULL,1),(271,'6','3737938517','D24SM2cYwH8AD0FzIpy5xtOcgidaN0O28PJKfSclosRfTpXsqnJOmcyleJERDEa2QDq0e2KphXINN7lcB5lu0w==','','',NULL,NULL,'0000-00-00 00:00:00',0,NULL,1),(272,'6','3659870439','R6SnFrfswyW8cd6H2IcriSXKyrvlyNNDlYZU3w136vm5d8bd4pZ4E20g/yWgsU5Ur62y+X4LACvBhzo1OUZtug==','','',NULL,NULL,'0000-00-00 00:00:00',0,NULL,1),(273,'7','1503','EfGCqn2ghMf31hCbRgOgUFKtpZIddzwIrIsdTFtSxiH8YWQL9KAmN4PYLO8w79GPZuiwQmYD177Hh1bOq4tKBQ==','','',NULL,NULL,'0000-00-00 00:00:00',0,NULL,1),(274,'6','3758891445','cRrq/6B0naml6Hu/KI2W8wKeSP6B6VhLyJz2ePi/Nxt93b2loz4zXwGLkzsuSXmzd9wepjmwBovs87JSisF+aQ==','','',NULL,NULL,'0000-00-00 00:00:00',0,NULL,1),(275,'6','3861687773','bLvWv0jttnlurrvDJI96x4oBaEQM1/1fdDHmE0V/j1cfUkG5xE1rGqAKD/RILwWeLr2Djs6fhMXGJ0m5Z2Zz2w==','','',NULL,NULL,'0000-00-00 00:00:00',0,NULL,1),(276,'7','5632','W3sG5UMchrELWOOnhfL+v+1HLbzXKgzJu7Q9PJ/6Yqd4wLU54aubTQ5UAJk19e7vS0Im9cLWCO/C84iE2LxZog==','','',NULL,NULL,'0000-00-00 00:00:00',0,NULL,1),(277,'6','3994046359','w62hd1g++ECH94QgPzBUEs3hSQOZUnqCq5kpXp2azzcrjVHqvyt+SHgDkvXkc7zFTz9jhrNQCe/Ox8aawqxxVQ==','','',NULL,NULL,'0000-00-00 00:00:00',0,NULL,1),(278,'6','3805718152','AI7sO18M1u/pwDzI+7KNu0SGVg1MdAMuiNYuwYDKtoIBwacw2ELyPM8RJH5aoGK8xoobFwi7D8W8SuYJfkwqtQ==','','',NULL,NULL,'0000-00-00 00:00:00',0,NULL,1),(279,'7','2585','dxLRMuwHzqjR5WhpsLDlJ9qp5EHpzkSXQS70SBR5KSBP0BqJydZ3xNdCCPV6U5nRc57OUCkKNiGkHpGM23oflg==','','',NULL,NULL,'0000-00-00 00:00:00',0,NULL,1),(280,'6','3425526642','QhfBuh0prQ7TGtI56EiV5BxqAe/u+Rk5e4e3S19LqeYXN4eP0nqIlqHw8eoiEdeki0ALA9QSszbplQSOd83g2A==','','',NULL,NULL,'0000-00-00 00:00:00',0,NULL,1),(281,'6','3154955520','6jvRTtptPtZZQgSqPBj880FcFaqxow99GnpyAbAIrAjTbM9PsiBrricRtUdYb2sI/C5iaHm4uPqFjWhuem1J4w==','','',NULL,NULL,'0000-00-00 00:00:00',0,NULL,1),(282,'7','9404','Ja+t3kt5cb2ux8ZQ7PpDV7kZTNIxHAd1TUGW2uciIBiBeIBxMvhUQhDXVLiTd06ayQ/smUm0yzPJQpz631Kikw==','','',NULL,NULL,'0000-00-00 00:00:00',0,NULL,1),(283,'6','3841094410','ZAoYgXxnZyFkhk/ewQo2VhfaF8RbFoo2yBdeO8WSHL3q3g8xYJAiAQG0qIxJLuEJ7zoE1qsbwsoSk8p/57yeVg==','','',NULL,NULL,'0000-00-00 00:00:00',0,NULL,1),(284,'6','3853043999','l2CAklDCU+l8fC0PYxb7Q8RyAjs+Z5p5k9GdpHyml4oqpREJrO93m6/Q9rXJQ+pqBOckev/SzGFb6wJ4oGHsjQ==','','',NULL,NULL,'0000-00-00 00:00:00',0,NULL,1),(285,'7','3239','WmRFCg4jVwtD7NgcAvtvHRcAv10YbblxNWH0dyjcATclUPOUj0+fQI/CdE5wJBDoDB/rEPxmhkO1ugmwt3lx1g==','','',NULL,NULL,'0000-00-00 00:00:00',0,NULL,1),(286,'6','3451005815','3KklO8BQL/JrIq1gFYmJv5inOPd5RstyCafHBc4gKIXu7INPwq52jACwfdCvO9MK+oRXEPSX7y4pk7wOOEQkGw==','','',NULL,NULL,'0000-00-00 00:00:00',0,NULL,1),(287,'6','3160274244','ctHYpL1rmRcl1aU1mL2VZqJ7XW0Li2LxvW+XZniV4nNwhc2BlKZbNl1Gvl/fh6DDeAP4/uUmKV1ktRc5aR9KKQ==','','',NULL,NULL,'0000-00-00 00:00:00',0,NULL,1),(288,'7','4767','HrBZY9yNhdVpUTl7+Z6oAuCIhmH7/UOORliis6rrZzuYrtg7P0in2JTqybep8Xlk9HlmbDBAiPUJBuQobBHRvQ==','','',NULL,NULL,'0000-00-00 00:00:00',0,NULL,1),(289,'6','3279765319','Hs4uf+AJ4DiNnwI5yTOnLF7z+v2gn8P0ApTpcmk2fzyK71LzoGKeDq+CmE8PcmuOCzjP3siU6hpjhqCPeCF4Lg==','','',NULL,NULL,'0000-00-00 00:00:00',0,NULL,1),(290,'6','3138331108','TcKoluTLBjX4SddQSjv43CADaW1iUOYVRe3rTSeRrlN/5cD9jd8tsorUxYsxk1gnKd0n7sH8u+4ra2J8gj6Gfw==','','',NULL,NULL,'0000-00-00 00:00:00',0,NULL,1),(291,'7','4761','UfwOvJCN9vCLTF6elMLFbx6vO0wnms38zKPn8ElYXiBGqQw/Yd/uqfVchx9dccR+tFQuu+qY69hnto+qZrXi8Q==','','',NULL,NULL,'0000-00-00 00:00:00',0,NULL,1),(292,'6','3859444563','dX8lvC1RQlPjRMKkwefKzwjOMorFyeQE3ObANSTGlfi7k3cHnQtK1VnYayzaGktl9KAJ9M/Pq2KLWa3XwrFU6Q==','','',NULL,NULL,'0000-00-00 00:00:00',0,NULL,1),(293,'6','3132561518','5NDKcCS6fBC5DHZO++gu6SG7nAB8cO8Co9trP1VPVRWv94Yoq+PuZ+xBmV8Tt15ACLyr2wHUSq0hnzPT+/+ydQ==','','',NULL,NULL,'0000-00-00 00:00:00',0,NULL,1),(294,'7','2819','AJ8xCG195tFcO4T1bbwCT52mGDg9kbMncfzXyelgEW6JJXAboXjGbpsRdzF37jQKCcExNMEj8/ZhR/CoIvF//w==','','',NULL,NULL,'0000-00-00 00:00:00',0,NULL,1),(295,'6','3477944261','1OZ5iwTH3mceFukgkpIs3L8f5SsPdvNqx7B8iWDc1irm3dJSx1vgADX0P1HSZkd8lQfI73GEq+DK5n+d7TJNug==','','',NULL,NULL,'0000-00-00 00:00:00',0,NULL,1),(296,'6','3858813356','SwMQL+fGa45yCYfD7PvR9xgKYDOKaiMe2aDXIUkw1JamD2iuyk2lfPI3FB/HJTQjgcdQGSmlk1c9pdj4t+UFlQ==','','',NULL,NULL,'0000-00-00 00:00:00',0,NULL,1),(297,'7','4639','XNQpJtiUf9X+oEup1j6OYiF//AZQ+kUV6WKXZXKDr2XWBXFV/V4p2fC3C8IKmDyZEfzIXSJE6RiOeWd7zRvlHw==','','',NULL,NULL,'0000-00-00 00:00:00',0,NULL,1),(298,'6','3940559480','Nm19pnqUMOqqNVYKLRd8RXad6X2D1CsOUvkt4+ue3uU5t+eXJ5qHM16t79DcGI6Yvab1Yo26+6Dr0yzBOEPNSw==','','',NULL,NULL,'0000-00-00 00:00:00',0,NULL,1),(299,'6','3750523176','Ukv+yu+KMfRidLOCR5DgMSSdj50mhqVuvHeX3bp+uCXKhDukggJoTJxsPP4RuwUYCmgExI/MIfrP4NkXjHztLg==','','',NULL,NULL,'0000-00-00 00:00:00',0,NULL,1),(300,'7','8254','lcKUSNLyZ6+eGNDVn0iw1f/R393jjlZPiE8c/pQN5n+tTwndFbN8bINesOx6QKyE7nrdKVfrWZHGUmo6hR9Buw==','','',NULL,NULL,'0000-00-00 00:00:00',0,NULL,1),(301,'6','3522880310','AKbUFX+93lUwXE0DItvPU3qezp+E+0nQHLCrAVZc0boF4GPaRKg90Q3Tt/zYR8YLBWuPKrVqTqJ43B0y65KY0g==','','',NULL,NULL,'0000-00-00 00:00:00',0,NULL,1),(302,'6','3229631377','8pSJqBr+2g4y+vz95FVqKpRwO7xrzvseLRNgmzn0EplUeOm/mmcl/ZHFnmLfnTkFWzLoSKsMgsKGImpSRzVvvg==','','',NULL,NULL,'0000-00-00 00:00:00',0,NULL,1),(303,'7','8209','5L66eZ1nxUCljiKHa+qFoaAGu7yJITc3tJhUdqw7FESouKnNO+hx1inBiraKE/3uo21zAHssxaYnpr9EQBNTpg==','','',NULL,NULL,'0000-00-00 00:00:00',0,NULL,1),(304,'6','3152204507','yFxPlwQSsxHc6SqMg3DfSN8fiFy48KvZnhs++CanKVt3v+Snb7xhbbCsEOpeJsT1oFPxZ7maCM7srSvXZecHSA==','','',NULL,NULL,'0000-00-00 00:00:00',0,NULL,1),(305,'6','3584663655','bKUm6KrhnRijdtFrarz0aswSWj1KZQU53jZEQ26MED29Bx+E1NnnmbD5RwnE8uaoPJZEFjrv8q76zG/95UqzEw==','','',NULL,NULL,'0000-00-00 00:00:00',0,NULL,1),(306,'7','4709','t4Oslgn/JZ8qcsg84WC6yfTZtu5q2MGD9W7jopOLoPaM+vH037x8s+IWc2V3OY+lTreyrdwIDpCF5w0R3lSRhg==','','',NULL,NULL,'0000-00-00 00:00:00',0,NULL,1),(307,'6','3830811583','7i7R3E93PJE/aw+cSMUHZjqP/xw3dcUFwx8k3VIF4IEkSmQ+u7ZA8bgiX18jopeKXxErHGXjJq8uoTnxNovFXg==','','',NULL,NULL,'0000-00-00 00:00:00',0,NULL,1),(308,'6','3837084268','8/rVMNuUhbwXE/SPRJ87zWcYR3lUpGCg0L3IlBTKBmWPDD2h0/edCVWfevYjwj4DdV38dMx2MJeGWBywWWsDeA==','','',NULL,NULL,'0000-00-00 00:00:00',0,NULL,1),(309,'7','1257','eZuLiBwwKv97w9V4CpfiT7YDP+W0tG0l0oDjeSayUwn+xNRdPfKOGX+M7fE/Hls4s/G/osel3F+xwRpXIavHmw==','','',NULL,NULL,'0000-00-00 00:00:00',0,NULL,1),(310,'6','3906393624','MSf+dRghz9iD7LDBOe0mMgyY14vrJeWWIdV4cWJRRsMnb2Zv/EN5nFPYTtgXF7+7KH7JjXB1qfT+kw3yrHqGwA==','','',NULL,NULL,'0000-00-00 00:00:00',0,NULL,1),(311,'6','3460838511','6Vd7ymhdFPyUEKJJ+etOYG5VQjPelMujf51CGccqhAaQ6EVuitwhMu28i7QE5w66f3C6RZqzwPiLKAk+fOGnew==','','',NULL,NULL,'0000-00-00 00:00:00',0,NULL,1),(312,'7','1453','UalgfOCoi2g/+cwKsjzDgW3fxlbblxAMZFfS1aVMVS7f0O0vTkcwFF6DAOBn3rocDmL4bfEYFGLu+UU7iRXezQ==','','',NULL,NULL,'0000-00-00 00:00:00',0,NULL,1),(313,'6','3481697266','N0Tw+ptyXIi9K9sVR2a+Jjp5tjRYQrjxePIXKR6e1SPpYUTy207AqMmRG+jOvj0TUBeoZQjMG4jbeJbl9V8yFQ==','','',NULL,NULL,'0000-00-00 00:00:00',0,NULL,1),(314,'6','3763213081','m7dhNJ5xwlKtgahttx7aGnGgEXbyFUPENPlqcXRtSKtjHLuIXJX0UpNjmkPnfQiwb3Yt2Nj7Fpm7JOgJndilWQ==','','',NULL,NULL,'0000-00-00 00:00:00',0,NULL,1),(315,'7','1961','pGGWOJETCYRC3QqI8pb5MnTHtHaX+qkj3Kqk7Ioge/eEqbDIRPM2DQivnIJ+M6UOhBw6lHOXeKLf1XC9fM/rUw==','','',NULL,NULL,'0000-00-00 00:00:00',0,NULL,1),(316,'6','3856235986','Z8gFwU5uAgHRdMs8vGkavUWa7L+/ntY/pFtZ7hBu/u6UHEYjMUEtoz/qcm55YDC0GOgBHbgCX74qoJyoGZN+xQ==','','',NULL,NULL,'0000-00-00 00:00:00',0,NULL,1),(317,'6','3946342427','jajBOiUJB36KCab+9zRxT7GU3Os8fEels1ouh+YzQ24MBP+ECR9qKTkcYKtDSetZV15QP8gwJqXLxZd+kzpmuA==','','',NULL,NULL,'0000-00-00 00:00:00',0,NULL,1),(318,'7','2556','CGCA31CRIcm5O0emSeOU6BHiYso3nzGZi3rbqJs9vIq1+PPKDdkRNG/hj+dGXv57Sn8jicchX161fpfxmD+bfA==','','',NULL,NULL,'0000-00-00 00:00:00',0,NULL,1),(319,'6','3581200118','Z2tdEdmk4DXSBm0ur9pdw7o8YFl8fQICzs1ilcUtGK7sS1T9MgZo1C10DXZdg/Me0GU+ogCiF5kBheg3Dw/vNQ==','','',NULL,NULL,'0000-00-00 00:00:00',0,NULL,1),(320,'6','3495037392','SWcnghwESH4+dAmaysNcdGiCXtU9g2Z/aHNyEvCTvf/Ty2YuhRXP8EMYneqlKxZRo5Xvg9f0X57EFKp+AetRpw==','','',NULL,NULL,'0000-00-00 00:00:00',0,NULL,1),(321,'7','6406','BQuDmr0op0NQv6fVvDteiabo4zeIw+EPq358wzrCpYHK+4PVC6GWvuX5G3A3L8MdcWZnRTW6S8ECvckxGHM+vA==','','',NULL,NULL,'0000-00-00 00:00:00',0,NULL,1),(322,'6','3503148326','G6wzbIrRiW4lANQkz1K8B/UlGe/oyi2WjDpMz1+w+t+cm/od9PYArgDht6i9Ay8MNyACfwuUERU3xbc6Ohshlg==','','',NULL,NULL,'0000-00-00 00:00:00',0,NULL,1),(323,'6','3626747404','hZKTOdFcfHdHHLOd07hsCL1xrVXErfX1f5JUtb14OItjwg8B0XAOG85Nj5qTGfNivWiLL7dM01PlkjirxDAjdQ==','','',NULL,NULL,'0000-00-00 00:00:00',0,NULL,1),(324,'7','3496','ZDxkNJE0Fv90KamzozDY0ArZQ+s7OtgjNBa0RcZ+oiqQi1fI+4Y16g3sNeRw9abcS8+ETMjMiTQc1LJdzJIEfw==','','',NULL,NULL,'0000-00-00 00:00:00',0,NULL,1),(325,'6','3222233852','ArdWpb2xi2qL4llIyAvtncB5/z0byJ2GhjATH6AakOBJ9w0NqdoJWjgg8/pbuFm3mdq9QiqgaO96rdjMFAQfNA==','','',NULL,NULL,'0000-00-00 00:00:00',0,NULL,1),(326,'6','3200224862','kKevfR6zQleijknVrBmucJOfrDQGSd3dlrobCW6MeXhBWWMkhYJV71aEX2wCtGl36/MSz39GpKlWRUVE4s05CQ==','','',NULL,NULL,'0000-00-00 00:00:00',0,NULL,1),(327,'7','5840','LsEflSyy7R6lR221huJaVG0v1ivQRTYhDG7FSmXfUSV94cmBcl4BHR/3htEHRA2yfCctlyoWBE9+InAiUwm7bg==','','',NULL,NULL,'0000-00-00 00:00:00',0,NULL,1),(328,'6','3472768414','ylzS1avoNNIyEl2Wq6IFFYJNQqKMohXo3s2/NENcinH48qoBUpMDQ6i81sgY25F8u9p1odosW4aIDKp2Iqcvgw==','','',NULL,NULL,'0000-00-00 00:00:00',0,NULL,1),(329,'6','3677669833','a66mVAImIWGx2LoXF3Lz1f4cFVlIZrrboVVIZ9e8DAWkpukzh9VLZy3SAmTN4rKZmFImV54/4I6kIdtREJ1rOQ==','','',NULL,NULL,'0000-00-00 00:00:00',0,NULL,1),(330,'7','2120','xUQgGYzmjePMgmoRR2UXn3vEpFhmq8qxr9DAcQxdf73kYc/JzMRlPTDjZWE2g2j089Ha+RqTp4Mo75wToBH32g==','','',NULL,NULL,'0000-00-00 00:00:00',0,NULL,1),(331,'6','3311499415','wyMjBlV02zbzu37Tml29B0wFgx8IPbrBcT8sxyMH89qO++UP/DCKjhUx2yVPMaAUB83V0LqVGTNAiz3FNLmpOw==','','',NULL,NULL,'0000-00-00 00:00:00',0,NULL,1),(332,'6','3551073818','qUOMOzJAAmL1fGmSlQbonl4FkhITE7CHywI4gus9CqJUxX1WE4xhH4r2y2OvNMjKhkbXgje8LWWLPr4sWQ1DWw==','','',NULL,NULL,'0000-00-00 00:00:00',0,NULL,1),(333,'7','1623','xTx/IjBiOIJqY2fMdukOL5GVuTxbmK8MJnKNMZ6+/FcmuTIGtzos1blTyZRR9M4mo74QKOxSAuYKSc+C1H83Lw==','','',NULL,NULL,'0000-00-00 00:00:00',0,NULL,1),(334,'6','3253114793','sljT1QwPPlE2AFiMxffZ3O4IBh0HHXhHsbfiF4T8F7EEyrd+qo1P2I9PYkqcXfR0F5/NtMIdJxxRjENLLYFp+w==','','',NULL,NULL,'0000-00-00 00:00:00',0,NULL,1),(335,'6','3727865143','Qlz2EFBD3RTHq4pv0NAYK4OgRl2mrqfvtu8cBQqhgDzw7l/4+bh5WZocJCR389Jc/Og7Hjsz+DmRl6q+5WnrRw==','','',NULL,NULL,'0000-00-00 00:00:00',0,NULL,1),(336,'6','3789411080','+DmrrAftgM+EmGkoDchaV8Jg1cabrnyAXgvBidIsYOBmGcOC/cWbe+2tq7igHF8n6O/veVedokgatO+3cJpuyg==','','',NULL,NULL,'0000-00-00 00:00:00',0,NULL,1),(337,'6','3705074542','p7g8UPaHqjwLUei2cDLcN7nJSkDrlxqRXy54P0iObAld9f2REg2agiwuI4S90MuY5Xko0xBnl+gZJzddua8vuA==','','',NULL,NULL,'0000-00-00 00:00:00',0,NULL,1),(338,'7','9985','lhXaf6Vc1IPkRMs+9En0dOgmnXgoqVXnnrDv6ZLK+booC5eRkjP7gmT3bAs6vScjVVzEQv/MAqj5ELclP5VjEA==','','',NULL,NULL,'0000-00-00 00:00:00',0,NULL,1),(339,'6','3128974912','7MxvhYNQVt8Pjo2tEfXUp+jzrgLSD23xtoKOfbQXZpOvhm3CTMMMpjeiOK0NDXSVv7XWR8tNY+njVKrOCwEktw==','','',NULL,NULL,'0000-00-00 00:00:00',0,NULL,1),(340,'6','3999367489','zInNGitySkkbNNnxjp9TIcRofdgl3Yi36w8o10qE7ms/t0oZWEUMXX+lucFwkxN6L7XXjLh4KzHzYggbGwJpSA==','','',NULL,NULL,'0000-00-00 00:00:00',0,NULL,1),(341,'7','5192','xkeG0XjypS4UXQJUoiQD2VUVD7GpAwQA5qu+l0Em4OXnXHpAXcMeJ15+XoaDthFrmPkhbSzqYZqiBiFJeCRcBg==','','',NULL,NULL,'0000-00-00 00:00:00',0,NULL,1),(342,'6','3311854387','rHoqT8RZXlUa0SW2Ff7sKmk89I1CwbD9z6kCHOmBveTf5uewBhOeyWhgxKAtpEgt8WHVle7nM4/2FDiA2bwzyg==','','',NULL,NULL,'0000-00-00 00:00:00',0,NULL,1),(343,'6','3992615017','JUD3vm876pE5HhwGNwlGw/12ZcJ+2dRd12M2FzWeWwlH2uJko3FV56Kj9ZH/pzexZpQi7BaveDoOlVYLxCb60g==','','',NULL,NULL,'0000-00-00 00:00:00',0,NULL,1),(344,'7','1162','2eyKBBegZZvqocrA2op3sn70SbPqSIHHslnb1TZCIZdhlCcZIFuVWlfOF+TiIvrPnkkXzxkSkYD6I7L1sXiU/Q==','','',NULL,NULL,'0000-00-00 00:00:00',0,NULL,1),(345,'6','3688997048','WvKQ0EX7oU2FAPMlH73hf9Fm7JXmNv1EMAzoNudd0kFlt+lWA1gAdyN2t/2W9/hgaF3unaoVl1x/YjEg3CRGTw==','','',NULL,NULL,'0000-00-00 00:00:00',0,NULL,1),(346,'6','3164847325','4S/kiGk8fEcDOyc30q7F+l5wpulm2oSaonHh27zAB+5sB1v3Yu38d3eVn4JyXYh3AGTSf+7WcM1c4qiV1mxFEg==','','',NULL,NULL,'0000-00-00 00:00:00',0,NULL,1),(347,'7','7274','3Szd/Wu/tu3u7w5bG4Nem3hWos135Syp8pV5Yy+2yP3FpeJrbQwenXxlDYqphekDwV9FO7f+mmVq/QosDKKU2A==','','',NULL,NULL,'0000-00-00 00:00:00',0,NULL,1),(348,'6','3588483552','yHU6SxIH2GXSVuXdvopIRVfCUJ+hkeIB3DbJxadZCVkBzXpUFKB1DAmVuLjf5r/qugWRcrWj/w3HX5z0N76ChQ==','','',NULL,NULL,'0000-00-00 00:00:00',0,NULL,1),(349,'6','3147393979','DfiqXdAg1NW2y9bp2Vx6NJhdSZ76uvCpjWuZhOFI0EVNslwkVrmgzKuYCOzX4wZpk38SVITCOp0jjSDcspnunQ==','','',NULL,NULL,'0000-00-00 00:00:00',0,NULL,1),(350,'7','4573','0yxOLxtFZ9mlHvI6XksXcUjMhRp0ycHkqKRFW4IFvRoIRXUVNtwm6lmFUdXnLgj+bVTxuepgFh3/V1xxsqVnZg==','','',NULL,NULL,'0000-00-00 00:00:00',0,NULL,1),(351,'6','3851548635','Frzsl00QUibKb/H4o1CGQo7UWnVcq+UVwkFuvOY+l7VWbt14UJR2CYe4dj1Nkr4mWPqbpt5+G7aBIrUWhvWE4Q==','','',NULL,NULL,'0000-00-00 00:00:00',0,NULL,1),(352,'6','3736928518','XcEzBbLseYPpryDXFlGuMpoFI/eMUbUAsPjptGhrwY9uqIXjt2rFdvvNn7jBrJQt/1VxpKO4OKdbGsGZXHE7Nw==','','',NULL,NULL,'0000-00-00 00:00:00',0,NULL,1),(353,'7','4825','+YgfFfG2sIMKL8Ww9Lq98TqKQfT1ISx+M3CV3CGbUGlWArs2cW07S98ecQRX9J6H19i03RDZM+972afBvBDILQ==','','',NULL,NULL,'0000-00-00 00:00:00',0,NULL,1),(354,'6','3605912611','nQ+gNLNP+UJ1h9tSxYQMtr61byDFpH2TD0uLt1g4ijra19JSIlmzuxhM0M+UgbwWY+nXg1hve0z4vZVlFxvDIQ==','','',NULL,NULL,'0000-00-00 00:00:00',0,NULL,1),(355,'6','3612804540','dmGQ9s/ypqI23OxWhk0lu4WGJvmNqakMqPoPXpnF5wHokXCbXLLgkc0O957pBxrP151YOFJTNhDRP8xN/Z31KA==','','',NULL,NULL,'0000-00-00 00:00:00',0,NULL,1),(356,'7','5233','jCSjwKR0oYYPKX3OH/ZHBl7EKuBY0TLIxZ3ahSZ2V0Uj0s7KSGemOIIhgpS1hecYmRZnFp7Yj8XYAJajkVnFhA==','','',NULL,NULL,'0000-00-00 00:00:00',0,NULL,1),(357,'6','3450384418','DCfshl2QgyFgfT8Tbu7bJw1MWsCcCL51WZXfkx720pzCWziMHoODnjHiIx5KLoqCP+q9yhA4Ii99mpzveBLCcw==','','',NULL,NULL,'0000-00-00 00:00:00',0,NULL,1),(358,'6','3526640366','JUfzXAg6JVly6A2Z3zoF/USQHNghmQtqwQdQWE2JYlZ9nXdjzduy4mBMFZRQpZwkhWvcZqxA0bQgNgDjz8jthw==','','',NULL,NULL,'0000-00-00 00:00:00',0,NULL,1),(359,'7','8609','uQ6B7YfHeWyW0fjXNvydfLcRMZj9sVA9DWgxwsjfBSvANrboci1idHYUzn6CY9GCPeK2hQReuV7kTUn08IgvdA==','','',NULL,NULL,'0000-00-00 00:00:00',0,NULL,1),(360,'6','3717354005','gO7HTax6o1UshhTjG1BM5Y+Jwv5h7Zn5VJGSW2wAYrAb6/xYJcPnmwyRM/Ij2GC00QTncyFOYl4bF2+RC4vHpQ==','','',NULL,NULL,'0000-00-00 00:00:00',0,NULL,1),(361,'6','3923047883','UqS1eZToYO1PkeHGZsDkl4bIQ9fyMZjyg0sDNtQJKg2JCe0HJumMd6UtptLHZ7vWsvB0VZUk5NnU1OG8YRZY6A==','','',NULL,NULL,'0000-00-00 00:00:00',0,NULL,1),(362,'7','8384','eLyRbPJS3svr7gOP7ZdRC9K8Q24vi0ysdy+k+bmczHOhfBqa05FvdUUXPAxzn/RkC4kLpy0IZNe8bGandJxu1Q==','','',NULL,NULL,'0000-00-00 00:00:00',0,NULL,1),(363,'6','3912186236','fYixyCbAgX2kxcXhYDeaJVMaBuICwjFc+y02gE9qWHkG5oQn1IYO0SxB1w+poSheOq0MeiE0AuxoYZEdl3/XlQ==','','',NULL,NULL,'0000-00-00 00:00:00',0,NULL,1),(364,'6','3707951613','eJz5bNTLmPfCAvSo2+T16ZOZMKB8WUFDmYepXQWKDi8ZVofgGfTE8GhfsyjZ5OXXAn60NfbUAeiGDAAuK7AUsg==','','',NULL,NULL,'0000-00-00 00:00:00',0,NULL,1),(365,'7','7528','5DmEBCWhlglvzem0A4uD3kcayJH+zg6czHvE9Vrv+DGl9vKl6wnUrMILsJyPB4oh7pxStQ9y5uQ998cZ8L1NjA==','','',NULL,NULL,'0000-00-00 00:00:00',0,NULL,1),(366,'6','3415121006','5DT6wy7IRSU7prt6GNNGjoQ7v41xAAzHmLT72m3aTAnzKYZDjQ7heJj8SD+a5RL3/pTOARcyHuiU84n/8feWTQ==','','',NULL,NULL,'0000-00-00 00:00:00',0,NULL,1),(367,'6','3361178099','y9xSWVCxWWTi0OskXcIcO2o2B2B4qmROirestASttgJVuNJ3kVvYIkzRpb3ogj7KQ6lg4pkzXe2LD0g91RROcQ==','','',NULL,NULL,'0000-00-00 00:00:00',0,NULL,1),(368,'7','7461','kopEDQXs/Dda07qDGku+yg1DGCLFMzHfRGpoit9eB2mZp6HZURgOVmA2mbxvFL7/QRZQck4bUoG0e2SMAMeCwg==','','',NULL,NULL,'0000-00-00 00:00:00',0,NULL,1),(369,'6','3313286210','0Fz1qq54Vq5JC2ozFU+0lnYrQqw9ihSIqT1gBVu51BGsP2GjcIJD1TnMeTxSG3QQkTJlxj8iLx1ejb3j3MWESQ==','','',NULL,NULL,'0000-00-00 00:00:00',0,NULL,1),(370,'6','3718275890','hXAZyDr9nPDf5III3+/aZKAnRN1mb3BKi/zXAzdphw9bxYtVq5TJ8CiCfWT38i5vsPHpOQw9I53LiNLm7GbWZQ==','','',NULL,NULL,'0000-00-00 00:00:00',0,NULL,1),(371,'7','6477','QqO7Fc2vaLAjjD6DllPhuKZBqJ+PdMtVYeR3vqJS7LDsBw0s1fbzBnAU9rDJ6jpk9KWWovKSxk7kfHLvEtDheQ==','','',NULL,NULL,'0000-00-00 00:00:00',0,NULL,1),(372,'6','3531292588','nB5S+LUlTpIOtD+rhw2Bg+Btvn2cXwTZhrP9nLN6C+DDbAMxED7mgGn/a5ffWm/3XYKQip/ZKEdDLORliHBwGQ==','','',NULL,NULL,'0000-00-00 00:00:00',0,NULL,1),(373,'6','3995269067','XPS3YrQtKlVrK8UPbjyxWSoSregogRLpUV/gQ++3cC5szD46KqL0Qj5LWl8oCo3SmsMv4Wn0fNOuWDL7t4jHpg==','','',NULL,NULL,'0000-00-00 00:00:00',0,NULL,1),(374,'7','8877','CjsLvcHnxJpGyl9DPQgjlIuhzc2EA1JEJCyty8KO9qJWBd2UXOjWDYvYiDJT+CkcFJdCtiUFR8phBTbXuNd9pw==','','',NULL,NULL,'0000-00-00 00:00:00',0,NULL,1),(375,'6','3221879329','Lv4+WfZltZK+OU7SFzlk9HerhHUQ+wYDGcOCcqswgcw/9bH+qrr+OEsfY1Qnm0xj93pi5b9Gkg4/fqazNnggcA==','','',NULL,NULL,'0000-00-00 00:00:00',0,NULL,1),(376,'6','3979227553','jXmTyECwVfDOF09ETHWWSLQnJuZQwtbRTKIrGN825y63g1t5scjduk8JOQTSW6B/ZhlWc5KRKZe9iUli3mtKyg==','','',NULL,NULL,'0000-00-00 00:00:00',0,NULL,1),(377,'7','1381','/vKlk5e1/SVGW+eDET0cnzEUaXhndYS5XoH6a8lovBGoLs7CEjX5X6weKIJxruiNFYeMRiiMTZqB6DgRMgxrrA==','','',NULL,NULL,'0000-00-00 00:00:00',0,NULL,1),(378,'6','3792218907','nBGuE/uZkfue/AWKH7Fq+kQs6URlZeJ5YPZAkIa+s5W+qpeubiHqWo06B20Fk/SzKnK4YZQZtZbHg66+WmWOJg==','','',NULL,NULL,'0000-00-00 00:00:00',0,NULL,1),(379,'6','3233751779','+tI/lhJhhQlNDqZpcWdhTUJtQUKe1ZB25RHx0uim6Ubd5+4qc4P213n3dxSFxctF5N/yis7ORWXI66SUX1Dx3A==','','',NULL,NULL,'0000-00-00 00:00:00',0,NULL,1),(380,'7','3210','VvvLqJDS2BrYieUJJ5sELVoSktyLavScsKMVeMcgHBolvPn1uMcWdNpJbuRsED0Du8AHeU9ZfJHqqc29qkU/Gw==','','',NULL,NULL,'0000-00-00 00:00:00',0,NULL,1),(381,'6','3377232767','rXnXBGfq2UJgZTHvK0vVB6fhAnWUlLezmRJpfdi5lyvYYrv/8aDkUaXp/URV0HS48SeWkct6/NE5F8jSnAvarA==','','',NULL,NULL,'0000-00-00 00:00:00',0,NULL,1),(382,'6','3816519247','632T68yGOki0bfQWI9fOVvFNkLRoZIZp+ISfo+rafdN8CWQBXicABCKMuMW3c1cDjnH+G85zUl8Z2jCiQDtm1g==','','',NULL,NULL,'0000-00-00 00:00:00',0,NULL,1),(383,'7','9533','cEwmiVYL9TVvC0rzI7MF3CqYdK88l+ew7BMiGiENtj4CcT0TEiZy4lXyXaOG+/MXsxv+nCApDVA/h4RliLnDJA==','','',NULL,NULL,'0000-00-00 00:00:00',0,NULL,1),(384,'6','3248363108','2ETFfxT2WIWmiMv8MWApRyNM2cGmd9PHcDMALhxfIHwjUwa0TnmW5LiD1f0DjVUnCZO0mAESpRHegKocd70Wqg==','','',NULL,NULL,'0000-00-00 00:00:00',0,NULL,1),(385,'6','1978-04-13','55tSXkgKaTfn1++qSio+BGiq/adORBFVQkGwjDtksnDeATfgqN3qf+HJoeB+gx+zTrH5jcvQIWNFK3F3Ue/RVw==','','',NULL,NULL,'0000-00-00 00:00:00',0,NULL,1),(386,'7','7477','kLO0QzOAcFp1jjhk3tJOv13XCIzRu3ysutPupl1QG97VSTfcxJIekY1LGxxAIxk08FBoWbc6Nu112QASDPLb9g==','','',NULL,NULL,'0000-00-00 00:00:00',0,NULL,1);
DROP TABLE IF EXISTS `bbc_user_field`;
CREATE TABLE `bbc_user_field` (
  `id` int(11) NOT NULL AUTO_INCREMENT,
  `group_id` int(11) NOT NULL DEFAULT '0',
  `type` varchar(255) NOT NULL,
  `title` varchar(255) NOT NULL,
  `tips` varchar(255) NOT NULL,
  `checked` enum('any','email','url','phone','number') NOT NULL DEFAULT 'any',
  `attr` varchar(255) NOT NULL,
  `default` text NOT NULL,
  `option` text NOT NULL,
  `orderby` int(255) NOT NULL DEFAULT '1',
  `mandatory` tinyint(1) NOT NULL DEFAULT '0',
  `active` tinyint(1) NOT NULL DEFAULT '0',
  PRIMARY KEY (`id`),
  KEY `active` (`active`)
) ENGINE=MyISAM AUTO_INCREMENT=7 DEFAULT CHARSET=utf8;

INSERT INTO `bbc_user_field` VALUES (5,0,'textarea','Alamat Lengkap','','any','','','',2,1,1),(6,0,'text','Phone','','phone','','','',1,1,1);
DROP TABLE IF EXISTS `bbc_user_group`;
CREATE TABLE `bbc_user_group` (
  `id` int(255) unsigned NOT NULL AUTO_INCREMENT,
  `name` varchar(255) DEFAULT NULL,
  `desc` varchar(255) DEFAULT NULL,
  `menus` text,
  `cpanels` text,
  `score` int(11) NOT NULL DEFAULT '0',
  `is_customfield` tinyint(1) NOT NULL DEFAULT '0',
  `is_admin` tinyint(2) DEFAULT '0',
  PRIMARY KEY (`id`),
  KEY `is_admin` (`is_admin`)
) ENGINE=MyISAM AUTO_INCREMENT=8 DEFAULT CHARSET=utf8;

INSERT INTO `bbc_user_group` VALUES (1,'root','this is the highest degree of user level in system',',all,',',all,',0,0,1),(2,'administrator','administrator','',',2,15,16,',0,0,1),(3,'Customer','Customer',',all,','',0,1,0),(4,'Registered','lowest level of member site','','',0,0,0),(5,'Teacher','teacher role',',all,','',0,0,0),(6,'Parent','parent role',',all,','',0,0,0),(7,'Student','student role',',all,','',0,0,0);
DROP TABLE IF EXISTS `contact`;
CREATE TABLE `contact` (
  `id` int(255) NOT NULL AUTO_INCREMENT,
  `name` varchar(255) DEFAULT NULL,
  `email` varchar(255) DEFAULT NULL,
  `params` text,
  `message` text,
  `answer` text,
  `post_date` datetime DEFAULT NULL,
  `answer_date` datetime DEFAULT NULL,
  `followed` tinyint(1) NOT NULL DEFAULT '0',
  PRIMARY KEY (`id`),
  KEY `followed` (`followed`),
  FULLTEXT KEY `name` (`name`,`email`,`params`,`message`,`answer`)
) ENGINE=MyISAM DEFAULT CHARSET=utf8;

DROP TABLE IF EXISTS `contact_field`;
CREATE TABLE `contact_field` (
  `id` int(11) NOT NULL AUTO_INCREMENT,
  `type` varchar(255) NOT NULL,
  `checked` enum('any','email','url','phone','number') DEFAULT 'any',
  `title` varchar(255) NOT NULL,
  `tips` varchar(255) NOT NULL,
  `attr` varchar(255) NOT NULL,
  `default` text NOT NULL,
  `option` text NOT NULL,
  `orderby` int(255) NOT NULL DEFAULT '1',
  `mandatory` tinyint(1) NOT NULL DEFAULT '0',
  `active` tinyint(1) NOT NULL DEFAULT '0',
  PRIMARY KEY (`id`),
  KEY `active` (`active`)
) ENGINE=MyISAM AUTO_INCREMENT=6 DEFAULT CHARSET=utf8;

INSERT INTO `contact_field` VALUES (1,'textarea','any','Address','','','','',1,0,1),(2,'text','any','City','','','','',2,0,1),(3,'text','any','State','','','','',3,0,1),(4,'text','number','Post Code','','','','',4,0,1),(5,'text','phone','Phone','','','','',6,0,1);
DROP TABLE IF EXISTS `contact_messenger`;
CREATE TABLE `contact_messenger` (
  `id` int(255) NOT NULL AUTO_INCREMENT,
  `name` varchar(255) DEFAULT NULL,
  `username` varchar(255) DEFAULT NULL,
  `code` text,
  `online` tinyint(1) NOT NULL DEFAULT '0',
  `orderby` int(11) DEFAULT NULL,
  `publish` tinyint(1) NOT NULL DEFAULT '0',
  PRIMARY KEY (`id`),
  KEY `publish` (`publish`),
  KEY `online` (`online`)
) ENGINE=MyISAM AUTO_INCREMENT=2 DEFAULT CHARSET=utf8;

INSERT INTO `contact_messenger` VALUES (1,'Cust.Support','bbc_danang','',1,1,1);
DROP TABLE IF EXISTS `guestbook`;
CREATE TABLE `guestbook` (
  `id` int(255) NOT NULL AUTO_INCREMENT,
  `name` varchar(255) DEFAULT NULL,
  `email` varchar(255) DEFAULT NULL,
  `params` text,
  `message` text,
  `date` datetime DEFAULT NULL,
  `publish` tinyint(1) NOT NULL DEFAULT '0',
  PRIMARY KEY (`id`),
  KEY `publish` (`publish`),
  FULLTEXT KEY `name` (`name`,`email`,`params`,`message`)
) ENGINE=MyISAM DEFAULT CHARSET=utf8;

DROP TABLE IF EXISTS `guestbook_field`;
CREATE TABLE `guestbook_field` (
  `id` int(11) NOT NULL AUTO_INCREMENT,
  `type` varchar(255) NOT NULL,
  `checked` enum('any','email','url','phone','number') DEFAULT 'any',
  `title` varchar(255) NOT NULL,
  `tips` varchar(255) NOT NULL,
  `attr` varchar(255) NOT NULL,
  `default` text NOT NULL,
  `option` text NOT NULL,
  `orderby` int(255) NOT NULL DEFAULT '1',
  `mandatory` tinyint(1) NOT NULL DEFAULT '0',
  `active` tinyint(1) NOT NULL DEFAULT '0',
  PRIMARY KEY (`id`),
  KEY `active` (`active`)
) ENGINE=MyISAM AUTO_INCREMENT=3 DEFAULT CHARSET=utf8;

INSERT INTO `guestbook_field` VALUES (1,'textarea','any','Address','','rows=3 cols=34','','',2,0,1),(2,'text','any','Company','','size=34','','',1,0,1);
DROP TABLE IF EXISTS `imageslider`;
CREATE TABLE `imageslider` (
  `id` int(255) NOT NULL AUTO_INCREMENT,
  `cat_id` int(255) NOT NULL DEFAULT '0',
  `image` varchar(255) DEFAULT NULL,
  `link` varchar(255) DEFAULT NULL,
  `orderby` int(11) DEFAULT NULL,
  `publish` tinyint(1) NOT NULL DEFAULT '1',
  PRIMARY KEY (`id`),
  KEY `cat_id` (`cat_id`),
  KEY `publish` (`publish`),
  FULLTEXT KEY `image` (`image`,`link`)
) ENGINE=MyISAM AUTO_INCREMENT=13 DEFAULT CHARSET=utf8;

INSERT INTO `imageslider` VALUES (1,1,'4c4c675c0b71e.jpg','',10,1),(2,1,'4c4c677194c62.jpg','',9,0),(3,1,'4c4c678e57bd3.jpg','',8,0),(4,1,'4c4c679a89547.jpg','',7,0),(5,1,'4c4c67c972711.jpg','',6,0),(6,1,'4c4c67e41e84b.jpg','',5,0),(7,1,'4c4c67ffca2e0.jpg','',4,0),(8,1,'4c4c681035682.jpg','',3,0),(9,1,'4c4c681f6ea08.jpg','',2,0),(10,1,'4c4c682aaf7a1.jpg','',1,1),(11,1,'','',11,1),(12,1,'','',12,1);
DROP TABLE IF EXISTS `imageslider_cat`;
CREATE TABLE `imageslider_cat` (
  `id` int(255) NOT NULL AUTO_INCREMENT,
  `title` varchar(255) DEFAULT NULL,
  `width` int(11) NOT NULL,
  `height` int(11) NOT NULL,
  PRIMARY KEY (`id`)
) ENGINE=MyISAM AUTO_INCREMENT=2 DEFAULT CHARSET=utf8;

INSERT INTO `imageslider_cat` VALUES (1,'Header',500,150);
DROP TABLE IF EXISTS `imageslider_text`;
CREATE TABLE `imageslider_text` (
  `imageslider_id` int(255) NOT NULL,
  `title` varchar(255) NOT NULL DEFAULT '',
  `lang_id` int(255) NOT NULL DEFAULT '0',
  KEY `imageslider_id` (`imageslider_id`,`lang_id`)
) ENGINE=MyISAM DEFAULT CHARSET=utf8;

INSERT INTO `imageslider_text` VALUES (1,'Gedung',1),(2,'Praktikum',1),(3,'Kelas',1),(4,'Laboratorium',1),(5,'Praktek',1),(6,'Penyerahan Hadiah',1),(7,'Pengajaran',1),(8,'Belajar Kelompok',1),(9,'Perpustakaan',1),(10,'Wisuda',1),(11,'phs',1),(12,'lookism',1);
DROP TABLE IF EXISTS `links`;
CREATE TABLE `links` (
  `id` int(255) NOT NULL AUTO_INCREMENT,
  `title` varchar(255) DEFAULT NULL,
  `link` varchar(255) DEFAULT NULL,
  `image` varchar(25) DEFAULT NULL,
  `orderby` int(255) DEFAULT NULL,
  `publish` tinyint(1) NOT NULL DEFAULT '1',
  PRIMARY KEY (`id`),
  KEY `publish` (`publish`)
) ENGINE=MyISAM AUTO_INCREMENT=6 DEFAULT CHARSET=utf8;

INSERT INTO `links` VALUES (1,'Dirjen Pendidikan Tinggi','http://dikti.go.id/','',1,1),(2,'Departemen Kesehatan RI','http://depkes.go.id/','',4,1),(3,'Pusat Informasi dan Konseling Kesehatan Reproduksi (PIKKR)','http://pikkr.wordpress.com/','',2,1),(4,'Dinas Kesehatan Provinsi DIY','http://fisip.net/','',3,1),(5,'Download','http://www.ifwdb.com/','',5,1);
DROP TABLE IF EXISTS `links_ad`;
CREATE TABLE `links_ad` (
  `id` int(11) NOT NULL AUTO_INCREMENT,
  `name` varchar(80) NOT NULL,
  `content` text NOT NULL,
  `javascript` text NOT NULL,
  `publish` tinyint(1) NOT NULL,
  PRIMARY KEY (`id`),
  UNIQUE KEY `name` (`name`),
  KEY `publish` (`publish`)
) ENGINE=MyISAM DEFAULT CHARSET=utf8;

DROP TABLE IF EXISTS `links_share`;
CREATE TABLE `links_share` (
  `id` int(11) unsigned NOT NULL AUTO_INCREMENT,
  `title` varchar(150) DEFAULT NULL,
  `description` text,
  `image` varchar(255) DEFAULT NULL,
  `link` varchar(255) DEFAULT NULL,
  `total` bigint(20) DEFAULT '0',
  `publish` tinyint(1) DEFAULT '1',
  `created` datetime DEFAULT CURRENT_TIMESTAMP,
  `updated` datetime DEFAULT CURRENT_TIMESTAMP ON UPDATE CURRENT_TIMESTAMP,
  PRIMARY KEY (`id`),
  KEY `total` (`total`),
  KEY `publish` (`publish`)
) ENGINE=InnoDB DEFAULT CHARSET=utf8;

DROP TABLE IF EXISTS `member`;
CREATE TABLE `member` (
  `id` int(11) unsigned NOT NULL AUTO_INCREMENT,
  `user_id` int(11) unsigned NOT NULL,
  `name` varchar(255) DEFAULT NULL,
  PRIMARY KEY (`id`),
  KEY `user_id` (`user_id`)
) ENGINE=InnoDB AUTO_INCREMENT=421 DEFAULT CHARSET=utf8 COMMENT='tabel untuk menyimpan data member';

INSERT INTO `member` VALUES (1,3,'surya'),(2,4,'agung'),(3,5,'ilham'),(4,6,'yasin'),(5,7,'vito'),(6,8,'sumanto'),(7,9,'sumanti'),(8,10,'intan'),(9,11,'zamal'),(10,12,'nabila'),(11,13,'dina'),(12,14,'sumanto'),(13,15,'sumanti'),(14,16,'surya'),(15,17,'alex'),(16,18,'nana'),(17,19,'sutejo'),(18,20,'naufal'),(19,21,'noor'),(20,22,'tarjo'),(21,23,'tugimin'),(22,24,'ida'),(23,25,'agus'),(24,26,'owo'),(25,27,'owi'),(26,28,'uwu'),(27,29,'Sarah Jones'),(28,30,'David Miller'),(29,31,'Emily Garcia'),(30,32,'Daniel Hernandez'),(31,33,'Olivia Johnson'),(32,34,'Budi'),(33,35,'Ani'),(34,36,'Cici'),(35,37,'Doni'),(36,38,'Eko'),(37,39,'Fanny'),(38,40,'Gita'),(39,41,'Haris'),(40,8,'Bapak Arief Maharani'),(41,9,'Bu Lina Maharani'),(42,10,'Ibu Sri Susanto'),(43,11,'Ibu Sri Maharani'),(44,12,'Bapak Yanto Susanto'),(45,13,'Bu Lina Susanto'),(46,14,'Bapak Arief Susanto'),(47,15,'Pak Adi Susanto'),(48,16,'Ibu Sri Cahyono'),(49,17,'Bu Lina Susanto'),(50,18,'Pak Adi Cahyono'),(51,19,'Bapak Yanto Widodo'),(52,20,'Bu Lina Cahyono'),(53,21,'Bapak Arief Susanto'),(54,22,'Ibu Sri Prabowo'),(55,23,'Joko Saputra'),(56,24,'Ratna Fitri'),(57,25,'Sofia Pratama'),(58,26,'Iwan Saputra'),(59,27,'Maria Kusuma'),(60,28,'Alya Maharani'),(61,29,'Budi Prabowo'),(62,30,'Ratna Fitri'),(63,31,'Farhan Pratama'),(64,32,'Budi Prabowo'),(65,33,'Linda Sari'),(66,34,'Alya Cahaya'),(67,35,'Iwan Saputra'),(68,36,'Ayu Fitri'),(69,37,'Farhan Cahaya'),(70,38,'Hendro Saputra'),(71,39,'Ratna Wati'),(72,40,'Farhan Cahaya'),(73,41,'Agus Santoso'),(74,42,'Siti Kusuma'),(75,43,'Alya Maharani'),(76,44,'Iwan Nugroho'),(77,45,'Maria Fitri'),(78,46,'Rafa Maharani'),(79,47,'Agus Santoso'),(80,48,'Maria Wati'),(81,49,'Alya Wardhana'),(82,50,'Agus Prabowo'),(83,51,'Siti Sari'),(84,52,'Rizky Wardhana'),(85,53,'Hendro Santoso'),(86,54,'Ratna Kusuma'),(87,55,'Sofia Wardhana'),(88,56,'Hendro Nugroho'),(89,57,'Ayu Sari'),(90,58,'Sofia Putra'),(91,59,'Hendro Prabowo'),(92,60,'Siti Kusuma'),(93,61,'Farhan Cahaya'),(94,62,'Joko Santoso'),(95,63,'Ayu Fitri'),(96,64,'Sofia Putra'),(97,65,'Budi Nugroho'),(98,66,'Siti Sari'),(99,67,'Farhan Wardhana'),(100,68,'Agus Nugroho'),(101,69,'Maria Fitri'),(102,70,'Alya Maharani'),(103,71,'Joko Saputra'),(104,72,'Ratna Sari'),(105,73,'Rafa Pratama'),(106,74,'Iwan Santoso'),(107,75,'Linda Kusuma'),(108,76,'Alya Pratama'),(109,77,'Budi Wijaya'),(110,78,'Siti Wati'),(111,79,'Alya Pratama'),(112,80,'Joko Nugroho'),(113,81,'Siti Sari'),(114,82,'Rafa Cahaya'),(115,83,'Agus Santoso'),(116,84,'Linda Wati'),(117,85,'Sofia Maharani'),(118,86,'Hendro Santoso'),(119,87,'Maria Lestari'),(120,88,'Rafa Pratama'),(121,89,'Joko Nugroho'),(122,90,'Ratna Kusuma'),(123,91,'Rafa Wardhana'),(124,92,'Joko Prabowo'),(125,93,'Siti Fitri'),(126,94,'Rizky Maharani'),(127,95,'Agus Wijaya'),(128,96,'Linda Kusuma'),(129,97,'Rafa Wardhana'),(130,98,'Iwan Prabowo'),(131,99,'Siti Wati'),(132,100,'Rafa Putra'),(133,101,'Budi Prabowo'),(134,102,'Maria Lestari'),(135,103,'Sofia Wardhana'),(136,104,'Iwan Nugroho'),(137,105,'Linda Kusuma'),(138,106,'Farhan Pratama'),(139,107,'Joko Wijaya'),(140,108,'Linda Wati'),(141,109,'Sofia Putra'),(142,110,'Agus Wijaya'),(143,111,'Maria Sari'),(144,112,'Sofia Putra'),(145,113,'Iwan Saputra'),(146,114,'Siti Lestari'),(147,115,'Rizky Maharani'),(148,116,'Iwan Nugroho'),(149,117,'Maria Fitri'),(150,118,'Alya Putra'),(151,119,'Budi Santoso'),(152,120,'Siti Fitri'),(153,121,'Sofia Cahaya'),(154,122,'Iwan Prabowo'),(155,123,'Maria Sari'),(156,124,'Farhan Putra'),(157,125,'Iwan Santoso'),(158,126,'Siti Wati'),(159,127,'Sofia Cahaya'),(160,128,'Iwan Saputra'),(161,129,'Ratna Kusuma'),(162,130,'Rafa Pratama'),(163,131,'Budi Saputra'),(164,132,'Linda Kusuma'),(165,133,'Rafa Cahaya'),(166,134,'Hendro Nugroho'),(167,135,'Ratna Wati'),(168,136,'Rizky Pratama'),(169,137,'Joko Prabowo'),(170,138,'Maria Fitri'),(171,139,'Sofia Cahaya'),(172,140,'Budi Saputra'),(173,141,'Linda Sari'),(174,142,'Sofia Pratama'),(175,143,'Joko Wijaya'),(176,144,'Ayu Kusuma'),(177,145,'Rizky Pratama'),(178,146,'Budi Prabowo'),(179,147,'Siti Sari'),(180,148,'Rafa Wardhana'),(181,149,'Joko Prabowo'),(182,150,'Ayu Kusuma'),(183,151,'Farhan Maharani'),(184,152,'Budi Wijaya'),(185,153,'Linda Fitri'),(186,154,'Alya Cahaya'),(187,155,'Agus Santoso'),(188,156,'Maria Lestari'),(189,157,'Alya Pratama'),(190,158,'Budi Nugroho'),(191,159,'Linda Sari'),(192,160,'Rafa Wardhana'),(193,161,'Iwan Prabowo'),(194,162,'Ayu Fitri'),(195,163,'Alya Cahaya'),(196,164,'Iwan Prabowo'),(197,165,'Ayu Lestari'),(198,166,'Rizky Cahaya'),(199,167,'Joko Prabowo'),(200,168,'Ayu Wati'),(201,169,'Rizky Pratama'),(202,170,'Joko Wijaya'),(203,171,'Maria Wati'),(204,172,'Alya Maharani'),(205,173,'Budi Wijaya'),(206,174,'Siti Fitri'),(207,175,'Sofia Maharani'),(208,176,'Budi Nugroho'),(209,177,'Maria Wati'),(210,178,'Sofia Wardhana'),(211,179,'Iwan Prabowo'),(212,180,'Maria Kusuma'),(213,181,'Rizky Wardhana'),(214,182,'Agus Nugroho'),(215,183,'Ratna Kusuma'),(216,184,'Alya Wardhana'),(217,185,'Agus Prabowo'),(218,186,'Siti Fitri'),(219,187,'Rafa Putra'),(220,188,'Joko Santoso'),(221,189,'Ayu Sari'),(222,190,'Alya Pratama'),(223,191,'Budi Prabowo'),(224,192,'Ayu Sari'),(225,193,'Farhan Wardhana'),(226,194,'Joko Nugroho'),(227,195,'Maria Kusuma'),(228,196,'Rafa Wardhana'),(229,197,'Agus Prabowo'),(230,198,'Siti Sari'),(231,199,'Alya Wardhana'),(232,200,'Hendro Nugroho'),(233,201,'Maria Kusuma'),(234,202,'Alya Wardhana'),(235,203,'Agus Wijaya'),(236,204,'Ratna Fitri'),(237,205,'Farhan Maharani'),(238,206,'Agus Nugroho'),(239,207,'Ratna Lestari'),(240,208,'Alya Pratama'),(241,209,'Budi Nugroho'),(242,210,'Siti Fitri'),(243,211,'Sofia Wardhana'),(244,212,'Budi Nugroho'),(245,213,'Siti Sari'),(246,214,'Rafa Cahaya'),(247,215,'Budi Wijaya'),(248,216,'Siti Wati'),(249,217,'Alya Pratama'),(250,218,'Budi Wijaya'),(251,219,'Siti Sari'),(252,220,'Farhan Pratama'),(253,221,'Joko Santoso'),(254,222,'Maria Fitri'),(255,223,'Sofia Putra'),(256,224,'Hendro Santoso'),(257,225,'Ayu Sari'),(258,226,'Rafa Pratama'),(259,227,'Budi Saputra'),(260,228,'Siti Kusuma'),(261,229,'Farhan Pratama'),(262,230,'Joko Prabowo'),(263,231,'Ayu Sari'),(264,232,'Alya Putra'),(265,233,'Agus Saputra'),(266,234,'Maria Sari'),(267,234,'Alya Putra'),(268,235,'Hendro Nugroho'),(269,236,'Ratna Fitri'),(270,237,'Rafa Pratama'),(271,238,'Hendro Nugroho'),(272,239,'Linda Wati'),(273,240,'Rafa Putra'),(274,241,'Agus Nugroho'),(275,242,'Ratna Wati'),(276,243,'Rizky Cahaya'),(277,244,'Iwan Santoso'),(278,245,'Maria Wati'),(279,246,'Rizky Putra'),(280,247,'Budi Santoso'),(281,248,'Linda Fitri'),(282,249,'Farhan Wardhana'),(283,250,'Joko Prabowo'),(284,251,'Maria Wati'),(285,252,'Sofia Putra'),(286,253,'Budi Prabowo'),(287,254,'Linda Lestari'),(288,255,'Sofia Wardhana'),(289,256,'Iwan Saputra'),(290,257,'Siti Fitri'),(291,258,'Farhan Putra'),(292,259,'Agus Prabowo'),(293,260,'Siti Wati'),(294,261,'Farhan Pratama'),(295,262,'Hendro Prabowo'),(296,263,'Ayu Sari'),(297,264,'Rafa Pratama'),(298,265,'Hendro Saputra'),(299,266,'Maria Kusuma'),(300,267,'Sofia Maharani'),(301,268,'Joko Santoso'),(302,269,'Ayu Kusuma'),(303,270,'Rizky Cahaya'),(304,271,'Iwan Wijaya'),(305,272,'Linda Kusuma'),(306,273,'Farhan Maharani'),(307,274,'Iwan Saputra'),(308,275,'Maria Kusuma'),(309,276,'Rizky Pratama'),(310,277,'Joko Wijaya'),(311,278,'Ratna Kusuma'),(312,279,'Rizky Maharani'),(313,280,'Iwan Santoso'),(314,281,'Ayu Fitri'),(315,282,'Farhan Maharani'),(316,283,'Budi Santoso'),(317,284,'Ayu Fitri'),(318,285,'Alya Putra'),(319,286,'Agus Prabowo'),(320,287,'Ratna Sari'),(321,288,'Rizky Pratama'),(322,289,'Agus Saputra'),(323,290,'Siti Lestari'),(324,291,'Alya Cahaya'),(325,292,'Joko Wijaya'),(326,293,'Ratna Kusuma'),(327,294,'Sofia Pratama'),(328,295,'Agus Prabowo'),(329,296,'Ratna Wati'),(330,297,'Rizky Cahaya'),(331,298,'Agus Nugroho'),(332,299,'Ratna Wati'),(333,300,'Rafa Maharani'),(334,301,'Agus Prabowo'),(335,302,'Ayu Kusuma'),(336,303,'Farhan Pratama'),(337,304,'Agus Nugroho'),(338,305,'Siti Sari'),(339,306,'Farhan Pratama'),(340,307,'Budi Prabowo'),(341,308,'Linda Kusuma'),(342,309,'Alya Wardhana'),(343,310,'Joko Nugroho'),(344,311,'Ayu Wati'),(345,312,'Farhan Putra'),(346,313,'Budi Prabowo'),(347,314,'Ayu Wati'),(348,315,'Alya Wardhana'),(349,316,'Agus Nugroho'),(350,317,'Siti Kusuma'),(351,318,'Alya Pratama'),(352,319,'Hendro Nugroho'),(353,320,'Maria Wati'),(354,321,'Rizky Maharani'),(355,322,'Joko Nugroho'),(356,323,'Ratna Wati'),(357,324,'Sofia Wardhana'),(358,325,'Hendro Wijaya'),(359,326,'Siti Sari'),(360,327,'Rafa Putra'),(361,328,'Hendro Nugroho'),(362,329,'Ayu Fitri'),(363,330,'Alya Pratama'),(364,331,'Iwan Santoso'),(365,332,'Linda Fitri'),(366,333,'Rafa Cahaya'),(367,334,'Joko Saputra'),(368,335,'Maria Fitri'),(369,335,'Rizky Putra'),(370,336,'Budi Santoso'),(371,337,'Maria Kusuma'),(372,338,'Farhan Wardhana'),(373,339,'Joko Prabowo'),(374,340,'Ratna Wati'),(375,341,'Rizky Wardhana'),(376,342,'Agus Prabowo'),(377,343,'Maria Fitri'),(378,344,'Rafa Wardhana'),(379,345,'Agus Prabowo'),(380,346,'Linda Lestari'),(381,347,'Sofia Cahaya'),(382,348,'Joko Nugroho'),(383,349,'Siti Wati'),(384,350,'Farhan Cahaya'),(385,351,'Agus Nugroho'),(386,352,'Siti Fitri'),(387,353,'Farhan Putra'),(388,354,'Iwan Nugroho'),(389,355,'Ratna Kusuma'),(390,356,'Sofia Pratama'),(391,357,'Hendro Saputra'),(392,358,'Ayu Sari'),(393,359,'Rizky Pratama'),(394,360,'Budi Saputra'),(395,361,'Linda Wati'),(396,362,'Farhan Wardhana'),(397,363,'Iwan Prabowo'),(398,364,'Maria Kusuma'),(399,365,'Rafa Maharani'),(400,366,'Joko Nugroho'),(401,367,'Ratna Wati'),(402,368,'Rafa Wardhana'),(403,369,'Agus Prabowo'),(404,370,'Maria Kusuma'),(405,371,'Alya Cahaya'),(406,372,'Joko Santoso'),(407,373,'Maria Fitri'),(408,374,'Rafa Putra'),(409,375,'Iwan Santoso'),(410,376,'Ratna Sari'),(411,377,'Sofia Wardhana'),(412,378,'Hendro Prabowo'),(413,379,'Linda Sari'),(414,380,'Farhan Cahaya'),(415,381,'Iwan Saputra'),(416,382,'Ayu Sari'),(417,383,'Alya Cahaya'),(418,384,'Budi Wijaya'),(419,385,'Siti Sari'),(420,386,'Rizky Maharani');
DROP TABLE IF EXISTS `member_device`;
CREATE TABLE `member_device` (
  `id` int(11) unsigned NOT NULL AUTO_INCREMENT,
  `user_id` int(11) unsigned NOT NULL,
  `member_id` int(11) unsigned NOT NULL,
  `installation_id` varchar(255) DEFAULT NULL,
  `key` varchar(50) DEFAULT NULL,
  `last_login` datetime DEFAULT NULL,
  `created` datetime DEFAULT CURRENT_TIMESTAMP,
  `updated` datetime DEFAULT NULL ON UPDATE CURRENT_TIMESTAMP,
  PRIMARY KEY (`id`),
  UNIQUE KEY `installation_id` (`installation_id`),
  KEY `member_id` (`member_id`),
  KEY `user_id` (`user_id`),
  KEY `key` (`key`),
  CONSTRAINT `member_device_ibfk_1` FOREIGN KEY (`member_id`) REFERENCES `member` (`id`) ON DELETE CASCADE ON UPDATE CASCADE
) ENGINE=InnoDB AUTO_INCREMENT=4 DEFAULT CHARSET=utf8 COMMENT='tabel untuk menyimpan data device yang login';

INSERT INTO `member_device` VALUES (1,3,1,'a9','Z9WheZ9Xh2i1HjDt1M_2rhxSklKSY0yy','2024-01-24 10:20:29','2024-01-19 10:08:30','2024-01-24 10:20:29'),(2,6,4,'a2a','b4dIPGEDehiXbyi4db6wAc0RrPgj6zyY','2024-01-19 11:04:18','2024-01-19 10:22:00','2024-01-19 15:32:28'),(3,3,1,'a2','ibjk8yR0Th_Jy1gYB-w6ZStlQuKeX7F8','2024-01-22 10:06:58','2024-01-19 15:34:00','2024-02-01 16:46:41');
DROP TABLE IF EXISTS `school`;
CREATE TABLE `school` (
  `id` int(11) unsigned NOT NULL AUTO_INCREMENT,
  `name` varchar(255) DEFAULT NULL,
  `address` text,
  `image` varchar(255) DEFAULT NULL,
  `email` varchar(100) DEFAULT NULL,
  `phone` varchar(50) DEFAULT NULL,
  `created` datetime DEFAULT CURRENT_TIMESTAMP,
  `updated` datetime DEFAULT NULL ON UPDATE CURRENT_TIMESTAMP,
  `active` tinyint(1) DEFAULT '1',
  PRIMARY KEY (`id`)
) ENGINE=InnoDB DEFAULT CHARSET=utf8 COMMENT='menyimpan data sekolah';

DROP TABLE IF EXISTS `school_attendance`;
CREATE TABLE `school_attendance` (
  `id` int(11) unsigned NOT NULL AUTO_INCREMENT,
  `student_id` int(11) unsigned DEFAULT NULL,
  `schedule_id` int(11) unsigned DEFAULT NULL,
  `presence` tinyint(1) DEFAULT '1' COMMENT '1=hadir, 2=sakit, 3=ijin, 4=tidak hadir',
  `notes` varchar(255) DEFAULT NULL COMMENT 'ini adalah keterangan dari field sebelumnya',
  `created` datetime DEFAULT CURRENT_TIMESTAMP,
  `updated` datetime DEFAULT NULL ON UPDATE CURRENT_TIMESTAMP,
  PRIMARY KEY (`id`),
  KEY `attendance_schedule` (`schedule_id`),
  KEY `attendance_student` (`student_id`),
  CONSTRAINT `attendance_schedule` FOREIGN KEY (`schedule_id`) REFERENCES `school_schedule` (`id`) ON DELETE CASCADE ON UPDATE CASCADE,
  CONSTRAINT `attendance_student` FOREIGN KEY (`student_id`) REFERENCES `school_student` (`id`) ON DELETE CASCADE ON UPDATE CASCADE
) ENGINE=InnoDB DEFAULT CHARSET=utf8 COMMENT='daftar kehadiran';

DROP TABLE IF EXISTS `school_attendance_report`;
CREATE TABLE `school_attendance_report` (
  `id` int(11) unsigned NOT NULL AUTO_INCREMENT,
  `course_id` int(11) unsigned DEFAULT NULL,
  `class_id` int(11) unsigned DEFAULT NULL,
  `schedule_id` int(11) unsigned DEFAULT NULL,
  `status` tinyint(1) unsigned DEFAULT NULL COMMENT '1=completed, 2=finished, 3=late',
  `total_present` int(11) unsigned DEFAULT NULL COMMENT 'total kehadiran',
  `total_s` int(11) unsigned DEFAULT NULL COMMENT 'total sakit',
  `total_i` int(11) unsigned DEFAULT NULL COMMENT 'total ijin',
  `total_a` int(11) unsigned DEFAULT NULL COMMENT 'total tidak hadir',
  `date_day` tinyint(1) DEFAULT NULL,
  `date_week` tinyint(1) DEFAULT NULL,
  `date_month` tinyint(1) DEFAULT NULL,
  `date_year` tinyint(1) DEFAULT NULL,
  `created` datetime DEFAULT CURRENT_TIMESTAMP,
  `updated` datetime DEFAULT NULL ON UPDATE CURRENT_TIMESTAMP,
  PRIMARY KEY (`id`),
  KEY `course_id` (`course_id`),
  KEY `schedule_id` (`schedule_id`),
  CONSTRAINT `report_schedule` FOREIGN KEY (`schedule_id`) REFERENCES `school_schedule` (`id`) ON DELETE CASCADE ON UPDATE CASCADE
) ENGINE=InnoDB DEFAULT CHARSET=utf8 COMMENT='hasil laporan kehadiran';

DROP TABLE IF EXISTS `school_class`;
CREATE TABLE `school_class` (
  `id` int(11) unsigned NOT NULL AUTO_INCREMENT,
  `teacher_id` int(11) unsigned DEFAULT NULL,
  `grade` tinyint(2) DEFAULT NULL COMMENT 'tingkatan kelas (1,2,3)',
  `label` varchar(10) DEFAULT NULL COMMENT 'setelah grade (a,b,c)',
  `major` varchar(50) DEFAULT NULL COMMENT 'kejurusan kelas',
  PRIMARY KEY (`id`),
  UNIQUE KEY `teacher_id` (`teacher_id`),
  CONSTRAINT `class_teacher` FOREIGN KEY (`teacher_id`) REFERENCES `school_teacher` (`id`) ON DELETE CASCADE ON UPDATE CASCADE
) ENGINE=InnoDB AUTO_INCREMENT=16 DEFAULT CHARSET=utf8 COMMENT='data banyak kelas';

INSERT INTO `school_class` VALUES (1,1,10,'2','RPL'),(2,2,10,'1','RPL'),(3,3,11,'2','RPL'),(4,5,11,'1','RPL'),(5,4,12,'2','RPL'),(6,6,10,'A','DKV'),(7,7,11,'B','ANIMASI'),(8,8,12,'C','TKJ'),(9,9,10,'D','PRODUKSI'),(10,10,11,'E','Fisika'),(11,11,12,'F','Biologi'),(12,12,10,'G','ANIMASI'),(13,13,11,'H','DKV'),(14,14,12,'I','ANIMASI'),(15,15,10,'J','DKV\r\n');
DROP TABLE IF EXISTS `school_course`;
CREATE TABLE `school_course` (
  `id` int(11) unsigned NOT NULL AUTO_INCREMENT,
  `name` varchar(225) DEFAULT NULL,
  PRIMARY KEY (`id`)
) ENGINE=InnoDB AUTO_INCREMENT=16 DEFAULT CHARSET=utf8 COMMENT='data mata pelajaran sekolah';

INSERT INTO `school_course` VALUES (1,'Bahasa Indonesia'),(2,'Bahasa Inggris'),(3,'Matematika'),(4,'Ilmu Pengetahuan Alam'),(5,'Ilmu Pengetahuan Sosial'),(6,'Bahasa Jawa'),(7,'Bahasa Jepang'),(8,'Seni Budaya'),(9,'Sejarah'),(10,'Olahraga'),(11,'Seni Musik'),(12,'Pendidikan Agama'),(13,'Sistem Informatika'),(14,'Teknologi Informasi'),(15,'Pendidikan Pancasila dan Kewarganegaraan');
DROP TABLE IF EXISTS `school_parent`;
CREATE TABLE `school_parent` (
  `id` int(11) unsigned NOT NULL AUTO_INCREMENT,
  `user_id` int(11) DEFAULT NULL,
  `name` varchar(255) DEFAULT NULL,
  `birthday` date DEFAULT NULL,
  `phone` char(14) NOT NULL,
  `nik` char(16) DEFAULT NULL,
  `nokk` char(16) DEFAULT NULL,
  `address` text NOT NULL,
  `created` datetime DEFAULT CURRENT_TIMESTAMP,
  `updated` datetime DEFAULT NULL ON UPDATE CURRENT_TIMESTAMP,
  `active` tinyint(1) DEFAULT '1',
  PRIMARY KEY (`id`),
  UNIQUE KEY `phone` (`phone`),
  UNIQUE KEY `nik` (`nik`)
) ENGINE=InnoDB AUTO_INCREMENT=245 DEFAULT CHARSET=utf8 COMMENT='data orang tua siswa';

INSERT INTO `school_parent` VALUES (1,23,'Joko Saputra','1983-08-23','6288207075750','3497213214','2977474626328383','242 Cedar Street, CityD','2024-02-01 13:39:34',NULL,1),(2,24,'Ratna Fitri','1987-05-10','6289481542511','3974569999','2977474626328383','242 Cedar Street, CityD','2024-02-01 13:39:34',NULL,1),(3,26,'Iwan Saputra','1982-04-04','6288016554576','3624745124','7769998296385073','456 Oak Avenue','2024-02-01 13:39:34',NULL,1),(4,27,'Maria Kusuma','1982-01-07','6282005515151','1991-02-04','7769998296385073','456 Oak Avenue','2024-02-01 13:39:34',NULL,1),(5,29,'Budi Prabowo','1982-02-21','6284081333324','3782842854','8815676638896236','890 Elm Road','2024-02-01 13:39:34',NULL,1),(6,30,'Ratna Fitri','1984-12-04','6288461535078','3545743197','8815676638896236','890 Elm Road','2024-02-01 13:39:34',NULL,1),(7,32,'Budi Prabowo','1980-03-27','6287641624541','3766232904','8926774470499122','123 Main St','2024-02-01 13:39:34',NULL,1),(8,33,'Linda Sari','1981-08-20','6285199780575','3915077662','8926774470499122','123 Main St','2024-02-01 13:39:34',NULL,1),(9,35,'Iwan Saputra','1982-06-29','6285982102089','3381513331','2431882159688996','123 Main St','2024-02-01 13:39:34',NULL,1),(10,36,'Ayu Fitri','1977-06-24','6284730927203','3101641519','2431882159688996','123 Main St','2024-02-01 13:39:34',NULL,1),(11,38,'Hendro Saputra','1988-11-26','6288346883355','3733800559','6770172851487730','456 Oak Avenue','2024-02-01 13:39:34',NULL,1),(12,39,'Ratna Wati','1988-05-15','6288493675172','3470915813','6770172851487730','456 Oak Avenue','2024-02-01 13:39:34',NULL,1),(13,41,'Agus Santoso','1985-01-14','6288215142801','3129162122','1145724722429583','123 Main St','2024-02-01 13:39:34',NULL,1),(14,42,'Siti Kusuma','1975-01-29','6282508607545','3695161872','1145724722429583','123 Main St','2024-02-01 13:39:34',NULL,1),(15,44,'Iwan Nugroho','1989-10-28','6287415878133','3200388252','8152911332880496','789 Pine Street','2024-02-01 13:39:34',NULL,1),(16,45,'Maria Fitri','1979-04-04','6287039705576','3535988224','8152911332880496','789 Pine Street','2024-02-01 13:39:34',NULL,1),(17,47,'Agus Santoso','1972-07-31','6284076794662','3663198028','5024154539255437','123 Main St','2024-02-01 13:39:34',NULL,1),(18,48,'Maria Wati','1980-12-25','6289248744870','3303216194','5024154539255437','123 Main St','2024-02-01 13:39:34',NULL,1),(19,50,'Agus Prabowo','1975-07-23','6282154186394','3466906593','2660922916383171','123 Main St','2024-02-01 13:39:34',NULL,1),(20,51,'Siti Sari','1990-12-27','6286177469476','3669162663','2660922916383171','123 Main St','2024-02-01 13:39:34',NULL,1),(21,53,'Hendro Santoso','1984-01-24','6282654796058','3449806357','3216065521761213','890 Elm Road','2024-02-01 13:39:34',NULL,1),(22,54,'Ratna Kusuma','1978-02-20','6282320484132','3773106544','3216065521761213','890 Elm Road','2024-02-01 13:39:34',NULL,1),(23,56,'Hendro Nugroho','1991-05-09','6287842482929','3179493178','3419651079540860','123 Main St','2024-02-01 13:39:34',NULL,1),(24,57,'Ayu Sari','1993-11-11','6289046658851','3999631834','3419651079540860','123 Main St','2024-02-01 13:39:34',NULL,1),(25,59,'Hendro Prabowo','1982-08-01','6288825693094','3948811952','5742419443116018','123 Main St','2024-02-01 13:39:34',NULL,1),(26,60,'Siti Kusuma','1978-01-05','6282336129101','3945803476','5742419443116018','123 Main St','2024-02-01 13:39:34',NULL,1),(27,62,'Joko Santoso','1993-08-11','6288837884110','3380655664','9071135701754316','456 Oak Avenue','2024-02-01 13:39:34',NULL,1),(28,63,'Ayu Fitri','1976-07-15','6289876508549','3493921785','9071135701754316','456 Oak Avenue','2024-02-01 13:39:34',NULL,1),(29,65,'Budi Nugroho','1990-09-02','6286502865064','3286125729','2279843008404134','567 Maple Lane','2024-02-01 13:39:34',NULL,1),(30,66,'Siti Sari','1988-03-10','6283654996918','3956756248','2279843008404134','567 Maple Lane','2024-02-01 13:39:34',NULL,1),(31,68,'Agus Nugroho','1979-03-08','6283446475280','3899590656','8324048633015275','456 Oak Avenue','2024-02-01 13:39:34',NULL,1),(32,69,'Maria Fitri','1972-09-15','6287861734018','3948892086','8324048633015275','456 Oak Avenue','2024-02-01 13:39:34',NULL,1),(33,71,'Joko Saputra','1984-03-14','6287840779234','3839619306','2921653273580003','456 Oak Avenue','2024-02-01 13:39:34',NULL,1),(34,72,'Ratna Sari','1973-10-12','6284441043706','3516424352','2921653273580003','456 Oak Avenue','2024-02-01 13:39:34',NULL,1),(35,74,'Iwan Santoso','1983-03-07','6289897329990','3991396876','8008464545023756','456 Oak Avenue','2024-02-01 13:39:34',NULL,1),(36,75,'Linda Kusuma','1984-11-24','6287683212797','3824065983','8008464545023756','456 Oak Avenue','2024-02-01 13:39:34',NULL,1),(37,77,'Budi Wijaya','1977-11-22','6285615254171','3228057855','5599815142291982','123 Main St','2024-02-01 13:39:34',NULL,1),(38,78,'Siti Wati','1971-04-16','6284574376126','3936527800','5599815142291982','123 Main St','2024-02-01 13:39:34',NULL,1),(39,80,'Joko Nugroho','1973-03-01','6282568492738','3205751192','7405575592280859','567 Maple Lane','2024-02-01 13:39:34',NULL,1),(40,81,'Siti Sari','1976-08-09','6286407772101','3296807772','7405575592280859','567 Maple Lane','2024-02-01 13:39:34',NULL,1),(41,83,'Agus Santoso','1986-02-05','6283633312682','3249184222','5512653960715969','456 Oak Avenue','2024-02-01 13:39:34',NULL,1),(42,84,'Linda Wati','1985-11-21','6281847520856','3543598100','5512653960715969','456 Oak Avenue','2024-02-01 13:39:34',NULL,1),(43,86,'Hendro Santoso','1987-10-27','6282981158777','3269357635','6257292427175305','123 Main St','2024-02-01 13:39:34',NULL,1),(44,87,'Maria Lestari','1974-09-30','6281673868288','3975297845','6257292427175305','123 Main St','2024-02-01 13:39:34',NULL,1),(45,89,'Joko Nugroho','1980-03-20','6288421302620','3320175345','2575427212633410','789 Pine Street','2024-02-01 13:39:34',NULL,1),(46,90,'Ratna Kusuma','1971-08-31','6284278300170','3474005612','2575427212633410','789 Pine Street','2024-02-01 13:39:34',NULL,1),(47,92,'Joko Prabowo','1973-06-11','6285127207723','3689473075','9407623681371124','789 Pine Street','2024-02-01 13:39:34',NULL,1),(48,93,'Siti Fitri','1985-04-13','6284677091140','3735599979','9407623681371124','789 Pine Street','2024-02-01 13:39:34',NULL,1),(49,95,'Agus Wijaya','1992-05-26','6281912379318','3213143276','3280011656093619','567 Maple Lane','2024-02-01 13:39:34',NULL,1),(50,96,'Linda Kusuma','1993-11-06','6285375796316','3799030421','3280011656093619','567 Maple Lane','2024-02-01 13:39:34',NULL,1),(51,98,'Iwan Prabowo','1993-01-22','6282594580601','3306937143','2961289483300369','567 Maple Lane','2024-02-01 13:39:34',NULL,1),(52,99,'Siti Wati','1970-10-10','6281583518501','3575506581','2961289483300369','567 Maple Lane','2024-02-01 13:39:34',NULL,1),(53,101,'Budi Prabowo','1983-05-01','6286777406200','3518464544','5526749682780538','890 Elm Road','2024-02-01 13:39:34',NULL,1),(54,102,'Maria Lestari','1971-09-03','6286247241799','3503400915','5526749682780538','890 Elm Road','2024-02-01 13:39:34',NULL,1),(55,104,'Iwan Nugroho','1979-03-27','6281372734094','3367054320','5485204024776619','456 Oak Avenue','2024-02-01 13:39:34',NULL,1),(56,105,'Linda Kusuma','1989-03-09','6289848158188','3142879382','5485204024776619','456 Oak Avenue','2024-02-01 13:39:34',NULL,1),(57,107,'Joko Wijaya','1983-03-14','6285956599452','3551941059','4880680328402769','789 Pine Street','2024-02-01 13:39:34',NULL,1),(58,108,'Linda Wati','1992-09-24','6282423696241','3799779589','4880680328402769','789 Pine Street','2024-02-01 13:39:34',NULL,1),(59,110,'Agus Wijaya','1980-06-13','6286269618917','3274099967','5442289690317815','123 Main St','2024-02-01 13:39:34',NULL,1),(60,111,'Maria Sari','1985-12-30','6284066763476','3824851151','5442289690317815','123 Main St','2024-02-01 13:39:34',NULL,1),(61,113,'Iwan Saputra','1976-06-24','6289480465333','3705362662','9322608298145884','456 Oak Avenue','2024-02-01 13:39:34',NULL,1),(62,114,'Siti Lestari','1986-11-17','6286778636504','3301952060','9322608298145884','456 Oak Avenue','2024-02-01 13:39:34',NULL,1),(63,116,'Iwan Nugroho','1983-06-14','6281679023450','3146083834','2964321475008572','890 Elm Road','2024-02-01 13:39:35',NULL,1),(64,117,'Maria Fitri','1988-06-17','6281800052301','3853717912','2964321475008572','890 Elm Road','2024-02-01 13:39:35',NULL,1),(65,119,'Budi Santoso','1970-11-05','6283713806499','3334463725','6957234017445632','123 Main St','2024-02-01 13:39:35',NULL,1),(66,120,'Siti Fitri','1984-05-18','6285303381827','3584905333','6957234017445632','123 Main St','2024-02-01 13:39:35',NULL,1),(67,122,'Iwan Prabowo','1993-02-04','6289934212561','3263436638','1295457929548772','123 Main St','2024-02-01 13:39:35',NULL,1),(68,123,'Maria Sari','1977-11-01','6284105276763','3269592308','1295457929548772','123 Main St','2024-02-01 13:39:35',NULL,1),(69,125,'Iwan Santoso','1992-04-18','6281417402507','3519612148','7234746341899188','789 Pine Street','2024-02-01 13:39:35',NULL,1),(70,126,'Siti Wati','1988-06-23','6283957657087','3581657193','7234746341899188','789 Pine Street','2024-02-01 13:39:35',NULL,1),(71,128,'Iwan Saputra','1992-04-17','6283561095945','3960814106','2512618521232682','890 Elm Road','2024-02-01 13:39:35',NULL,1),(72,129,'Ratna Kusuma','1974-10-09','6287499770880','3349005541','2512618521232682','890 Elm Road','2024-02-01 13:39:35',NULL,1),(73,131,'Budi Saputra','1981-08-01','6282813144928','3359905880','4092155097298672','123 Main St','2024-02-01 13:39:35',NULL,1),(74,132,'Linda Kusuma','1975-06-28','6287855072370','3660115675','4092155097298672','123 Main St','2024-02-01 13:39:35',NULL,1),(75,134,'Hendro Nugroho','1974-02-04','6285797520908','3628735154','5527469678155514','567 Maple Lane','2024-02-01 13:39:35',NULL,1),(76,135,'Ratna Wati','1976-10-13','6287528329056','3369473696','5527469678155514','567 Maple Lane','2024-02-01 13:39:35',NULL,1),(77,137,'Joko Prabowo','1971-03-20','6288343915188','3828018827','9161628095639512','890 Elm Road','2024-02-01 13:39:35',NULL,1),(78,138,'Maria Fitri','1972-04-04','6284307312994','3448228857','9161628095639512','890 Elm Road','2024-02-01 13:39:35',NULL,1),(79,140,'Budi Saputra','1991-01-29','6281262381542','3266236057','1343264666128805','890 Elm Road','2024-02-01 13:39:35',NULL,1),(80,141,'Linda Sari','1985-04-03','6287045888604','3521251480','1343264666128805','890 Elm Road','2024-02-01 13:39:35',NULL,1),(81,143,'Joko Wijaya','1989-04-24','6283417316062','3488641965','1263448051601662','890 Elm Road','2024-02-01 13:39:35',NULL,1),(82,144,'Ayu Kusuma','1971-05-29','6283790856149','3946669613','1263448051601662','890 Elm Road','2024-02-01 13:39:35',NULL,1),(83,146,'Budi Prabowo','1992-03-02','6283956737073','3388791469','9799737287574776','789 Pine Street','2024-02-01 13:39:35',NULL,1),(84,147,'Siti Sari','1977-12-21','6284144402611','3185714777','9799737287574776','789 Pine Street','2024-02-01 13:39:35',NULL,1),(85,149,'Joko Prabowo','1990-09-05','6286286507668','3491984948','5315415958327646','890 Elm Road','2024-02-01 13:39:35',NULL,1),(86,150,'Ayu Kusuma','1990-03-12','6287722405323','3934724217','5315415958327646','890 Elm Road','2024-02-01 13:39:35',NULL,1),(87,152,'Budi Wijaya','1973-08-25','6282984738171','3170934687','3742179117768201','123 Main St','2024-02-01 13:39:35',NULL,1),(88,153,'Linda Fitri','1971-01-15','6289625733463','3111241583','3742179117768201','123 Main St','2024-02-01 13:39:35',NULL,1),(89,155,'Agus Santoso','1989-03-22','6283139503013','3980264553','9463043888936490','567 Maple Lane','2024-02-01 13:39:35',NULL,1),(90,156,'Maria Lestari','1990-05-23','6286664127330','3815547829','9463043888936490','567 Maple Lane','2024-02-01 13:39:35',NULL,1),(91,158,'Budi Nugroho','1979-02-05','6281769216947','3850668943','9748058681510708','456 Oak Avenue','2024-02-01 13:39:35',NULL,1),(92,159,'Linda Sari','1987-10-13','6281045802918','3213265881','9748058681510708','456 Oak Avenue','2024-02-01 13:39:35',NULL,1),(93,161,'Iwan Prabowo','1977-05-14','6285793028198','3201027651','6942425448234088','123 Main St','2024-02-01 13:39:35',NULL,1),(94,162,'Ayu Fitri','1978-05-21','6282283134625','3288794971','6942425448234088','123 Main St','2024-02-01 13:39:35',NULL,1),(95,164,'Iwan Prabowo','1986-05-10','6289899305231','3670285928','9734739818399126','789 Pine Street','2024-02-01 13:39:35',NULL,1),(96,165,'Ayu Lestari','1972-03-20','6284240355408','3854068801','9734739818399126','789 Pine Street','2024-02-01 13:39:35',NULL,1),(97,167,'Joko Prabowo','1975-05-14','6281331449713','3388344252','4402158527655643','890 Elm Road','2024-02-01 13:39:35',NULL,1),(98,168,'Ayu Wati','1983-01-11','6288999887823','3958864249','4402158527655643','890 Elm Road','2024-02-01 13:39:35',NULL,1),(99,170,'Joko Wijaya','1987-10-21','6281253030908','3278613744','2186832425642658','456 Oak Avenue','2024-02-01 13:39:35',NULL,1),(100,171,'Maria Wati','1987-07-05','6287278142267','3585945846','2186832425642658','456 Oak Avenue','2024-02-01 13:39:35',NULL,1),(101,173,'Budi Wijaya','1972-01-02','6284247066196','3899129003','8110865020195800','890 Elm Road','2024-02-01 13:39:35',NULL,1),(102,174,'Siti Fitri','1971-05-31','6288397095895','3319103509','8110865020195800','890 Elm Road','2024-02-01 13:39:35',NULL,1),(103,176,'Budi Nugroho','1975-04-23','6283890634081','3866756819','4212457858240739','890 Elm Road','2024-02-01 13:39:35',NULL,1),(104,177,'Maria Wati','1991-03-15','6288542917727','3737430173','4212457858240739','890 Elm Road','2024-02-01 13:39:35',NULL,1),(105,179,'Iwan Prabowo','1986-05-15','6283901742732','3467388287','2187222059706208','890 Elm Road','2024-02-01 13:39:35',NULL,1),(106,180,'Maria Kusuma','1990-04-12','6288383260549','3375855251','2187222059706208','890 Elm Road','2024-02-01 13:39:35',NULL,1),(107,182,'Agus Nugroho','1989-03-06','6286196240590','3594012483','1709027880414083','123 Main St','2024-02-01 13:39:35',NULL,1),(108,183,'Ratna Kusuma','1977-05-11','6281879508832','3241072660','1709027880414083','123 Main St','2024-02-01 13:39:35',NULL,1),(109,185,'Agus Prabowo','1984-07-22','6285732261047','3771427345','9257581349756484','456 Oak Avenue','2024-02-01 13:39:35',NULL,1),(110,186,'Siti Fitri','1989-05-23','6284067751754','3942245484','9257581349756484','456 Oak Avenue','2024-02-01 13:39:35',NULL,1),(111,188,'Joko Santoso','1975-06-08','6288573517851','3263715721','4945295159379257','567 Maple Lane','2024-02-01 13:39:35',NULL,1),(112,189,'Ayu Sari','1989-08-14','6281927491212','3780896597','4945295159379257','567 Maple Lane','2024-02-01 13:39:35',NULL,1),(113,191,'Budi Prabowo','1988-05-12','6288935496917','3794113939','3601928124994505','567 Maple Lane','2024-02-01 13:39:35',NULL,1),(114,192,'Ayu Sari','1980-05-19','6282567680808','3805039386','3601928124994505','567 Maple Lane','2024-02-01 13:39:35',NULL,1),(115,194,'Joko Nugroho','1978-01-20','6283522498469','3425990213','4218494547966254','456 Oak Avenue','2024-02-01 13:39:35',NULL,1),(116,195,'Maria Kusuma','1985-03-19','6283088731026','3355643370','4218494547966254','456 Oak Avenue','2024-02-01 13:39:35',NULL,1),(117,197,'Agus Prabowo','1978-11-27','6286854704238','3416882187','6401691682719546','789 Pine Street','2024-02-01 13:39:35',NULL,1),(118,198,'Siti Sari','1991-03-10','6285295770534','3578406420','6401691682719546','789 Pine Street','2024-02-01 13:39:35',NULL,1),(119,200,'Hendro Nugroho','1976-11-18','6288282562262','3800814807','8364796887971204','890 Elm Road','2024-02-01 13:39:35',NULL,1),(120,201,'Maria Kusuma','1978-06-30','6289864520332','3548532128','8364796887971204','890 Elm Road','2024-02-01 13:39:35',NULL,1),(121,203,'Agus Wijaya','1990-11-25','6289309895509','3465970860','8036883961698507','560 Main Street, CityD','2024-02-01 13:41:14',NULL,1),(122,204,'Ratna Fitri','1980-01-02','6286232065466','3619448132','8036883961698507','560 Main Street, CityD','2024-02-01 13:41:14',NULL,1),(123,206,'Agus Nugroho','1984-08-23','6287691036206','3421832819','1109073300484353','567 Maple Lane','2024-02-01 13:41:14',NULL,1),(124,207,'Ratna Lestari','1983-11-03','6285780676696','1979-04-20','1109073300484353','567 Maple Lane','2024-02-01 13:41:14',NULL,1),(125,209,'Budi Nugroho','1984-11-03','6289782388191','3574827652','3838045410421060','567 Maple Lane','2024-02-01 13:41:14',NULL,1),(126,210,'Siti Fitri','1978-05-19','6281751675111','3737092562','3838045410421060','567 Maple Lane','2024-02-01 13:41:14',NULL,1),(127,212,'Budi Nugroho','1971-01-01','6286205168280','3626531321','6176523473354015','567 Maple Lane','2024-02-01 13:41:14',NULL,1),(128,213,'Siti Sari','1970-10-27','6285449693565','3443194074','6176523473354015','567 Maple Lane','2024-02-01 13:41:14',NULL,1),(129,215,'Budi Wijaya','1991-12-18','6282561943465','3673826069','7612448259332349','890 Elm Road','2024-02-01 13:41:14',NULL,1),(130,216,'Siti Wati','1974-07-30','6285352501905','3695719924','7612448259332349','890 Elm Road','2024-02-01 13:41:14',NULL,1),(131,218,'Budi Wijaya','1973-05-11','6283765821835','3574387308','7500296598012751','567 Maple Lane','2024-02-01 13:41:14',NULL,1),(132,219,'Siti Sari','1991-03-28','6282502599061','3164319884','7500296598012751','567 Maple Lane','2024-02-01 13:41:14',NULL,1),(133,221,'Joko Santoso','1986-07-06','6288527454392','3715794689','4675498148472020','456 Oak Avenue','2024-02-01 13:41:14',NULL,1),(134,222,'Maria Fitri','1989-04-30','6289970931490','3929979001','4675498148472020','456 Oak Avenue','2024-02-01 13:41:14',NULL,1),(135,224,'Hendro Santoso','1975-06-11','6282335662735','3214541157','7269152867865508','123 Main St','2024-02-01 13:41:14',NULL,1),(136,225,'Ayu Sari','1976-01-26','6283098280177','3124747302','7269152867865508','123 Main St','2024-02-01 13:41:14',NULL,1),(137,227,'Budi Saputra','1974-08-07','6281362630811','3540478456','8214144440147482','890 Elm Road','2024-02-01 13:41:14',NULL,1),(138,228,'Siti Kusuma','1976-12-19','6281168833771','3653437034','8214144440147482','890 Elm Road','2024-02-01 13:41:14',NULL,1),(139,230,'Joko Prabowo','1984-07-21','6283913083339','3524516467','5690203220718481','789 Pine Street','2024-02-01 13:41:14',NULL,1),(140,231,'Ayu Sari','1983-01-10','6283558544246','3898591068','5690203220718481','789 Pine Street','2024-02-01 13:41:14',NULL,1),(141,233,'Agus Saputra','1976-11-07','3643011537','3927997826','8196931903075521','890 Elm Road','2024-02-01 13:41:14',NULL,1),(142,234,'Maria Sari','1976-03-02','6285111591983','3249415905','8196931903075521','890 Elm Road','2024-02-01 13:41:14',NULL,1),(143,235,'Hendro Nugroho','1970-09-21','6286126345320','3634770068','7879201741143508','123 Main St','2024-02-01 13:41:14',NULL,1),(144,236,'Ratna Fitri','1981-11-09','6282195048717','3466406715','7879201741143508','123 Main St','2024-02-01 13:41:14',NULL,1),(145,238,'Hendro Nugroho','1989-01-27','6285694956643','3710460316','7942322046908639','456 Oak Avenue','2024-02-01 13:41:14',NULL,1),(146,239,'Linda Wati','1978-06-16','6285604865072','3155073644','7942322046908639','456 Oak Avenue','2024-02-01 13:41:14',NULL,1),(147,241,'Agus Nugroho','1987-05-04','6283969487620','3411170745','9383249386792632','456 Oak Avenue','2024-02-01 13:41:14',NULL,1),(148,242,'Ratna Wati','1971-01-06','6285981265347','3891441722','9383249386792632','456 Oak Avenue','2024-02-01 13:41:14',NULL,1),(149,244,'Iwan Santoso','1977-06-27','6282349585144','3914173604','2315938846160526','456 Oak Avenue','2024-02-01 13:41:14',NULL,1),(150,245,'Maria Wati','1981-01-29','6287477549474','3173031934','2315938846160526','456 Oak Avenue','2024-02-01 13:41:14',NULL,1),(151,247,'Budi Santoso','1973-12-29','6284452172725','3312143535','1507018813103083','567 Maple Lane','2024-02-01 13:41:14',NULL,1),(152,248,'Linda Fitri','1975-02-08','6286479234209','3267001589','1507018813103083','567 Maple Lane','2024-02-01 13:41:14',NULL,1),(153,250,'Joko Prabowo','1990-06-28','6282185591343','3516027224','9786161592264132','789 Pine Street','2024-02-01 13:41:14',NULL,1),(154,251,'Maria Wati','1989-01-03','6281757629448','3899414513','9786161592264132','789 Pine Street','2024-02-01 13:41:14',NULL,1),(155,253,'Budi Prabowo','1990-02-28','6286572982198','3649088084','2617255212332223','890 Elm Road','2024-02-01 13:41:14',NULL,1),(156,254,'Linda Lestari','1978-02-28','6283534833067','3853769235','2617255212332223','890 Elm Road','2024-02-01 13:41:14',NULL,1),(157,256,'Iwan Saputra','1983-11-02','6288480193516','3662227848','7840088508353336','567 Maple Lane','2024-02-01 13:41:14',NULL,1),(158,257,'Siti Fitri','1985-07-03','6282575742271','3567797374','7840088508353336','567 Maple Lane','2024-02-01 13:41:14',NULL,1),(159,259,'Agus Prabowo','1992-01-28','6283326779448','3935078036','7428796272493258','890 Elm Road','2024-02-01 13:41:14',NULL,1),(160,260,'Siti Wati','1988-10-18','6289859035956','3469516964','7428796272493258','890 Elm Road','2024-02-01 13:41:14',NULL,1),(161,262,'Hendro Prabowo','1983-11-06','6282473893888','3968232886','5434981345136415','123 Main St','2024-02-01 13:41:14',NULL,1),(162,263,'Ayu Sari','1971-03-26','6288263453821','3947107112','5434981345136415','123 Main St','2024-02-01 13:41:14',NULL,1),(163,265,'Hendro Saputra','1991-07-13','6287449027980','3517797163','3045991181049734','567 Maple Lane','2024-02-01 13:41:14',NULL,1),(164,266,'Maria Kusuma','1993-08-23','6283083393177','3533289293','3045991181049734','567 Maple Lane','2024-02-01 13:41:14',NULL,1),(165,268,'Joko Santoso','1984-01-21','6285824385709','3931427341','5623844618733834','567 Maple Lane','2024-02-01 13:41:14',NULL,1),(166,269,'Ayu Kusuma','1976-04-22','6282853463957','3320230631','5623844618733834','567 Maple Lane','2024-02-01 13:41:14',NULL,1),(167,271,'Iwan Wijaya','1977-08-08','6289466847431','3737938517','4885545812662543','789 Pine Street','2024-02-01 13:41:14',NULL,1),(168,272,'Linda Kusuma','1993-03-05','6287850972103','3659870439','4885545812662543','789 Pine Street','2024-02-01 13:41:14',NULL,1),(169,274,'Iwan Saputra','1993-11-02','6285052571810','3758891445','4977176584558423','456 Oak Avenue','2024-02-01 13:41:14',NULL,1),(170,275,'Maria Kusuma','1973-10-30','6288540338025','3861687773','4977176584558423','456 Oak Avenue','2024-02-01 13:41:14',NULL,1),(171,277,'Joko Wijaya','1983-07-07','6284176097192','3994046359','6071023265561341','456 Oak Avenue','2024-02-01 13:41:14',NULL,1),(172,278,'Ratna Kusuma','1971-06-12','6284949714393','3805718152','6071023265561341','456 Oak Avenue','2024-02-01 13:41:14',NULL,1),(173,280,'Iwan Santoso','1986-05-01','6288793371089','3425526642','9955410269934238','567 Maple Lane','2024-02-01 13:41:14',NULL,1),(174,281,'Ayu Fitri','1974-03-27','6283778353615','3154955520','9955410269934238','567 Maple Lane','2024-02-01 13:41:14',NULL,1),(175,283,'Budi Santoso','1992-12-06','6286635354208','3841094410','4160329924400079','890 Elm Road','2024-02-01 13:41:14',NULL,1),(176,284,'Ayu Fitri','1971-04-14','6284177747219','3853043999','4160329924400079','890 Elm Road','2024-02-01 13:41:14',NULL,1),(177,286,'Agus Prabowo','1977-06-18','6289321028683','3451005815','3027741329700892','890 Elm Road','2024-02-01 13:41:14',NULL,1),(178,287,'Ratna Sari','1993-08-08','6285917788947','3160274244','3027741329700892','890 Elm Road','2024-02-01 13:41:14',NULL,1),(179,289,'Agus Saputra','1977-01-03','6284354821260','3279765319','7161967951536441','890 Elm Road','2024-02-01 13:41:14',NULL,1),(180,290,'Siti Lestari','1989-12-07','6281769055198','3138331108','7161967951536441','890 Elm Road','2024-02-01 13:41:14',NULL,1),(181,292,'Joko Wijaya','1987-11-09','6286632443202','3859444563','5396304419715612','567 Maple Lane','2024-02-01 13:41:14',NULL,1),(182,293,'Ratna Kusuma','1980-06-18','6287235217199','3132561518','5396304419715612','567 Maple Lane','2024-02-01 13:41:14',NULL,1),(183,295,'Agus Prabowo','1985-10-31','6287810245838','3477944261','3211072676449374','456 Oak Avenue','2024-02-01 13:41:14',NULL,1),(184,296,'Ratna Wati','1976-06-25','6283048307762','3858813356','3211072676449374','456 Oak Avenue','2024-02-01 13:41:14',NULL,1),(185,298,'Agus Nugroho','1988-09-25','6282261536812','3940559480','6390770998574189','789 Pine Street','2024-02-01 13:41:14',NULL,1),(186,299,'Ratna Wati','1984-12-05','6281819928771','3750523176','6390770998574189','789 Pine Street','2024-02-01 13:41:14',NULL,1),(187,301,'Agus Prabowo','1984-11-03','6289975739019','3522880310','8110261117118722','456 Oak Avenue','2024-02-01 13:41:14',NULL,1),(188,302,'Ayu Kusuma','1976-01-29','6284504137373','3229631377','8110261117118722','456 Oak Avenue','2024-02-01 13:41:14',NULL,1),(189,304,'Agus Nugroho','1991-06-09','6288651339680','3152204507','1708769227842983','789 Pine Street','2024-02-01 13:41:14',NULL,1),(190,305,'Siti Sari','1979-01-03','6287888801717','3584663655','1708769227842983','789 Pine Street','2024-02-01 13:41:14',NULL,1),(191,307,'Budi Prabowo','1986-10-31','6284307536868','3830811583','2708332804941855','890 Elm Road','2024-02-01 13:41:14',NULL,1),(192,308,'Linda Kusuma','1988-08-30','6285983782566','3837084268','2708332804941855','890 Elm Road','2024-02-01 13:41:14',NULL,1),(193,310,'Joko Nugroho','1982-06-13','6285092432604','3906393624','9769724892333308','789 Pine Street','2024-02-01 13:41:14',NULL,1),(194,311,'Ayu Wati','1989-12-04','6288445794139','3460838511','9769724892333308','789 Pine Street','2024-02-01 13:41:14',NULL,1),(195,313,'Budi Prabowo','1992-11-13','6286233510639','3481697266','6075842642903404','789 Pine Street','2024-02-01 13:41:14',NULL,1),(196,314,'Ayu Wati','1976-11-28','6283907047330','3763213081','6075842642903404','789 Pine Street','2024-02-01 13:41:14',NULL,1),(197,316,'Agus Nugroho','1991-07-14','6282920398941','3856235986','9811320518696860','567 Maple Lane','2024-02-01 13:41:14',NULL,1),(198,317,'Siti Kusuma','1990-02-21','6287443280759','3946342427','9811320518696860','567 Maple Lane','2024-02-01 13:41:14',NULL,1),(199,319,'Hendro Nugroho','1992-09-02','6283139920580','3581200118','5950939466971805','890 Elm Road','2024-02-01 13:41:14',NULL,1),(200,320,'Maria Wati','1985-05-31','6282583104633','3495037392','5950939466971805','890 Elm Road','2024-02-01 13:41:14',NULL,1),(201,322,'Joko Nugroho','1992-11-18','6285531154698','3503148326','3315452344990487','456 Oak Avenue','2024-02-01 13:41:14',NULL,1),(202,323,'Ratna Wati','1972-11-06','6281471406456','3626747404','3315452344990487','456 Oak Avenue','2024-02-01 13:41:14',NULL,1),(203,325,'Hendro Wijaya','1972-03-14','6282848665389','3222233852','6757922645693296','123 Main St','2024-02-01 13:41:14',NULL,1),(204,326,'Siti Sari','1978-11-02','6288842093364','3200224862','6757922645693296','123 Main St','2024-02-01 13:41:14',NULL,1),(205,328,'Hendro Nugroho','1989-01-11','6285235263727','3472768414','5947401547048288','789 Pine Street','2024-02-01 13:41:14',NULL,1),(206,329,'Ayu Fitri','1976-04-02','6282839282971','3677669833','5947401547048288','789 Pine Street','2024-02-01 13:41:14',NULL,1),(207,331,'Iwan Santoso','1991-09-06','6282243659909','3311499415','4873664443062047','123 Main St','2024-02-01 13:41:14',NULL,1),(208,332,'Linda Fitri','1983-05-14','6287251834555','3551073818','4873664443062047','123 Main St','2024-02-01 13:41:14',NULL,1),(209,334,'Joko Saputra','1970-12-30','6288597602947','3253114793','2133654904666511','123 Main St','2024-02-01 13:41:14',NULL,1),(210,335,'Maria Fitri','1988-04-29','6283144048396','3727865143','2133654904666511','123 Main St','2024-02-01 13:41:14',NULL,1),(211,336,'Budi Santoso','1990-03-15','6286053478457','3789411080','3917784542566216','567 Maple Lane','2024-02-01 13:41:14',NULL,1),(212,337,'Maria Kusuma','1993-11-13','6286605869021','3705074542','3917784542566216','567 Maple Lane','2024-02-01 13:41:14',NULL,1),(213,339,'Joko Prabowo','1970-04-22','6287558798283','3128974912','8209818343841100','789 Pine Street','2024-02-01 13:41:14',NULL,1),(214,340,'Ratna Wati','1990-12-16','6289225935565','3999367489','8209818343841100','789 Pine Street','2024-02-01 13:41:14',NULL,1),(215,342,'Agus Prabowo','1993-11-24','6285082857050','3311854387','5076541935957237','456 Oak Avenue','2024-02-01 13:41:14',NULL,1),(216,343,'Maria Fitri','1973-06-05','6282112871561','3992615017','5076541935957237','456 Oak Avenue','2024-02-01 13:41:14',NULL,1),(217,345,'Agus Prabowo','1978-10-19','6287448730953','3688997048','1832234494876761','456 Oak Avenue','2024-02-01 13:41:14',NULL,1),(218,346,'Linda Lestari','1970-07-09','6284515088168','3164847325','1832234494876761','456 Oak Avenue','2024-02-01 13:41:14',NULL,1),(219,348,'Joko Nugroho','1994-01-22','6281190068796','3588483552','1286211571499430','890 Elm Road','2024-02-01 13:41:14',NULL,1),(220,349,'Siti Wati','1990-12-16','6287103415814','3147393979','1286211571499430','890 Elm Road','2024-02-01 13:41:14',NULL,1),(221,351,'Agus Nugroho','1971-09-16','6285217417008','3851548635','4984573772354220','789 Pine Street','2024-02-01 13:41:15',NULL,1),(222,352,'Siti Fitri','1970-10-12','6285662326133','3736928518','4984573772354220','789 Pine Street','2024-02-01 13:41:15',NULL,1),(223,354,'Iwan Nugroho','1980-12-06','6282084263939','3605912611','6463659512771774','789 Pine Street','2024-02-01 13:41:15',NULL,1),(224,355,'Ratna Kusuma','1972-01-08','6284503935910','3612804540','6463659512771774','789 Pine Street','2024-02-01 13:41:15',NULL,1),(225,357,'Hendro Saputra','1987-02-12','6281942583852','3450384418','5535139997668104','890 Elm Road','2024-02-01 13:41:15',NULL,1),(226,358,'Ayu Sari','1987-09-23','6283970521847','3526640366','5535139997668104','890 Elm Road','2024-02-01 13:41:15',NULL,1),(227,360,'Budi Saputra','1980-02-26','6288394061137','3717354005','3129187082776539','123 Main St','2024-02-01 13:41:15',NULL,1),(228,361,'Linda Wati','1991-11-04','6288389778354','3923047883','3129187082776539','123 Main St','2024-02-01 13:41:15',NULL,1),(229,363,'Iwan Prabowo','1993-11-17','6288416357753','3912186236','9388555968567452','123 Main St','2024-02-01 13:41:15',NULL,1),(230,364,'Maria Kusuma','1974-02-16','6289745921047','3707951613','9388555968567452','123 Main St','2024-02-01 13:41:15',NULL,1),(231,366,'Joko Nugroho','1982-06-08','6284908861638','3415121006','5455858940707432','789 Pine Street','2024-02-01 13:41:15',NULL,1),(232,367,'Ratna Wati','1983-12-11','6283063123908','3361178099','5455858940707432','789 Pine Street','2024-02-01 13:41:15',NULL,1),(233,369,'Agus Prabowo','1981-07-05','6283023452535','3313286210','5376107270517190','123 Main St','2024-02-01 13:41:15',NULL,1),(234,370,'Maria Kusuma','1977-05-29','6287666412660','3718275890','5376107270517190','123 Main St','2024-02-01 13:41:15',NULL,1),(235,372,'Joko Santoso','1981-06-25','6289839764982','3531292588','1107145189487862','123 Main St','2024-02-01 13:41:15',NULL,1),(236,373,'Maria Fitri','1978-11-16','6282820478013','3995269067','1107145189487862','123 Main St','2024-02-01 13:41:15',NULL,1),(237,375,'Iwan Santoso','1988-09-03','6286570293756','3221879329','1077034105842044','789 Pine Street','2024-02-01 13:41:15',NULL,1),(238,376,'Ratna Sari','1980-06-14','6289551294693','3979227553','1077034105842044','789 Pine Street','2024-02-01 13:41:15',NULL,1),(239,378,'Hendro Prabowo','1983-07-04','6288292167703','3792218907','8782910185412343','456 Oak Avenue','2024-02-01 13:41:15',NULL,1),(240,379,'Linda Sari','1985-03-09','6282451764073','3233751779','8782910185412343','456 Oak Avenue','2024-02-01 13:41:15',NULL,1),(241,381,'Iwan Saputra','1975-09-05','6284929974189','3377232767','4140132839302757','704 Cedar Street, CityD','2024-02-01 16:15:53',NULL,1),(242,382,'Ayu Sari','1974-12-12','6284469957663','3816519247','4140132839302757','704 Cedar Street, CityD','2024-02-01 16:15:53',NULL,1),(243,384,'Budi Wijaya','1975-07-17','6288308119067','3248363108','5120095667882381','456 Oak Avenue','2024-02-01 16:15:53',NULL,1),(244,385,'Siti Sari','1971-01-08','6284564865005','1978-04-13','5120095667882381','456 Oak Avenue','2024-02-01 16:15:53',NULL,1);
DROP TABLE IF EXISTS `school_schedule`;
CREATE TABLE `school_schedule` (
  `id` int(11) unsigned NOT NULL AUTO_INCREMENT,
  `subject_id` int(11) unsigned DEFAULT NULL,
  `day` tinyint(1) DEFAULT NULL COMMENT '1=senin, 2=selasa, 3=rabu, 4=kamis,5=jumat, 6=sabtu, 7=ahad',
  `clock_start` char(5) DEFAULT NULL,
  `clock_end` char(5) DEFAULT NULL,
  PRIMARY KEY (`id`),
  KEY `schedule_subject` (`subject_id`),
  KEY `day` (`day`),
  CONSTRAINT `schedule_subject` FOREIGN KEY (`subject_id`) REFERENCES `school_teacher_subject` (`id`) ON DELETE CASCADE ON UPDATE CASCADE
) ENGINE=InnoDB AUTO_INCREMENT=38 DEFAULT CHARSET=utf8 COMMENT='data jadwal';

INSERT INTO `school_schedule` VALUES (1,1,1,'10:00','11:00'),(2,10,1,'08:00','09:00'),(3,6,1,'09:00','10:00'),(4,4,1,'07:00','08:00'),(5,5,1,'08:00','09:00'),(6,8,1,'11:00','12:00'),(7,2,1,'16:00','17:00'),(8,9,1,'08:00','09:00'),(9,7,1,'07:00','08:00'),(10,13,1,'08:00','09:00'),(11,15,1,'12:00','13:00'),(12,3,1,'07:00','08:00'),(13,11,1,'08:00','09:00'),(14,1,5,'09:00','10:00'),(15,1,5,'10:00','12:00'),(16,1,1,'13:00','14:00'),(17,1,1,'14:00','16:00'),(18,1,1,'08:00','09:00'),(19,1,2,'07:00','08:00'),(20,1,3,'07:00','12:00'),(21,1,4,'08:00','09:00'),(22,1,6,'07:00','08:00'),(23,1,6,'08:00','10:00'),(24,1,4,'09:00','12:00'),(25,1,3,'12:00','17:00'),(26,1,2,'08:00','09:00'),(27,1,6,'10:00','12:00'),(28,1,6,'12:00','14:00'),(29,1,2,'09:00','10:00'),(30,1,6,'14:00','17:00'),(31,1,2,'10:00','11:00'),(32,1,4,'12:00','17:00'),(33,7,4,'07:00','12:00'),(34,3,4,'07:00','08:00'),(35,1,5,'12:00','14:00'),(36,1,2,'11:00','12:00'),(37,1,5,'07:00','09:00');
DROP TABLE IF EXISTS `school_student`;
CREATE TABLE `school_student` (
  `id` int(11) unsigned NOT NULL AUTO_INCREMENT,
  `user_id` int(11) unsigned DEFAULT NULL,
  `parent_id_dad` int(11) unsigned DEFAULT NULL COMMENT 'parent id ayah siswa',
  `parent_id_mom` int(11) unsigned DEFAULT NULL COMMENT 'parent id ibu siswa',
  `parent_id_guard` int(11) unsigned DEFAULT NULL COMMENT 'parent id wali siswa (jika ada)',
  `name` varchar(225) DEFAULT NULL,
  `birthday` date DEFAULT NULL,
  `nis` varchar(225) DEFAULT NULL COMMENT 'nomor induk siswa',
  `nokk` char(16) DEFAULT NULL COMMENT 'nomor kartu keluarga',
  `address` text NOT NULL COMMENT 'alamat',
  `image` varchar(255) NOT NULL,
  `created` datetime DEFAULT CURRENT_TIMESTAMP,
  `updated` datetime DEFAULT NULL ON UPDATE CURRENT_TIMESTAMP,
  PRIMARY KEY (`id`),
  UNIQUE KEY `nis` (`nis`)
) ENGINE=InnoDB AUTO_INCREMENT=121 DEFAULT CHARSET=utf8 COMMENT='data siswa';

INSERT INTO `school_student` VALUES (1,25,1,2,0,'Sofia Pratama','2021-12-21','2182','2977474626328383','242 Cedar Street, CityD','','2024-02-01 13:39:34',NULL),(2,28,3,4,0,'Alya Maharani','2022-07-21','1494','7769998296385073','456 Oak Avenue','','2024-02-01 13:39:34',NULL),(3,31,5,6,0,'Farhan Pratama','2022-11-29','5291','8815676638896236','890 Elm Road','','2024-02-01 13:39:34',NULL),(4,34,7,8,0,'Alya Cahaya','2005-05-08','6773','8926774470499122','123 Main St','','2024-02-01 13:39:34',NULL),(5,37,9,10,0,'Farhan Cahaya','2008-04-27','8809','2431882159688996','123 Main St','','2024-02-01 13:39:34',NULL),(6,40,11,12,0,'Farhan Cahaya','2018-11-20','3512','6770172851487730','456 Oak Avenue','','2024-02-01 13:39:34',NULL),(7,43,13,14,0,'Alya Maharani','2020-04-27','8913','1145724722429583','123 Main St','','2024-02-01 13:39:34',NULL),(8,46,15,16,0,'Rafa Maharani','2019-04-20','1707','8152911332880496','789 Pine Street','','2024-02-01 13:39:34',NULL),(9,49,17,18,0,'Alya Wardhana','2003-12-07','7382','5024154539255437','123 Main St','','2024-02-01 13:39:34',NULL),(10,52,19,20,0,'Rizky Wardhana','2000-12-29','9876','2660922916383171','123 Main St','','2024-02-01 13:39:34',NULL),(11,55,21,22,0,'Sofia Wardhana','2010-10-31','5158','3216065521761213','890 Elm Road','','2024-02-01 13:39:34',NULL),(12,58,23,24,0,'Sofia Putra','2021-09-22','7581','3419651079540860','123 Main St','','2024-02-01 13:39:34',NULL),(13,61,25,26,0,'Farhan Cahaya','2017-10-28','8801','5742419443116018','123 Main St','','2024-02-01 13:39:34',NULL),(14,64,27,28,0,'Sofia Putra','2014-11-19','2470','9071135701754316','456 Oak Avenue','','2024-02-01 13:39:34',NULL),(15,67,29,30,0,'Farhan Wardhana','2007-09-14','6581','2279843008404134','567 Maple Lane','','2024-02-01 13:39:34',NULL),(16,70,31,32,0,'Alya Maharani','2019-12-15','1885','8324048633015275','456 Oak Avenue','','2024-02-01 13:39:34',NULL),(17,73,33,34,0,'Rafa Pratama','2016-09-01','5094','2921653273580003','456 Oak Avenue','','2024-02-01 13:39:34',NULL),(18,76,35,36,0,'Alya Pratama','2016-05-13','5614','8008464545023756','456 Oak Avenue','','2024-02-01 13:39:34',NULL),(19,79,37,38,0,'Alya Pratama','2016-10-08','8001','5599815142291982','123 Main St','','2024-02-01 13:39:34',NULL),(20,82,39,40,0,'Rafa Cahaya','2018-10-03','2450','7405575592280859','567 Maple Lane','','2024-02-01 13:39:34',NULL),(21,85,41,42,0,'Sofia Maharani','2016-10-14','5659','5512653960715969','456 Oak Avenue','','2024-02-01 13:39:34',NULL),(22,88,43,44,0,'Rafa Pratama','2018-11-12','9529','6257292427175305','123 Main St','','2024-02-01 13:39:34',NULL),(23,91,45,46,0,'Rafa Wardhana','2016-07-02','2719','2575427212633410','789 Pine Street','','2024-02-01 13:39:34',NULL),(24,94,47,48,0,'Rizky Maharani','2010-06-20','8045','9407623681371124','789 Pine Street','','2024-02-01 13:39:34',NULL),(25,97,49,50,0,'Rafa Wardhana','2018-05-30','2049','3280011656093619','567 Maple Lane','','2024-02-01 13:39:34',NULL),(26,100,51,52,0,'Rafa Putra','2008-07-03','9648','2961289483300369','567 Maple Lane','','2024-02-01 13:39:34',NULL),(27,103,53,54,0,'Sofia Wardhana','2007-01-31','6994','5526749682780538','890 Elm Road','','2024-02-01 13:39:34',NULL),(28,106,55,56,0,'Farhan Pratama','2006-03-16','5630','5485204024776619','456 Oak Avenue','','2024-02-01 13:39:34',NULL),(29,109,57,58,0,'Sofia Putra','2022-09-22','5426','4880680328402769','789 Pine Street','','2024-02-01 13:39:34',NULL),(30,112,59,60,0,'Sofia Putra','2023-12-19','5784','5442289690317815','123 Main St','','2024-02-01 13:39:34',NULL),(31,115,61,62,0,'Rizky Maharani','2005-08-14','1266','9322608298145884','456 Oak Avenue','','2024-02-01 13:39:34',NULL),(32,118,63,64,0,'Alya Putra','2008-09-04','4966','2964321475008572','890 Elm Road','','2024-02-01 13:39:35',NULL),(33,121,65,66,0,'Sofia Cahaya','2021-12-14','3281','6957234017445632','123 Main St','','2024-02-01 13:39:35',NULL),(34,124,67,68,0,'Farhan Putra','2019-05-13','5188','1295457929548772','123 Main St','','2024-02-01 13:39:35',NULL),(35,127,69,70,0,'Sofia Cahaya','2004-08-30','1708','7234746341899188','789 Pine Street','','2024-02-01 13:39:35',NULL),(36,130,71,72,0,'Rafa Pratama','2017-12-25','1046','2512618521232682','890 Elm Road','','2024-02-01 13:39:35',NULL),(37,133,73,74,0,'Rafa Cahaya','2010-11-04','5835','4092155097298672','123 Main St','','2024-02-01 13:39:35',NULL),(38,136,75,76,0,'Rizky Pratama','2018-07-05','2418','5527469678155514','567 Maple Lane','','2024-02-01 13:39:35',NULL),(39,139,77,78,0,'Sofia Cahaya','2000-10-02','9939','9161628095639512','890 Elm Road','','2024-02-01 13:39:35',NULL),(40,142,79,80,0,'Sofia Pratama','2014-07-06','5374','1343264666128805','890 Elm Road','','2024-02-01 13:39:35',NULL),(41,145,81,82,0,'Rizky Pratama','2008-08-17','7925','1263448051601662','890 Elm Road','','2024-02-01 13:39:35',NULL),(42,148,83,84,0,'Rafa Wardhana','2012-05-04','7948','9799737287574776','789 Pine Street','','2024-02-01 13:39:35',NULL),(43,151,85,86,0,'Farhan Maharani','2014-06-05','1576','5315415958327646','890 Elm Road','','2024-02-01 13:39:35',NULL),(44,154,87,88,0,'Alya Cahaya','2021-06-14','1920','3742179117768201','123 Main St','','2024-02-01 13:39:35',NULL),(45,157,89,90,0,'Alya Pratama','2003-05-11','2744','9463043888936490','567 Maple Lane','','2024-02-01 13:39:35',NULL),(46,160,91,92,0,'Rafa Wardhana','2002-08-13','2695','9748058681510708','456 Oak Avenue','','2024-02-01 13:39:35',NULL),(47,163,93,94,0,'Alya Cahaya','2021-10-08','1481','6942425448234088','123 Main St','','2024-02-01 13:39:35',NULL),(48,166,95,96,0,'Rizky Cahaya','2023-08-26','1951','9734739818399126','789 Pine Street','','2024-02-01 13:39:35',NULL),(49,169,97,98,0,'Rizky Pratama','2022-02-03','1595','4402158527655643','890 Elm Road','','2024-02-01 13:39:35',NULL),(50,172,99,100,0,'Alya Maharani','2002-09-04','1206','2186832425642658','456 Oak Avenue','','2024-02-01 13:39:35',NULL),(51,175,101,102,0,'Sofia Maharani','2006-05-17','1362','8110865020195800','890 Elm Road','','2024-02-01 13:39:35',NULL),(52,178,103,104,0,'Sofia Wardhana','2020-08-28','8136','4212457858240739','890 Elm Road','','2024-02-01 13:39:35',NULL),(53,181,105,106,0,'Rizky Wardhana','2018-09-19','6771','2187222059706208','890 Elm Road','','2024-02-01 13:39:35',NULL),(54,184,107,108,0,'Alya Wardhana','2017-04-28','9638','1709027880414083','123 Main St','','2024-02-01 13:39:35',NULL),(55,187,109,110,0,'Rafa Putra','2007-01-06','5558','9257581349756484','456 Oak Avenue','','2024-02-01 13:39:35',NULL),(56,190,111,112,0,'Alya Pratama','2005-01-13','4102','4945295159379257','567 Maple Lane','','2024-02-01 13:39:35',NULL),(57,193,113,114,0,'Farhan Wardhana','2017-07-20','1391','3601928124994505','567 Maple Lane','','2024-02-01 13:39:35',NULL),(58,196,115,116,0,'Rafa Wardhana','2016-06-19','5923','4218494547966254','456 Oak Avenue','','2024-02-01 13:39:35',NULL),(59,199,117,118,0,'Alya Wardhana','2008-03-24','9993','6401691682719546','789 Pine Street','','2024-02-01 13:39:35',NULL),(60,202,119,120,0,'Alya Wardhana','2022-11-18','6204','8364796887971204','890 Elm Road','','2024-02-01 13:39:35',NULL),(61,205,121,122,0,'Farhan Maharani','2020-10-03','4607','8036883961698507','560 Main Street, CityD','','2024-02-01 13:41:14',NULL),(62,208,123,124,0,'Alya Pratama','2005-06-29','8101','1109073300484353','567 Maple Lane','','2024-02-01 13:41:14',NULL),(63,211,125,126,0,'Sofia Wardhana','2018-02-19','6223','3838045410421060','567 Maple Lane','','2024-02-01 13:41:14',NULL),(64,214,127,128,0,'Rafa Cahaya','2011-07-12','3022','6176523473354015','567 Maple Lane','','2024-02-01 13:41:14',NULL),(65,217,129,130,0,'Alya Pratama','2001-06-02','7670','7612448259332349','890 Elm Road','','2024-02-01 13:41:14',NULL),(66,220,131,132,0,'Farhan Pratama','2005-05-01','9565','7500296598012751','567 Maple Lane','','2024-02-01 13:41:14',NULL),(67,223,133,134,0,'Sofia Putra','2018-04-20','1495','4675498148472020','456 Oak Avenue','','2024-02-01 13:41:14',NULL),(68,226,135,136,0,'Rafa Pratama','2007-12-24','3751','7269152867865508','123 Main St','','2024-02-01 13:41:14',NULL),(69,229,137,138,0,'Farhan Pratama','2015-08-03','7458','8214144440147482','890 Elm Road','','2024-02-01 13:41:14',NULL),(70,232,139,140,0,'Alya Putra','2010-08-14','7869','5690203220718481','789 Pine Street','','2024-02-01 13:41:14',NULL),(71,380,239,240,0,'Farhan Cahaya','2005-09-28','3210','8782910185412343','456 Oak Avenue','','2024-02-01 13:41:15','2024-02-01 16:14:24'),(72,237,143,144,0,'Rafa Pratama','2004-05-22','5745','7879201741143508','123 Main St','','2024-02-01 13:41:14',NULL),(73,240,145,146,0,'Rafa Putra','2019-06-05','4754','7942322046908639','456 Oak Avenue','','2024-02-01 13:41:14',NULL),(74,243,147,148,0,'Rizky Cahaya','2013-11-15','1831','9383249386792632','456 Oak Avenue','','2024-02-01 13:41:14',NULL),(75,246,149,150,0,'Rizky Putra','2012-05-29','7283','2315938846160526','456 Oak Avenue','','2024-02-01 13:41:14',NULL),(76,249,151,152,0,'Farhan Wardhana','2010-01-09','8309','1507018813103083','567 Maple Lane','','2024-02-01 13:41:14',NULL),(77,252,153,154,0,'Sofia Putra','2010-10-14','3150','9786161592264132','789 Pine Street','','2024-02-01 13:41:14',NULL),(78,255,155,156,0,'Sofia Wardhana','2011-06-13','9395','2617255212332223','890 Elm Road','','2024-02-01 13:41:14',NULL),(79,258,157,158,0,'Farhan Putra','2020-12-01','5099','7840088508353336','567 Maple Lane','','2024-02-01 13:41:14',NULL),(80,261,159,160,0,'Farhan Pratama','2020-12-24','8653','7428796272493258','890 Elm Road','','2024-02-01 13:41:14',NULL),(81,264,161,162,0,'Rafa Pratama','2016-10-26','2356','5434981345136415','123 Main St','','2024-02-01 13:41:14',NULL),(82,267,163,164,0,'Sofia Maharani','2005-08-29','2056','3045991181049734','567 Maple Lane','','2024-02-01 13:41:14',NULL),(83,270,165,166,0,'Rizky Cahaya','2020-10-09','9393','5623844618733834','567 Maple Lane','','2024-02-01 13:41:14',NULL),(84,273,167,168,0,'Farhan Maharani','2023-10-02','1503','4885545812662543','789 Pine Street','','2024-02-01 13:41:14',NULL),(85,276,169,170,0,'Rizky Pratama','2015-01-08','5632','4977176584558423','456 Oak Avenue','','2024-02-01 13:41:14',NULL),(86,279,171,172,0,'Rizky Maharani','2018-02-22','2585','6071023265561341','456 Oak Avenue','','2024-02-01 13:41:14',NULL),(87,282,173,174,0,'Farhan Maharani','2003-04-28','9404','9955410269934238','567 Maple Lane','','2024-02-01 13:41:14',NULL),(88,285,175,176,0,'Alya Putra','2013-03-29','3239','4160329924400079','890 Elm Road','','2024-02-01 13:41:14',NULL),(89,288,177,178,0,'Rizky Pratama','2021-04-04','4767','3027741329700892','890 Elm Road','','2024-02-01 13:41:14',NULL),(90,291,179,180,0,'Alya Cahaya','2015-10-31','4761','7161967951536441','890 Elm Road','','2024-02-01 13:41:14',NULL),(91,294,181,182,0,'Sofia Pratama','2018-01-07','2819','5396304419715612','567 Maple Lane','','2024-02-01 13:41:14',NULL),(92,297,183,184,0,'Rizky Cahaya','2022-02-25','4639','3211072676449374','456 Oak Avenue','','2024-02-01 13:41:14',NULL),(93,300,185,186,0,'Rafa Maharani','2014-01-25','8254','6390770998574189','789 Pine Street','','2024-02-01 13:41:14',NULL),(94,303,187,188,0,'Farhan Pratama','2023-01-01','8209','8110261117118722','456 Oak Avenue','','2024-02-01 13:41:14',NULL),(95,306,189,190,0,'Farhan Pratama','2003-11-27','4709','1708769227842983','789 Pine Street','','2024-02-01 13:41:14',NULL),(96,309,191,192,0,'Alya Wardhana','2005-03-19','1257','2708332804941855','890 Elm Road','','2024-02-01 13:41:14',NULL),(97,312,193,194,0,'Farhan Putra','2007-03-11','1453','9769724892333308','789 Pine Street','','2024-02-01 13:41:14',NULL),(98,315,195,196,0,'Alya Wardhana','2000-02-29','1961','6075842642903404','789 Pine Street','','2024-02-01 13:41:14',NULL),(99,318,197,198,0,'Alya Pratama','2006-07-24','2556','9811320518696860','567 Maple Lane','','2024-02-01 13:41:14',NULL),(100,321,199,200,0,'Rizky Maharani','2019-09-04','6406','5950939466971805','890 Elm Road','','2024-02-01 13:41:14',NULL),(101,324,201,202,0,'Sofia Wardhana','2021-10-14','3496','3315452344990487','456 Oak Avenue','','2024-02-01 13:41:14',NULL),(102,327,203,204,0,'Rafa Putra','2008-06-05','5840','6757922645693296','123 Main St','','2024-02-01 13:41:14',NULL),(103,330,205,206,0,'Alya Pratama','2006-12-13','2120','5947401547048288','789 Pine Street','','2024-02-01 13:41:14',NULL),(104,333,207,208,0,'Rafa Cahaya','2003-08-25','1623','4873664443062047','123 Main St','','2024-02-01 13:41:14',NULL),(105,377,237,238,0,'Sofia Wardhana','2015-09-30','1381','1077034105842044','789 Pine Street','','2024-02-01 13:41:15','2024-02-01 16:14:41'),(106,338,211,212,0,'Farhan Wardhana','2000-12-03','9985','3917784542566216','567 Maple Lane','','2024-02-01 13:41:14',NULL),(107,341,213,214,0,'Rizky Wardhana','2019-09-10','5192','8209818343841100','789 Pine Street','','2024-02-01 13:41:14',NULL),(108,344,215,216,0,'Rafa Wardhana','2006-03-17','1162','5076541935957237','456 Oak Avenue','','2024-02-01 13:41:14',NULL),(109,347,217,218,0,'Sofia Cahaya','2020-01-31','7274','1832234494876761','456 Oak Avenue','','2024-02-01 13:41:14',NULL),(110,350,219,220,0,'Farhan Cahaya','2006-01-11','4573','1286211571499430','890 Elm Road','','2024-02-01 13:41:14',NULL),(111,353,221,222,0,'Farhan Putra','2012-11-02','4825','4984573772354220','789 Pine Street','','2024-02-01 13:41:15',NULL),(112,356,223,224,0,'Sofia Pratama','2018-08-25','5233','6463659512771774','789 Pine Street','','2024-02-01 13:41:15',NULL),(113,359,225,226,0,'Rizky Pratama','2012-05-16','8609','5535139997668104','890 Elm Road','','2024-02-01 13:41:15',NULL),(114,362,227,228,0,'Farhan Wardhana','2017-12-19','8384','3129187082776539','123 Main St','','2024-02-01 13:41:15',NULL),(115,365,229,230,0,'Rafa Maharani','2011-03-15','7528','9388555968567452','123 Main St','','2024-02-01 13:41:15',NULL),(116,368,231,232,0,'Rafa Wardhana','2010-01-10','7461','5455858940707432','789 Pine Street','','2024-02-01 13:41:15',NULL),(117,371,233,234,0,'Alya Cahaya','2014-12-04','6477','5376107270517190','123 Main St','','2024-02-01 13:41:15',NULL),(118,374,235,236,0,'Rafa Putra','2004-01-23','8877','1107145189487862','123 Main St','','2024-02-01 13:41:15',NULL),(119,383,141,142,0,'Alya Cahaya','2008-01-18','9533','4140132839302757','704 Cedar Street, CityD','','2024-02-01 16:15:53','2024-02-01 16:41:30'),(120,386,209,210,0,'Rizky Maharani','2020-11-15','7477','5120095667882381','456 Oak Avenue','','2024-02-01 16:15:53','2024-02-01 16:41:43');
DROP TABLE IF EXISTS `school_student_class`;
CREATE TABLE `school_student_class` (
  `id` int(11) unsigned NOT NULL AUTO_INCREMENT,
  `student_id` int(11) unsigned DEFAULT NULL,
  `class_id` int(11) unsigned DEFAULT NULL,
  `number` int(11) unsigned DEFAULT NULL COMMENT 'nomor absent siswa',
  PRIMARY KEY (`id`),
  UNIQUE KEY `unique_student` (`student_id`) USING BTREE,
  KEY `class_class` (`class_id`),
  CONSTRAINT `class_class` FOREIGN KEY (`class_id`) REFERENCES `school_class` (`id`) ON DELETE CASCADE ON UPDATE CASCADE,
  CONSTRAINT `class_student` FOREIGN KEY (`student_id`) REFERENCES `school_student` (`id`) ON DELETE CASCADE ON UPDATE CASCADE
) ENGINE=InnoDB AUTO_INCREMENT=128 DEFAULT CHARSET=utf8 COMMENT='data menyimpan siswa per kelas';

INSERT INTO `school_student_class` VALUES (1,1,1,1),(2,2,1,2),(3,3,1,3),(4,4,1,4),(5,5,1,5),(6,6,1,6),(7,7,1,7),(8,8,1,8),(9,9,1,9),(10,10,1,10),(11,11,1,11),(12,12,1,12),(13,13,1,13),(14,14,1,14),(15,15,1,15),(16,16,1,16),(17,17,1,17),(18,18,1,18),(19,19,1,19),(20,20,1,20),(21,21,1,21),(22,22,1,22),(23,23,1,23),(24,24,1,24),(25,25,1,25),(26,26,1,26),(27,27,1,27),(28,28,1,28),(29,29,1,29),(30,30,1,30),(31,31,2,1),(32,32,2,2),(33,33,2,3),(34,34,2,4),(35,35,2,5),(36,36,2,6),(37,37,2,7),(38,38,2,8),(39,39,2,9),(40,40,2,10),(41,41,2,11),(42,42,2,12),(43,43,2,13),(44,44,2,14),(45,45,2,15),(46,46,2,16),(47,47,2,17),(48,48,2,18),(49,49,2,19),(50,50,2,20),(51,51,2,21),(52,52,2,22),(53,53,2,23),(54,54,2,24),(55,55,2,25),(56,56,2,26),(57,57,2,27),(58,58,2,28),(59,59,2,29),(60,60,2,30),(61,61,3,1),(62,62,3,2),(63,63,3,3),(64,64,3,4),(65,65,3,5),(66,66,3,6),(67,67,3,7),(68,68,3,8),(69,69,3,9),(70,70,3,10),(71,71,3,11),(72,72,3,12),(73,73,3,13),(74,74,3,14),(75,75,3,15),(76,76,3,16),(77,77,3,17),(78,78,3,18),(79,79,3,19),(80,80,3,20),(81,81,3,21),(82,82,3,22),(83,83,3,23),(84,84,3,24),(85,85,3,25),(86,86,3,26),(87,87,3,27),(88,88,3,28),(89,89,3,29),(90,90,3,30),(91,91,4,1),(92,92,4,2),(93,93,4,3),(94,94,4,4),(95,95,4,5),(96,96,4,6),(97,97,4,7),(98,98,4,8),(99,99,4,9),(100,100,4,10),(101,101,4,11),(102,102,4,12),(103,103,4,13),(104,104,4,14),(105,105,4,15),(106,106,4,16),(107,107,4,17),(108,108,4,18),(109,109,4,19),(110,110,4,20),(111,111,4,21),(112,112,4,22),(113,113,4,23),(114,114,4,24),(115,115,4,25),(116,116,4,26),(117,117,4,27),(118,118,4,28),(119,119,4,29),(120,120,4,30);
DROP TABLE IF EXISTS `school_student_parent`;
CREATE TABLE `school_student_parent` (
  `id` int(11) unsigned NOT NULL AUTO_INCREMENT,
  `student_id` int(11) unsigned DEFAULT NULL,
  `parent_id` int(11) unsigned DEFAULT NULL,
  PRIMARY KEY (`id`),
  KEY `student_parent_student` (`student_id`),
  KEY `student_parent_parent` (`parent_id`),
  CONSTRAINT `student_parent_parent` FOREIGN KEY (`parent_id`) REFERENCES `school_parent` (`id`) ON DELETE CASCADE ON UPDATE CASCADE,
  CONSTRAINT `student_parent_student` FOREIGN KEY (`student_id`) REFERENCES `school_student` (`id`) ON DELETE CASCADE ON UPDATE CASCADE
) ENGINE=InnoDB AUTO_INCREMENT=264 DEFAULT CHARSET=utf8 COMMENT='data menghubungkan orang tua siswa dan siswa';

INSERT INTO `school_student_parent` VALUES (20,1,1),(21,1,2),(22,2,3),(23,2,4),(24,3,5),(25,3,6),(26,4,7),(27,4,8),(28,5,9),(29,5,10),(30,6,11),(31,6,12),(32,7,13),(33,7,14),(34,8,15),(35,8,16),(36,9,17),(37,9,18),(38,10,19),(39,10,20),(40,11,21),(41,11,22),(42,12,23),(43,12,24),(44,13,25),(45,13,26),(46,14,27),(47,14,28),(48,15,29),(49,15,30),(50,16,31),(51,16,32),(52,17,33),(53,17,34),(54,18,35),(55,18,36),(56,19,37),(57,19,38),(58,20,39),(59,20,40),(60,21,41),(61,21,42),(62,22,43),(63,22,44),(64,23,45),(65,23,46),(66,24,47),(67,24,48),(68,25,49),(69,25,50),(70,26,51),(71,26,52),(72,27,53),(73,27,54),(74,28,55),(75,28,56),(76,29,57),(77,29,58),(78,30,59),(79,30,60),(80,31,61),(81,31,62),(82,32,63),(83,32,64),(84,33,65),(85,33,66),(86,34,67),(87,34,68),(88,35,69),(89,35,70),(90,36,71),(91,36,72),(92,37,73),(93,37,74),(94,38,75),(95,38,76),(96,39,77),(97,39,78),(98,40,79),(99,40,80),(100,41,81),(101,41,82),(102,42,83),(103,42,84),(104,43,85),(105,43,86),(106,44,87),(107,44,88),(108,45,89),(109,45,90),(110,46,91),(111,46,92),(112,47,93),(113,47,94),(114,48,95),(115,48,96),(116,49,97),(117,49,98),(118,50,99),(119,50,100),(120,51,101),(121,51,102),(122,52,103),(123,52,104),(124,53,105),(125,53,106),(126,54,107),(127,54,108),(128,55,109),(129,55,110),(130,56,111),(131,56,112),(132,57,113),(133,57,114),(134,58,115),(135,58,116),(136,59,117),(137,59,118),(138,60,119),(139,60,120),(140,61,121),(141,61,122),(142,62,123),(143,62,124),(144,63,125),(145,63,126),(146,64,127),(147,64,128),(148,65,129),(149,65,130),(150,66,131),(151,66,132),(152,67,133),(153,67,134),(154,68,135),(155,68,136),(156,69,137),(157,69,138),(158,70,139),(159,70,140),(162,72,143),(163,72,144),(164,73,145),(165,73,146),(166,74,147),(167,74,148),(168,75,149),(169,75,150),(170,76,151),(171,76,152),(172,77,153),(173,77,154),(174,78,155),(175,78,156),(176,79,157),(177,79,158),(178,80,159),(179,80,160),(180,81,161),(181,81,162),(182,82,163),(183,82,164),(184,83,165),(185,83,166),(186,84,167),(187,84,168),(188,85,169),(189,85,170),(190,86,171),(191,86,172),(192,87,173),(193,87,174),(194,88,175),(195,88,176),(196,89,177),(197,89,178),(198,90,179),(199,90,180),(200,91,181),(201,91,182),(202,92,183),(203,92,184),(204,93,185),(205,93,186),(206,94,187),(207,94,188),(208,95,189),(209,95,190),(210,96,191),(211,96,192),(212,97,193),(213,97,194),(214,98,195),(215,98,196),(216,99,197),(217,99,198),(218,100,199),(219,100,200),(220,101,201),(221,101,202),(222,102,203),(223,102,204),(224,103,205),(225,103,206),(226,104,207),(227,104,208),(230,106,211),(231,106,212),(232,107,213),(233,107,214),(234,108,215),(235,108,216),(236,109,217),(237,109,218),(238,110,219),(239,110,220),(240,111,221),(241,111,222),(242,112,223),(243,112,224),(244,113,225),(245,113,226),(246,114,227),(247,114,228),(248,115,229),(249,115,230),(250,116,231),(251,116,232),(252,117,233),(253,117,234),(254,118,235),(255,118,236),(256,105,237),(257,105,238),(258,71,239),(259,71,240),(260,119,241),(261,119,242),(262,120,243),(263,120,244);
DROP TABLE IF EXISTS `school_teacher`;
CREATE TABLE `school_teacher` (
  `id` int(11) unsigned NOT NULL AUTO_INCREMENT,
  `user_id` int(11) unsigned DEFAULT NULL,
  `name` varchar(255) DEFAULT NULL,
  `nip` char(18) DEFAULT NULL COMMENT 'nomor induk pegawai',
  `phone` char(14) DEFAULT NULL,
  `position` varchar(255) DEFAULT NULL COMMENT 'jabatan',
  `birthday` date DEFAULT NULL,
  `image` varchar(255) DEFAULT NULL,
  `created` datetime DEFAULT CURRENT_TIMESTAMP,
  `updated` datetime DEFAULT NULL ON UPDATE CURRENT_TIMESTAMP,
  PRIMARY KEY (`id`),
  UNIQUE KEY `phone` (`phone`),
  UNIQUE KEY `nip` (`nip`) USING BTREE
) ENGINE=InnoDB AUTO_INCREMENT=21 DEFAULT CHARSET=utf8 COMMENT='data guru';

INSERT INTO `school_teacher` VALUES (1,3,'surya','55555','6289620902','Kepala Sekolah','2024-01-01',NULL,'2024-01-11 09:56:41','2024-02-01 10:51:59'),(2,4,'agung','11111','6282226543','Guru','2024-01-01',NULL,'2024-01-11 11:38:38','2024-02-01 11:02:22'),(3,5,'ilham','22222','6282328753','Guru','2024-01-01',NULL,'2024-01-11 11:39:29','2024-02-01 11:03:00'),(4,6,'yasin','33333','6289532762','Guru','2024-01-01',NULL,'2024-01-11 11:40:21','2024-02-01 11:03:00'),(5,7,'vito','44444','6281295822','Guru','2024-01-01',NULL,'2024-01-11 11:43:17','2024-02-01 11:03:00'),(6,8,'Bapak Arief Maharani','120262874595','6286839581626','Guru','1978-07-05',NULL,'2024-02-01 13:37:06',NULL),(7,9,'Bu Lina Maharani','120767679402','6284582821783','Guru','1991-09-27',NULL,'2024-02-01 13:37:06',NULL),(8,10,'Ibu Sri Susanto','120272943020','6289578490918','Guru','1973-07-28',NULL,'2024-02-01 13:37:06',NULL),(9,11,'Ibu Sri Maharani','120993011554','6284727331170','Guru','1971-08-05',NULL,'2024-02-01 13:37:06',NULL),(10,12,'Bapak Yanto Susanto','120384480034','6284150576864','Guru','1990-10-04',NULL,'2024-02-01 13:37:06',NULL),(11,13,'Bu Lina Susanto','120315388451','6282008644981','Guru','1991-06-11',NULL,'2024-02-01 13:37:06',NULL),(12,14,'Bapak Arief Susanto','120580391382','6285715852976','Guru','1984-02-10',NULL,'2024-02-01 13:37:06',NULL),(13,15,'Pak Adi Susanto','120682307134','6288487228303','Guru','1974-01-18',NULL,'2024-02-01 13:37:06',NULL),(14,16,'Ibu Sri Cahyono','120901865670','6289653255592','Guru','1974-10-10',NULL,'2024-02-01 13:37:06',NULL),(15,17,'Bu Lina Susanto','120820322274','6283586229977','Guru','1984-01-31',NULL,'2024-02-01 13:37:06',NULL),(16,18,'Pak Adi Cahyono','120874668165','6289590261046','Guru','1989-11-18',NULL,'2024-02-01 13:37:06',NULL),(17,19,'Bapak Yanto Widodo','120598454901','6281869623872','Guru','1993-12-10',NULL,'2024-02-01 13:37:06',NULL),(18,20,'Bu Lina Cahyono','120255106144','6285844009338','Guru','1977-03-03',NULL,'2024-02-01 13:37:06',NULL),(19,21,'Bapak Arief Susanto','120865935695','6287228635496','Guru','1987-06-19',NULL,'2024-02-01 13:37:06',NULL),(20,22,'Ibu Sri Prabowo','120131367059','6283424623627','Guru','1982-01-06',NULL,'2024-02-01 13:37:06',NULL);
DROP TABLE IF EXISTS `school_teacher_subject`;
CREATE TABLE `school_teacher_subject` (
  `id` int(11) unsigned NOT NULL AUTO_INCREMENT,
  `teacher_id` int(11) unsigned DEFAULT NULL,
  `course_id` int(11) unsigned DEFAULT NULL,
  `class_id` int(11) unsigned DEFAULT NULL,
  PRIMARY KEY (`id`),
  KEY `subject_course` (`course_id`),
  KEY `subject_teacher` (`teacher_id`),
  KEY `subject_class` (`class_id`),
  CONSTRAINT `subject_class` FOREIGN KEY (`class_id`) REFERENCES `school_class` (`id`) ON DELETE CASCADE ON UPDATE CASCADE,
  CONSTRAINT `subject_course` FOREIGN KEY (`course_id`) REFERENCES `school_course` (`id`) ON DELETE CASCADE ON UPDATE CASCADE,
  CONSTRAINT `subject_teacher` FOREIGN KEY (`teacher_id`) REFERENCES `school_teacher` (`id`) ON DELETE CASCADE ON UPDATE CASCADE
) ENGINE=InnoDB AUTO_INCREMENT=57 DEFAULT CHARSET=utf8 COMMENT='mengkelompokan guru dengan mata pelajaran dan kelas ';

INSERT INTO `school_teacher_subject` VALUES (1,1,1,1),(2,1,1,3),(3,1,3,5),(4,2,1,2),(5,5,2,2),(6,3,3,1),(7,4,4,4),(8,1,4,3),(9,4,4,3),(10,5,2,1),(11,5,2,5),(12,1,5,5),(13,2,3,4),(14,3,4,5),(15,1,5,4),(16,3,2,2),(17,5,11,13),(18,2,12,11),(19,20,12,1),(20,16,13,12),(21,4,9,3),(22,7,1,4),(23,2,10,14),(24,14,9,12),(25,2,2,4),(26,4,3,2),(27,17,3,3),(28,9,8,7),(29,10,2,14),(30,11,11,4),(31,14,14,7),(32,10,1,10),(33,5,3,3),(34,6,12,6),(35,6,4,4),(36,8,6,12),(37,14,3,8),(38,6,10,9),(39,16,5,2),(40,12,8,15),(41,6,6,3),(42,11,4,6),(43,5,1,8),(44,11,15,6),(45,16,13,2);
DROP TABLE IF EXISTS `survey_polling`;
CREATE TABLE `survey_polling` (
  `id` int(255) NOT NULL AUTO_INCREMENT,
  `result` varchar(255) DEFAULT NULL,
  `publish` tinyint(1) DEFAULT '0',
  PRIMARY KEY (`id`),
  KEY `publish` (`publish`)
) ENGINE=MyISAM AUTO_INCREMENT=3 DEFAULT CHARSET=utf8;

INSERT INTO `survey_polling` VALUES (1,NULL,1),(2,NULL,1);
DROP TABLE IF EXISTS `survey_polling_option`;
CREATE TABLE `survey_polling_option` (
  `id` int(255) NOT NULL AUTO_INCREMENT,
  `polling_id` int(255) DEFAULT NULL,
  `voted` int(255) NOT NULL DEFAULT '0',
  `orderby` int(11) DEFAULT NULL,
  `publish` tinyint(1) NOT NULL DEFAULT '0',
  PRIMARY KEY (`id`),
  KEY `polling_id` (`polling_id`),
  KEY `publish` (`publish`)
) ENGINE=MyISAM AUTO_INCREMENT=9 DEFAULT CHARSET=utf8;

INSERT INTO `survey_polling_option` VALUES (1,1,1,1,1),(2,1,0,2,1),(3,1,0,3,1),(4,1,0,4,1),(5,2,0,1,1),(6,2,0,2,1),(7,2,0,3,1),(8,2,0,4,1);
DROP TABLE IF EXISTS `survey_polling_option_text`;
CREATE TABLE `survey_polling_option_text` (
  `polling_option_id` int(255) DEFAULT NULL,
  `title` varchar(255) DEFAULT NULL,
  `lang_id` int(11) DEFAULT NULL,
  KEY `polling_option_id` (`polling_option_id`),
  KEY `lang_id` (`lang_id`),
  FULLTEXT KEY `title` (`title`)
) ENGINE=MyISAM DEFAULT CHARSET=utf8;

INSERT INTO `survey_polling_option_text` VALUES (1,'E-Commerce',1),(2,'Enterprise (Web Company)',1),(3,'Web Iklan',1),(4,'Web Sekolahan',1),(5,'God Father',1),(6,'Armagedon',1),(7,'Titanic',1),(8,'Dendam Nyi Pelet',1);
DROP TABLE IF EXISTS `survey_polling_text`;
CREATE TABLE `survey_polling_text` (
  `polling_id` int(255) NOT NULL DEFAULT '0',
  `question` text,
  `lang_id` int(11) DEFAULT NULL,
  KEY `polling_id` (`polling_id`),
  KEY `lang_id` (`lang_id`),
  FULLTEXT KEY `question` (`question`)
) ENGINE=MyISAM DEFAULT CHARSET=utf8;

INSERT INTO `survey_polling_text` VALUES (1,'Web aplikasi jenis manakah yang menurut anda paling laku dijual untuk publik ?',1),(2,'Diantara film-film di bawah, manakah menurut anda paling bagus untuk dinikmati?',1);
DROP TABLE IF EXISTS `survey_posted`;
CREATE TABLE `survey_posted` (
  `id` int(255) unsigned NOT NULL AUTO_INCREMENT,
  `user_id` int(255) NOT NULL DEFAULT '0',
  `lang_id` int(255) NOT NULL DEFAULT '0',
  `name` varchar(255) DEFAULT NULL,
  `email` varchar(255) DEFAULT NULL,
  `params` text,
  `question_ids` varchar(255) DEFAULT NULL,
  `question_titles` text,
  `date` datetime NOT NULL,
  `publish` tinyint(1) NOT NULL DEFAULT '0',
  PRIMARY KEY (`id`),
  KEY `account_id` (`user_id`),
  KEY `lang_id` (`lang_id`),
  KEY `publish` (`publish`),
  FULLTEXT KEY `name` (`name`,`email`,`params`,`question_titles`)
) ENGINE=MyISAM AUTO_INCREMENT=4 DEFAULT CHARSET=utf8;

INSERT INTO `survey_posted` VALUES (1,0,1,'Rahma','rahma@fisip.net','a:2:{s:7:\"Address\";s:53:\"Jl.+Pedakbaru+425c+Gowok+banguntapan+Bantul+DIY+55161\";s:5:\"Phone\";s:14:\"0856+2289+4334\";}','1,2,3,4,5','Perceived Ease Of Use<br />Perceived Usefulnes<br />Attitude Toward Using<br />Behavioral Intention to Use<br />Actual Usage Behavior','0000-00-00 00:00:00',0),(2,3,1,'Pengunjung','anonymous@anonymous.com','a:2:{s:7:\"Address\";s:9:\"Indonesia\";s:5:\"Phone\";s:15:\"+62+00+0000+000\";}','6','Demografi','2011-01-28 18:17:23',0),(3,3,1,'Pengunjung','anonymous@anonymous.com','a:2:{s:7:\"Address\";s:9:\"Indonesia\";s:5:\"Phone\";s:15:\"+62+00+0000+000\";}','1,2,3,4,5,6','Perceived Ease Of Use<br />Perceived Usefulnes<br />Attitude Toward Using<br />Behavioral Intention to Use<br />Actual Usage Behavior<br />Demografi','2011-01-28 18:43:18',0);
DROP TABLE IF EXISTS `survey_posted_question`;
CREATE TABLE `survey_posted_question` (
  `id` int(255) NOT NULL AUTO_INCREMENT,
  `posted_id` int(255) NOT NULL DEFAULT '0',
  `question_id` int(255) NOT NULL DEFAULT '0',
  `question_title` text,
  `option_ids` varchar(255) DEFAULT NULL,
  `option_titles` text,
  `note` text,
  PRIMARY KEY (`id`),
  KEY `posted_id` (`posted_id`),
  KEY `question_id` (`question_id`)
) ENGINE=MyISAM AUTO_INCREMENT=32 DEFAULT CHARSET=utf8;

INSERT INTO `survey_posted_question` VALUES (1,1,1,'Saya dengan mudah dapat mengakses situs berita online dari mana pun<br />Saya dengan mudah dapat mengakses situs berita online dengan menggunakan fasilitas/alat/gadget yang saya miliki<br />Saya dengan mudah dapat mempelajari cara menggunakan/mengakses situs berita online<br />Saya dengan mudah dapat memahami menu atau susunan rubik pada situs berita online<br />Saya dengan mudah dapat menggunakan fasilitas/fitur (contoh: layanan komentar, dll) yang ada pada situs berita online<br />Saya bisa dengan mudah mendapatkan berita yang saya cari ketika mengakses situs berita online<br />Saya dengan mudah dapat berinteraksi dengan pengelola situs berita online<br />Saya dengan mudah dapat berinteraksi dengan sesama pembaca situs berita online','1,8,7,6,5','1.Sangat Tidak Setuju<br />2.Tidak Setuju<br />3.Netral<br />4.Setuju<br />5.Sangat Setuju<br />4.Setuju<br />3.Netral<br />2.Tidak Setuju',''),(2,1,2,'Penggunaan situs berita online meningkatkan efektivitas saya dalam mencari informasi atau sebuah berita dibanding media cetak, televisi atau media yang lain<br />Dengan mengakses situs berita online saya dapat dengan mudah mencari informasi atau berita yang sudah lama berlalu<br />Melalui situs berita online saya mendapatkan informasi/berita yang saya butuhkan<br />Melalui situs berita online saya mendapatkan informasi tambahan yang saya butuhkan<br />Dengan mengakses situs berita online memungkinkan saya lebih cepat dalam mendapatkan berita yang saya butuhkan<br />Dengan mengakses situs berita online memungkinkan saya lebih mudah dalam mendapatkan berita yang saya butuhkan<br />Saya menghemat waktu dalam mencari sebuah informasi/berita jika melalui situs berita online<br />Saya menghemat biaya dalam mencari sebuah informasi/berita jika melalui situs berita online','16,14,13,12,15','5.Sangat Setuju<br />4.Setuju<br />3.Netral<br />2.Tidak Setuju<br />3.Netral<br />4.Setuju<br />1.Sangat Tidak Setuju<br />5.Sangat Setuju',''),(3,1,3,'Saya senang mengakses situs berita online karena tak perlu berlangganan media cetak<br />Saya senang mengakses situs berita online karena tidak perlu memberikan data pribadi<br />Saya senang mengakses situs berita online karena saya dapat mengomentari berita yang saya baca<br />Saya tidak suka situs berita online yang beritanya jarang/tidak diperbaharui (update)<br />Saya tidak suka situs berita online yang penyajian beritanya terlalu formal atau menggunakan bahasa yang terlalu baku<br />Saya bosan dengan tampilan (interface) situs berita online yang saya kunjungi<br />Saya lebih suka situs berita online yang dilengkapi dengan foto/ilustrasi/grafik','17,23,22,20,21','1.Sangat Tidak Setuju<br />5.Sangat Setuju<br />2.Tidak Setuju<br />4.Setuju<br />3.Netral<br />2.Tidak Setuju<br />5.Sangat Setuju',''),(4,1,4,'Saya lebih suka situs berita online yang memperbolehkan saya untuk berkomentar<br />Saya lebih suka situs berita online yang memperbolehkan saya untuk berkontribusi menyumbangkan berita<br />Sekalipun saya telah membaca media cetaknya, saya akan tetap mengakses situs berita secara online untuk mendapatkan informasi/berita yang saya butuhkan<br />Saya akan mengakses situs berita online jika ingin mengetahui berita terbaru mengenai suatu hal<br />Saya akan menyarankan/mengajak teman saya untuk mengakses situs berita online<br />Saya akan mengajak teman untuk berinteraksi/berdiskusi mengenai sebuah berita/informasi melalui fasilitas comment yang ada di situs berita online','28,25,26,27,29','5.Sangat Setuju<br />2.Tidak Setuju<br />4.Setuju<br />1.Sangat Tidak Setuju<br />5.Sangat Setuju<br />3.Netral',''),(5,1,5,'Saya mengakses situs berita online setiap saya terkoneksi dengan internet<br />Saya akan mengakses situs berita online ketika ada peristiwa yang menarik atau yang sedang tren di masyarakat<br />Saya mengakses situs berita online hampir setiap hari<br />Rata-rata, saya mengakses situs berita online selama minimal 10 menit setiap kali mengunjunginya<br />Secara keseluruhan saya merasa puas dengan kinerja situs berita online<br />Saya menyampaikan kepuasan terhadap sebuah situs berita online, kepada teman saya','32,31,33,34,35','1.Sangat Tidak Setuju<br />4.Setuju<br />1.Sangat Tidak Setuju<br />2.Tidak Setuju<br />5.Sangat Setuju<br />3.Netral',''),(6,3,1,'Saya dengan mudah dapat mengakses situs berita online dari mana pun<br />Saya dengan mudah dapat mengakses situs berita online dengan menggunakan fasilitas/alat/gadget yang saya miliki<br />Saya dengan mudah dapat mempelajari cara menggunakan/mengakses situs berita online<br />Saya dengan mudah dapat memahami menu atau susunan rubik pada situs berita online<br />Saya dengan mudah dapat menggunakan fasilitas/fitur (contoh: layanan komentar, dll) yang ada pada situs berita online<br />Saya bisa dengan mudah mendapatkan berita yang saya cari ketika mengakses situs berita online<br />Saya dengan mudah dapat berinteraksi dengan pengelola situs berita online<br />Saya dengan mudah dapat berinteraksi dengan sesama pembaca situs berita online','7,6,5,4,8','4.Setuju<br />3.Netral<br />2.Tidak Setuju<br />1.Sangat Tidak Setuju<br />2.Tidak Setuju<br />3.Netral<br />4.Setuju<br />5.Sangat Setuju',''),(7,3,2,'Penggunaan situs berita online meningkatkan efektivitas saya dalam mencari informasi atau sebuah berita dibanding media cetak, televisi atau media yang lain<br />Dengan mengakses situs berita online saya dapat dengan mudah mencari informasi atau berita yang sudah lama berlalu<br />Melalui situs berita online saya mendapatkan informasi/berita yang saya butuhkan<br />Melalui situs berita online saya mendapatkan informasi tambahan yang saya butuhkan<br />Dengan mengakses situs berita online memungkinkan saya lebih cepat dalam mendapatkan berita yang saya butuhkan<br />Dengan mengakses situs berita online memungkinkan saya lebih mudah dalam mendapatkan berita yang saya butuhkan<br />Saya menghemat waktu dalam mencari sebuah informasi/berita jika melalui situs berita online<br />Saya menghemat biaya dalam mencari sebuah informasi/berita jika melalui situs berita online','15,14,13,12,16','4.Setuju<br />3.Netral<br />2.Tidak Setuju<br />1.Sangat Tidak Setuju<br />2.Tidak Setuju<br />3.Netral<br />4.Setuju<br />5.Sangat Setuju',''),(8,3,3,'Saya senang mengakses situs berita online karena tak perlu berlangganan media cetak<br />Saya senang mengakses situs berita online karena tidak perlu memberikan data pribadi<br />Saya senang mengakses situs berita online karena saya dapat mengomentari berita yang saya baca<br />Saya tidak suka situs berita online yang beritanya jarang/tidak diperbaharui (update)<br />Saya tidak suka situs berita online yang penyajian beritanya terlalu formal atau menggunakan bahasa yang terlalu baku<br />Saya bosan dengan tampilan (interface) situs berita online yang saya kunjungi<br />Saya lebih suka situs berita online yang dilengkapi dengan foto/ilustrasi/grafik','23,22,21,20','4.Setuju<br />3.Netral<br />2.Tidak Setuju<br />1.Sangat Tidak Setuju<br />2.Tidak Setuju<br />3.Netral<br />4.Setuju',''),(9,3,4,'Saya lebih suka situs berita online yang memperbolehkan saya untuk berkomentar<br />Saya lebih suka situs berita online yang memperbolehkan saya untuk berkontribusi menyumbangkan berita<br />Sekalipun saya telah membaca media cetaknya, saya akan tetap mengakses situs berita secara online untuk mendapatkan informasi/berita yang saya butuhkan<br />Saya akan mengakses situs berita online jika ingin mengetahui berita terbaru mengenai suatu hal<br />Saya akan menyarankan/mengajak teman saya untuk mengakses situs berita online<br />Saya akan mengajak teman untuk berinteraksi/berdiskusi mengenai sebuah berita/informasi melalui fasilitas comment yang ada di situs berita online','24,25,26,29,28','5.Sangat Setuju<br />4.Setuju<br />3.Netral<br />2.Tidak Setuju<br />1.Sangat Tidak Setuju<br />2.Tidak Setuju',''),(10,3,5,'Saya mengakses situs berita online setiap saya terkoneksi dengan internet<br />Saya akan mengakses situs berita online ketika ada peristiwa yang menarik atau yang sedang tren di masyarakat<br />Saya mengakses situs berita online hampir setiap hari<br />Rata-rata, saya mengakses situs berita online selama minimal 10 menit setiap kali mengunjunginya<br />Secara keseluruhan saya merasa puas dengan kinerja situs berita online<br />Saya menyampaikan kepuasan terhadap sebuah situs berita online, kepada teman saya','34,33,32,35','3.Netral<br />4.Setuju<br />5.Sangat Setuju<br />4.Setuju<br />3.Netral<br />2.Tidak Setuju',''),(11,3,6,'Tahun lahir','1','2423',''),(12,3,6,'Jenis kelamin','2','Perempuan',''),(13,3,6,'Asal kota','3','kudus',''),(14,3,6,'Status','4','Menikah',''),(15,3,6,'Pendidikan terakhir','5','Sarjana S1',''),(16,3,6,'Pekerjaan','6','Mahasiswa D3/S1',''),(17,3,6,'Pengeluaran per bulan','7','234',''),(18,3,6,'Berapa uang saku','8','234',''),(19,3,6,'Mengakses situs berita online pertama kali (tahun)','9','3423',''),(20,3,6,'Tempat mengakses situs berita online tersering','10','Kampus',''),(21,3,6,'Selain tempat tersebut pada nomor 10. dimana lagi?','11','Warung Internet, Rumah, Kos',''),(22,3,6,'Rata-rata, berapa jam dalam seminggu Anda mengakses situs berita online','12','23',''),(23,3,6,'Rata-rata, berapa berita yang Anda baca setiap membuka sebuah situs berita online','13','12',''),(24,3,6,'Rata-rata, berapa lama Anda membaca satu berita di sebuah situs berita online','14','231',''),(25,3,6,'Rata-rata, selama mengakses situs berita online, jika dihitung dengan uang, berapa banyak uang yang harus Anda keluarkan untuk akses situs berita online dalam satu bulan?','15','12324324',''),(26,3,6,'Walaupun Anda mengakses situs berita online, apakah Anda tetap berlangganan koran, majalah, tabloid, dll, tetap menonton televisi, dan mendengarkan radio untuk mendapatkan sebuah berita/informasi?','16','Ya, alasanya dsfsdfsdg ',''),(27,3,6,'Selama mengakses situs berita online, tema rubrik/berita apa yang paling sering Anda baca ?','17','terkait dengan pendidikan, terkait dengan politik, terkait dengan ekonomi/bisnis, hiburan/hobi (musik, film, fotografi), terkait dengan kuliner, sdgfdg',''),(28,3,6,'Sebutkan 3 rubrik atau tema berita yang paling sering Anda baca (urutkan dari yang paling sering, contoh: politik, kuliner dsb.)','18','dfgdfgdf, dfgfhgf, fghfdghf',''),(29,3,6,'Sebutkan 5 situs berita (media massa) online yang paling sering Anda kunjungi, urutkan dari yang paling sering, tidak harus berbahasa Indonesia','19','fdgdsfgdg, dfgdf, dfgdfg, gdfgdf, gdfgdf',''),(30,3,6,'Alasan mengapa Anda mengakses situs tersebut','20','1. Beritanya selalu ada yang baru (update)<br />2. Beritanya dapat dipercaya, tidak memihak, dan komprehensif <br />3. Beritanya memenuhi unsur 5W+1H (What, Why, When, Where, Who, How)<br />4. Lembaga/pengelola situsnya kredibel<br />5. Beritanya mudah/enak dibaca<br />6. Bahasa yang digunakan mudah/enak dibaca<br />7. Situsnya mudah diakses<br />8. Nama atau alamat situs (URL)-nya mudah diingat<br />9. Tata letak atau desain situsnya tidak membosankan<br />10. Akses ke situs tersebut cepat dibanding situs lainnya<br />11. Beritanya selalu dilengkapi dengan foto/gambar/ilustrasi<br />12. Berita dan rubriknya lengkap<br />13. Penulisan judul beritanya menarik saya untuk membaca beritanya secara lengkap<br />14. sdfsdf<br />15. sdfsdfdgts<br />16. yjfghjfhgjgh',''),(31,3,6,'Alat atau gadget yang paling sering Anda gunakan untuk akses situs tersebut','21','1. Komputer Personal (dengan CPU)<br />2. Laptop (notebook)<br />3. Laptop (netbook)<br />4. Blackberry<br />5. Handphone (dengan fasilitas GPRS, 3G, dll)<br />6. gfehfgjhg<br />7. fgjfjhghjg','');
DROP TABLE IF EXISTS `survey_question`;
CREATE TABLE `survey_question` (
  `id` int(255) NOT NULL AUTO_INCREMENT,
  `par_id` int(255) DEFAULT '0',
  `type` enum('checkbox','multiple','radio','select','text','none','custom') NOT NULL DEFAULT 'checkbox',
  `file` varchar(255) DEFAULT NULL,
  `voted` int(255) DEFAULT '0',
  `orderby` int(255) DEFAULT '0',
  `is_note` tinyint(1) NOT NULL DEFAULT '1',
  `checked` tinyint(1) NOT NULL DEFAULT '0',
  `publish` tinyint(1) NOT NULL DEFAULT '1',
  PRIMARY KEY (`id`),
  KEY `publish` (`publish`)
) ENGINE=MyISAM AUTO_INCREMENT=7 DEFAULT CHARSET=utf8;

INSERT INTO `survey_question` VALUES (1,0,'custom','questionary',2,1,0,1,1),(2,0,'custom','questionary',2,2,0,1,1),(3,0,'custom','questionary',2,3,0,1,1),(4,0,'custom','questionary',2,4,0,1,1),(5,0,'custom','questionary',2,5,0,1,1),(6,0,'custom','demografi',2,6,0,1,1);
DROP TABLE IF EXISTS `survey_question_option`;
CREATE TABLE `survey_question_option` (
  `id` int(255) NOT NULL AUTO_INCREMENT,
  `question_id` int(255) NOT NULL DEFAULT '0',
  `voted` int(255) unsigned NOT NULL DEFAULT '0',
  `orderby` int(255) DEFAULT '0',
  `checked` tinyint(1) NOT NULL DEFAULT '0',
  `publish` tinyint(1) NOT NULL DEFAULT '1',
  PRIMARY KEY (`id`),
  KEY `question_id` (`question_id`),
  KEY `publish` (`publish`)
) ENGINE=MyISAM DEFAULT CHARSET=utf8;

DROP TABLE IF EXISTS `survey_question_option_text`;
CREATE TABLE `survey_question_option_text` (
  `option_id` int(255) NOT NULL DEFAULT '0',
  `title` varchar(255) DEFAULT NULL,
  `lang_id` int(255) DEFAULT NULL,
  KEY `option_id` (`option_id`),
  KEY `lang_id` (`lang_id`),
  FULLTEXT KEY `title` (`title`)
) ENGINE=MyISAM DEFAULT CHARSET=utf8;

DROP TABLE IF EXISTS `survey_question_text`;
CREATE TABLE `survey_question_text` (
  `question_id` int(255) NOT NULL DEFAULT '0',
  `title` varchar(255) DEFAULT NULL,
  `description` text,
  `lang_id` int(255) DEFAULT NULL,
  KEY `question_id` (`question_id`),
  KEY `lang_id` (`lang_id`),
  FULLTEXT KEY `title` (`title`,`description`)
) ENGINE=MyISAM DEFAULT CHARSET=utf8;

INSERT INTO `survey_question_text` VALUES (1,'Perceived Ease Of Use','',1),(2,'Perceived Usefulnes','',1),(3,'Attitude Toward Using','',1),(4,'Behavioral Intention to Use','',1),(5,'Actual Usage Behavior','',1),(6,'Demografi','',1);
DROP TABLE IF EXISTS `survey_questionary`;
CREATE TABLE `survey_questionary` (
  `id` int(11) NOT NULL AUTO_INCREMENT,
  `question_id` int(11) DEFAULT NULL,
  `title` varchar(255) DEFAULT NULL,
  `orderby` int(11) DEFAULT NULL,
  `publish` tinyint(1) NOT NULL DEFAULT '1',
  PRIMARY KEY (`id`),
  KEY `question_id` (`question_id`),
  KEY `publish` (`publish`)
) ENGINE=MyISAM AUTO_INCREMENT=36 DEFAULT CHARSET=utf8;

INSERT INTO `survey_questionary` VALUES (1,1,'Saya dengan mudah dapat mengakses situs berita online dari mana pun',1,1),(2,1,'Saya dengan mudah dapat mengakses situs berita online dengan menggunakan fasilitas/alat/gadget yang saya miliki',2,1),(3,1,'Saya dengan mudah dapat mempelajari cara menggunakan/mengakses situs berita online',3,1),(4,1,'Saya dengan mudah dapat memahami menu atau susunan rubik pada situs berita online',4,1),(5,1,'Saya dengan mudah dapat menggunakan fasilitas/fitur (contoh: layanan komentar, dll) yang ada pada situs berita online',5,1),(6,1,'Saya bisa dengan mudah mendapatkan berita yang saya cari ketika mengakses situs berita online',6,1),(7,1,'Saya dengan mudah dapat berinteraksi dengan pengelola situs berita online',7,1),(8,1,'Saya dengan mudah dapat berinteraksi dengan sesama pembaca situs berita online',8,1),(9,2,'Penggunaan situs berita online meningkatkan efektivitas saya dalam mencari informasi atau sebuah berita dibanding media cetak, televisi atau media yang lain',1,1),(10,2,'Dengan mengakses situs berita online saya dapat dengan mudah mencari informasi atau berita yang sudah lama berlalu',2,1),(11,2,'Melalui situs berita online saya mendapatkan informasi/berita yang saya butuhkan',3,1),(12,2,'Melalui situs berita online saya mendapatkan informasi tambahan yang saya butuhkan',4,1),(13,2,'Dengan mengakses situs berita online memungkinkan saya lebih cepat dalam mendapatkan berita yang saya butuhkan',5,1),(14,2,'Dengan mengakses situs berita online memungkinkan saya lebih mudah dalam mendapatkan berita yang saya butuhkan',6,1),(15,2,'Saya menghemat waktu dalam mencari sebuah informasi/berita jika melalui situs berita online',7,1),(16,2,'Saya menghemat biaya dalam mencari sebuah informasi/berita jika melalui situs berita online',8,1),(17,3,'Saya senang mengakses situs berita online karena tak perlu berlangganan media cetak',1,1),(18,3,'Saya senang mengakses situs berita online karena tidak perlu memberikan data pribadi',2,1),(19,3,'Saya senang mengakses situs berita online karena saya dapat mengomentari berita yang saya baca',3,1),(20,3,'Saya tidak suka situs berita online yang beritanya jarang/tidak diperbaharui (update)',4,1),(21,3,'Saya tidak suka situs berita online yang penyajian beritanya terlalu formal atau menggunakan bahasa yang terlalu baku',5,1),(22,3,'Saya bosan dengan tampilan (interface) situs berita online yang saya kunjungi',6,1),(23,3,'Saya lebih suka situs berita online yang dilengkapi dengan foto/ilustrasi/grafik',7,1),(24,4,'Saya lebih suka situs berita online yang memperbolehkan saya untuk berkomentar',1,1),(25,4,'Saya lebih suka situs berita online yang memperbolehkan saya untuk berkontribusi menyumbangkan berita',2,1),(26,4,'Sekalipun saya telah membaca media cetaknya, saya akan tetap mengakses situs berita secara online untuk mendapatkan informasi/berita yang saya butuhkan',3,1),(27,4,'Saya akan mengakses situs berita online jika ingin mengetahui berita terbaru mengenai suatu hal',4,1),(28,4,'Saya akan menyarankan/mengajak teman saya untuk mengakses situs berita online',5,1),(29,4,'Saya akan mengajak teman untuk berinteraksi/berdiskusi mengenai sebuah berita/informasi melalui fasilitas comment yang ada di situs berita online',6,1),(30,5,'Saya mengakses situs berita online setiap saya terkoneksi dengan internet',1,1),(31,5,'Saya akan mengakses situs berita online ketika ada peristiwa yang menarik atau yang sedang tren di masyarakat',2,1),(32,5,'Saya mengakses situs berita online hampir setiap hari',3,1),(33,5,'Rata-rata, saya mengakses situs berita online selama minimal 10 menit setiap kali mengunjunginya',4,1),(34,5,'Secara keseluruhan saya merasa puas dengan kinerja situs berita online',5,1),(35,5,'Saya menyampaikan kepuasan terhadap sebuah situs berita online, kepada teman saya',6,1);
DROP TABLE IF EXISTS `testimonial`;
CREATE TABLE `testimonial` (
  `id` int(255) NOT NULL AUTO_INCREMENT,
  `name` varchar(255) DEFAULT NULL,
  `email` varchar(255) DEFAULT NULL,
  `params` text,
  `message` text,
  `date` datetime DEFAULT NULL,
  `publish` tinyint(1) NOT NULL DEFAULT '0',
  PRIMARY KEY (`id`),
  KEY `publish` (`publish`),
  FULLTEXT KEY `name` (`name`,`email`,`params`,`message`)
) ENGINE=MyISAM AUTO_INCREMENT=3 DEFAULT CHARSET=utf8;

INSERT INTO `testimonial` VALUES (1,'Danang Widiantoro','comment@fisip.net','a:2:{s:7:\"Company\";s:9:\"Fisip.Net\";s:7:\"Address\";s:35:\"Gowok Banguntapan Bantul Yogyakarta\";}','It is easy to navigate this site because all of the links are right there on the left hand side, and people without image-loading browsers can access the links via the text at the bottom which is very handy and essential for a good site. It is a good idea having a shopping cart section right in the middle of the screen because it is obvious, and all important information can be accessed by the reader easily.','2012-04-22 03:00:40',1),(2,'Malaquina Aurelia Widiantoro','daloralove@yahoo.com','a:2:{s:7:\"Company\";s:17:\"www.bagikisah.com\";s:7:\"Address\";s:13:\"Denpasar Bali\";}','This site definitely appeals to the average person because the layout is so simple but very effective. It is a clean site with a flawless look, and someone without any technical background would definitely appreciate it. The layout makes anyone feel comfortable because it is so well done and clean looking. We feel as if we are in good hands and we know that we will be able to find anything we need on this site. Well done....','2012-04-22 03:08:47',1);
DROP TABLE IF EXISTS `testimonial_field`;
CREATE TABLE `testimonial_field` (
  `id` int(11) NOT NULL AUTO_INCREMENT,
  `type` varchar(255) NOT NULL,
  `checked` enum('any','email','url','phone','number') DEFAULT 'any',
  `title` varchar(255) NOT NULL,
  `tips` varchar(255) NOT NULL,
  `attr` varchar(255) NOT NULL,
  `default` text NOT NULL,
  `option` text NOT NULL,
  `orderby` int(255) NOT NULL DEFAULT '1',
  `mandatory` tinyint(1) NOT NULL DEFAULT '0',
  `active` tinyint(1) NOT NULL DEFAULT '0',
  PRIMARY KEY (`id`),
  KEY `active` (`active`)
) ENGINE=MyISAM AUTO_INCREMENT=3 DEFAULT CHARSET=utf8;

INSERT INTO `testimonial_field` VALUES (1,'textarea','any','Address','','rows=3 cols=34','','',2,0,1),(2,'text','any','Company','','size=34','','',1,0,1);


SET foreign_key_checks = 1;
