SET foreign_key_checks = 0;
DROP TABLE IF EXISTS `agenda`;
CREATE TABLE `agenda` (
  `id` int(255) NOT NULL AUTO_INCREMENT,
  `cat_id` int(255) NOT NULL DEFAULT '0',
  `content_id` int(255) NOT NULL DEFAULT '0',
  `start_date` varchar(255) DEFAULT NULL,
  `start_hour` tinyint(24) DEFAULT NULL,
  `start_minute` tinyint(60) DEFAULT NULL,
  `end_date` varchar(255) DEFAULT NULL,
  `end_hour` tinyint(24) DEFAULT NULL,
  `end_minute` tinyint(60) DEFAULT NULL,
  `publish` tinyint(1) NOT NULL DEFAULT '0',
  PRIMARY KEY (`id`),
  KEY `cat_id` (`cat_id`) USING BTREE,
  KEY `publish` (`publish`) USING BTREE,
  FULLTEXT KEY `start_date` (`start_date`,`end_date`)
) ENGINE=InnoDB AUTO_INCREMENT=2 DEFAULT CHARSET=utf8;

INSERT INTO `agenda` VALUES (1,1,6,'2009-07-01',0,0,'2012-06-30',0,0,1);
DROP TABLE IF EXISTS `bbc_account`;
CREATE TABLE `bbc_account` (
  `id` bigint(20) unsigned NOT NULL AUTO_INCREMENT,
  `user_id` bigint(20) unsigned DEFAULT '0',
  `username` varchar(255) DEFAULT NULL,
  `name` varchar(255) DEFAULT NULL,
  `image` varchar(255) DEFAULT NULL,
  `email` varchar(255) DEFAULT NULL,
  `params` text,
  PRIMARY KEY (`id`),
  UNIQUE KEY `username` (`username`),
  KEY `email` (`email`) USING BTREE,
  KEY `user_id` (`user_id`) USING BTREE,
  FULLTEXT KEY `name` (`username`,`name`,`email`,`params`)
) ENGINE=InnoDB AUTO_INCREMENT=685 DEFAULT CHARSET=utf8;

INSERT INTO `bbc_account` VALUES (1,1,'admin','Administrator','','tmp@fisip.net','{\"Alamat Lengkap\":\"Indonesia\",\"Phone\":\"0818550122\"}'),(2,2,'danang@fisip.net','Danang Widiantoro','','danang@fisip.net','{\"Nick Name\":\"Danang\",\"Company\":\"Fisip.net\",\"Company Position\":\"Programmer\",\"Address\":\"Jl. Janti no.10 B\",\"City\":\"Bantul\",\"State\":\"Jogjakarta\",\"Post Code\":\"55161\",\"Country\":\"ID\",\"Phone\":\"0818550122\",\"Fax\":\"02743012336\",\"Email Alternate\":\"bbc_danang@yahoo.com\"}'),(3,3,'55555','surya','351495677.jpg',NULL,NULL),(4,4,'11111','agung','',NULL,NULL),(5,5,'22222','ilham','',NULL,NULL),(6,6,'33333','yasin','',NULL,NULL),(7,7,'44444','vito','',NULL,NULL),(8,8,'120262874595','Bapak Arief Maharani','',NULL,NULL),(9,9,'120767679402','Bu Lina Maharani','',NULL,NULL),(10,10,'120272943020','Ibu Sri Susanto','',NULL,NULL),(11,11,'120993011554','Ibu Sri Maharani','',NULL,NULL),(12,12,'120384480034','Bapak Yanto Susanto','',NULL,NULL),(13,13,'120315388451','Bu Lina Susanto','',NULL,NULL),(14,14,'120580391382','Bapak Arief Susanto','',NULL,NULL),(15,15,'120682307134','Pak Adi Susanto','',NULL,NULL),(16,16,'120901865670','Ibu Sri Cahyono','',NULL,NULL),(17,17,'120820322274','Bu Lina Susanto','',NULL,NULL),(18,18,'120874668165','Pak Adi Cahyono','',NULL,NULL),(19,19,'120598454901','Bapak Yanto Widodo','',NULL,NULL),(20,20,'120255106144','Bu Lina Cahyono','',NULL,NULL),(21,21,'120865935695','Bapak Arief Susanto','',NULL,NULL),(22,22,'120131367059','Ibu Sri Prabowo','',NULL,NULL),(23,23,'3497213214','Joko Saputra','972835226.jpg',NULL,NULL),(24,24,'3974569999','Ratna Fitri','',NULL,NULL),(25,25,'2182','Sofia Pratama','',NULL,NULL),(26,26,'3624745124','Iwan Saputra','',NULL,NULL),(27,27,'1991-02-04','Maria Kusuma','',NULL,NULL),(28,28,'1494','Alya Maharani','',NULL,NULL),(29,29,'3782842854','Budi Prabowo','',NULL,NULL),(30,30,'3545743197','Ratna Fitri','',NULL,NULL),(31,31,'5291','Farhan Pratama','',NULL,NULL),(32,32,'3766232904','Budi Prabowo','',NULL,NULL),(33,33,'3915077662','Linda Sari','',NULL,NULL),(34,34,'6773','Alya Cahaya','',NULL,NULL),(35,35,'3381513331','Iwan Saputra','',NULL,NULL),(36,36,'3101641519','Ayu Fitri','',NULL,NULL),(37,37,'8809','Farhan Cahaya','',NULL,NULL),(38,38,'3733800559','Hendro Saputra','',NULL,NULL),(39,39,'3470915813','Ratna Wati','',NULL,NULL),(40,40,'3512','Farhan Cahaya','',NULL,NULL),(41,41,'3129162122','Agus Santoso','',NULL,NULL),(42,42,'3695161872','Siti Kusuma','',NULL,NULL),(43,43,'8913','Alya Maharani','',NULL,NULL),(44,44,'3200388252','Iwan Nugroho','',NULL,NULL),(45,45,'3535988224','Maria Fitri','',NULL,NULL),(46,46,'1707','Rafa Maharani','',NULL,NULL),(47,47,'3663198028','Agus Santoso','',NULL,NULL),(48,48,'3303216194','Maria Wati','',NULL,NULL),(49,49,'7382','Alya Wardhana','',NULL,NULL),(50,50,'3466906593','Agus Prabowo','',NULL,NULL),(51,51,'3669162663','Siti Sari','',NULL,NULL),(52,52,'9876','Rizky Wardhana','',NULL,NULL),(53,53,'3449806357','Hendro Santoso','',NULL,NULL),(54,54,'3773106544','Ratna Kusuma','',NULL,NULL),(55,55,'5158','Sofia Wardhana','',NULL,NULL),(56,56,'3179493178','Hendro Nugroho','',NULL,NULL),(57,57,'3999631834','Ayu Sari','',NULL,NULL),(58,58,'7581','Sofia Putra','',NULL,NULL),(59,59,'3948811952','Hendro Prabowo','',NULL,NULL),(60,60,'3945803476','Siti Kusuma','',NULL,NULL),(61,61,'8801','Farhan Cahaya','',NULL,NULL),(62,62,'3380655664','Joko Santoso','',NULL,NULL),(63,63,'3493921785','Ayu Fitri','',NULL,NULL),(64,64,'2470','Sofia Putra','',NULL,NULL),(65,65,'3286125729','Budi Nugroho','',NULL,NULL),(66,66,'3956756248','Siti Sari','',NULL,NULL),(67,67,'6581','Farhan Wardhana','',NULL,NULL),(68,68,'3899590656','Agus Nugroho','',NULL,NULL),(69,69,'3948892086','Maria Fitri','',NULL,NULL),(70,70,'1885','Alya Maharani','',NULL,NULL),(71,71,'3839619306','Joko Saputra','',NULL,NULL),(72,72,'3516424352','Ratna Sari','',NULL,NULL),(73,73,'5094','Rafa Pratama','',NULL,NULL),(74,74,'3991396876','Iwan Santoso','',NULL,NULL),(75,75,'3824065983','Linda Kusuma','',NULL,NULL),(76,76,'5614','Alya Pratama','',NULL,NULL),(77,77,'3228057855','Budi Wijaya','',NULL,NULL),(78,78,'3936527800','Siti Wati','',NULL,NULL),(79,79,'8001','Alya Pratama','',NULL,NULL),(80,80,'3205751192','Joko Nugroho','',NULL,NULL),(81,81,'3296807772','Siti Sari','',NULL,NULL),(82,82,'2450','Rafa Cahaya','',NULL,NULL),(83,83,'3249184222','Agus Santoso','',NULL,NULL),(84,84,'3543598100','Linda Wati','',NULL,NULL),(85,85,'5659','Sofia Maharani','',NULL,NULL),(86,86,'3269357635','Hendro Santoso','',NULL,NULL),(87,87,'3975297845','Maria Lestari','',NULL,NULL),(88,88,'9529','Rafa Pratama','',NULL,NULL),(89,89,'3320175345','Joko Nugroho','',NULL,NULL),(90,90,'3474005612','Ratna Kusuma','',NULL,NULL),(91,91,'2719','Rafa Wardhana','',NULL,NULL),(92,92,'3689473075','Joko Prabowo','',NULL,NULL),(93,93,'3735599979','Siti Fitri','',NULL,NULL),(94,94,'8045','Rizky Maharani','',NULL,NULL),(95,95,'3213143276','Agus Wijaya','',NULL,NULL),(96,96,'3799030421','Linda Kusuma','',NULL,NULL),(97,97,'2049','Rafa Wardhana','',NULL,NULL),(98,98,'3306937143','Iwan Prabowo','',NULL,NULL),(99,99,'3575506581','Siti Wati','',NULL,NULL),(100,100,'9648','Rafa Putra','',NULL,NULL),(101,101,'3518464544','Budi Prabowo','',NULL,NULL),(102,102,'3503400915','Maria Lestari','',NULL,NULL),(103,103,'6994','Sofia Wardhana','',NULL,NULL),(104,104,'3367054320','Iwan Nugroho','',NULL,NULL),(105,105,'3142879382','Linda Kusuma','',NULL,NULL),(106,106,'5630','Farhan Pratama','',NULL,NULL),(107,107,'3551941059','Joko Wijaya','',NULL,NULL),(108,108,'3799779589','Linda Wati','',NULL,NULL),(109,109,'5426','Sofia Putra','',NULL,NULL),(110,110,'3274099967','Agus Wijaya','',NULL,NULL),(111,111,'3824851151','Maria Sari','',NULL,NULL),(112,112,'5784','Sofia Putra','',NULL,NULL),(113,113,'3705362662','Iwan Saputra','',NULL,NULL),(114,114,'3301952060','Siti Lestari','',NULL,NULL),(115,115,'1266','Rizky Maharani','',NULL,NULL),(116,116,'3146083834','Iwan Nugroho','',NULL,NULL),(117,117,'3853717912','Maria Fitri','',NULL,NULL),(118,118,'4966','Alya Putra','',NULL,NULL),(119,119,'3334463725','Budi Santoso','',NULL,NULL),(120,120,'3584905333','Siti Fitri','',NULL,NULL),(121,121,'3281','Sofia Cahaya','',NULL,NULL),(122,122,'3263436638','Iwan Prabowo','',NULL,NULL),(123,123,'3269592308','Maria Sari','',NULL,NULL),(124,124,'5188','Farhan Putra','',NULL,NULL),(125,125,'3519612148','Iwan Santoso','',NULL,NULL),(126,126,'3581657193','Siti Wati','',NULL,NULL),(127,127,'1708','Sofia Cahaya','',NULL,NULL),(128,128,'3960814106','Iwan Saputra','',NULL,NULL),(129,129,'3349005541','Ratna Kusuma','',NULL,NULL),(130,130,'1046','Rafa Pratama','',NULL,NULL),(131,131,'3359905880','Budi Saputra','',NULL,NULL),(132,132,'3660115675','Linda Kusuma','',NULL,NULL),(133,133,'5835','Rafa Cahaya','',NULL,NULL),(134,134,'3628735154','Hendro Nugroho','',NULL,NULL),(135,135,'3369473696','Ratna Wati','',NULL,NULL),(136,136,'2418','Rizky Pratama','',NULL,NULL),(137,137,'3828018827','Joko Prabowo','',NULL,NULL),(138,138,'3448228857','Maria Fitri','',NULL,NULL),(139,139,'9939','Sofia Cahaya','',NULL,NULL),(140,140,'3266236057','Budi Saputra','',NULL,NULL),(141,141,'3521251480','Linda Sari','',NULL,NULL),(142,142,'5374','Sofia Pratama','',NULL,NULL),(143,143,'3488641965','Joko Wijaya','',NULL,NULL),(144,144,'3946669613','Ayu Kusuma','',NULL,NULL),(145,145,'7925','Rizky Pratama','',NULL,NULL),(146,146,'3388791469','Budi Prabowo','',NULL,NULL),(147,147,'3185714777','Siti Sari','',NULL,NULL),(148,148,'7948','Rafa Wardhana','',NULL,NULL),(149,149,'3491984948','Joko Prabowo','',NULL,NULL),(150,150,'3934724217','Ayu Kusuma','',NULL,NULL),(151,151,'1576','Farhan Maharani','',NULL,NULL),(152,152,'3170934687','Budi Wijaya','',NULL,NULL),(153,153,'3111241583','Linda Fitri','',NULL,NULL),(154,154,'1920','Alya Cahaya','',NULL,NULL),(155,155,'3980264553','Agus Santoso','',NULL,NULL),(156,156,'3815547829','Maria Lestari','',NULL,NULL),(157,157,'2744','Alya Pratama','',NULL,NULL),(158,158,'3850668943','Budi Nugroho','',NULL,NULL),(159,159,'3213265881','Linda Sari','',NULL,NULL),(160,160,'2695','Rafa Wardhana','',NULL,NULL),(161,161,'3201027651','Iwan Prabowo','',NULL,NULL),(162,162,'3288794971','Ayu Fitri','',NULL,NULL),(163,163,'1481','Alya Cahaya','',NULL,NULL),(164,164,'3670285928','Iwan Prabowo','',NULL,NULL),(165,165,'3854068801','Ayu Lestari','',NULL,NULL),(166,166,'1951','Rizky Cahaya','',NULL,NULL),(167,167,'3388344252','Joko Prabowo','',NULL,NULL),(168,168,'3958864249','Ayu Wati','',NULL,NULL),(169,169,'1595','Rizky Pratama','',NULL,NULL),(170,170,'3278613744','Joko Wijaya','',NULL,NULL),(171,171,'3585945846','Maria Wati','',NULL,NULL),(172,172,'1206','Alya Maharani','',NULL,NULL),(173,173,'3899129003','Budi Wijaya','',NULL,NULL),(174,174,'3319103509','Siti Fitri','',NULL,NULL),(175,175,'1362','Sofia Maharani','',NULL,NULL),(176,176,'3866756819','Budi Nugroho','',NULL,NULL),(177,177,'3737430173','Maria Wati','',NULL,NULL),(178,178,'8136','Sofia Wardhana','',NULL,NULL),(179,179,'3467388287','Iwan Prabowo','',NULL,NULL),(180,180,'3375855251','Maria Kusuma','',NULL,NULL),(181,181,'6771','Rizky Wardhana','',NULL,NULL),(182,182,'3594012483','Agus Nugroho','',NULL,NULL),(183,183,'3241072660','Ratna Kusuma','',NULL,NULL),(184,184,'9638','Alya Wardhana','',NULL,NULL),(185,185,'3771427345','Agus Prabowo','',NULL,NULL),(186,186,'3942245484','Siti Fitri','',NULL,NULL),(187,187,'5558','Rafa Putra','',NULL,NULL),(188,188,'3263715721','Joko Santoso','',NULL,NULL),(189,189,'3780896597','Ayu Sari','',NULL,NULL),(190,190,'4102','Alya Pratama','',NULL,NULL),(191,191,'3794113939','Budi Prabowo','',NULL,NULL),(192,192,'3805039386','Ayu Sari','',NULL,NULL),(193,193,'1391','Farhan Wardhana','',NULL,NULL),(194,194,'3425990213','Joko Nugroho','',NULL,NULL),(195,195,'3355643370','Maria Kusuma','',NULL,NULL),(196,196,'5923','Rafa Wardhana','',NULL,NULL),(197,197,'3416882187','Agus Prabowo','',NULL,NULL),(198,198,'3578406420','Siti Sari','',NULL,NULL),(199,199,'9993','Alya Wardhana','',NULL,NULL),(200,200,'3800814807','Hendro Nugroho','',NULL,NULL),(201,201,'3548532128','Maria Kusuma','',NULL,NULL),(202,202,'6204','Alya Wardhana','',NULL,NULL),(203,203,'3465970860','Agus Wijaya','',NULL,NULL),(204,204,'3619448132','Ratna Fitri','',NULL,NULL),(205,205,'4607','Farhan Maharani','',NULL,NULL),(206,206,'3421832819','Agus Nugroho','',NULL,NULL),(207,207,'1979-04-20','Ratna Lestari','',NULL,NULL),(208,208,'8101','Alya Pratama','',NULL,NULL),(209,209,'3574827652','Budi Nugroho','',NULL,NULL),(210,210,'3737092562','Siti Fitri','',NULL,NULL),(211,211,'6223','Sofia Wardhana','',NULL,NULL),(212,212,'3626531321','Budi Nugroho','',NULL,NULL),(213,213,'3443194074','Siti Sari','',NULL,NULL),(214,214,'3022','Rafa Cahaya','',NULL,NULL),(215,215,'3673826069','Budi Wijaya','',NULL,NULL),(216,216,'3695719924','Siti Wati','',NULL,NULL),(217,217,'7670','Alya Pratama','',NULL,NULL),(218,218,'3574387308','Budi Wijaya','',NULL,NULL),(219,219,'3164319884','Siti Sari','',NULL,NULL),(220,220,'9565','Farhan Pratama','',NULL,NULL),(221,221,'3715794689','Joko Santoso','',NULL,NULL),(222,222,'3929979001','Maria Fitri','',NULL,NULL),(223,223,'1495','Sofia Putra','',NULL,NULL),(224,224,'3214541157','Hendro Santoso','',NULL,NULL),(225,225,'3124747302','Ayu Sari','',NULL,NULL),(226,226,'3751','Rafa Pratama','',NULL,NULL),(227,227,'3540478456','Budi Saputra','',NULL,NULL),(228,228,'3653437034','Siti Kusuma','',NULL,NULL),(229,229,'7458','Farhan Pratama','',NULL,NULL),(230,230,'3524516467','Joko Prabowo','',NULL,NULL),(231,231,'3898591068','Ayu Sari','',NULL,NULL),(232,232,'7869','Alya Putra','',NULL,NULL),(233,233,'3927997826','Agus Saputra','',NULL,NULL),(234,234,'3249415905','Maria Sari','',NULL,NULL),(235,235,'3634770068','Hendro Nugroho','',NULL,NULL),(236,236,'3466406715','Ratna Fitri','',NULL,NULL),(237,237,'5745','Rafa Pratama','',NULL,NULL),(238,238,'3710460316','Hendro Nugroho','',NULL,NULL),(239,239,'3155073644','Linda Wati','',NULL,NULL),(240,240,'4754','Rafa Putra','',NULL,NULL),(241,241,'3411170745','Agus Nugroho','',NULL,NULL),(242,242,'3891441722','Ratna Wati','',NULL,NULL),(243,243,'1831','Rizky Cahaya','',NULL,NULL),(244,244,'3914173604','Iwan Santoso','',NULL,NULL),(245,245,'3173031934','Maria Wati','',NULL,NULL),(246,246,'7283','Rizky Putra','',NULL,NULL),(247,247,'3312143535','Budi Santoso','',NULL,NULL),(248,248,'3267001589','Linda Fitri','',NULL,NULL),(249,249,'8309','Farhan Wardhana','',NULL,NULL),(250,250,'3516027224','Joko Prabowo','',NULL,NULL),(251,251,'3899414513','Maria Wati','',NULL,NULL),(252,252,'3150','Sofia Putra','',NULL,NULL),(253,253,'3649088084','Budi Prabowo','',NULL,NULL),(254,254,'3853769235','Linda Lestari','',NULL,NULL),(255,255,'9395','Sofia Wardhana','',NULL,NULL),(256,256,'3662227848','Iwan Saputra','',NULL,NULL),(257,257,'3567797374','Siti Fitri','',NULL,NULL),(258,258,'5099','Farhan Putra','',NULL,NULL),(259,259,'3935078036','Agus Prabowo','',NULL,NULL),(260,260,'3469516964','Siti Wati','',NULL,NULL),(261,261,'8653','Farhan Pratama','',NULL,NULL),(262,262,'3968232886','Hendro Prabowo','',NULL,NULL),(263,263,'3947107112','Ayu Sari','',NULL,NULL),(264,264,'2356','Rafa Pratama','',NULL,NULL),(265,265,'3517797163','Hendro Saputra','',NULL,NULL),(266,266,'3533289293','Maria Kusuma','',NULL,NULL),(267,267,'2056','Sofia Maharani','',NULL,NULL),(268,268,'3931427341','Joko Santoso','',NULL,NULL),(269,269,'3320230631','Ayu Kusuma','',NULL,NULL),(270,270,'9393','Rizky Cahaya','',NULL,NULL),(271,271,'3737938517','Iwan Wijaya','',NULL,NULL),(272,272,'3659870439','Linda Kusuma','',NULL,NULL),(273,273,'1503','Farhan Maharani','',NULL,NULL),(274,274,'3758891445','Iwan Saputra','',NULL,NULL),(275,275,'3861687773','Maria Kusuma','',NULL,NULL),(276,276,'5632','Rizky Pratama','',NULL,NULL),(277,277,'3994046359','Joko Wijaya','',NULL,NULL),(278,278,'3805718152','Ratna Kusuma','',NULL,NULL),(279,279,'2585','Rizky Maharani','',NULL,NULL),(280,280,'3425526642','Iwan Santoso','',NULL,NULL),(281,281,'3154955520','Ayu Fitri','',NULL,NULL),(282,282,'9404','Farhan Maharani','',NULL,NULL),(283,283,'3841094410','Budi Santoso','',NULL,NULL),(284,284,'3853043999','Ayu Fitri','',NULL,NULL),(285,285,'3239','Alya Putra','',NULL,NULL),(286,286,'3451005815','Agus Prabowo','',NULL,NULL),(287,287,'3160274244','Ratna Sari','',NULL,NULL),(288,288,'4767','Rizky Pratama','',NULL,NULL),(289,289,'3279765319','Agus Saputra','',NULL,NULL),(290,290,'3138331108','Siti Lestari','',NULL,NULL),(291,291,'4761','Alya Cahaya','',NULL,NULL),(292,292,'3859444563','Joko Wijaya','',NULL,NULL),(293,293,'3132561518','Ratna Kusuma','',NULL,NULL),(294,294,'2819','Sofia Pratama','',NULL,NULL),(295,295,'3477944261','Agus Prabowo','',NULL,NULL),(296,296,'3858813356','Ratna Wati','',NULL,NULL),(297,297,'4639','Rizky Cahaya','',NULL,NULL),(298,298,'3940559480','Agus Nugroho','',NULL,NULL),(299,299,'3750523176','Ratna Wati','',NULL,NULL),(300,300,'8254','Rafa Maharani','',NULL,NULL),(301,301,'3522880310','Agus Prabowo','',NULL,NULL),(302,302,'3229631377','Ayu Kusuma','',NULL,NULL),(303,303,'8209','Farhan Pratama','',NULL,NULL),(304,304,'3152204507','Agus Nugroho','',NULL,NULL),(305,305,'3584663655','Siti Sari','',NULL,NULL),(306,306,'4709','Farhan Pratama','',NULL,NULL),(307,307,'3830811583','Budi Prabowo','',NULL,NULL),(308,308,'3837084268','Linda Kusuma','',NULL,NULL),(309,309,'1257','Alya Wardhana','',NULL,NULL),(310,310,'3906393624','Joko Nugroho','',NULL,NULL),(311,311,'3460838511','Ayu Wati','',NULL,NULL),(312,312,'1453','Farhan Putra','',NULL,NULL),(313,313,'3481697266','Budi Prabowo','',NULL,NULL),(314,314,'3763213081','Ayu Wati','',NULL,NULL),(315,315,'1961','Alya Wardhana','',NULL,NULL),(316,316,'3856235986','Agus Nugroho','',NULL,NULL),(317,317,'3946342427','Siti Kusuma','',NULL,NULL),(318,318,'2556','Alya Pratama','',NULL,NULL),(319,319,'3581200118','Hendro Nugroho','',NULL,NULL),(320,320,'3495037392','Maria Wati','',NULL,NULL),(321,321,'6406','Rizky Maharani','',NULL,NULL),(322,322,'3503148326','Joko Nugroho','',NULL,NULL),(323,323,'3626747404','Ratna Wati','',NULL,NULL),(324,324,'3496','Sofia Wardhana','',NULL,NULL),(325,325,'3222233852','Hendro Wijaya','',NULL,NULL),(326,326,'3200224862','Siti Sari','',NULL,NULL),(327,327,'5840','Rafa Putra','',NULL,NULL),(328,328,'3472768414','Hendro Nugroho','',NULL,NULL),(329,329,'3677669833','Ayu Fitri','',NULL,NULL),(330,330,'2120','Alya Pratama','',NULL,NULL),(331,331,'3311499415','Iwan Santoso','',NULL,NULL),(332,332,'3551073818','Linda Fitri','',NULL,NULL),(333,333,'1623','Rafa Cahaya','',NULL,NULL),(334,334,'3253114793','Joko Saputra','',NULL,NULL),(335,335,'3727865143','Maria Fitri','',NULL,NULL),(336,336,'3789411080','Budi Santoso','',NULL,NULL),(337,337,'3705074542','Maria Kusuma','',NULL,NULL),(338,338,'9985','Farhan Wardhana','',NULL,NULL),(339,339,'3128974912','Joko Prabowo','',NULL,NULL),(340,340,'3999367489','Ratna Wati','',NULL,NULL),(341,341,'5192','Rizky Wardhana','',NULL,NULL),(342,342,'3311854387','Agus Prabowo','',NULL,NULL),(343,343,'3992615017','Maria Fitri','',NULL,NULL),(344,344,'1162','Rafa Wardhana','',NULL,NULL),(345,345,'3688997048','Agus Prabowo','',NULL,NULL),(346,346,'3164847325','Linda Lestari','',NULL,NULL),(347,347,'7274','Sofia Cahaya','',NULL,NULL),(348,348,'3588483552','Joko Nugroho','',NULL,NULL),(349,349,'3147393979','Siti Wati','',NULL,NULL),(350,350,'4573','Farhan Cahaya','',NULL,NULL),(351,351,'3851548635','Agus Nugroho','',NULL,NULL),(352,352,'3736928518','Siti Fitri','',NULL,NULL),(353,353,'4825','Farhan Putra','',NULL,NULL),(354,354,'3605912611','Iwan Nugroho','',NULL,NULL),(355,355,'3612804540','Ratna Kusuma','',NULL,NULL),(356,356,'5233','Sofia Pratama','',NULL,NULL),(357,357,'3450384418','Hendro Saputra','',NULL,NULL),(358,358,'3526640366','Ayu Sari','',NULL,NULL),(359,359,'8609','Rizky Pratama','',NULL,NULL),(360,360,'3717354005','Budi Saputra','',NULL,NULL),(361,361,'3923047883','Linda Wati','',NULL,NULL),(362,362,'8384','Farhan Wardhana','',NULL,NULL),(363,363,'3912186236','Iwan Prabowo','',NULL,NULL),(364,364,'3707951613','Maria Kusuma','',NULL,NULL),(365,365,'7528','Rafa Maharani','',NULL,NULL),(366,366,'3415121006','Joko Nugroho','',NULL,NULL),(367,367,'3361178099','Ratna Wati','',NULL,NULL),(368,368,'7461','Rafa Wardhana','',NULL,NULL),(369,369,'3313286210','Agus Prabowo','',NULL,NULL),(370,370,'3718275890','Maria Kusuma','',NULL,NULL),(371,371,'6477','Alya Cahaya','',NULL,NULL),(372,372,'3531292588','Joko Santoso','',NULL,NULL),(373,373,'3995269067','Maria Fitri','',NULL,NULL),(374,374,'8877','Rafa Putra','',NULL,NULL),(375,375,'3221879329','Iwan Santoso','',NULL,NULL),(376,376,'3979227553','Ratna Sari','',NULL,NULL),(377,377,'1381','Sofia Wardhana','',NULL,NULL),(378,378,'3792218907','Hendro Prabowo','',NULL,NULL),(379,379,'3233751779','Linda Sari','',NULL,NULL),(380,380,'3210','Farhan Cahaya','',NULL,NULL),(381,381,'3377232767','Iwan Saputra','',NULL,NULL),(382,382,'3816519247','Ayu Sari','',NULL,NULL),(383,383,'9533','Alya Cahaya','',NULL,NULL),(384,384,'3248363108','Budi Wijaya','',NULL,NULL),(385,385,'1978-04-13','Siti Sari','',NULL,NULL),(386,386,'7477','Rizky Maharani','',NULL,NULL),(387,387,'08525','hananta afgan','',NULL,NULL),(388,388,'12345','Guru','',NULL,NULL),(389,389,'123456','Guru','',NULL,NULL),(390,390,'99','Asep 3','',NULL,NULL),(391,391,'1','Guru','',NULL,NULL),(392,392,'253465542634','agung','',NULL,NULL),(393,393,'46546550','nabila queen hamrarose','',NULL,NULL),(394,394,'564654654','mahmudi','',NULL,NULL),(395,395,'2313232222','sumini','',NULL,NULL),(396,396,'56465777','happy asmara','',NULL,NULL),(397,397,'89998988889','haryanto','',NULL,NULL),(398,398,'92834753','ahmad ','',NULL,NULL),(399,399,'592734502349','kusnan','',NULL,NULL),(400,400,'987987988888','endang sukaisih','',NULL,NULL),(401,401,'85928345','iskandar','',NULL,NULL),(402,402,'798','879','',NULL,NULL),(403,403,'465','654','',NULL,NULL),(404,404,'65464564','5','',NULL,NULL),(405,405,'4654','546','',NULL,NULL),(407,407,'5','79879','',NULL,NULL),(408,408,'888888888','BBBBBBBB','',NULL,NULL),(409,409,'1102040108640000','CCCCCCC','',NULL,NULL),(410,410,'999999','AAAAAAAAAAA','',NULL,NULL),(411,411,'9','Asep 4','',NULL,NULL),(412,412,'3302036204620000','Budi Santoso','',NULL,NULL),(413,413,'04481','Muhammad Fikri Ramadhan','',NULL,NULL),(414,414,'3302037508750000','Iwan Setiawan','',NULL,NULL),(415,415,'1202120412770000','Dewi Rahayu','',NULL,NULL),(416,416,'04482','Putri Aulia Zahra','',NULL,NULL),(417,417,'3302038805880000','Ahmad Fauzi','',NULL,NULL),(418,418,'1302150615890000','Siti Fatimah','',NULL,NULL),(419,419,'04483','Rizky Pratama Utama','',NULL,NULL),(420,420,'3302036902690000','Hendra Pratama','',NULL,NULL),(421,421,'1402270316680000','Yuliana Pratiwi','',NULL,NULL),(422,422,'04484','Nurul Fitriani Sari','',NULL,NULL),(423,423,'3302037206300000','Surya Wijaya','',NULL,NULL),(424,424,'1502101097100010','Eka Suryani','',NULL,NULL),(425,425,'04485','Aditya Kurniawan','',NULL,NULL),(426,426,'3302038511850010','Rudi Hartono','',NULL,NULL),(427,427,'1602190219860010','Fitri Indah','',NULL,NULL),(428,428,'04486','Anisa Putri Rahayu','',NULL,NULL),(429,429,'3302038009800010','Dedi Maulana','',NULL,NULL),(430,430,'1702080419820010','Tri Utami','',NULL,NULL),(431,431,'04487','Rafi Pratama Nugraha','',NULL,NULL),(432,432,'3302037807740010','Agus Nugroho','',NULL,NULL),(433,433,'1802231119790010','Ani Wijayanti','',NULL,NULL),(434,434,'04488','Siti Nur Hidayah','',NULL,NULL),(435,435,'3302036301260010','Joko Susanto','',NULL,NULL),(436,436,'1902130119620010','Ratna Sari','',NULL,NULL),(437,437,'04489','Arya Wijaya Kusuma','',NULL,NULL),(438,438,'3302038703870010','Hadi Purnomo','',NULL,NULL),(439,439,'2002070285400010','Desi Handayani','',NULL,NULL),(440,440,'04490','Dian Pratiwi Anggraini','',NULL,NULL),(441,441,'3302037105690010','Slamet Riyadi','',NULL,NULL),(442,442,'2102280573350010','Lina Novita','',NULL,NULL),(443,443,'04491','Ilham Akbar Putra','',NULL,NULL),(444,444,'3302036610120010','Sigit Wahyudi','',NULL,NULL),(445,445,'2202101710670010','Retno Widayanti','',NULL,NULL),(446,446,'04492','Melati Puspita Sari','',NULL,NULL),(447,447,'3302038204820010','Dwi Santoso','',NULL,NULL),(448,448,'2302050315800010','Yanti Kusuma','',NULL,NULL),(449,449,'04493','Yoga Wahyu Pratama','',NULL,NULL),(450,450,'3302037412740010','Samsul Arifin','',NULL,NULL),(451,451,'2402090919750010','Nia Susanti','',NULL,NULL),(452,452,'04494','Citra Amelia Dewi','',NULL,NULL),(453,453,'3302036107230010','Herry Sutanto','',NULL,NULL),(454,454,'2502141419630020','Mega Astuti','',NULL,NULL),(455,455,'04495','Fahri Ramadhani','',NULL,NULL),(456,456,'3302038906650040','Agung Prabowo','',NULL,NULL),(457,457,'2602260226880020','Rina Agustina','',NULL,NULL),(458,458,'04496','Dinda Permata Sari','',NULL,NULL),(459,459,'3302036809170020','Yudi Kurniawan','',NULL,NULL),(460,460,'2702210411660020','Nani Kartika','',NULL,NULL),(461,461,'04497','Bagus Adi Prakoso','',NULL,NULL),(462,462,'3302037911020020','Triyono Wibowo','',NULL,NULL),(463,463,'2802313187810020','Euis Rohayati','',NULL,NULL),(464,464,'04498','Rara Amanda Putri','',NULL,NULL),(465,465,'3302038402140020','Wahyu Hidayat','',NULL,NULL),(466,466,'2902240123830020','Tuti Hermawati','',NULL,NULL),(467,467,'04499','Rizki Prabowo Nugroho','',NULL,NULL),(468,468,'3302036503290020','Andi Saputra','',NULL,NULL),(469,469,'3002070734010020','Sri Puji Lestari','',NULL,NULL),(470,470,'04500','Bella Nurul Hikmah','',NULL,NULL),(471,471,'3302037601070020','Hadi Saputro','',NULL,NULL),(472,472,'3102191937120020','Nina Suprapti','',NULL,NULL),(473,473,'04501','Arief Budiman','',NULL,NULL),(474,474,'3302039008200040','Slamet Raharjo','',NULL,NULL),(475,475,'3202303007900020','Ida Ayu Made','',NULL,NULL),(476,476,'04502','Farida Rizky Pratiwi','',NULL,NULL),(477,477,'3302036705030020','Supriyanto Utomo','',NULL,NULL),(478,478,'3302121919600020','Anisa Fitria','',NULL,NULL),(479,479,'04503','Dito Saputra','',NULL,NULL),(480,480,'3302038610010020','Slamet Widodo','',NULL,NULL),(481,481,'3402091224840020','Joko Rukmi','',NULL,NULL),(482,482,'04504','Rina Agustina','',NULL,NULL),(483,483,'3302037314100020','Edi Santoso','',NULL,NULL),(484,484,'3502151507760030','Rini Sulistiani','',NULL,NULL),(485,485,'04505','Aldi Prasetyo','',NULL,NULL),(486,486,'3302038107180030','Wawan Setiawan','',NULL,NULL),(487,487,'3602150519810030','Arum Yulianti','',NULL,NULL),(488,488,'04506','Maya Indah Lestari','',NULL,NULL),(489,489,'120940634410','Ibu Sri Susanto','',NULL,NULL),(490,490,'120730256278','Ibu Sri Cahyono','',NULL,NULL),(491,491,'120980628839','Bu Lina Widodo','',NULL,NULL),(492,492,'120614147683','Bapak Yanto Prabowo','',NULL,NULL),(493,493,'120602913728','Bapak Yanto Widodo','',NULL,NULL),(494,494,'120684314460','Bapak Yanto Widodo','',NULL,NULL),(495,495,'120520164505','Pak Adi Susanto','',NULL,NULL),(496,496,'120214266647','Bapak Arief Maharani','',NULL,NULL),(497,497,'120170460928','Pak Adi Cahyono','',NULL,NULL),(498,498,'120921886618','Ibu Sri Maharani','',NULL,NULL),(499,499,'120132623540','Pak Adi Cahyono','',NULL,NULL),(500,500,'120658983882','Bu Lina Prabowo','',NULL,NULL),(501,501,'120406574581','Bapak Arief Widodo','',NULL,NULL),(502,502,'120730253842','Bu Lina Widodo','',NULL,NULL),(503,503,'120132615882','Bu Lina Cahyono','',NULL,NULL),(505,505,'3793516175','Hendro Wijaya','',NULL,NULL),(506,506,'3978754598','Linda Sari','',NULL,NULL),(507,507,'5961611','Alya Wardhana','',NULL,NULL),(508,508,'3203373135','Agus Saputra','',NULL,NULL),(509,509,'1971-10-02','Maria Lestari','',NULL,NULL),(510,510,'5329150','Alya Wardhana','',NULL,NULL),(511,511,'3134401455','Hendro Saputra','',NULL,NULL),(512,512,'3884132946','Maria Lestari','',NULL,NULL),(513,513,'9927752','Rizky Maharani','',NULL,NULL),(514,514,'3725859246','Budi Santoso','',NULL,NULL),(515,515,'3493690546','Ratna Fitri','',NULL,NULL),(516,516,'4783754','Sofia Cahaya','',NULL,NULL),(517,517,'3842766505','Budi Santoso','',NULL,NULL),(518,518,'3152186211','Siti Lestari','',NULL,NULL),(519,519,'2723033','Rafa Wardhana','',NULL,NULL),(520,520,'3724056026','Agus Nugroho','',NULL,NULL),(521,521,'3187364245','Ayu Fitri','',NULL,NULL),(522,522,'4929461','Alya Putra','',NULL,NULL),(523,523,'3125880847','Agus Saputra','',NULL,NULL),(524,524,'3451107158','Ayu Wati','',NULL,NULL),(525,525,'6273130','Alya Pratama','',NULL,NULL),(526,526,'3630413707','Agus Wijaya','',NULL,NULL),(527,527,'3923767358','Siti Wati','',NULL,NULL),(528,528,'7977187','Alya Putra','',NULL,NULL),(529,529,'3649707990','Budi Prabowo','',NULL,NULL),(530,530,'3276094978','Siti Kusuma','',NULL,NULL),(531,531,'6409423','Alya Putra','',NULL,NULL),(532,532,'3460804851','Hendro Wijaya','',NULL,NULL),(533,533,'3184962931','Ayu Sari','',NULL,NULL),(534,534,'3440435','Farhan Maharani','',NULL,NULL),(535,535,'3314043662','Iwan Wijaya','',NULL,NULL),(536,536,'3414272054','Linda Sari','',NULL,NULL),(537,537,'9506726','Alya Maharani','',NULL,NULL),(538,538,'3892157761','Hendro Wijaya','',NULL,NULL),(539,539,'3188904965','Ayu Sari','',NULL,NULL),(540,540,'2400536','Rafa Cahaya','',NULL,NULL),(541,541,'3269127699','Iwan Prabowo','',NULL,NULL),(542,542,'3732953484','Ayu Wati','',NULL,NULL),(543,543,'6195173','Rizky Cahaya','',NULL,NULL),(544,544,'3907555794','Joko Wijaya','',NULL,NULL),(545,545,'3304155585','Maria Lestari','',NULL,NULL),(546,546,'2882961','Rafa Putra','',NULL,NULL),(547,547,'3775291858','Agus Nugroho','',NULL,NULL),(548,548,'3429911764','Siti Lestari','',NULL,NULL),(549,549,'1686280','Rizky Maharani','',NULL,NULL),(550,550,'3293499719','Joko Prabowo','',NULL,NULL),(551,551,'3498619626','Maria Kusuma','',NULL,NULL),(552,552,'1648147','Rizky Pratama','',NULL,NULL),(553,553,'3158756580','Agus Prabowo','',NULL,NULL),(554,554,'3767902642','Siti Sari','',NULL,NULL),(555,555,'4362908','Rafa Wardhana','',NULL,NULL),(556,556,'3254840955','Hendro Nugroho','',NULL,NULL),(557,557,'3510049226','Maria Wati','',NULL,NULL),(558,558,'4480053','Alya Maharani','',NULL,NULL),(559,559,'3519525450','Budi Wijaya','',NULL,NULL),(560,560,'3979282404','Linda Lestari','',NULL,NULL),(561,561,'4372183','Farhan Wardhana','',NULL,NULL),(562,562,'3973082611','Iwan Saputra','',NULL,NULL),(563,563,'3482259272','Ayu Fitri','',NULL,NULL),(564,564,'1354146','Rafa Cahaya','',NULL,NULL),(565,565,'3384734485','Hendro Saputra','',NULL,NULL),(566,566,'3498572205','Linda Wati','',NULL,NULL),(567,567,'1335150','Alya Wardhana','',NULL,NULL),(568,568,'3605717578','Iwan Saputra','',NULL,NULL),(569,569,'3481577428','Ratna Kusuma','',NULL,NULL),(570,570,'7837366','Sofia Wardhana','',NULL,NULL),(571,571,'3651750950','Budi Wijaya','',NULL,NULL),(572,572,'3436272828','Ayu Fitri','',NULL,NULL),(573,573,'8341751','Rizky Pratama','',NULL,NULL),(574,574,'3172663307','Hendro Wijaya','',NULL,NULL),(575,575,'3748801264','Siti Wati','',NULL,NULL),(576,576,'6174467','Farhan Putra','',NULL,NULL),(577,577,'3939759062','Joko Saputra','',NULL,NULL),(578,578,'3508961081','Linda Kusuma','',NULL,NULL),(579,579,'7964682','Sofia Wardhana','',NULL,NULL),(580,580,'3477531162','Budi Saputra','',NULL,NULL),(581,581,'3677237084','Maria Fitri','',NULL,NULL),(582,582,'8991048','Rizky Cahaya','',NULL,NULL),(583,583,'3100604957','Joko Prabowo','',NULL,NULL),(584,584,'3542410592','Linda Fitri','',NULL,NULL),(585,585,'3244671','Rafa Putra','',NULL,NULL),(586,586,'3192996974','Joko Santoso','',NULL,NULL),(587,587,'3914819741','Ayu Lestari','',NULL,NULL),(588,588,'7056156','Sofia Maharani','',NULL,NULL),(589,589,'3557840923','Iwan Santoso','',NULL,NULL),(590,590,'3319901867','Maria Sari','',NULL,NULL),(591,591,'7846829','Alya Cahaya','',NULL,NULL),(592,592,'3170581289','Budi Wijaya','',NULL,NULL),(593,593,'3295944999','Siti Fitri','',NULL,NULL),(594,594,'6790698','Rafa Cahaya','',NULL,NULL),(595,595,'3843832199','Iwan Santoso','',NULL,NULL),(596,596,'3558962054','Ayu Sari','',NULL,NULL),(597,597,'6790784','Rafa Maharani','',NULL,NULL),(598,598,'3736694993','Joko Prabowo','',NULL,NULL),(599,599,'3757885867','Siti Fitri','',NULL,NULL),(600,600,'8258016','Rafa Putra','',NULL,NULL),(601,601,'3548741476','Agus Nugroho','',NULL,NULL),(602,602,'3360700784','Ayu Fitri','',NULL,NULL),(603,603,'4096184','Farhan Wardhana','',NULL,NULL),(604,604,'3402059791','Budi Prabowo','',NULL,NULL),(605,605,'3528549174','Maria Sari','',NULL,NULL),(606,606,'3368427','Farhan Pratama','',NULL,NULL),(607,607,'3245674195','Agus Nugroho','',NULL,NULL),(608,608,'3736697788','Linda Lestari','',NULL,NULL),(609,609,'7692186','Rizky Cahaya','',NULL,NULL),(610,610,'3723672944','Iwan Prabowo','',NULL,NULL),(611,611,'3583098378','Ayu Sari','',NULL,NULL),(612,612,'5465752','Rafa Cahaya','',NULL,NULL),(613,613,'3579279736','Iwan Nugroho','',NULL,NULL),(614,614,'3907253140','Linda Fitri','',NULL,NULL),(615,615,'8203415','Rizky Maharani','',NULL,NULL),(616,616,'3105888829','Joko Prabowo','',NULL,NULL),(617,617,'3356842211','Linda Fitri','',NULL,NULL),(618,618,'5356608','Rizky Putra','',NULL,NULL),(619,619,'3951585551','Agus Santoso','',NULL,NULL),(620,620,'3650145950','Maria Fitri','',NULL,NULL),(621,621,'5334928','Alya Cahaya','',NULL,NULL),(622,622,'3169455796','Agus Prabowo','',NULL,NULL),(623,623,'3665400131','Ratna Kusuma','',NULL,NULL),(624,624,'8190894','Alya Maharani','',NULL,NULL),(625,625,'3426546257','Joko Prabowo','',NULL,NULL),(626,626,'3478951918','Ratna Kusuma','',NULL,NULL),(627,627,'5893858','Rafa Maharani','',NULL,NULL),(628,628,'3649711240','Budi Saputra','',NULL,NULL),(629,629,'3107747583','Maria Sari','',NULL,NULL),(630,630,'7257794','Farhan Wardhana','',NULL,NULL),(631,631,'3279575053','Joko Santoso','',NULL,NULL),(632,632,'3594370757','Siti Lestari','',NULL,NULL),(633,633,'8970848','Farhan Putra','',NULL,NULL),(634,634,'3265149712','Budi Wijaya','',NULL,NULL),(635,635,'3798721343','Siti Kusuma','',NULL,NULL),(636,636,'4122206','Rizky Maharani','',NULL,NULL),(637,637,'3384770919','Hendro Santoso','',NULL,NULL),(638,638,'3975291396','Linda Kusuma','',NULL,NULL),(639,639,'1076301','Rizky Maharani','',NULL,NULL),(640,640,'3231364615','Budi Santoso','',NULL,NULL),(641,641,'3905784581','Maria Wati','',NULL,NULL),(642,642,'2371760','Rafa Cahaya','',NULL,NULL),(643,643,'3241970130','Agus Saputra','',NULL,NULL),(644,644,'3714200326','Ratna Fitri','',NULL,NULL),(645,645,'2005053','Sofia Maharani','',NULL,NULL),(646,646,'3436266230','Hendro Saputra','',NULL,NULL),(647,647,'3146189119','Siti Kusuma','',NULL,NULL),(648,648,'2026723','Alya Cahaya','',NULL,NULL),(649,649,'3280453834','Joko Nugroho','',NULL,NULL),(650,650,'3208031129','Siti Sari','',NULL,NULL),(651,651,'1822193','Rafa Wardhana','',NULL,NULL),(652,652,'3172668108','Joko Prabowo','',NULL,NULL),(653,653,'3572193344','Maria Fitri','',NULL,NULL),(654,654,'3415451','Rafa Maharani','',NULL,NULL),(655,655,'3620157088','Agus Prabowo','',NULL,NULL),(656,656,'3804899983','Siti Wati','',NULL,NULL),(657,657,'1308939','Farhan Cahaya','',NULL,NULL),(658,658,'3797723430','Agus Prabowo','',NULL,NULL),(659,659,'3805310990','Ayu Kusuma','',NULL,NULL),(660,660,'6227252','Farhan Wardhana','',NULL,NULL),(661,661,'3662222098','Budi Wijaya','',NULL,NULL),(662,662,'3762276459','Siti Sari','',NULL,NULL),(663,663,'9111149','Rafa Maharani','',NULL,NULL),(664,664,'3967184030','Joko Nugroho','',NULL,NULL),(665,665,'3237173371','Ratna Wati','',NULL,NULL),(666,666,'6787951','Rizky Putra','',NULL,NULL),(667,667,'3150511355','Agus Saputra','',NULL,NULL),(668,668,'3655540654','Linda Fitri','',NULL,NULL),(669,669,'2450695','Farhan Cahaya','',NULL,NULL),(670,670,'3763100954','Iwan Prabowo','',NULL,NULL),(671,671,'3695407247','Maria Lestari','',NULL,NULL),(672,672,'3033328','Farhan Wardhana','',NULL,NULL),(673,673,'3143381055','Joko Saputra','',NULL,NULL),(674,674,'3846551412','Ratna Kusuma','',NULL,NULL),(675,675,'1105554','Rizky Cahaya','',NULL,NULL),(676,676,'3996796750','Agus Saputra','',NULL,NULL),(677,677,'3508010838','Ratna Wati','',NULL,NULL),(678,678,'1705804','Rafa Wardhana','',NULL,NULL),(679,679,'3599973615','Joko Wijaya','',NULL,NULL),(680,680,'3358713199','Maria Fitri','',NULL,NULL),(681,681,'3528065','Alya Pratama','',NULL,NULL),(682,682,'3898409150','Budi Saputra','',NULL,NULL),(683,683,'3198759259','Siti Lestari','',NULL,NULL),(684,684,'1172548','Sofia Maharani','',NULL,NULL);
DROP TABLE IF EXISTS `bbc_account_temp`;
CREATE TABLE `bbc_account_temp` (
  `id` bigint(20) unsigned NOT NULL AUTO_INCREMENT,
  `code` varchar(255) DEFAULT NULL,
  `date` datetime NOT NULL DEFAULT '0000-00-00 00:00:00',
  `username` varchar(255) DEFAULT NULL,
  `password` varchar(65) DEFAULT NULL,
  `name` varchar(255) DEFAULT NULL,
  `email` varchar(255) DEFAULT NULL,
  `params` text NOT NULL,
  `active` tinyint(1) NOT NULL DEFAULT '1',
  PRIMARY KEY (`id`),
  KEY `code` (`code`) USING BTREE,
  FULLTEXT KEY `code_2` (`code`,`username`,`name`,`email`,`params`)
) ENGINE=InnoDB DEFAULT CHARSET=utf8;

DROP TABLE IF EXISTS `bbc_alert`;
CREATE TABLE `bbc_alert` (
  `id` bigint(20) unsigned NOT NULL AUTO_INCREMENT,
  `user_id` bigint(20) unsigned DEFAULT '0' COMMENT 'user_id=0 && group_id=0 means all user',
  `group_id` int(11) DEFAULT '0' COMMENT '>0 for all members of the group',
  `module` varchar(60) DEFAULT NULL,
  `title` varchar(60) DEFAULT NULL,
  `description` varchar(150) DEFAULT NULL,
  `params` text,
  `is_open` tinyint(1) DEFAULT '0',
  `is_admin` tinyint(1) DEFAULT '3' COMMENT '0=memberlogin, 1=admin, 2=public, 3=any',
  `updated` datetime DEFAULT '0000-00-00 00:00:00',
  `created` datetime DEFAULT '0000-00-00 00:00:00',
  PRIMARY KEY (`id`),
  KEY `created` (`created`) USING BTREE,
  KEY `group_id` (`group_id`) USING BTREE,
  KEY `is_admin` (`is_admin`) USING BTREE,
  KEY `is_open` (`is_open`) USING BTREE,
  KEY `user_id` (`user_id`) USING BTREE
) ENGINE=InnoDB DEFAULT CHARSET=utf8 COMMENT='Jika ingin me-notif semua member dalam suatu group maka harus memasukkan satu2 tiap user_id dalam group tersebut, karena jika mengunakan group_id maka jika salah satu user dalam group_id tsb membuka maka alert untuk yg lain akan hilang';

DROP TABLE IF EXISTS `bbc_async`;
CREATE TABLE `bbc_async` (
  `id` int(11) unsigned NOT NULL AUTO_INCREMENT,
  `function` varchar(255) DEFAULT NULL,
  `arguments` text,
  `created` datetime DEFAULT NULL,
  PRIMARY KEY (`id`)
) ENGINE=InnoDB AUTO_INCREMENT=5088 DEFAULT CHARSET=utf8;

INSERT INTO `bbc_async` VALUES (606,'\"alert_push_send\"','%5B606%2C0%5D','2024-02-16 15:16:33'),(607,'\"alert_push_send\"','%5B607%2C0%5D','2024-02-16 15:16:33'),(1963,'\"alert_push_send\"','%5B1963%2C0%5D','2024-02-20 11:32:38'),(1964,'\"alert_push_send\"','%5B1964%2C0%5D','2024-02-20 11:32:38'),(1965,'\"alert_push_send\"','%5B1965%2C0%5D','2024-02-20 11:32:38'),(1966,'\"alert_push_send\"','%5B1966%2C0%5D','2024-02-20 11:32:38'),(2662,'\"alert_push_send\"','%5B2947%2C0%5D','2024-02-23 20:29:51'),(2769,'\"alert_push_send\"','%5B3054%2C0%5D','2024-02-26 10:31:18'),(2770,'\"alert_push_send\"','%5B3055%2C0%5D','2024-02-26 10:31:18'),(2771,'\"alert_push_send\"','%5B3056%2C0%5D','2024-02-26 10:31:18'),(3420,'\"alert_push_send\"','%5B3705%2C0%5D','2024-02-27 12:35:19'),(3421,'\"alert_push_send\"','%5B3706%2C0%5D','2024-02-27 12:35:19'),(3422,'\"alert_push_send\"','%5B3707%2C0%5D','2024-02-27 12:35:20'),(3423,'\"alert_push_send\"','%5B3708%2C0%5D','2024-02-27 12:35:20'),(3424,'\"alert_push_send\"','%5B3709%2C0%5D','2024-02-27 12:35:20'),(4372,'\"alert_push_send\"','%5B4656%2C0%5D','2024-03-01 10:35:52'),(4373,'\"alert_push_send\"','%5B4657%2C0%5D','2024-03-01 10:35:52'),(5053,'\"alert_push_send\"','%5B5336%2C0%5D','2024-03-12 12:58:14'),(5054,'\"alert_push_send\"','%5B5337%2C0%5D','2024-03-12 12:58:14'),(5055,'\"alert_push_send\"','%5B5338%2C0%5D','2024-03-12 12:58:14'),(5087,'\"alert_push_send\"','%5B5370%2C0%5D','2024-03-12 16:11:10');
DROP TABLE IF EXISTS `bbc_block`;
CREATE TABLE `bbc_block` (
  `id` int(255) NOT NULL AUTO_INCREMENT,
  `template_id` int(255) NOT NULL DEFAULT '0',
  `block_ref_id` int(255) DEFAULT NULL,
  `position_id` int(255) DEFAULT NULL,
  `show_title` tinyint(4) DEFAULT '0',
  `link` varchar(255) DEFAULT NULL,
  `cache` int(11) NOT NULL DEFAULT '0',
  `theme_id` int(255) DEFAULT NULL,
  `group_ids` varchar(255) DEFAULT NULL,
  `menu_ids` varchar(255) DEFAULT NULL,
  `menu_ids_blocked` varchar(255) DEFAULT NULL,
  `module_ids_allowed` varchar(255) DEFAULT NULL,
  `module_ids_blocked` varchar(255) DEFAULT NULL,
  `config` text,
  `orderby` int(255) DEFAULT NULL,
  `active` tinyint(4) DEFAULT '0',
  PRIMARY KEY (`id`),
  KEY `active` (`active`) USING BTREE,
  KEY `template_id` (`template_id`) USING BTREE
) ENGINE=InnoDB AUTO_INCREMENT=142 DEFAULT CHARSET=utf8;

INSERT INTO `bbc_block` VALUES (1,1,4,10,0,'',900,1,',all,',',all,','','','','{\"content\":\"%3Ch1%3EIni+adalah+sample+atau+demo+produk+e-profile+untuk+Company+Profile+dari+fisip.net.+Design+tampilan+situs+bisa+diubah+sesuai+dengan+permintaan+anda.%3C%2Fh1%3E\",\"type\":\"none\"}',1,1),(2,1,14,7,0,'',900,1,',all,',',all,','','','','{\"cat_id\":\"1\",\"template\":\"\"}',1,1),(3,1,3,9,1,'',900,2,',all,',',-1,','','','','{\"template\":\"default\",\"kind_id\":\"-1\",\"type_id\":\"1\",\"cat_id\":\"1\",\"ids\":\"\",\"popular\":\"\",\"limit_title\":\"75\",\"limit_title_by\":\"char\",\"title\":\"1\",\"title_link\":\"1\",\"intro\":\"intro\",\"created\":\"1\",\"modified\":\"1\",\"author\":\"1\",\"tag\":\"1\",\"tag_link\":\"1\",\"rating\":\"1\",\"read_more\":\"0\",\"tot_list\":\"2\",\"thumbnail\":\"1\"}',2,1),(4,1,10,3,0,'',0,4,',all,',',all,','','','','{\"template\":\"menu-horizontal\",\"cat_id\":\"1\",\"submenu\":\"bottom+right\"}',1,1),(5,1,9,5,0,'',900,1,',all,',',all,','','','','{\"image\":\"templates%2Fcampus_blue%2Fimages%2Fsite_logo.gif\",\"size\":\"\",\"is_link\":\"1\",\"link\":\"\",\"title\":\"\"}',1,1),(6,1,10,1,0,'',900,4,',all,',',all,','','','','{\"template\":\"menu-vertical\",\"cat_id\":\"2\",\"submenu\":\"bottom+right\"}',3,0),(7,1,6,2,0,'',0,3,',all,',',all,','','','','{\"task\":\"searchForm\",\"caption\":\"keyword+here...\"}',1,1),(8,1,12,2,1,'',0,2,',all,',',all,','','','','{\"total_visit\":\"1\",\"total_member\":\"1\",\"member_online\":\"1\",\"user_online\":\"1\",\"active_days\":\"1\",\"start_days\":\"2014-11-14\",\"interval_time\":\"900\"}',4,1),(9,1,2,1,1,'',900,2,',all,',',all,','','','','{\"template\":\"\",\"type\":\"default\"}',4,0),(10,1,8,1,1,'',0,2,',unassigned,',',all,','','','','{\"forget\":\"1\",\"register\":\"1\"}',1,1),(11,1,6,8,0,'',0,1,',all,',',all,',',-1,','','','{\"task\":\"Navigation\",\"caption\":\"\"}',1,1),(12,1,7,1,1,'',900,2,',all,',',all,','','','','{\"show\":\"0\",\"limit\":\"4\"}',6,1),(13,1,10,1,1,'',900,2,',logged,',',all,','','','','{\"template\":\"menu-vertical\",\"cat_id\":\"3\",\"submenu\":\"bottom+right\"}',2,1),(14,1,1,1,0,'',900,3,',all,',',all,','','','','{\"type\":\"6\",\"show\":\"5\"}',5,1),(15,1,10,4,0,'',900,5,',all,',',all,','','','','{\"template\":\"menu-horizontal\",\"cat_id\":\"2\",\"submenu\":\"top+left\"}',1,1),(16,1,6,11,0,'',0,1,',all,',',all,','','','','{\"task\":\"debug\",\"caption\":\"\"}',1,1),(17,1,11,2,1,'',0,2,',all,',',all,','','','','{\"ids\":[\"2\",\"1\"],\"limit\":\"1\"}',3,1),(18,1,6,2,1,'',0,2,',all,',',all,','','','','{\"task\":\"templates\",\"caption\":\"\"}',2,1),(19,1,3,9,0,'',0,1,',all,','',',-1,',',4,','','{\"type_id\":\"-1\",\"cat_id\":\"-1\",\"ids\":\"\",\"limit_title\":\"75\",\"limit_title_by\":\"char\",\"template\":\"related\",\"title\":\"1\",\"title_link\":\"1\",\"intro\":\"intro\",\"created\":\"1\",\"modified\":\"0\",\"author\":\"1\",\"tag\":\"0\",\"tag_link\":\"0\",\"rating\":\"1\",\"read_more\":\"1\",\"tot_list\":\"5\",\"thumbnail\":\"1\"}',1,1),(20,1,13,9,1,'',900,2,',all,',',-1,','','','','{\"limit\":\"2\",\"avatar\":\"1\",\"orderby\":\"1\",\"readmore\":\"1\"}',4,1),(21,1,4,7,0,'',900,1,',all,',',all,','','','','{\"content\":\"%3Cdiv+class%3D%22slidemask%22%3E%3C%2Fdiv%3E\",\"type\":\"none\"}',2,1),(22,6,9,3,0,'',0,14,',all,',',all,','','','','{\"image\":\"templates%2Fcobweb_blue%2Fimages%2Fmain_image.jpg\",\"size\":\"\",\"is_link\":\"0\",\"link\":\"\",\"title\":\"\"}',2,1),(23,6,4,10,0,'',0,13,',all,',',all,','','','','{\"content\":\"%3Ch1%3EIni+adalah+sample+atau+demo+produk+e-profile+untuk+Company+Profile+dari+fisip.net.+Design+tampilan+situs+bisa+diubah+sesuai+dengan+permintaan+anda.%3C%2Fh1%3E\",\"type\":\"none\"}',1,1),(24,6,9,7,0,'',0,14,',all,',',all,','','','','{\"image\":\"templates%2Fcobweb_blue%2Fimages%2Fsite_logo.gif\",\"size\":\"\",\"is_link\":\"1\",\"link\":\"\",\"title\":\"\"}',1,1),(25,6,13,9,1,'',0,9,',all,',',-1,','','','','{\"limit\":\"2\",\"avatar\":\"1\",\"orderby\":\"1\",\"readmore\":\"1\"}',4,1),(26,6,3,9,0,'',0,12,',all,','',',-1,',',4,','','{\"type_id\":\"1\",\"cat_id\":\"4\",\"ids\":\"\",\"limit_title\":\"75\",\"limit_title_by\":\"char\",\"template\":\"related\",\"title\":\"1\",\"title_link\":\"1\",\"intro\":\"intro\",\"created\":\"1\",\"modified\":\"0\",\"author\":\"1\",\"tag\":\"0\",\"tag_link\":\"0\",\"rating\":\"1\",\"read_more\":\"1\",\"tot_list\":\"5\",\"thumbnail\":\"1\"}',1,1),(27,6,10,1,0,'',0,7,',all,',',all,','','','','{\"template\":\"menu-vertical\",\"cat_id\":\"2\",\"submenu\":\"bottom+right\"}',1,1),(28,6,10,3,0,'',0,10,',all,',',all,','','','','{\"template\":\"menu-horizontal\",\"cat_id\":\"1\",\"submenu\":\"bottom+right\"}',1,1),(29,6,3,9,1,'',0,12,',all,',',-1,','','','','{\"type_id\":\"1\",\"cat_id\":\"3\",\"ids\":\"\",\"limit_title\":\"75\",\"limit_title_by\":\"char\",\"template\":\"content\",\"title\":\"1\",\"title_link\":\"1\",\"intro\":\"intro\",\"created\":\"1\",\"modified\":\"1\",\"author\":\"1\",\"tag\":\"1\",\"tag_link\":\"1\",\"rating\":\"1\",\"read_more\":\"1\",\"tot_list\":\"2\",\"thumbnail\":\"1\"}',2,1),(30,6,10,2,1,'',0,16,',logged,',',all,','','','','{\"template\":\"menu-vertical\",\"cat_id\":\"3\",\"submenu\":\"bottom+left\"}',2,1),(31,6,8,2,1,'',0,11,',unassigned,',',all,','','','','{\"forget\":\"1\",\"register\":\"1\"}',3,1),(32,6,6,8,0,'',0,13,',all,',',all,',',-1,','','','{\"task\":\"Navigation\",\"caption\":\"\"}',1,1),(33,6,2,1,1,'',0,11,',all,',',all,','','','','',4,1),(34,6,12,2,1,'',0,11,',all,',',all,','','','','{\"total_visit\":\"1\",\"total_member\":\"1\",\"member_online\":\"1\",\"user_online\":\"1\",\"active_days\":\"1\",\"start_days\":\"2014-11-14\",\"interval_time\":\"900\"}',5,1),(35,6,10,4,0,'',0,8,',all,',',all,','','','','{\"template\":\"menu-horizontal\",\"cat_id\":\"2\",\"submenu\":\"top+right\"}',1,1),(36,6,7,1,1,'',0,11,',all,',',all,','','','','{\"show\":\"0\",\"limit\":\"4\"}',3,1),(37,6,1,1,0,'',0,6,',all,',',all,','','','','{\"type\":\"6\",\"show\":\"5\"}',2,1),(38,6,6,11,0,'',0,13,',all,',',all,','','','','{\"task\":\"debug\",\"caption\":\"\"}',1,1),(39,6,6,2,1,'',0,11,',all,',',all,','','','','{\"task\":\"templates\",\"caption\":\"\"}',1,1),(40,6,11,2,1,'',0,11,',all,',',all,','','','','{\"ids\":[\"2\",\"1\"],\"limit\":\"1\"}',4,1),(41,6,6,5,0,'',0,15,',all,',',all,','','','','{\"task\":\"searchForm\",\"caption\":\"Keyword+here....\"}',1,1),(42,2,4,10,0,'',0,17,',all,',',all,','','','','{\"content\":\"%3Ch1%3EIni+adalah+sample+atau+demo+produk+e-profile+untuk+Company+Profile+dari+fisip.net.+Design+tampilan+situs+bisa+diubah+sesuai+dengan+permintaan+anda.%3C%2Fh1%3E\",\"type\":\"none\"}',1,1),(43,2,3,9,1,'',0,21,',all,',',-1,','','','','{\"type_id\":\"1\",\"cat_id\":\"1\",\"ids\":\"\",\"limit_title\":\"75\",\"limit_title_by\":\"char\",\"template\":\"default\",\"title\":\"1\",\"title_link\":\"1\",\"intro\":\"intro\",\"created\":\"1\",\"modified\":\"1\",\"author\":\"1\",\"tag\":\"1\",\"tag_link\":\"1\",\"rating\":\"1\",\"read_more\":\"0\",\"tot_list\":\"2\",\"thumbnail\":\"1\"}',1,1),(44,2,10,3,0,'',0,19,',all,',',all,','','','','{\"template\":\"menu-horizontal\",\"cat_id\":\"1\",\"submenu\":\"bottom+right\"}',1,1),(45,2,9,7,0,'',0,17,',all,',',all,','','','','{\"image\":\"templates%2Flogistic_transport%2Fimages%2Flogo.gif\",\"size\":\"\",\"is_link\":\"1\",\"link\":\"\",\"title\":\"\"}',1,1),(46,2,10,1,1,'',0,20,',all,',',all,','','','','{\"cat_id\":\"1\",\"layout\":\"vertical\",\"submenu\":\"bottom+right\"}',3,0),(47,2,6,3,0,'',0,18,',all,',',all,','','','','{\"task\":\"searchForm\",\"caption\":\"keyword+here...\"}',2,1),(48,2,12,1,1,'',900,20,',all,',',all,','','','','{\"total_visit\":\"1\",\"total_member\":\"1\",\"member_online\":\"1\",\"user_online\":\"1\",\"active_days\":\"1\",\"start_days\":\"07%2F25%2F2010\",\"interval_time\":\"900\"}',8,1),(49,2,2,1,1,'',900,20,',all,',',all,','','','','',6,1),(50,2,6,8,0,'',0,17,',all,',',all,',',-1,','','','{\"task\":\"Navigation\",\"caption\":\"\"}',2,1),(51,2,7,1,1,'',900,20,',all,',',all,','','','','{\"show\":\"0\",\"limit\":\"4\"}',5,1),(52,2,10,1,1,'',0,20,',logged,',',all,','','','','{\"template\":\"menu-vertical\",\"cat_id\":\"3\",\"submenu\":\"bottom+left\"}',2,1),(53,2,10,4,0,'',0,17,',all,',',all,','','','','{\"template\":\"menu-horizontal\",\"cat_id\":\"2\",\"submenu\":\"top+right\"}',1,1),(54,2,6,11,0,'',0,17,',all,',',all,','','','','{\"task\":\"debug\",\"caption\":\"\"}',1,1),(55,2,11,1,1,'',900,20,',all,',',all,','','','','{\"ids\":[\"2\",\"1\"],\"limit\":\"1\"}',7,1),(56,2,6,1,1,'',0,20,',all,',',all,','','','','{\"task\":\"templates\",\"caption\":\"\"}',1,1),(57,2,9,5,0,'',0,17,',all,',',all,','','','','{\"image\":\"templates%2Flogistic_transport%2Fimages%2Fheader.jpg\",\"size\":\"\",\"is_link\":\"0\",\"link\":\"\",\"title\":\"\"}',1,1),(58,2,3,8,0,'',0,20,',all,','',',-1,',',4,','','{\"type_id\":\"-1\",\"cat_id\":\"-1\",\"ids\":\"\",\"limit_title\":\"75\",\"limit_title_by\":\"char\",\"template\":\"related\",\"title\":\"1\",\"title_link\":\"1\",\"intro\":\"intro\",\"created\":\"1\",\"modified\":\"1\",\"author\":\"1\",\"tag\":\"0\",\"tag_link\":\"0\",\"rating\":\"1\",\"read_more\":\"1\",\"tot_list\":\"5\",\"thumbnail\":\"1\"}',1,1),(59,2,13,9,1,'',0,20,',all,',',all,','','','','{\"limit\":\"2\",\"avatar\":\"1\",\"orderby\":\"1\",\"readmore\":\"0\"}',3,1),(60,3,4,10,0,'',0,22,',all,',',all,','','','','{\"content\":\"%3Ch1%3EIni+adalah+sample+atau+demo+produk+e-profile+untuk+Company+Profile+dari+fisip.net.+Design+tampilan+situs+bisa+diubah+sesuai+dengan+permintaan+anda.%3C%2Fh1%3E\",\"type\":\"none\"}',1,1),(61,3,3,9,1,'',0,26,',all,',',-1,','','','','{\"type_id\":\"1\",\"cat_id\":\"1\",\"ids\":\"\",\"limit_title\":\"75\",\"limit_title_by\":\"char\",\"template\":\"content\",\"title\":\"1\",\"title_link\":\"1\",\"intro\":\"intro\",\"created\":\"1\",\"modified\":\"1\",\"author\":\"1\",\"tag\":\"1\",\"tag_link\":\"1\",\"rating\":\"1\",\"read_more\":\"0\",\"tot_list\":\"2\",\"thumbnail\":\"1\"}',1,1),(62,3,10,3,0,'',0,22,',all,',',all,','','','','{\"template\":\"menu-horizontal\",\"cat_id\":\"2\",\"submenu\":\"bottom+right\"}',1,1),(63,3,9,7,0,'',0,22,',all,',',all,','','','','{\"image\":\"templates%2Fcloudy_season%2Fimages%2Flogo.gif\",\"size\":\"\",\"is_link\":\"1\",\"link\":\"\",\"title\":\"\"}',1,1),(64,3,6,5,0,'',0,23,',all,',',all,','','','','{\"template\":\"searchForm\",\"caption\":\"keyword+here...\"}',1,1),(65,3,12,2,1,'',900,25,',all,',',all,','','','','{\"total_visit\":\"1\",\"total_member\":\"1\",\"member_online\":\"1\",\"user_online\":\"1\",\"active_days\":\"1\",\"start_days\":\"07%2F25%2F2010\",\"interval_time\":\"900\"}',5,1),(66,3,2,1,1,'',900,25,',all,',',all,','','','','',2,1),(67,3,6,8,0,'',0,22,',all,',',all,',',-1,','','','{\"task\":\"Navigation\",\"caption\":\"\"}',1,1),(68,3,7,1,1,'',900,25,',all,',',all,','','','','{\"show\":\"0\",\"limit\":\"4\"}',5,1),(69,3,10,1,1,'',0,25,',logged,',',all,','','','','{\"template\":\"menu-vertical\",\"cat_id\":\"3\",\"submenu\":\"bottom+right\"}',1,1),(70,3,1,1,1,'',900,25,',all,',',all,','','','','{\"type\":\"6\",\"show\":\"5\"}',3,1),(71,3,10,4,0,'',0,22,',all,',',all,','','','','{\"template\":\"menu-horizontal\",\"cat_id\":\"1\",\"submenu\":\"top+right\"}',1,1),(72,3,6,11,0,'',0,22,',all,',',all,','','','','{\"task\":\"debug\",\"caption\":\"\"}',1,1),(73,3,11,2,1,'',900,25,',all,',',all,','','','','{\"ids\":[\"2\",\"1\"],\"limit\":\"1\"}',3,1),(74,3,6,2,1,'',0,25,',all,',',all,','','','','{\"task\":\"templates\",\"caption\":\"\"}',1,1),(75,3,9,1,0,'',0,24,',all,',',-1,','','','','{\"template\":\"\",\"image\":\"templates%2Fcloudy_season%2Fimages%2Funicef.jpg\",\"size\":\"\",\"is_link\":\"0\",\"link\":\"\",\"title\":\"\",\"attribute\":\"\"}',6,1),(76,3,8,2,1,'',0,25,',unassigned,',',all,','','','','{\"forget\":\"1\",\"register\":\"1\"}',2,1),(77,3,1,1,1,'',900,25,',unassigned,',',all,','','','','{\"template\":\"\",\"type\":\"1\",\"show\":\"5\"}',4,1),(78,3,3,12,0,'',0,26,',all,','',',-1,',',4,','','{\"type_id\":\"-1\",\"cat_id\":\"-1\",\"ids\":\"\",\"limit_title\":\"75\",\"limit_title_by\":\"char\",\"template\":\"related\",\"title\":\"1\",\"title_link\":\"1\",\"intro\":\"intro\",\"created\":\"1\",\"modified\":\"1\",\"author\":\"1\",\"tag\":\"0\",\"tag_link\":\"0\",\"rating\":\"1\",\"read_more\":\"0\",\"tot_list\":\"5\",\"thumbnail\":\"1\"}',1,1),(79,3,13,9,1,'',900,25,',all,',',-1,','','','','{\"template\":\"\",\"limit\":\"2\",\"avatar\":\"1\",\"orderby\":\"1\",\"readmore\":\"0\"}',3,1),(80,3,1,2,1,'',900,25,',logged,',',all,','','','','{\"template\":\"\",\"type\":\"1\",\"show\":\"5\"}',4,1),(81,4,3,12,1,'',0,28,',all,',',-1,','','','','{\"template\":\"default\",\"type_id\":\"1\",\"cat_id\":\"1\",\"ids\":\"\",\"limit_title\":\"75\",\"limit_title_by\":\"char\",\"title\":\"1\",\"title_link\":\"1\",\"intro\":\"intro\",\"created\":\"1\",\"modified\":\"1\",\"author\":\"1\",\"tag\":\"1\",\"tag_link\":\"1\",\"rating\":\"1\",\"read_more\":\"0\",\"tot_list\":\"2\",\"thumbnail\":\"1\"}',2,1),(82,4,10,3,0,'',0,30,',all,',',all,','','','','{\"cat_id\":\"1\",\"layout\":\"horizontal\",\"submenu\":\"bottom+right\"}',1,1),(83,4,9,7,0,'',0,27,',all,',',all,','','','','{\"image\":\"templates%2Fgreen_accountant%2Fimages%2Flogo.png\",\"size\":\"\",\"is_link\":\"1\",\"link\":\"\",\"title\":\"\"}',1,1),(84,4,6,5,0,'',0,29,',all,',',all,','','','','{\"task\":\"searchForm\",\"caption\":\"keyword+here...\"}',2,1),(85,4,12,2,1,'',900,28,',all,',',all,','','','','{\"template\":\"\",\"total_visit\":\"1\",\"total_member\":\"1\",\"member_online\":\"1\",\"user_online\":\"1\",\"active_days\":\"1\",\"start_days\":\"07%2F25%2F2010\",\"interval_time\":\"900\"}',4,1),(86,4,2,1,1,'',900,28,',all,',',all,','','','','{\"template\":\"\",\"type\":\"default\"}',3,1),(87,4,6,8,0,'',0,27,',all,',',all,',',-1,','','','{\"task\":\"Navigation\",\"caption\":\"\"}',1,1),(88,4,7,1,1,'',900,27,',all,',',all,','','','','{\"template\":\"\",\"show\":\"0\",\"limit\":\"3\"}',4,1),(89,4,1,1,0,'',900,28,',all,',',all,','','','','{\"template\":\"\",\"type\":\"6\",\"show\":\"5\"}',2,1),(90,4,6,11,0,'',0,27,',all,',',all,','','','','{\"task\":\"debug\",\"caption\":\"\"}',1,1),(91,4,11,2,1,'',900,28,',all,',',all,','','','','{\"template\":\"\",\"ids\":[\"2\",\"1\"],\"limit\":\"1\"}',3,1),(92,4,6,2,1,'',0,28,',all,',',all,','','','','{\"task\":\"templates\",\"caption\":\"\"}',1,1),(93,4,9,5,0,'',0,27,',all,',',all,','','','','{\"image\":\"templates%2Fgreen_accountant%2Fimages%2Fimg-header.jpg\",\"size\":\"\",\"is_link\":\"0\",\"link\":\"\",\"title\":\"\"}',1,1),(94,4,8,2,1,'',0,27,',all,',',all,','','','','{\"template\":\"\",\"forget\":\"1\",\"register\":\"1\"}',2,1),(95,4,10,4,0,'',0,27,',all,',',all,','','','','{\"template\":\"menu-horizontal\",\"cat_id\":\"2\",\"submenu\":\"top+right\"}',1,1),(96,4,4,10,0,'',0,27,',all,',',all,','','','','{\"content\":\"%3Ch1%3EIni+adalah+sample+atau+demo+produk+e-profile+untuk+Company+Profile+dari+fisip.net.+Design+tampilan+situs+bisa+diubah+sesuai+dengan+permintaan+anda.%3C%2Fh1%3E\",\"type\":\"none\"}',1,1),(97,4,3,12,1,'',0,27,',all,','',',-1,',',4,','','{\"template\":\"related\",\"type_id\":\"-1\",\"cat_id\":\"-1\",\"ids\":\"\",\"limit_title\":\"75\",\"limit_title_by\":\"char\",\"title\":\"1\",\"title_link\":\"1\",\"intro\":\"intro\",\"created\":\"1\",\"modified\":\"1\",\"author\":\"1\",\"tag\":\"0\",\"tag_link\":\"0\",\"rating\":\"1\",\"read_more\":\"0\",\"tot_list\":\"5\",\"thumbnail\":\"1\"}',1,1),(98,5,4,10,0,'',0,31,',all,',',all,','','','','{\"content\":\"%3Ch1%3EIni+adalah+sample+atau+demo+produk+e-profile+untuk+Company+Profile+dari+fisip.net.+Design+tampilan+situs+bisa+diubah+sesuai+dengan+permintaan+anda.%3C%2Fh1%3E\",\"type\":\"none\"}',1,1),(99,5,3,9,1,'',0,32,',all,',',-1,','','','','{\"template\":\"related\",\"type_id\":\"1\",\"cat_id\":\"1\",\"ids\":\"\",\"limit_title\":\"75\",\"limit_title_by\":\"char\",\"title\":\"1\",\"title_link\":\"1\",\"intro\":\"intro\",\"created\":\"1\",\"modified\":\"1\",\"author\":\"1\",\"tag\":\"1\",\"tag_link\":\"1\",\"rating\":\"1\",\"read_more\":\"0\",\"tot_list\":\"2\",\"thumbnail\":\"1\"}',1,1),(100,5,10,3,0,'',0,33,',all,',',all,','','','','{\"template\":\"menu-horizontal\",\"cat_id\":\"1\",\"submenu\":\"bottom+right\"}',1,1),(101,5,9,7,0,'',0,31,',all,',',all,','','','','{\"image\":\"templates%2Fdark_style%2Fimages%2Fsite_logo.gif\",\"size\":\"\",\"is_link\":\"1\",\"link\":\"\",\"title\":\"\"}',1,1),(102,5,6,5,0,'',0,36,',all,',',all,','','','','{\"template\":\"searchForm\",\"caption\":\"keyword+here...\"}',1,1),(103,5,12,2,1,'',900,32,',all,',',all,','','','','{\"template\":\"\",\"total_visit\":\"1\",\"total_member\":\"1\",\"member_online\":\"1\",\"user_online\":\"1\",\"active_days\":\"1\",\"start_days\":\"07%2F25%2F2010\",\"interval_time\":\"900\"}',4,1),(104,5,2,1,1,'',900,32,',all,',',all,','','','','{\"template\":\"\",\"type\":\"default\"}',1,1),(105,5,6,8,0,'',0,31,',all,',',all,',',-1,','','','{\"template\":\"Navigation\",\"caption\":\"\"}',1,1),(106,5,7,1,1,'',900,32,',all,',',all,','','','','{\"template\":\"\",\"show\":\"0\",\"limit\":\"4\"}',5,1),(107,5,10,1,0,'',0,31,',logged,',',all,','','','','{\"template\":\"menu-vertical\",\"cat_id\":\"3\",\"submenu\":\"bottom+right\"}',2,1),(108,5,1,1,1,'',900,32,',all,',',all,','','','','{\"template\":\"\",\"type\":\"6\",\"show\":\"5\"}',3,1),(109,5,10,4,0,'',0,34,',all,',',all,','','','','{\"template\":\"menu-horizontal\",\"cat_id\":\"2\",\"submenu\":\"top+right\"}',1,1),(110,5,6,11,0,'',0,31,',all,',',all,','','','','{\"task\":\"debug\",\"caption\":\"\"}',1,1),(111,5,11,2,1,'',900,32,',all,',',all,','','','','{\"template\":\"\",\"ids\":[\"2\",\"1\"],\"limit\":\"1\"}',3,1),(112,5,6,2,1,'',0,32,',all,',',all,','','','','{\"template\":\"templates\",\"caption\":\"\"}',1,1),(113,5,9,1,0,'',0,35,',all,',',-1,','','','','{\"template\":\"\",\"image\":\"images%2Fuploads%2Funicef.jpg\",\"size\":\"\",\"is_link\":\"0\",\"link\":\"\",\"title\":\"\",\"attribute\":\"\"}',6,1),(114,5,8,2,1,'',0,32,',all,',',all,','','','','{\"template\":\"\",\"forget\":\"1\",\"register\":\"1\"}',2,1),(115,5,3,12,0,'',0,31,',all,','',',-1,',',4,','','{\"template\":\"related\",\"type_id\":\"-1\",\"cat_id\":\"-1\",\"ids\":\"\",\"limit_title\":\"75\",\"limit_title_by\":\"char\",\"title\":\"1\",\"title_link\":\"1\",\"intro\":\"intro\",\"created\":\"1\",\"modified\":\"1\",\"author\":\"1\",\"tag\":\"0\",\"tag_link\":\"0\",\"rating\":\"1\",\"read_more\":\"0\",\"tot_list\":\"5\",\"thumbnail\":\"1\"}',1,1),(116,1,3,9,1,'',0,2,',all,',',-1,','','','','{\"template\":\"thumbnail-only\",\"kind_id\":\"1\",\"type_id\":\"1\",\"cat_id\":\"-2\",\"ids\":\"\",\"popular\":\"\",\"limit_title\":\"75\",\"limit_title_by\":\"char\",\"title\":\"1\",\"title_link\":\"1\",\"intro\":\"blank\",\"created\":\"0\",\"modified\":\"0\",\"author\":\"0\",\"tag\":\"0\",\"tag_link\":\"0\",\"rating\":\"0\",\"read_more\":\"0\",\"tot_list\":\"3\",\"thumbnail\":\"1\"}',3,1),(117,2,3,9,1,'',900,21,',all,',',-1,','','','','{\"template\":\"thumbnail-only\",\"kind_id\":\"1\",\"type_id\":\"1\",\"cat_id\":\"-2\",\"ids\":\"\",\"popular\":\"\",\"limit_title\":\"75\",\"limit_title_by\":\"char\",\"title\":\"0\",\"title_link\":\"0\",\"intro\":\"blank\",\"created\":\"0\",\"modified\":\"0\",\"author\":\"0\",\"tag\":\"0\",\"tag_link\":\"0\",\"rating\":\"0\",\"read_more\":\"0\",\"tot_list\":\"3\",\"thumbnail\":\"0\"}',2,1),(118,3,3,9,1,'',900,25,',all,',',-1,','','','','{\"template\":\"thumbnail-only\",\"kind_id\":\"1\",\"type_id\":\"1\",\"cat_id\":\"-2\",\"ids\":\"\",\"popular\":\"\",\"limit_title\":\"75\",\"limit_title_by\":\"char\",\"title\":\"0\",\"title_link\":\"0\",\"intro\":\"blank\",\"created\":\"0\",\"modified\":\"0\",\"author\":\"0\",\"tag\":\"0\",\"tag_link\":\"0\",\"rating\":\"0\",\"read_more\":\"0\",\"tot_list\":\"3\",\"thumbnail\":\"0\"}',2,1),(119,6,3,9,1,'',900,12,',all,',',-1,','','','','{\"template\":\"thumbnail-only\",\"kind_id\":\"1\",\"type_id\":\"1\",\"cat_id\":\"-2\",\"ids\":\"\",\"popular\":\"\",\"limit_title\":\"75\",\"limit_title_by\":\"char\",\"title\":\"0\",\"title_link\":\"0\",\"intro\":\"intro\",\"created\":\"0\",\"modified\":\"0\",\"author\":\"0\",\"tag\":\"0\",\"tag_link\":\"0\",\"rating\":\"0\",\"read_more\":\"0\",\"tot_list\":\"3\",\"thumbnail\":\"0\"}',3,1),(120,4,3,9,0,'',900,27,',all,',',-1,','','','','{\"template\":\"thumbnail-only\",\"kind_id\":\"1\",\"type_id\":\"1\",\"cat_id\":\"-2\",\"ids\":\"\",\"popular\":\"\",\"limit_title\":\"75\",\"limit_title_by\":\"char\",\"title\":\"0\",\"title_link\":\"0\",\"intro\":\"intro\",\"created\":\"0\",\"modified\":\"0\",\"author\":\"0\",\"tag\":\"0\",\"tag_link\":\"0\",\"rating\":\"0\",\"read_more\":\"0\",\"tot_list\":\"3\",\"thumbnail\":\"0\"}',1,1),(121,4,10,1,0,'',0,27,',logged,',',all,','','','','{\"template\":\"menu-vertical\",\"cat_id\":\"3\",\"submenu\":\"bottom+right\"}',1,1),(125,7,10,5,1,'',0,37,',all,',',all,','','','','{\"template\":\"menu_top\",\"cat_id\":\"1\",\"submenu\":\"bottom+right\"}',2,1),(126,7,9,5,1,'',0,37,',all,',',all,','','','','{\"template\":\"logo\",\"image\":\"images%2Fuploads%2FSCHOOL2.png\",\"size\":\"\",\"is_link\":\"1\",\"link\":\"\",\"title\":\"\",\"attribute\":\"\"}',1,1),(127,7,14,8,1,'',0,37,',all,',',all,','','','','{\"template\":\"\",\"cat_id\":\"1\",\"caption\":\"1\",\"indicator\":\"1\",\"control\":\"1\"}',1,1),(129,7,12,9,1,'',0,37,',all,',',all,','','','','{\"template\":\"\",\"total_visit\":\"1\",\"total_member\":\"1\",\"member_online\":\"1\",\"user_online\":\"1\",\"active_days\":\"1\",\"start_days\":\"\",\"interval_time\":\"900\"}',1,1),(130,7,10,6,1,'',0,37,',all,',',all,','','','','{\"template\":\"menu_bottom\",\"cat_id\":\"2\",\"submenu\":\"bottom+right\"}',3,1),(133,7,13,9,1,'',0,37,',all,',',all,','','','','{\"template\":\"testimonial\",\"limit\":\"2\",\"avatar\":\"1\",\"orderby\":\"1\",\"readmore\":\"0\"}',4,1),(135,7,9,9,1,'',0,37,',all,',',all,','','','','{\"template\":\"logo_bot\",\"image\":\"\",\"size\":\"\",\"is_link\":\"1\",\"link\":\"\",\"title\":\"Enroll\",\"attribute\":\"\"}',5,1),(136,7,3,9,1,'',0,37,',all,',',all,','','','','{\"template\":\"courses\",\"kind_id\":\"-1\",\"type_id\":\"1\",\"cat_id\":\"1\",\"ids\":\"\",\"popular\":\"\",\"limit_title\":\"75\",\"limit_title_by\":\"char\",\"title\":\"1\",\"title_link\":\"1\",\"intro\":\"intro\",\"created\":\"1\",\"modified\":\"1\",\"author\":\"1\",\"tag\":\"1\",\"tag_link\":\"1\",\"rating\":\"1\",\"read_more\":\"1\",\"tot_list\":\"5\",\"thumbnail\":\"0\"}',2,1),(137,7,20,9,1,'',0,37,',all,',',all,','','','','{\"template\":\"\",\"limit\":\"4\",\"avatar\":\"1\"}',3,1),(138,7,19,6,1,'',0,37,',all,',',all,','','','','{\"template\":\"sosmed_bot\",\"caption\":\"Lorem+ipsum+dolor+sit+amet+consectetur+adipisicing+elit.+Porro+provident+suscipit+natus+a+cupiditate+ab+minus+illum+quaerat+maxime+inventore+Ea+consequatur+consectetur+hic+provident+dolor+ab+aliquam+eveniet+alias\",\"facebook\":\"https%3A%2F%2Fwww.facebook.com%2F\",\"twitter\":\"https%3A%2F%2Ftwitter.com%2F\",\"youtube\":\"https%3A%2F%2Fwww.youtube.com%2F\",\"instagram\":\"https%3A%2F%2Fwww.instagram.com%2F\",\"search\":\"Search+a+keyword+and+hit+enter...\"}',1,1),(139,7,17,6,1,'',0,37,',all,',',all,','','','','{\"template\":\"contact_info_bot\",\"location\":\"Brooklyn%2C+NY+10036%2C+United+States\",\"phone\":\"%2B1-123-456-7890\",\"mail\":\"info%40probootstrap.com\"}',2,1),(140,7,17,10,1,'',0,37,',all,',',all,','','','','{\"template\":\"default\",\"location\":\"Brooklyn%2C+NY+10036%2C+United+States\",\"phone\":\"%2B1-123-456-7890\",\"mail\":\"info%40probootstrap.com\"}',1,1),(141,7,19,10,1,'',0,37,',all,',',all,','','','','{\"template\":\"default\",\"caption\":\"Lorem+ipsum+dolor+sit+amet+consectetur+adipisicing+elit.+Porro+provident+suscipit+natus+a+cupiditate+ab+minus+illum+quaerat+maxime+inventore+Ea+consequatur+consectetur+hic+provident+dolor+ab+aliquam+eveniet+alias\",\"facebook\":\"https%3A%2F%2Fwww.facebook.com%2F\",\"twitter\":\"https%3A%2F%2Ftwitter.com%2F\",\"youtube\":\"https%3A%2F%2Fwww.youtube.com%2F\",\"instagram\":\"https%3A%2F%2Fwww.instagram.com%2F\",\"search\":\"Search+a+keyword+and+hit+enter...\"}',2,1);
DROP TABLE IF EXISTS `bbc_block_position`;
CREATE TABLE `bbc_block_position` (
  `id` int(255) NOT NULL AUTO_INCREMENT,
  `name` varchar(255) DEFAULT NULL,
  PRIMARY KEY (`id`)
) ENGINE=InnoDB AUTO_INCREMENT=13 DEFAULT CHARSET=utf8;

INSERT INTO `bbc_block_position` VALUES (1,'left'),(2,'right'),(3,'top'),(4,'bottom'),(5,'header'),(6,'footer'),(7,'logo'),(8,'content_top'),(9,'content_bottom'),(10,'intro'),(11,'debug'),(12,'content');
DROP TABLE IF EXISTS `bbc_block_ref`;
CREATE TABLE `bbc_block_ref` (
  `id` int(255) NOT NULL AUTO_INCREMENT,
  `name` varchar(255) DEFAULT NULL,
  PRIMARY KEY (`id`),
  UNIQUE KEY `name` (`name`)
) ENGINE=InnoDB AUTO_INCREMENT=21 DEFAULT CHARSET=utf8;

INSERT INTO `bbc_block_ref` VALUES (1,'agenda'),(2,'contact'),(17,'contact_info'),(3,'content'),(15,'content_list'),(16,'content_tag'),(4,'custom'),(18,'highlights'),(14,'imageslider'),(5,'language'),(6,'layout'),(7,'links'),(8,'login'),(9,'logo'),(10,'menu'),(19,'sosmed'),(12,'statistic'),(11,'survey'),(20,'teacher'),(13,'testimonial');
DROP TABLE IF EXISTS `bbc_block_text`;
CREATE TABLE `bbc_block_text` (
  `block_id` int(255) NOT NULL,
  `title` varchar(255) NOT NULL,
  `lang_id` tinyint(1) NOT NULL,
  KEY `block_id` (`block_id`) USING BTREE,
  KEY `lang_id` (`lang_id`) USING BTREE
) ENGINE=InnoDB DEFAULT CHARSET=utf8;

INSERT INTO `bbc_block_text` VALUES (1,'Intro',1),(2,'Image Slider',1),(3,'Hotline News',1),(4,'Menu Top',1),(5,'Logo',1),(6,'Left Menu',1),(7,'Search :',1),(8,'Statistic',1),(9,'Online Support',1),(10,'Member Login',1),(11,'Navigation',1),(12,'Links',1),(13,'User Menu',1),(14,'Agenda',1),(15,'Menu Bottom',1),(16,'Debug',1),(17,'Polling',1),(18,'Pilih Template',1),(19,'Artikel Berhubungan',1),(20,'Testimonial',1),(21,'masking',1),(22,'Banner',1),(23,'Intro',1),(24,'Company Logo',1),(25,'<h3>Testimonial</h3>',1),(26,'Artikel Berhubungan',1),(27,'Left Menu',1),(28,'Menu Top',1),(29,'Hotline News',1),(30,'User Menu',1),(31,'Member Login',1),(32,'Navigation',1),(33,'Online Support',1),(34,'Statistic',1),(35,'Menu Bottom',1),(36,'Links',1),(37,'Agenda',1),(38,'Debug',1),(39,'Pilih Template',1),(40,'Polling',1),(41,'Search',1),(42,'Intro',1),(43,'Hotline News',1),(44,'Menu Top',1),(45,'Logo',1),(46,'Left Menu',1),(47,'Search :',1),(48,'Statistic',1),(49,'Online Support',1),(50,'Navigation',1),(51,'Links',1),(52,'User Menu',1),(53,'Menu Bottom',1),(54,'Debug',1),(55,'Polling',1),(56,'Pilih Template',1),(57,'Header',1),(58,'Artikel Berhubungan',1),(59,'Testimoni',1),(60,'Intro',1),(61,'Hotline News',1),(62,'Menu Top',1),(63,'Logo',1),(64,'Search :',1),(65,'Statistic',1),(66,'Online Support',1),(67,'Navigation',1),(68,'Links',1),(69,'User Menu',1),(70,'Agenda',1),(71,'Menu Bottom',1),(72,'Debug',1),(73,'Polling',1),(74,'Pilih Template',1),(75,'Unicef Ad',1),(76,'Member Login',1),(77,'Event',1),(78,'Artikel Berhubungan',1),(79,'Testimonial',1),(80,'Event',1),(81,'Hotline News',1),(82,'Menu Top',1),(83,'Logo',1),(84,'Search :',1),(85,'Statistic',1),(86,'Online Support',1),(87,'Navigation',1),(88,'Links',1),(89,'Agenda',1),(90,'Debug',1),(91,'Polling',1),(92,'Pilih Template',1),(93,'Header',1),(94,'Member Login',1),(95,'Bottom Menu',1),(96,'Intro',1),(97,'Artikel Berhubungan',1),(98,'Intro',1),(99,'Hotline News',1),(100,'Menu Top',1),(101,'Logo',1),(102,'Search :',1),(103,'Statistic',1),(104,'Online Support',1),(105,'Navigation',1),(106,'Links',1),(107,'User Menu',1),(108,'Agenda',1),(109,'Menu Bottom',1),(110,'Debug',1),(111,'Polling',1),(112,'Pilih Template',1),(113,'Header',1),(114,'Member Login',1),(115,'Artikel Berhubungan',1),(116,'Gallery',1),(117,'Gallery',1),(118,'Gallery',1),(119,'Gallery',1),(120,'Gallery',1),(121,'User menu',1),(125,'menu',1),(126,'logo',1),(127,'image_slider',1),(129,'Statistik Card',1),(130,'Links',1),(133,'Alumni Testimonial',1),(135,'Get your admission now!',1),(136,'Our Featured Courses',1),(137,'Meet Our Qualified Teachers',1),(138,'About The School',1),(139,'Contact Info',1),(140,'contact_info',1),(141,'sosmed',1);
DROP TABLE IF EXISTS `bbc_block_theme`;
CREATE TABLE `bbc_block_theme` (
  `id` int(255) NOT NULL AUTO_INCREMENT,
  `template_id` int(255) NOT NULL DEFAULT '0',
  `name` varchar(255) DEFAULT NULL,
  `content` text,
  `active` int(3) NOT NULL DEFAULT '0',
  PRIMARY KEY (`id`),
  KEY `active` (`active`) USING BTREE,
  KEY `template_id` (`template_id`) USING BTREE,
  FULLTEXT KEY `name` (`name`,`content`)
) ENGINE=InnoDB AUTO_INCREMENT=38 DEFAULT CHARSET=utf8;

INSERT INTO `bbc_block_theme` VALUES (1,1,'none','[title][content]',1),(2,1,'default-heading','<div class=\"panel panel-default\">\r\n  <div class=\"panel-heading\"><h3 class=\"panel-title\">[title]</h3></div>\r\n  <div class=\"panel-body\">\r\n    [content]\r\n  </div>\r\n</div>',1),(3,1,'default','<div class=\"panel panel-default\">\r\n  [title]\r\n  <div class=\"panel-body\">\r\n    [content]\r\n  </div>\r\n</div>',1),(4,1,'menu top','<div class=\"block_menu_top\">\r\n  <nav class=\"navbar navbar-default\" role=\"navigation\">\r\n    <div class=\"navbar-header\">\r\n      <button type=\"button\" class=\"navbar-toggle\" data-toggle=\"collapse\" data-target=\".navbar-menu-top\">\r\n        <span class=\"icon-bar\"></span>\r\n        <span class=\"icon-bar\"></span>\r\n        <span class=\"icon-bar\"></span>\r\n      </button>\r\n      [<a class=\"navbar-brand\" href=\"\">title</a>]\r\n    </div>\r\n    <div class=\"collapse navbar-collapse navbar-menu-top\">\r\n      [content]\r\n    </div>\r\n  </nav>\r\n</div>',1),(5,1,'menu bottom','<div class=\"widget_bottom\">\r\n  [content]\r\n</div>',1),(6,6,'widget_agenda','<div class=\"widget_agenda\">\n[<label>title</label>][content]\n</div>',1),(7,6,'widget_menu','<div class=\"widget_menu\">\n[<label>title</label>][content]\n</div>',1),(8,6,'widget_bottom','<div class=\"widget_bottom\">\n[<label>title</label>][content]\n</div>',1),(9,6,'widget_testimoni','<div class=\"widget_testimoni\">\n[<label>title</label>][content]\n</div>',1),(10,6,'widget_menutop','<div class=\"widget_menutop\">\r\n  <div class=\"navbar navbar-default\" role=\"navigation\">\r\n    <div class=\"navbar-header\">\r\n      <button type=\"button\" class=\"navbar-toggle\" data-toggle=\"collapse\" data-target=\".navbar-collapse\">\r\n        <span class=\"icon-bar\"></span>\r\n        <span class=\"icon-bar\"></span>\r\n        <span class=\"icon-bar\"></span>\r\n      </button>\r\n      [<a class=\"navbar-brand\" href=\"/\">title</a>]\r\n    </div>\r\n    <div class=\"collapse navbar-collapse\">\r\n        [content]\r\n    </div>\r\n  </div>\r\n</div>',1),(11,6,'info','<div class=\"panel panel-info\">\n  [<div class=\"panel-heading\"><h3 class=\"panel-title\">title</h3> </div>]\n  <div class=\"panel-body\">\n    [content]\n  </div>\n</div>',1),(12,6,'default','<div class=\"panel panel-default\">\r\n  [<div class=\"panel-heading\"><h3 class=\"panel-title\">title</h3> </div>]\r\n  <div class=\"panel-body\">\r\n    [content]\r\n  </div>\r\n</div>',1),(13,6,'none','[title][content]',1),(14,6,'banner','<div class=\"banner\">\n[title][content]\n</div>',1),(15,6,'search','<div class=\"block_search\">\n[<label>title</label>][content]\n</div>',1),(16,6,'menu side','<div class=\"block_menu_side\">\n[<h3>title</h3>][content]\n</div>',1),(17,2,'none','[title][content]',1),(18,2,'search','<div class=\"block_search\">\r\n[<label>title</label>][content]\r\n</div>',1),(19,2,'menu top','<div class=\"block_menu_top\">\r\n  <div class=\"navbar navbar-default\" role=\"navigation\">\r\n    <div class=\"navbar-header\">\r\n      <button type=\"button\" class=\"navbar-toggle\" data-toggle=\"collapse\" data-target=\".navbar-collapse\">\r\n        <span class=\"icon-bar\"></span>\r\n        <span class=\"icon-bar\"></span>\r\n        <span class=\"icon-bar\"></span>\r\n      </button>\r\n      [<a class=\"navbar-brand\" href=\"/\">title</a>]\r\n    </div>\r\n    <div class=\"collapse navbar-collapse\">\r\n        [content]\r\n    </div>\r\n  </div>\r\n</div>',1),(20,2,'info','<div class=\"panel panel-info\">\r\n  [<div class=\"panel-heading\"><h3 class=\"panel-title\">title</h3> </div>]\r\n  <div class=\"panel-body\">\r\n    [content]\r\n  </div>\r\n</div>',1),(21,2,'default','<div class=\"panel panel-default\">\r\n  [<div class=\"panel-heading\"><h3 class=\"panel-title\">title</h3> </div>]\r\n  <div class=\"panel-body\">\r\n    [content]\r\n  </div>\r\n</div>',1),(22,3,'none','[title][content]',1),(23,3,'search','<div class=\"block_search\">\r\n[<label>title</label>][content]\r\n</div>',1),(24,3,'banner','<div class=\"banner\">\r\n[title][content]\r\n</div>',1),(25,3,'info','<div class=\"panel panel-info\">\r\n  [<div class=\"panel-heading\"><h3 class=\"panel-title\">title</h3> </div>]\r\n  <div class=\"panel-body\">\r\n    [content]\r\n  </div>\r\n</div>',1),(26,3,'default','<div class=\"panel panel-default\">\r\n  [<div class=\"panel-heading\"><h3 class=\"panel-title\">title</h3> </div>]\r\n  <div class=\"panel-body\">\r\n    [content]\r\n  </div>\r\n</div>',1),(27,4,'none','[title][content]',1),(28,4,'accountant style','<div class=\"accountant_style\">\r\n[<h3>title</h3>][content]\r\n</div>',1),(29,4,'search','<div class=\"block_search\">\r\n[<label>title</label>][content]\r\n</div>',1),(30,4,'top menu','<div class=\"block_menu_top\">\r\n  <nav class=\"navbar navbar-default\" role=\"navigation\">\r\n    <div class=\"navbar-header\">\r\n      <button type=\"button\" class=\"navbar-toggle\" data-toggle=\"collapse\" data-target=\".navbar-menu-top\">\r\n        <span class=\"icon-bar\"></span>\r\n        <span class=\"icon-bar\"></span>\r\n        <span class=\"icon-bar\"></span>\r\n      </button>\r\n      [<a class=\"navbar-brand\" href=\"\">title</a>]\r\n    </div>\r\n    <div class=\"collapse navbar-collapse navbar-menu-top\">\r\n      [content]\r\n    </div>\r\n  </nav>\r\n</div>',1),(31,5,'none','[title][content]',1),(32,5,'dark','<div class=\"dark_panel\">\r\n  <h3>[title]</h3>\r\n  [content]\r\n</div>',1),(33,5,'nav','<nav class=\"navbar navbar-default\" role=\"navigation\">\r\n  <div class=\"navbar-header\">\r\n    <button type=\"button\" class=\"navbar-toggle\" data-toggle=\"collapse\" data-target=\".navbar-menu-top\">\r\n      <span class=\"icon-bar\"></span>\r\n      <span class=\"icon-bar\"></span>\r\n      <span class=\"icon-bar\"></span>\r\n    </button>\r\n    [<a class=\"navbar-brand\" href=\"\">title</a>]\r\n  </div>\r\n  <div class=\"collapse navbar-collapse navbar-menu-top\">\r\n    [content]\r\n  </div>\r\n</nav>',1),(34,5,'menu_bottom','<div class=\"nav_bottom\">\r\n  [content]\r\n</div>',1),(35,5,'dark_img','<div class=\"dark_img\">\r\n  [content]\r\n</div>',1),(36,5,'search','<div class=\"search\">\r\n  [content]\r\n</div>',1),(37,7,'none','[title][content]',1);
DROP TABLE IF EXISTS `bbc_config`;
CREATE TABLE `bbc_config` (
  `id` int(255) NOT NULL AUTO_INCREMENT,
  `module_id` int(255) NOT NULL DEFAULT '0',
  `name` varchar(25) DEFAULT NULL,
  `params` text,
  PRIMARY KEY (`id`),
  KEY `module_id` (`module_id`) USING BTREE,
  KEY `name` (`name`) USING BTREE
) ENGINE=InnoDB AUTO_INCREMENT=21 DEFAULT CHARSET=utf8;

INSERT INTO `bbc_config` VALUES (1,0,'site','{\"title\":\"Demo+e-profile+untuk+Company+Profile%2C+Design+tampilan+bisa+diubah+sesuai+permintaan\",\"desc\":\"Ini+adalah+web-demo+bagi+anda+yang+ingin+membuat+Profile+Perusahaan+secara+online.+Anda+bisa+menentukan+sendiri+tampilan+design+dari+web+mengikuti+permintaan+anda\",\"keyword\":\"web+murah%2C+web+berkualitas%2C+demo+e-profile%2C+web+ilustrasi+untuk+coorperate%2C+contoh+web+profile\",\"url\":\"school.lc\",\"icon\":\"favicon.ico\",\"logo\":\"home.png\",\"footer\":\"Copyright+%26copy%3B+2010+E-Profile+Enterprise+-+All+rights+reserved.+Powered+by+%3Ca+href%3D%22http%3A%2F%2Fesoftplay.com%2F%22%3Eesoftplay.com%3C%2Fa%3E\",\"debug\":\"0\"}'),(2,0,'logged','{\"duration\":\"2\",\"period\":\"HOUR\",\"duration_admin\":\"2\",\"period_admin\":\"HOUR\",\"method_admin\":\"0\"}'),(3,0,'activation','{\"html\":\"ini+adalah+licensi+dari+fisip.net+%2F+silahka+diubah+sesukanya..%3Cbr+%2F%3E\",\"active\":\"1\"}'),(4,0,'rules','{\"content_max\":\"1000\",\"content_date\":\"M+jS%2C+Y+H%3Ai%3As\",\"content_rss\":\"12\",\"num_rows\":\"30\",\"register_auto\":\"1\",\"register_expired\":\"6\",\"register_monitor\":\"1\",\"register_groups\":[\"4\"],\"disable_user_del\":\"0\",\"lang_default\":\"1\",\"lang_auto\":\"0\",\"permitted_uri\":\"a-z0-9%7E%25%5C.%3A_%5C-\",\"uri_separator\":\"-\"}'),(5,0,'email','{\"name\":\"E-Profile\",\"address\":\"tmp%40fisip.net\",\"subject\":\"%5Be-profile%5D\",\"footer\":\"Hormat+Kami%2C%0D%0AAdministrator\"}'),(6,0,'template','\"school\"'),(7,3,'search','{\"from\":\"1\",\"module\":\"0\",\"per_page\":\"12\"}'),(8,4,'entry','{\"groups\":[\"4\"],\"auto\":\"1\",\"alert\":\"1\",\"address\":\"\",\"delete\":\"1\",\"type_id\":\"1\",\"show_cat\":\"1\",\"tot\":\"12\",\"animated\":\"0\",\"orderby\":\"4\"}'),(9,4,'detail','{\"template\":\"detail.html.php\",\"title\":\"1\",\"created\":\"1\",\"modified\":\"1\",\"author\":\"1\",\"tag\":\"1\",\"tag_link\":\"1\",\"rating\":\"1\",\"rating_vote\":\"1\",\"thumbsize\":\"250\",\"comment\":\"1\",\"comment_auto\":\"1\",\"comment_list\":\"9\",\"comment_form\":\"1\",\"comment_emoticons\":\"1\",\"comment_spam\":\"0\",\"comment_email\":\"1\",\"pdf\":\"1\",\"print\":\"1\",\"email\":\"1\",\"share\":\"1\"}'),(10,4,'list','{\"template\":\"list.html.php\",\"title\":\"1\",\"title_link\":\"1\",\"intro\":\"1\",\"created\":\"1\",\"modified\":\"1\",\"author\":\"1\",\"tag\":\"1\",\"tag_link\":\"1\",\"rating\":\"1\",\"read_more\":\"1\",\"tot_list\":\"12\",\"thumbnail\":\"1\"}'),(11,4,'manage','{\"webtype\":\"1\",\"image_size\":\"800\",\"images\":\"none.gif\",\"is_nested\":\"0\",\"cat_img\":\"1\",\"disqus\":\"fisipnet\"}'),(12,4,'frontpage','{\"auto\":\"0\",\"title\":\"1\",\"title_link\":\"1\",\"intro\":\"0\",\"created\":\"0\",\"modified\":\"0\",\"author\":\"0\",\"tag\":\"0\",\"tag_link\":\"0\",\"rating\":\"0\",\"read_more\":\"0\",\"tot_list\":\"1\",\"thumbnail\":\"1\"}'),(14,6,'form','{\"email\":\"\",\"address\":\"CONTOH+ALAMAT%26nbsp%3BPERUSAHAAN%26nbsp%3BANDA%3Cbr+%2F%3E%0D%0AJl.+Pedakbaru+425C+Gowok%3Cbr+%2F%3E%0D%0Abaguntapan%2C+Bantul%2C+Yogyakarta.%3Cbr+%2F%3E%0D%0ATelp%3A+%280274%29+XXXXX%3Cbr+%2F%3E%0D%0AEmail%3A+XXXXXXXX%3Cbr+%2F%3E%0D%0A%3Cbr+%2F%3E\"}'),(15,6,'widget','{\"auto_check\":\"1\",\"ym_show\":\"5\",\"icon\":\"1\",\"name\":\"1\",\"address\":\"0\"}'),(18,7,'guestbook','{\"alert\":\"1\",\"email\":\"\",\"approved\":\"1\",\"tot\":\"12\",\"avatar\":\"1\",\"animated\":\"1\",\"orderby\":\"1\"}'),(19,9,'main','{\"template\":\"\",\"noreentry\":\"1\",\"publish\":\"1\",\"alert\":\"1\",\"email\":\"\"}'),(20,10,'testimonial','{\"alert\":\"1\",\"email\":\"\",\"approved\":\"1\",\"tot\":\"12\",\"avatar\":\"1\",\"animated\":\"0\",\"orderby\":\"1\"}');
DROP TABLE IF EXISTS `bbc_content`;
CREATE TABLE `bbc_content` (
  `id` int(255) unsigned NOT NULL AUTO_INCREMENT,
  `par_id` int(255) DEFAULT '0',
  `type_id` int(255) NOT NULL DEFAULT '0',
  `kind_id` int(1) DEFAULT '0' COMMENT '0=content, 1=gallery, 2=download, 3=video, 4=audio',
  `file` varchar(255) DEFAULT NULL,
  `file_url` varchar(255) DEFAULT NULL,
  `file_format` varchar(12) DEFAULT NULL,
  `file_type` int(1) DEFAULT '0' COMMENT '0=local file, 1=tirth party file',
  `file_register` tinyint(1) DEFAULT '0' COMMENT '0=free download, 1=must register',
  `file_hit` int(255) DEFAULT '0',
  `file_hit_time` datetime DEFAULT '0000-00-00 00:00:00',
  `file_hit_ip` varchar(25) DEFAULT NULL,
  `video` varchar(255) DEFAULT NULL,
  `audio` varchar(255) DEFAULT NULL,
  `image` varchar(255) DEFAULT NULL,
  `caption` varchar(255) DEFAULT NULL,
  `images` text,
  `created` datetime DEFAULT NULL,
  `created_by` int(255) DEFAULT NULL,
  `created_by_alias` varchar(255) NOT NULL,
  `modified` datetime DEFAULT NULL,
  `modified_by` int(255) DEFAULT NULL,
  `revised` int(11) DEFAULT '0',
  `privilege` varchar(255) DEFAULT ',all,' COMMENT 'all=any user, 1 >= user group (bbc_user_group.id)',
  `hits` int(255) unsigned DEFAULT '0',
  `rating` varchar(255) DEFAULT '0',
  `last_hits` datetime NOT NULL DEFAULT '0000-00-00 00:00:00',
  `is_popimage` tinyint(1) NOT NULL DEFAULT '0',
  `is_front` tinyint(1) NOT NULL DEFAULT '0',
  `is_config` tinyint(1) DEFAULT '0',
  `config` text NOT NULL,
  `publish` tinyint(1) NOT NULL DEFAULT '1',
  PRIMARY KEY (`id`),
  KEY `created_by` (`created_by`) USING BTREE,
  KEY `is_front` (`is_front`) USING BTREE,
  KEY `kind_id` (`kind_id`) USING BTREE,
  KEY `par_id` (`par_id`) USING BTREE,
  KEY `publish` (`publish`) USING BTREE,
  KEY `type_id` (`type_id`) USING BTREE,
  FULLTEXT KEY `title` (`caption`,`created_by_alias`)
) ENGINE=InnoDB AUTO_INCREMENT=39 DEFAULT CHARSET=utf8;

INSERT INTO `bbc_content` VALUES (1,0,1,0,'','','',0,0,0,'0000-00-00 00:00:00','','','','home-page.jpg','','','2016-05-04 03:11:39',1,'Administrator','2016-05-04 03:11:39',1,16,',all,',604,'0,0,1,2,0','2024-02-23 03:25:44',1,1,0,'',1),(2,0,1,1,'','','',0,0,0,'0000-00-00 00:00:00','','','','images/modules/content/2/alam-6.jpg','','[{\"image\":\"alam-6.jpg\",\"title\":\"\",\"description\":\"\"},{\"image\":\"alam-5.jpg\",\"title\":\"\",\"description\":\"\"},{\"image\":\"alam-4.jpg\",\"title\":\"\",\"description\":\"\"},{\"image\":\"alam-3.jpg\",\"title\":\"\",\"description\":\"\"},{\"image\":\"alam-2.jpg\",\"title\":\"\",\"description\":\"\"},{\"image\":\"alam-1.jpg\",\"title\":\"\",\"description\":\"\"}]','2016-05-04 03:11:39',1,'Administrator','2016-05-04 03:11:39',1,8,',all,',313,'0','2024-02-03 13:58:49',1,0,0,'',1),(3,0,1,1,'','','',0,0,0,'0000-00-00 00:00:00','','','','images/modules/content/3/art-2.jpg','','[{\"image\":\"art-2.jpg\",\"title\":\"\",\"description\":\"\"},{\"image\":\"art-6.jpg\",\"title\":\"\",\"description\":\"\"},{\"image\":\"art-5.jpg\",\"title\":\"\",\"description\":\"\"},{\"image\":\"art-4.jpg\",\"title\":\"\",\"description\":\"\"},{\"image\":\"art-3.jpg\",\"title\":\"\",\"description\":\"\"},{\"image\":\"art-1.jpg\",\"title\":\"\",\"description\":\"\"}]','2016-05-04 03:11:39',1,'Administrator','2016-05-04 03:11:39',1,6,',all,',40,'0','2024-02-02 17:00:43',1,0,0,'',1),(4,0,1,1,'','','',0,0,0,'0000-00-00 00:00:00','','','','images/modules/content/4/drone-6.jpg','','[{\"image\":\"drone-6.jpg\",\"title\":\"\",\"description\":\"\"},{\"image\":\"drone-5.jpg\",\"title\":\"\",\"description\":\"\"},{\"image\":\"drone-4.jpg\",\"title\":\"\",\"description\":\"\"},{\"image\":\"drone-3.jpg\",\"title\":\"\",\"description\":\"\"},{\"image\":\"drone-2.jpg\",\"title\":\"\",\"description\":\"\"},{\"image\":\"drone-1.jpg\",\"title\":\"\",\"description\":\"\"}]','2016-05-04 03:11:39',1,'Administrator','2016-05-04 03:11:39',1,10,',all,',313,'0','2024-02-03 14:41:33',0,0,0,'',1),(5,0,1,2,'sample_document.docx','','word',0,0,3,'2016-05-03 21:08:25','127.0.0.1','','','sample-download-file-satu.jpg','','','2016-05-04 03:11:39',1,'Administrator','2016-05-04 03:11:39',1,8,',all,',45,'0','2016-05-25 00:06:05',1,0,0,'',1),(6,0,1,2,'sample_document.xlsx','','excel',0,0,2,'2016-05-03 21:08:09','127.0.0.1','','','sample-download-file-dua.jpg','','','2016-05-04 03:11:39',1,'Administrator','2016-05-04 03:11:39',1,10,',all,',56,'0','2019-06-14 08:24:55',0,0,0,'',1),(7,0,1,2,'sample_document.pptx','','powerpoint',0,1,0,'0000-00-00 00:00:00','','','','sample-download-file-tiga.jpg','','','2016-05-04 03:11:39',1,'Administrator','2016-05-04 03:11:39',1,13,',all,',355,'0,1,0,1,0','2019-07-04 22:32:15',1,0,0,'',1),(8,0,1,3,'','','',0,0,0,'0000-00-00 00:00:00','','u_orGF2zM5o','','http://i2.ytimg.com/vi/u_orGF2zM5o/0.jpg','','','2016-05-04 03:11:39',1,'Administrator','2016-05-04 03:11:39',1,9,',all,',258,'0','2016-05-25 00:06:22',1,0,0,'',1),(9,0,1,3,'','','',0,0,0,'0000-00-00 00:00:00','','qREKP9oijWI','','http://i2.ytimg.com/vi/qREKP9oijWI/0.jpg','','','2016-05-04 03:11:39',1,'Administrator','2016-05-04 03:11:39',1,7,',all,',294,'0','2016-05-25 00:06:10',1,0,0,'',1),(10,0,1,3,'','','',0,0,0,'0000-00-00 00:00:00','','-dNp7DQJMP8','','http://i2.ytimg.com/vi/-dNp7DQJMP8/0.jpg','','','2016-05-04 03:11:39',1,'Administrator','2016-05-04 03:11:39',1,7,',all,',423,'0','2024-02-27 05:49:35',1,0,0,'',1),(11,0,1,4,'','','',0,0,0,'0000-00-00 00:00:00','','','87616772','https://i1.sndcdn.com/artworks-000045363067-gy0gm1-t500x500.jpg','','','2016-05-04 03:11:39',1,'Administrator','2016-05-04 03:11:39',1,12,',all,',301,'0','2016-05-25 00:06:15',1,0,0,'',1),(12,0,1,4,'','','',0,0,0,'0000-00-00 00:00:00','','','62576046','https://i1.sndcdn.com/artworks-000031744302-0730nk-t500x500.jpg','','','2016-05-04 03:11:39',1,'Administrator','2016-05-04 03:11:39',1,14,',all,',308,'0','2016-05-03 21:07:17',1,0,0,'',1),(13,0,1,4,'','','',0,0,0,'0000-00-00 00:00:00','','','24600650','https://i1.sndcdn.com/artworks-000012244956-xfjnke-t500x500.jpg','','','2016-05-04 03:11:39',1,'Administrator','2016-05-04 03:11:39',1,7,',all,',290,'0','2016-05-25 00:05:15',1,0,0,'',1),(14,0,1,0,'','','',0,0,0,'0000-00-00 00:00:00','','','','penandatanganan-bantuan-kapal-penyebrangan.jpg','Contrary to popular belief, Lorem Ipsum is not simply random text. It has roots in a piece of classical Latin literature from 45 BC','','2016-05-04 03:11:39',1,'Administrator','2016-05-04 03:11:39',1,12,',all,',284,'0','2019-06-14 08:25:30',1,0,0,'',1),(15,0,1,0,'','','',0,0,0,'0000-00-00 00:00:00','','','','merevitalisasi-sektor-pelayaran.jpg','','','2016-05-04 03:11:39',1,'Administrator','2016-05-04 03:11:39',1,7,',all,',343,'0,0,0,0,1','2024-02-13 00:22:45',0,0,0,'',1),(16,0,1,0,'','','',0,0,0,'0000-00-00 00:00:00','','','','transportasi-yang-efisien.jpg','','','2016-05-04 03:11:39',1,'Administrator','2016-05-04 03:11:39',1,6,',all,',381,'0','2015-09-03 02:36:44',1,0,0,'',1),(17,0,1,0,'','','',0,0,0,'0000-00-00 00:00:00','','','','8-langkah-hindari-kehilangan-mobil.jpg','','','2016-05-04 03:11:39',1,'Administrator','2016-05-04 03:11:39',1,8,',all,',404,'0','2016-04-15 18:49:19',0,0,0,'',1),(18,0,1,0,'','','',0,0,0,'0000-00-00 00:00:00','','','','indahnya-indonesia-dengan-menyelam.jpg','','','2016-05-04 03:11:39',1,'Administrator','2016-05-04 03:11:39',1,5,',all,',307,'0','2016-04-15 18:49:16',0,0,0,'',1),(19,0,1,0,'','','',0,0,0,'0000-00-00 00:00:00','','','','bertahan-dengan-inovasi.jpg','','','2016-05-04 03:11:39',1,'Administrator','2016-05-04 03:11:39',1,8,',all,',228,'0','2016-05-03 17:01:41',1,0,0,'',1),(20,0,1,0,'','','',0,0,0,'0000-00-00 00:00:00','','','','optimis-melangkah-ditahun-depan.jpg','','','2016-05-04 03:11:39',1,'Administrator','2016-05-04 03:11:39',1,8,',all,',367,'0,0,0,1,0','2015-09-03 04:57:43',1,0,0,'',1),(21,0,1,0,'','','',0,0,0,'0000-00-00 00:00:00','','','','bisnis-penyeberangan-potensi-yang-terabaikan.jpg','','','2016-05-04 03:11:39',1,'Administrator','2016-05-04 03:11:39',1,6,',all,',244,'0','2015-05-20 08:54:49',1,0,0,'',1),(22,0,1,0,'','','',0,0,0,'0000-00-00 00:00:00','','','','dukung-konektivitas-asean.jpg','','','2016-05-04 03:11:39',1,'Administrator','2016-05-04 03:11:39',1,6,',all,',658,'1,0,0,1,1','2024-03-12 12:58:33',0,0,0,'',1),(23,0,1,0,'','','',0,0,0,'0000-00-00 00:00:00','','','','tantangan-transportasi-di-kota-1001-gua.jpg','','','2016-05-04 03:11:39',1,'Administrator','2016-05-04 03:11:39',1,5,',all,',494,'0','2016-04-15 18:53:06',1,0,0,'',1),(24,0,1,0,'','','',0,0,0,'0000-00-00 00:00:00','','','','keselamatan-harus-jadi-icon.jpg','','','2016-05-04 03:11:39',1,'Administrator','2016-05-04 03:11:39',1,15,',all,',395,'0,0,0,0,1','2024-02-23 21:14:25',1,0,0,'',1),(25,0,1,0,'','','',0,0,0,'0000-00-00 00:00:00','','','','tingkatkan-pengawasan-perairan-kkp-akan-perkuat-dengan-kapal-induk.jpg','','','2016-05-04 03:11:39',1,'Administrator','2016-05-04 03:11:39',1,7,',all,',43,'0','2011-11-24 02:41:35',1,0,0,'',1),(26,0,1,0,'','','',0,0,0,'0000-00-00 00:00:00','','','','gencar-tertibkan-knalpot-bising-ratusan-motor-dipretelin-polisi.jpg','','','2016-05-04 03:11:39',1,'Administrator','2016-05-04 03:11:39',1,5,',all,',40,'0','2024-02-02 00:26:28',1,0,0,'',1),(27,0,1,0,'','','',0,0,0,'0000-00-00 00:00:00','','','','quo-vadis-perkeretaapian-nasional.jpg','','','2016-05-04 03:11:39',1,'Administrator','2016-05-04 03:11:39',1,6,',all,',40,'0','2024-02-20 21:44:28',1,0,0,'',1),(28,0,1,0,'','','',0,0,0,'0000-00-00 00:00:00','','','','mrt-jadi-pertaruhan.jpg','','','2016-05-04 03:11:39',1,'Administrator','2016-05-04 03:11:39',1,4,',all,',33,'0','2011-04-25 13:07:36',1,0,0,'',1),(29,0,1,0,'','','',0,0,0,'0000-00-00 00:00:00','','','','meneropong-redesign-juanda.jpg','','','2016-05-04 03:11:39',1,'Administrator','2016-05-04 03:11:39',1,4,',all,',40,'0','2011-04-25 13:08:38',1,0,0,'',1),(30,0,1,0,'','','',0,0,0,'0000-00-00 00:00:00','','','','apa-kabar-sistranas.jpg','','','2016-05-04 03:11:39',1,'Administrator','2016-05-04 03:11:39',1,3,',all,',41,'0','2011-04-25 13:09:44',1,0,0,'',1),(31,0,1,0,'','','',0,0,0,'0000-00-00 00:00:00','','','','konektivitas-nusantara.jpg','','','2016-05-04 03:11:39',1,'Administrator','2016-05-04 03:11:39',1,18,',all,',40,'0','2011-04-25 13:09:53',1,0,0,'',1),(32,0,1,0,'','','',0,0,0,'0000-00-00 00:00:00','','','','membumikan-transportasi-ke-ranah-lokal.jpg','','','2016-05-04 03:11:39',1,'Administrator','2016-05-04 03:11:39',1,5,',all,',117,'0','2016-04-16 04:03:32',0,0,0,'',0),(33,0,1,0,'','','',0,0,0,'0000-00-00 00:00:00','','','','nikmat-teh-di-pasar-terapung.jpg','','','2016-05-04 03:11:39',1,'Administrator','2016-05-04 03:11:39',1,7,',all,',314,'0','2016-04-15 23:24:10',1,0,0,'',1),(34,0,1,0,'','','',0,0,0,'0000-00-00 00:00:00','','','','tol-semakin-dikebut.jpg','','','2016-05-04 03:11:39',1,'Administrator','2016-05-04 03:11:39',1,12,',all,',389,'0','2012-03-15 02:57:55',1,0,0,'',1),(35,0,1,0,'','','',0,0,0,'0000-00-00 00:00:00','','','','dermaga-batubara-terbesar.jpg','','','2016-05-04 03:11:39',1,'Administrator','2016-05-04 03:11:39',1,5,',all,',324,'0','2024-03-08 16:50:49',0,0,0,'',1),(36,0,1,0,'','','',0,0,0,'0000-00-00 00:00:00','','','','belawan-terus-berbenah.jpg','','','2016-05-04 03:11:39',1,'Administrator','2016-05-04 03:11:39',1,10,',all,',410,'0','2024-02-11 15:37:42',1,0,0,'',1),(37,0,1,0,'','','',0,0,0,'0000-00-00 00:00:00','','','','pasar-perintis-kian-seksi.jpg','','','2016-05-04 03:11:39',1,'Administrator','2016-05-04 03:11:39',1,17,',all,',211,'0','2018-10-24 07:19:44',1,0,0,'',1),(38,0,1,0,'','','',0,0,0,'0000-00-00 00:00:00','','','','garuda-buka-rute-surabaya-jeddah.jpg','','','2016-05-04 03:11:39',1,'Administrator','2016-05-21 16:46:21',1,53,',all,',190,'0,0,0,1,0','2024-03-09 10:29:47',1,0,0,'',1);
DROP TABLE IF EXISTS `bbc_content_ad`;
CREATE TABLE `bbc_content_ad` (
  `id` int(11) unsigned NOT NULL AUTO_INCREMENT,
  `cat_id` int(11) DEFAULT '0' COMMENT 'based on bbc_content_cat',
  `type_id` tinyint(1) DEFAULT '0' COMMENT '0=logo n text, 1=banner, 2=text Only',
  `image` varchar(255) DEFAULT NULL,
  `title` varchar(255) DEFAULT NULL,
  `link` varchar(255) DEFAULT NULL,
  `hit` int(11) DEFAULT '0' COMMENT 'how many time ad had been clicked',
  `hit_last` datetime DEFAULT '0000-00-00 00:00:00',
  `created` datetime DEFAULT '0000-00-00 00:00:00',
  `updated` datetime DEFAULT '0000-00-00 00:00:00',
  `displayed` datetime DEFAULT '0000-00-00 00:00:00',
  `expire` tinyint(1) DEFAULT '0' COMMENT '1=use expire time, 0=unlimited time of use',
  `expire_date` date DEFAULT '0000-00-00',
  `active` tinyint(1) DEFAULT '1',
  PRIMARY KEY (`id`),
  KEY `active` (`active`) USING BTREE,
  KEY `cat_id` (`cat_id`) USING BTREE,
  KEY `expire` (`expire`) USING BTREE,
  KEY `expire_time` (`expire_date`) USING BTREE,
  KEY `hit` (`hit`) USING BTREE
) ENGINE=InnoDB DEFAULT CHARSET=utf8;

DROP TABLE IF EXISTS `bbc_content_cat`;
CREATE TABLE `bbc_content_cat` (
  `id` int(255) NOT NULL AUTO_INCREMENT,
  `par_id` int(255) DEFAULT '0',
  `type_id` int(255) NOT NULL DEFAULT '0',
  `image` varchar(255) DEFAULT NULL,
  `is_config` tinyint(1) DEFAULT '0',
  `config` text,
  `publish` tinyint(1) DEFAULT '0',
  PRIMARY KEY (`id`),
  KEY `publish` (`publish`) USING BTREE,
  KEY `type_id` (`type_id`) USING BTREE
) ENGINE=InnoDB AUTO_INCREMENT=10 DEFAULT CHARSET=utf8;

INSERT INTO `bbc_content_cat` VALUES (1,0,1,'1151210920.png',0,'',1),(2,0,1,'936556321.png',1,'{\"template\":\"list-grid3.html.php\",\"title\":\"1\",\"title_link\":\"1\",\"intro\":\"1\",\"created\":\"0\",\"modified\":\"0\",\"author\":\"0\",\"tag\":\"0\",\"tag_link\":\"0\",\"rating\":\"0\",\"read_more\":\"0\",\"tot_list\":\"12\",\"thumbnail\":\"1\"}',1),(3,0,1,'808535225.png',0,'',1),(4,0,1,'2122945692.png',0,'',1),(5,0,1,'277845280.png',0,'',1),(6,0,1,'1685082208.png',0,'',1),(7,6,1,'1089586799.png',0,'',1),(8,6,1,'1049295436.png',0,'',1),(9,6,1,'25760023.png',0,'',1);
DROP TABLE IF EXISTS `bbc_content_cat_text`;
CREATE TABLE `bbc_content_cat_text` (
  `cat_id` int(255) NOT NULL DEFAULT '0',
  `title` varchar(255) DEFAULT NULL,
  `description` varchar(255) DEFAULT NULL,
  `keyword` varchar(255) DEFAULT NULL,
  `lang_id` int(255) NOT NULL DEFAULT '0',
  KEY `cat_id` (`cat_id`) USING BTREE,
  KEY `lang_id` (`lang_id`) USING BTREE,
  FULLTEXT KEY `title` (`title`,`description`,`keyword`)
) ENGINE=InnoDB DEFAULT CHARSET=utf8;

INSERT INTO `bbc_content_cat_text` VALUES (1,'Article','','',1),(2,'Gallery','','',1),(3,'Download','','',1),(4,'Videos','','',1),(5,'Sound Audio','','',1),(6,'Berita','','',1),(7,'Relaxing','','',1),(8,'Information','','',1),(9,'Hot List','','',1);
DROP TABLE IF EXISTS `bbc_content_category`;
CREATE TABLE `bbc_content_category` (
  `category_id` int(255) NOT NULL AUTO_INCREMENT,
  `content_id` int(255) NOT NULL DEFAULT '0',
  `cat_id` int(255) NOT NULL DEFAULT '0',
  `pruned` tinyint(1) NOT NULL DEFAULT '0',
  `active` tinyint(1) DEFAULT '1',
  PRIMARY KEY (`category_id`),
  KEY `active` (`active`) USING BTREE,
  KEY `cat_id` (`cat_id`) USING BTREE,
  KEY `content_id` (`content_id`) USING BTREE,
  KEY `pruned` (`pruned`) USING BTREE
) ENGINE=InnoDB AUTO_INCREMENT=111 DEFAULT CHARSET=utf8;

INSERT INTO `bbc_content_category` VALUES (1,2,2,0,1),(2,2,6,0,1),(3,2,7,0,1),(4,3,2,0,1),(5,3,6,0,1),(6,3,8,0,1),(7,4,2,0,1),(8,4,6,0,1),(9,4,8,0,1),(10,5,3,0,1),(11,5,6,0,1),(12,5,7,0,1),(13,6,3,0,1),(14,6,6,0,1),(15,6,8,0,1),(16,7,3,0,1),(17,7,6,0,1),(18,7,8,0,1),(19,8,4,0,1),(20,8,6,0,1),(21,8,8,0,1),(22,9,4,0,1),(23,9,6,0,1),(24,9,8,0,1),(25,10,4,0,1),(26,10,6,0,1),(27,10,8,0,1),(28,11,5,0,1),(29,11,6,0,1),(30,11,7,0,1),(31,12,5,0,1),(32,12,6,0,1),(33,12,7,0,1),(34,13,5,0,1),(35,13,6,0,1),(36,13,8,0,1),(37,14,1,0,1),(38,14,6,0,1),(39,14,9,0,1),(40,15,1,0,1),(41,15,6,0,1),(42,15,7,0,1),(43,16,1,0,1),(44,16,6,0,1),(45,16,8,0,1),(46,17,1,0,1),(47,17,7,0,1),(48,18,1,0,1),(49,18,6,0,1),(50,18,8,0,1),(51,19,1,0,1),(52,19,6,0,1),(53,19,9,0,1),(54,20,1,0,1),(55,20,6,0,1),(56,20,9,0,1),(57,21,1,0,1),(58,21,6,0,1),(59,21,7,0,1),(60,22,1,0,1),(61,22,6,0,1),(62,22,8,0,1),(63,23,1,0,1),(64,23,6,0,1),(65,23,8,0,1),(66,24,1,0,1),(67,24,6,0,1),(68,24,9,0,1),(69,25,1,0,1),(70,25,6,0,1),(71,25,8,0,1),(72,26,1,0,1),(73,26,6,0,1),(74,26,7,0,1),(75,27,1,0,1),(76,27,6,0,1),(77,27,8,0,1),(78,28,1,0,1),(79,28,6,0,1),(80,28,9,0,1),(81,29,1,0,1),(82,29,6,0,1),(83,29,8,0,1),(84,30,1,0,1),(85,30,6,0,1),(86,30,9,0,1),(87,31,1,0,1),(88,31,6,0,1),(89,31,8,0,1),(90,32,1,0,1),(91,32,6,0,1),(92,32,9,0,1),(93,33,1,0,1),(94,33,6,0,1),(95,33,7,0,1),(96,34,1,0,1),(97,34,6,0,1),(98,34,8,0,1),(99,35,1,0,1),(100,35,6,0,1),(101,35,8,0,1),(102,36,1,0,1),(103,36,6,0,1),(104,36,9,0,1),(105,37,1,0,1),(106,37,6,0,1),(107,37,9,0,1),(108,38,1,0,1),(109,38,6,0,1),(110,38,8,0,1);
DROP TABLE IF EXISTS `bbc_content_comment`;
CREATE TABLE `bbc_content_comment` (
  `id` int(255) unsigned NOT NULL AUTO_INCREMENT,
  `par_id` int(11) DEFAULT '0',
  `user_id` int(11) DEFAULT '0',
  `reply_all` int(11) DEFAULT '0',
  `reply_on` int(11) DEFAULT '0',
  `content_id` int(255) unsigned DEFAULT NULL,
  `content_title` varchar(255) DEFAULT NULL,
  `name` varchar(255) DEFAULT NULL,
  `image` varchar(255) DEFAULT NULL,
  `email` varchar(255) DEFAULT NULL,
  `website` varchar(255) DEFAULT NULL,
  `content` text,
  `date` datetime DEFAULT NULL,
  `publish` tinyint(1) DEFAULT '0',
  PRIMARY KEY (`id`),
  KEY `content_id` (`content_id`) USING BTREE,
  KEY `par_id` (`par_id`) USING BTREE,
  KEY `publish` (`publish`) USING BTREE,
  KEY `reply_all` (`reply_all`) USING BTREE,
  KEY `reply_on` (`reply_on`) USING BTREE,
  KEY `user_id` (`user_id`) USING BTREE,
  FULLTEXT KEY `title` (`content_title`,`name`,`email`,`website`,`content`)
) ENGINE=InnoDB AUTO_INCREMENT=43 DEFAULT CHARSET=utf8;

INSERT INTO `bbc_content_comment` VALUES (1,0,0,0,0,14,'Sample Content Detail','yaya','http://graph.facebook.com/100005476120332/picture','melsa@yahoo.com','','kalo misal\'ny dari ank ips bisa tdk masuk ke perusahaan\nterimakasih','2010-10-10 19:06:31',1),(2,0,0,0,0,34,'Tol Semakin Dikebut','maya','http://graph.facebook.com/100001164127152/picture','maialail@yahoo.com','','bagaimana cara mendaftar & mendapatkan beasiswa disini??','2010-10-11 15:03:31',1),(3,0,0,0,0,14,'Sample Content Detail','Rizka Octa','http://graph.facebook.com/1259376413/picture','octa.rizka@yahoo.co.id','','kalau 5 semester berturut-turut nilai nya di atas 75 tapi tinggi nya tidak mencapai 150 apa tidak boleh masuk PERUSAHAAN ?\nterimakasih','2010-10-13 17:30:21',1),(4,0,0,0,0,14,'Sample Content Detail','nandha','http://graph.facebook.com/100000073777335/picture','nandafogbow@yahoo.com','','cara pendfatrannya langsung kkampusnya atau ada prasana lain?????','2010-10-15 11:34:18',1),(5,0,0,0,0,34,'Tol Semakin Dikebut','NANDHA','http://graph.facebook.com/100000073777335/picture','nandafogbow@yahoo.com','','cara untuk mendapatkan beasiswanya bagaimana yaa????','2010-10-15 11:46:32',1),(6,0,0,0,0,34,'Tol Semakin Dikebut','chris','http://graph.facebook.com/100000824915296/picture','christina_imuet@yahoo.com','','biayanya mahal banget ,,, ada biasiswa ngk??? n bagaimana caranya ndaftar  biasiswa n apa saja syarat-syarat nya.................?','2010-10-16 11:58:31',1),(7,0,0,0,0,23,'Tantangan Transportasi di Kota 1001 Gua','Dea','http://graph.facebook.com/100000920641908/picture','dhea_imutz77@yahoo.com','http://www.perusahaan.ac.id','saya mau bertanya,akbid ini merupakan akbid Negri yang dikelola pemerintah atau swasta yang dikelola lembaga..\nmohon,penjelasannya\nterima kasih','2010-10-18 17:48:46',1),(8,0,0,0,0,14,'Sample Content Detail','endang','http://graph.facebook.com/100000477046097/picture','endangrokama@yahoo.co.id','','klu tinggi badan kurang dari 150 gmna? misal 148','2010-10-20 13:29:04',1),(9,0,0,0,0,34,'Tol Semakin Dikebut','dheena','http://graph.facebook.com/100001512649744/picture','dina_ikayanti@yahoo.com','','yang mau saya tanyakan adalah siapa saja yang berhak untuk mendapatkan beasiswa tersebut?\n','2010-10-20 18:20:02',0),(10,0,0,0,0,2,'Sample Gallery Satu','NANDHA','http://graph.facebook.com/100000073777335/picture','nandafogbow@yahoo.com','','rincian uang stiap semesternya ko gugh dtampilkan????\n.,dtampilkan donk','2010-10-20 18:32:12',1),(11,0,0,0,0,14,'Sample Content Detail','patricia','http://graph.facebook.com/1243958560/picture','lianpatriciabolung@yahoo.com','','batasan umur untuk masuk akademi ada ga sih?','2010-10-23 17:37:39',1),(12,0,0,0,0,14,'Sample Content Detail','iin','http://graph.facebook.com/100002248209591/picture','prettycure_31@ymail.com','','klo\' anak ips bsa msk gak?\nn ada tes tulisnya?\n','2010-10-24 14:06:51',1),(13,0,0,0,0,14,'Sample Content Detail','devi','http://graph.facebook.com/100001277183678/picture','cup_punk@rocketmail.com','','kalo smk nya jurusan pemasaran bisa gak.maksh','2010-10-29 11:17:44',1),(14,0,0,0,0,14,'Sample Content Detail','haryati purnama sari','http://graph.facebook.com/100001067155465/picture','haryatitoanugrah@rocketmail.com','','kalo smk jurusan akutansi bisa msuk gak?????\n','2010-11-03 19:47:19',1),(15,0,0,0,0,36,'Belawan Terus Berbenah','lusiana','http://graph.facebook.com/100001659436537/picture','cicilusiana@ymail.com','','bsa nggak..ijasah nya pkai paket C ?','2010-11-08 16:28:12',1),(16,0,0,0,0,2,'Sample Gallery Satu','Perusahaan','http://graph.facebook.com/100011328960689/picture','info@perusahaan.ac.id','','@Nanda: Kami memberikan informasi biaya via email berdasarkan permintaan. :)','2010-11-10 12:43:13',1),(17,0,0,0,0,34,'Tol Semakin Dikebut','Perusahaan','http://graph.facebook.com/100011328960689/picture','info@perusahaan.ac.id','','@Maya: Pendaftaran bisa dilakuan secara online (lihat menu sipenmaru) atau datang langsung ke kampus Perusahaan d.a. Jl. Parangtritis Km.6 Sewon.\n@All: untuk untuk mendapatkan beasiswa harus terdaftar dulu sebagai mahasiswa Perusahaan, setelah itu dilihat prestasi akademik mahasiswa yang bersangkutan.','2010-11-10 13:01:33',1),(18,0,0,0,0,36,'Belawan Terus Berbenah','Perusahaan','http://graph.facebook.com/100011328960689/picture','info@perusahaan.ac.id','','@Lusiana: Bisa ','2010-11-10 13:03:50',1),(19,0,0,0,0,23,'Tantangan Transportasi di Kota 1001 Gua','Perusahaan','http://graph.facebook.com/100011328960689/picture','info@perusahaan.ac.id','','@Dea: Perusahaan adalah lembaga swasta','2010-11-10 13:08:45',1),(20,0,0,0,0,1,'Home page','andi','http://graph.facebook.com/1685135329/picture','kak.andi@yahoo.com','','untuk alumni smk akuntansi bisa masuk apa tidak?','2010-11-12 16:17:58',1),(21,0,0,0,0,36,'Belawan Terus Berbenah','nandha','http://graph.facebook.com/100000073777335/picture','nandafogbow@yahoo.com','','kalo pndftran buat siswa baru yg angkatan 2011 kpan ya??trus bsa gugh persyaratan yg di inginkan untuk wilayah luar jawa kita kirim lewat pos??','2010-11-14 10:30:53',1),(23,0,0,0,0,23,'Tantangan Transportasi di Kota 1001 Gua','ghita','http://graph.facebook.com/100000167977393/picture','immuudt@yahoo.com','','perusahaan kapan bika PMB TA.2011/2012 ?','2010-11-16 12:05:40',1),(24,0,0,0,0,20,'Optimis Melangkah ditahun depan','fd','http://graph.facebook.com/100003509649001/picture','ap.fedri@yahoo.com','','program study nya apa saja.\nada S1 tidak?','2010-11-17 17:33:44',1),(25,0,0,0,0,14,'Sample Content Detail','tusi minasari','http://graph.facebook.com/100001636105240/picture','thoesiygemini@yahoo.co.id','','klo ank akntnsi bsa g msuk akbid,,?','2010-11-18 12:56:59',1),(26,0,0,0,0,14,'Sample Content Detail','tusi minasari','http://graph.facebook.com/100001636105240/picture','thoesiygemini@yahoo.co.id','','klo ank akntnsi bs g msuk akbid','2010-11-18 12:58:27',1),(27,0,0,0,0,14,'Sample Content Detail','wien','http://graph.facebook.com/100001721082833/picture','jelex_poenyakoe@yahoo.com','','kalau anak SMK dari akuntansi bisa gak ya?\nmakasih sblmnya','2010-11-18 21:04:56',1),(28,0,0,0,0,14,'Sample Content Detail','fithri','http://graph.facebook.com/100000110940380/picture','vich_zhuity@yahoo.com','','saya mau tanYa, tes kesehatan\'y meliputi apa aja sih?\ntrus kalau nilai 5 semester di ats 75 beneran cuma ikut tes kesehatan aja????','2010-11-20 15:54:51',1),(29,0,0,0,0,14,'Sample Content Detail','putri ','http://graph.facebook.com/100000134050510/picture','may_ang21@yahoo.co.id','','apa tidak disediakan S1?','2010-11-20 20:24:48',1),(30,0,0,0,0,23,'Tantangan Transportasi di Kota 1001 Gua','nur','http://graph.facebook.com/100000215624909/picture','daimnh@gmail.com','','mohon minta rincian biaya pendidikan di perusahaan. kirim k email y . . .\nsaya ingin masuk akbid.','2010-11-21 10:59:41',1),(31,0,0,0,0,2,'Sample Gallery Satu','nandha','http://graph.facebook.com/100000073777335/picture','nandafogbow@yahoo.com','','alamat emailnya apa ya???\ntrus bagaimana dengan calon siswa baru yg berada d luar jawa??\napa bisa melalui pos ya?\napa ada no yg bisa di hub untuk konsultasi k perusahaan??','2010-11-22 17:17:44',1),(32,0,0,0,0,23,'Tantangan Transportasi di Kota 1001 Gua','eka','http://graph.facebook.com/100006096697514/picture','cha_muky@yahoo.com','','mau tanya pendaftaran dibuka kapan dan tolong minta rincian biayanya \nterimakasih','2010-11-23 16:03:20',1),(33,0,0,0,0,36,'Belawan Terus Berbenah','rindy','http://graph.facebook.com/100000302388141/picture','rfriezca@yahoo.com','','bwt pendaftarn tahun 2011\nkpn yah!!!!','2010-11-23 19:19:22',1),(34,0,0,0,0,10,'Sample Youtube Video Tiga','rahma','http://graph.facebook.com/100001533960031/picture','rahmaflayyer@yahoo.com','','kalau mahasiswanya tidak adrama, apakah diperbolehkan????','2010-11-26 11:22:36',1),(35,0,0,0,0,14,'Sample Content Detail','rahma','http://graph.facebook.com/100001533960031/picture','rahmaflayyer@yahoo.com','','ini dah bulan november...\npendaftaran masih buka kan????','2010-11-26 11:26:34',1),(36,0,0,0,0,35,'Dermaga Batubara Terbesar','Tuti','http://graph.facebook.com/100003894631547/picture','tutyclara@ymail.com','','umch bagus juga,,,,','2010-11-30 10:06:58',1),(37,0,0,0,0,14,'Sample Content Detail','lia','http://graph.facebook.com/100000083907730/picture','hakeshy_hatsuden@yahoo.co.id','',' =; maaf, saya lulusan smk pariwisata apakah bisa mendaftar?\nterimakasih.','2010-11-30 22:10:29',1),(38,0,0,0,0,36,'Belawan Terus Berbenah','mita','http://graph.facebook.com/100010192572668/picture','mita_kissing@yahoo.com','','apa gag ada saringan masuknya menggunakan PMDK????','2010-12-03 12:35:30',1),(39,0,0,0,0,34,'Tol Semakin Dikebut','hendrikawati ','http://graph.facebook.com/100002013531460/picture','rickacipoet@yahoo.com','','kapan nih penerimaan beasiswa diknas tahun 2010. 28 sept 2010 kemarin kan udah sosialisasi di diknas.. tapi kok lum ada juga pengumuman lagi. ten-temen yang dapat beasiswa pada bertnya-tanya ni.. :(( ','2010-12-04 17:44:10',1),(40,0,0,0,0,16,'Transportasi Yang Efisien','ajeng','http://graph.facebook.com/100000213226955/picture','ajen9m0et_morfabregas@yahoo.com','','sy mau tanya,apa akadibyo ini ada kerjasama dg Rumah sakit2? kira2 mana saja? n apakah lulusan akadibyo terjamin pkerjaannya? misalkan di transfer ke RS? Dan apakah ada program magang di rumah sakit?  sy mnta tolong di balas via email saja dan dikirimkan total biaya selama pendidikan. terimakasih','2010-12-09 20:23:09',1),(41,0,0,0,0,14,'Sample Content Detail','tusi','http://graph.facebook.com/100001636105240/picture','thoesiygemini@yahoo.co.id','','klo dr akuntansi bsa msuk akbid,, pa ujian tulisnya tetap sama','2010-12-15 12:59:29',1),(42,0,0,0,0,1,'Home page','Perusahaan','http://graph.facebook.com/100011328960689/picture','info@perusahaan.ac.id','','[ untuk alumni smk akuntansi bisa masuk apa tidak? ]\nOwh tentu saja bisa, perusahaan menerima semua jurusan untuk SMU atau sederajat.. :)','2011-03-23 13:59:17',1);
DROP TABLE IF EXISTS `bbc_content_registrant`;
CREATE TABLE `bbc_content_registrant` (
  `id` int(255) NOT NULL AUTO_INCREMENT,
  `content_id` int(255) NOT NULL,
  `name` varchar(120) NOT NULL,
  `email` varchar(120) NOT NULL,
  `phone` varchar(30) NOT NULL,
  `address` text NOT NULL,
  `created` datetime NOT NULL DEFAULT '0000-00-00 00:00:00',
  PRIMARY KEY (`id`),
  KEY `content_id` (`content_id`) USING BTREE,
  KEY `email` (`email`) USING BTREE
) ENGINE=InnoDB DEFAULT CHARSET=utf8;

DROP TABLE IF EXISTS `bbc_content_related`;
CREATE TABLE `bbc_content_related` (
  `id` int(255) NOT NULL AUTO_INCREMENT,
  `content_id` int(255) NOT NULL,
  `related_id` int(255) NOT NULL,
  PRIMARY KEY (`id`),
  KEY `content_id` (`content_id`) USING BTREE
) ENGINE=InnoDB AUTO_INCREMENT=69 DEFAULT CHARSET=utf8;

INSERT INTO `bbc_content_related` VALUES (1,22,31),(2,14,2),(3,14,3),(4,14,4),(5,14,5),(6,14,6),(7,4,2),(8,4,3),(9,4,7),(10,4,10),(11,4,13),(12,7,5),(13,7,6),(14,7,4),(15,7,10),(16,7,13),(17,6,5),(18,6,7),(19,6,2),(20,6,3),(21,6,4),(22,1,2),(23,1,3),(24,1,4),(25,1,5),(26,1,6),(27,37,33),(28,10,8),(29,10,9),(30,10,4),(31,10,7),(32,10,13),(33,2,3),(34,2,4),(35,2,5),(36,2,8),(37,2,11),(38,13,4),(39,13,7),(40,13,10),(41,13,11),(42,13,12),(43,5,6),(44,5,7),(45,5,2),(46,5,8),(47,5,11),(48,9,8),(49,9,10),(50,9,2),(51,9,3),(52,9,4),(53,11,2),(54,11,5),(55,11,8),(56,11,12),(57,11,13),(58,8,9),(59,8,10),(60,8,2),(61,8,5),(62,8,11),(63,3,2),(64,3,4),(65,3,5),(66,3,6),(67,3,7),(68,24,28);
DROP TABLE IF EXISTS `bbc_content_schedule`;
CREATE TABLE `bbc_content_schedule` (
  `id` int(11) unsigned NOT NULL AUTO_INCREMENT,
  `content_id` int(11) unsigned DEFAULT '0',
  `action` tinyint(1) DEFAULT '0' COMMENT '1=publish, 2=unpublish, 3=delete',
  `action_time` datetime DEFAULT '0000-00-00 00:00:00',
  `created` datetime DEFAULT '0000-00-00 00:00:00',
  PRIMARY KEY (`id`),
  KEY `action_time` (`action_time`) USING BTREE,
  KEY `content_id` (`content_id`) USING BTREE
) ENGINE=InnoDB DEFAULT CHARSET=utf8;

DROP TABLE IF EXISTS `bbc_content_tag`;
CREATE TABLE `bbc_content_tag` (
  `id` int(255) unsigned NOT NULL AUTO_INCREMENT,
  `title` varchar(255) DEFAULT NULL,
  `total` int(255) DEFAULT '0',
  `created` datetime DEFAULT '0000-00-00 00:00:00',
  `updated` datetime DEFAULT '0000-00-00 00:00:00',
  PRIMARY KEY (`id`)
) ENGINE=InnoDB DEFAULT CHARSET=utf8;

DROP TABLE IF EXISTS `bbc_content_tag_list`;
CREATE TABLE `bbc_content_tag_list` (
  `tag_id` int(255) DEFAULT '0',
  `content_id` int(255) DEFAULT '0',
  KEY `content_id` (`content_id`) USING BTREE,
  KEY `tag_id` (`tag_id`) USING BTREE
) ENGINE=InnoDB DEFAULT CHARSET=utf8;

DROP TABLE IF EXISTS `bbc_content_text`;
CREATE TABLE `bbc_content_text` (
  `content_id` int(255) NOT NULL DEFAULT '0',
  `title` varchar(255) DEFAULT NULL,
  `description` varchar(255) DEFAULT NULL,
  `keyword` varchar(255) DEFAULT NULL,
  `tags` text NOT NULL,
  `intro` varchar(255) DEFAULT NULL,
  `content` text,
  `lang_id` int(255) NOT NULL DEFAULT '0',
  KEY `content_id` (`content_id`) USING BTREE,
  KEY `lang_id` (`lang_id`) USING BTREE,
  FULLTEXT KEY `title` (`title`,`description`,`keyword`,`tags`,`intro`,`content`)
) ENGINE=InnoDB DEFAULT CHARSET=utf8;

INSERT INTO `bbc_content_text` VALUES (1,'Home page','Lorem Ipsum is simply dummy text of the printing and typesetting  industry. Lorem Ipsum has been the industry\'s standard dummy text ever','keyword yang bisa di ganti sendiri','','Lorem Ipsum is simply dummy text of the printing and typesetting industry. Lorem Ipsum has been the industry&#39;s standard dummy text ever since the 1500s, when an unknown printer took a galley of type and scrambled it to make a type specimen book. It ha','Lorem Ipsum is simply dummy text of the printing and typesetting industry. Lorem Ipsum has been the industry&#39;s standard dummy text ever since the 1500s, when an unknown printer took a galley of type and scrambled it to make a type specimen book. It has survived not only five centuries, but also the leap into electronic typesetting, remaining essentially unchanged. It was popularised in the 1960s with the release of Letraset sheets containing Lorem Ipsum passages, and more recently with desktop publishing software like Aldus PageMaker including versions of Lorem Ipsum.',1),(2,'Sample Gallery Satu','Lorem Ipsum is simply dummy text of the printing and typesetting  industry. Lorem Ipsum has been the industry\'s standard dummy text ever','keyword yang bisa di ganti sendiri','','Lorem Ipsum is simply dummy text of the printing and typesetting industry. Lorem Ipsum has been the industry&#39;s standard dummy text ever since the 1500s, when an unknown printer took a galley of type and scrambled it to make a type specimen book. It ha','Lorem Ipsum is simply dummy text of the printing and typesetting industry. Lorem Ipsum has been the industry&#39;s standard dummy text ever since the 1500s, when an unknown printer took a galley of type and scrambled it to make a type specimen book. It has survived not only five centuries, but also the leap into electronic typesetting, remaining essentially unchanged. It was popularised in the 1960s with the release of Letraset sheets containing Lorem Ipsum passages, and more recently with desktop publishing software like Aldus PageMaker including versions of Lorem Ipsum.<br />\r\nWhy do we use it?<br />\r\n<br />\r\nIt is a long established fact that a reader will be distracted by the readable content of a page when looking at its layout. The point of using Lorem Ipsum is that it has a more-or-less normal distribution of letters, as opposed to using &#39;Content here, content here&#39;, making it look like readable English. Many desktop publishing packages and web page editors now use Lorem Ipsum as their default model text, and a search for &#39;lorem ipsum&#39; will uncover many web sites still in their infancy. Various versions have evolved over the years, sometimes by accident, sometimes on purpose (injected humour and the like).<br />\r\n&nbsp;<br />\r\nWhere does it come from?<br />\r\n<br />\r\nContrary to popular belief, Lorem Ipsum is not simply random text. It has roots in a piece of classical Latin literature from 45 BC, making it over 2000 years old. Richard McClintock, a Latin professor at Hampden-Sydney College in Virginia, looked up one of the more obscure Latin words, consectetur, from a Lorem Ipsum passage, and going through the cites of the word in classical literature, discovered the undoubtable source. Lorem Ipsum comes from sections 1.10.32 and 1.10.33 of &quot;de Finibus Bonorum et Malorum&quot; (The Extremes of Good and Evil) by Cicero, written in 45 BC. This book is a treatise on the theory of ethics, very popular during the Renaissance. The first line of Lorem Ipsum, &quot;Lorem ipsum dolor sit amet..&quot;, comes from a line in section 1.10.32.<br />\r\n<br />\r\nThe standard chunk of Lorem Ipsum used since the 1500s is reproduced below for those interested. Sections 1.10.32 and 1.10.33 from &quot;de Finibus Bonorum et Malorum&quot; by Cicero are also reproduced in their exact original form, accompanied by English versions from the 1914 translation by H. Rackham.<br />\r\nWhere can I get some?<br />\r\n<br />\r\nThere are many variations of passages of Lorem Ipsum available, but the majority have suffered alteration in some form, by injected humour, or randomised words which don&#39;t look even slightly believable. If you are going to use a passage of Lorem Ipsum, you need to be sure there isn&#39;t anything embarrassing hidden in the middle of text. All the Lorem Ipsum generators on the Internet tend to repeat predefined chunks as necessary, making this the first true generator on the Internet. It uses a dictionary of over 200 Latin words, combined with a handful of model sentence structures, to generate Lorem Ipsum which looks reasonable. The generated Lorem Ipsum is therefore always free from repetition, injected humour, or non-characteristic words etc.',1),(3,'Sample Gallery Dua','Lorem Ipsum is simply dummy text of the printing and typesetting  industry. Lorem Ipsum has been the industry\'s standard dummy text ever','keyword yang bisa di ganti sendiri','','Lorem Ipsum is simply dummy text of the printing and typesetting industry. Lorem Ipsum has been the industry&#39;s standard dummy text ever since the 1500s, when an unknown printer took a galley of type and scrambled it to make a type specimen book. It ha','Lorem Ipsum is simply dummy text of the printing and typesetting industry. Lorem Ipsum has been the industry&#39;s standard dummy text ever since the 1500s, when an unknown printer took a galley of type and scrambled it to make a type specimen book. It has survived not only five centuries, but also the leap into electronic typesetting, remaining essentially unchanged. It was popularised in the 1960s with the release of Letraset sheets containing Lorem Ipsum passages, and more recently with desktop publishing software like Aldus PageMaker including versions of Lorem Ipsum.<br />\r\nWhy do we use it?<br />\r\n<br />\r\nIt is a long established fact that a reader will be distracted by the readable content of a page when looking at its layout. The point of using Lorem Ipsum is that it has a more-or-less normal distribution of letters, as opposed to using &#39;Content here, content here&#39;, making it look like readable English. Many desktop publishing packages and web page editors now use Lorem Ipsum as their default model text, and a search for &#39;lorem ipsum&#39; will uncover many web sites still in their infancy. Various versions have evolved over the years, sometimes by accident, sometimes on purpose (injected humour and the like).<br />\r\n&nbsp;<br />\r\nWhere does it come from?<br />\r\n<br />\r\nContrary to popular belief, Lorem Ipsum is not simply random text. It has roots in a piece of classical Latin literature from 45 BC, making it over 2000 years old. Richard McClintock, a Latin professor at Hampden-Sydney College in Virginia, looked up one of the more obscure Latin words, consectetur, from a Lorem Ipsum passage, and going through the cites of the word in classical literature, discovered the undoubtable source. Lorem Ipsum comes from sections 1.10.32 and 1.10.33 of &quot;de Finibus Bonorum et Malorum&quot; (The Extremes of Good and Evil) by Cicero, written in 45 BC. This book is a treatise on the theory of ethics, very popular during the Renaissance. The first line of Lorem Ipsum, &quot;Lorem ipsum dolor sit amet..&quot;, comes from a line in section 1.10.32.<br />\r\n<br />\r\nThe standard chunk of Lorem Ipsum used since the 1500s is reproduced below for those interested. Sections 1.10.32 and 1.10.33 from &quot;de Finibus Bonorum et Malorum&quot; by Cicero are also reproduced in their exact original form, accompanied by English versions from the 1914 translation by H. Rackham.<br />\r\nWhere can I get some?<br />\r\n<br />\r\nThere are many variations of passages of Lorem Ipsum available, but the majority have suffered alteration in some form, by injected humour, or randomised words which don&#39;t look even slightly believable. If you are going to use a passage of Lorem Ipsum, you need to be sure there isn&#39;t anything embarrassing hidden in the middle of text. All the Lorem Ipsum generators on the Internet tend to repeat predefined chunks as necessary, making this the first true generator on the Internet. It uses a dictionary of over 200 Latin words, combined with a handful of model sentence structures, to generate Lorem Ipsum which looks reasonable. The generated Lorem Ipsum is therefore always free from repetition, injected humour, or non-characteristic words etc.',1),(4,'Sample Gallery Tiga','Lorem Ipsum is simply dummy text of the printing and typesetting  industry. Lorem Ipsum has been the industry\'s standard dummy text ever','keyword yang bisa di ganti sendiri','','Lorem Ipsum is simply dummy text of the printing and typesetting industry. Lorem Ipsum has been the industry&#39;s standard dummy text ever since the 1500s, when an unknown printer took a galley of type and scrambled it to make a type specimen book. It ha','Lorem Ipsum is simply dummy text of the printing and typesetting industry. Lorem Ipsum has been the industry&#39;s standard dummy text ever since the 1500s, when an unknown printer took a galley of type and scrambled it to make a type specimen book. It has survived not only five centuries, but also the leap into electronic typesetting, remaining essentially unchanged. It was popularised in the 1960s with the release of Letraset sheets containing Lorem Ipsum passages, and more recently with desktop publishing software like Aldus PageMaker including versions of Lorem Ipsum.<br />\r\nWhy do we use it?<br />\r\n<br />\r\nIt is a long established fact that a reader will be distracted by the readable content of a page when looking at its layout. The point of using Lorem Ipsum is that it has a more-or-less normal distribution of letters, as opposed to using &#39;Content here, content here&#39;, making it look like readable English. Many desktop publishing packages and web page editors now use Lorem Ipsum as their default model text, and a search for &#39;lorem ipsum&#39; will uncover many web sites still in their infancy. Various versions have evolved over the years, sometimes by accident, sometimes on purpose (injected humour and the like).<br />\r\n&nbsp;<br />\r\nWhere does it come from?<br />\r\n<br />\r\nContrary to popular belief, Lorem Ipsum is not simply random text. It has roots in a piece of classical Latin literature from 45 BC, making it over 2000 years old. Richard McClintock, a Latin professor at Hampden-Sydney College in Virginia, looked up one of the more obscure Latin words, consectetur, from a Lorem Ipsum passage, and going through the cites of the word in classical literature, discovered the undoubtable source. Lorem Ipsum comes from sections 1.10.32 and 1.10.33 of &quot;de Finibus Bonorum et Malorum&quot; (The Extremes of Good and Evil) by Cicero, written in 45 BC. This book is a treatise on the theory of ethics, very popular during the Renaissance. The first line of Lorem Ipsum, &quot;Lorem ipsum dolor sit amet..&quot;, comes from a line in section 1.10.32.<br />\r\n<br />\r\nThe standard chunk of Lorem Ipsum used since the 1500s is reproduced below for those interested. Sections 1.10.32 and 1.10.33 from &quot;de Finibus Bonorum et Malorum&quot; by Cicero are also reproduced in their exact original form, accompanied by English versions from the 1914 translation by H. Rackham.<br />\r\nWhere can I get some?<br />\r\n<br />\r\nThere are many variations of passages of Lorem Ipsum available, but the majority have suffered alteration in some form, by injected humour, or randomised words which don&#39;t look even slightly believable. If you are going to use a passage of Lorem Ipsum, you need to be sure there isn&#39;t anything embarrassing hidden in the middle of text. All the Lorem Ipsum generators on the Internet tend to repeat predefined chunks as necessary, making this the first true generator on the Internet. It uses a dictionary of over 200 Latin words, combined with a handful of model sentence structures, to generate Lorem Ipsum which looks reasonable. The generated Lorem Ipsum is therefore always free from repetition, injected humour, or non-characteristic words etc.',1),(5,'Sample Download File Satu','Lorem Ipsum is simply dummy text of the printing and typesetting  industry. Lorem Ipsum has been the industry\'s standard dummy text ever','keyword yang bisa di ganti sendiri','','Lorem Ipsum is simply dummy text of the printing and typesetting industry. Lorem Ipsum has been the industry&#39;s standard dummy text ever since the 1500s, when an unknown printer took a galley of type and scrambled it to make a type specimen book. It ha','Lorem Ipsum is simply dummy text of the printing and typesetting industry. Lorem Ipsum has been the industry&#39;s standard dummy text ever since the 1500s, when an unknown printer took a galley of type and scrambled it to make a type specimen book. It has survived not only five centuries, but also the leap into electronic typesetting, remaining essentially unchanged. It was popularised in the 1960s with the release of Letraset sheets containing Lorem Ipsum passages, and more recently with desktop publishing software like Aldus PageMaker including versions of Lorem Ipsum.<br />\r\nWhy do we use it?<br />\r\n<br />\r\nIt is a long established fact that a reader will be distracted by the readable content of a page when looking at its layout. The point of using Lorem Ipsum is that it has a more-or-less normal distribution of letters, as opposed to using &#39;Content here, content here&#39;, making it look like readable English. Many desktop publishing packages and web page editors now use Lorem Ipsum as their default model text, and a search for &#39;lorem ipsum&#39; will uncover many web sites still in their infancy. Various versions have evolved over the years, sometimes by accident, sometimes on purpose (injected humour and the like).<br />\r\n&nbsp;<br />\r\nWhere does it come from?<br />\r\n<br />\r\nContrary to popular belief, Lorem Ipsum is not simply random text. It has roots in a piece of classical Latin literature from 45 BC, making it over 2000 years old. Richard McClintock, a Latin professor at Hampden-Sydney College in Virginia, looked up one of the more obscure Latin words, consectetur, from a Lorem Ipsum passage, and going through the cites of the word in classical literature, discovered the undoubtable source. Lorem Ipsum comes from sections 1.10.32 and 1.10.33 of &quot;de Finibus Bonorum et Malorum&quot; (The Extremes of Good and Evil) by Cicero, written in 45 BC. This book is a treatise on the theory of ethics, very popular during the Renaissance. The first line of Lorem Ipsum, &quot;Lorem ipsum dolor sit amet..&quot;, comes from a line in section 1.10.32.<br />\r\n<br />\r\nThe standard chunk of Lorem Ipsum used since the 1500s is reproduced below for those interested. Sections 1.10.32 and 1.10.33 from &quot;de Finibus Bonorum et Malorum&quot; by Cicero are also reproduced in their exact original form, accompanied by English versions from the 1914 translation by H. Rackham.<br />\r\nWhere can I get some?<br />\r\n<br />\r\nThere are many variations of passages of Lorem Ipsum available, but the majority have suffered alteration in some form, by injected humour, or randomised words which don&#39;t look even slightly believable. If you are going to use a passage of Lorem Ipsum, you need to be sure there isn&#39;t anything embarrassing hidden in the middle of text. All the Lorem Ipsum generators on the Internet tend to repeat predefined chunks as necessary, making this the first true generator on the Internet. It uses a dictionary of over 200 Latin words, combined with a handful of model sentence structures, to generate Lorem Ipsum which looks reasonable. The generated Lorem Ipsum is therefore always free from repetition, injected humour, or non-characteristic words etc.',1),(6,'Sample Download File Dua','Lorem Ipsum is simply dummy text of the printing and typesetting industry. Lorem Ipsum has been the industry\'s standard dummy text ever since the ','Diresmikan, Rumah Bersalin Laras Hati, Lorem Ipsum is simply dummy text of the printing and typesetting industry. Lorem','','Lorem Ipsum is simply dummy text of the printing and typesetting industry. Lorem Ipsum has been the industry&#39;s standard dummy text ever since the 1500s, when an unknown printer took a galley of type and scrambled it to make a type specimen book. It ha','Lorem Ipsum is simply dummy text of the printing and typesetting industry. Lorem Ipsum has been the industry&#39;s standard dummy text ever since the 1500s, when an unknown printer took a galley of type and scrambled it to make a type specimen book. It has survived not only five centuries, but also the leap into electronic typesetting, remaining essentially unchanged. It was popularised in the 1960s with the release of Letraset sheets containing Lorem Ipsum passages, and more recently with desktop publishing software like Aldus PageMaker including versions of Lorem Ipsum.<br />\r\nWhy do we use it?<br />\r\n<br />\r\nIt is a long established fact that a reader will be distracted by the readable content of a page when looking at its layout. The point of using Lorem Ipsum is that it has a more-or-less normal distribution of letters, as opposed to using &#39;Content here, content here&#39;, making it look like readable English. Many desktop publishing packages and web page editors now use Lorem Ipsum as their default model text, and a search for &#39;lorem ipsum&#39; will uncover many web sites still in their infancy. Various versions have evolved over the years, sometimes by accident, sometimes on purpose (injected humour and the like).<br />\r\n&nbsp;<br />\r\nWhere does it come from?<br />\r\n<br />\r\nContrary to popular belief, Lorem Ipsum is not simply random text. It has roots in a piece of classical Latin literature from 45 BC, making it over 2000 years old. Richard McClintock, a Latin professor at Hampden-Sydney College in Virginia, looked up one of the more obscure Latin words, consectetur, from a Lorem Ipsum passage, and going through the cites of the word in classical literature, discovered the undoubtable source. Lorem Ipsum comes from sections 1.10.32 and 1.10.33 of &quot;de Finibus Bonorum et Malorum&quot; (The Extremes of Good and Evil) by Cicero, written in 45 BC. This book is a treatise on the theory of ethics, very popular during the Renaissance. The first line of Lorem Ipsum, &quot;Lorem ipsum dolor sit amet..&quot;, comes from a line in section 1.10.32.<br />\r\n<br />\r\nThe standard chunk of Lorem Ipsum used since the 1500s is reproduced below for those interested. Sections 1.10.32 and 1.10.33 from &quot;de Finibus Bonorum et Malorum&quot; by Cicero are also reproduced in their exact original form, accompanied by English versions from the 1914 translation by H. Rackham.<br />\r\nWhere can I get some?<br />\r\n<br />\r\nThere are many variations of passages of Lorem Ipsum available, but the majority have suffered alteration in some form, by injected humour, or randomised words which don&#39;t look even slightly believable. If you are going to use a passage of Lorem Ipsum, you need to be sure there isn&#39;t anything embarrassing hidden in the middle of text. All the Lorem Ipsum generators on the Internet tend to repeat predefined chunks as necessary, making this the first true generator on the Internet. It uses a dictionary of over 200 Latin words, combined with a handful of model sentence structures, to generate Lorem Ipsum which looks reasonable. The generated Lorem Ipsum is therefore always free from repetition, injected humour, or non-characteristic words etc.',1),(7,'Sample Download File Tiga','Lorem Ipsum is simply dummy text of the printing and typesetting  industry. Lorem Ipsum has been the industry\'s standard dummy text ever','keyword yang bisa di ganti sendiri','','Lorem Ipsum is simply dummy text of the printing and typesetting industry. Lorem Ipsum has been the industry&#39;s standard dummy text ever since the 1500s, when an unknown printer took a galley of type and scrambled it to make a type specimen book. It ha','Lorem Ipsum is simply dummy text of the printing and typesetting industry. Lorem Ipsum has been the industry&#39;s standard dummy text ever since the 1500s, when an unknown printer took a galley of type and scrambled it to make a type specimen book. It has survived not only five centuries, but also the leap into electronic typesetting, remaining essentially unchanged. It was popularised in the 1960s with the release of Letraset sheets containing Lorem Ipsum passages, and more recently with desktop publishing software like Aldus PageMaker including versions of Lorem Ipsum.<br />\r\nWhy do we use it?<br />\r\n<br />\r\nIt is a long established fact that a reader will be distracted by the readable content of a page when looking at its layout. The point of using Lorem Ipsum is that it has a more-or-less normal distribution of letters, as opposed to using &#39;Content here, content here&#39;, making it look like readable English. Many desktop publishing packages and web page editors now use Lorem Ipsum as their default model text, and a search for &#39;lorem ipsum&#39; will uncover many web sites still in their infancy. Various versions have evolved over the years, sometimes by accident, sometimes on purpose (injected humour and the like).<br />\r\n&nbsp;<br />\r\nWhere does it come from?<br />\r\n<br />\r\nContrary to popular belief, Lorem Ipsum is not simply random text. It has roots in a piece of classical Latin literature from 45 BC, making it over 2000 years old. Richard McClintock, a Latin professor at Hampden-Sydney College in Virginia, looked up one of the more obscure Latin words, consectetur, from a Lorem Ipsum passage, and going through the cites of the word in classical literature, discovered the undoubtable source. Lorem Ipsum comes from sections 1.10.32 and 1.10.33 of &quot;de Finibus Bonorum et Malorum&quot; (The Extremes of Good and Evil) by Cicero, written in 45 BC. This book is a treatise on the theory of ethics, very popular during the Renaissance. The first line of Lorem Ipsum, &quot;Lorem ipsum dolor sit amet..&quot;, comes from a line in section 1.10.32.<br />\r\n<br />\r\nThe standard chunk of Lorem Ipsum used since the 1500s is reproduced below for those interested. Sections 1.10.32 and 1.10.33 from &quot;de Finibus Bonorum et Malorum&quot; by Cicero are also reproduced in their exact original form, accompanied by English versions from the 1914 translation by H. Rackham.<br />\r\nWhere can I get some?<br />\r\n<br />\r\nThere are many variations of passages of Lorem Ipsum available, but the majority have suffered alteration in some form, by injected humour, or randomised words which don&#39;t look even slightly believable. If you are going to use a passage of Lorem Ipsum, you need to be sure there isn&#39;t anything embarrassing hidden in the middle of text. All the Lorem Ipsum generators on the Internet tend to repeat predefined chunks as necessary, making this the first true generator on the Internet. It uses a dictionary of over 200 Latin words, combined with a handful of model sentence structures, to generate Lorem Ipsum which looks reasonable. The generated Lorem Ipsum is therefore always free from repetition, injected humour, or non-characteristic words etc.',1),(8,'Sample Youtube Video Satu','Lorem Ipsum is simply dummy text of the printing and typesetting  industry. Lorem Ipsum has been the industry\'s standard dummy text ever','keyword yang bisa di ganti sendiri','','Lorem Ipsum is simply dummy text of the printing and typesetting industry. Lorem Ipsum has been the industry&#39;s standard dummy text ever since the 1500s, when an unknown printer took a galley of type and scrambled it to make a type specimen book. It ha','Lorem Ipsum is simply dummy text of the printing and typesetting industry. Lorem Ipsum has been the industry&#39;s standard dummy text ever since the 1500s, when an unknown printer took a galley of type and scrambled it to make a type specimen book. It has survived not only five centuries, but also the leap into electronic typesetting, remaining essentially unchanged. It was popularised in the 1960s with the release of Letraset sheets containing Lorem Ipsum passages, and more recently with desktop publishing software like Aldus PageMaker including versions of Lorem Ipsum.<br />\r\nWhy do we use it?<br />\r\n<br />\r\nIt is a long established fact that a reader will be distracted by the readable content of a page when looking at its layout. The point of using Lorem Ipsum is that it has a more-or-less normal distribution of letters, as opposed to using &#39;Content here, content here&#39;, making it look like readable English. Many desktop publishing packages and web page editors now use Lorem Ipsum as their default model text, and a search for &#39;lorem ipsum&#39; will uncover many web sites still in their infancy. Various versions have evolved over the years, sometimes by accident, sometimes on purpose (injected humour and the like).<br />\r\n&nbsp;<br />\r\nWhere does it come from?<br />\r\n<br />\r\nContrary to popular belief, Lorem Ipsum is not simply random text. It has roots in a piece of classical Latin literature from 45 BC, making it over 2000 years old. Richard McClintock, a Latin professor at Hampden-Sydney College in Virginia, looked up one of the more obscure Latin words, consectetur, from a Lorem Ipsum passage, and going through the cites of the word in classical literature, discovered the undoubtable source. Lorem Ipsum comes from sections 1.10.32 and 1.10.33 of &quot;de Finibus Bonorum et Malorum&quot; (The Extremes of Good and Evil) by Cicero, written in 45 BC. This book is a treatise on the theory of ethics, very popular during the Renaissance. The first line of Lorem Ipsum, &quot;Lorem ipsum dolor sit amet..&quot;, comes from a line in section 1.10.32.<br />\r\n<br />\r\nThe standard chunk of Lorem Ipsum used since the 1500s is reproduced below for those interested. Sections 1.10.32 and 1.10.33 from &quot;de Finibus Bonorum et Malorum&quot; by Cicero are also reproduced in their exact original form, accompanied by English versions from the 1914 translation by H. Rackham.<br />\r\nWhere can I get some?<br />\r\n<br />\r\nThere are many variations of passages of Lorem Ipsum available, but the majority have suffered alteration in some form, by injected humour, or randomised words which don&#39;t look even slightly believable. If you are going to use a passage of Lorem Ipsum, you need to be sure there isn&#39;t anything embarrassing hidden in the middle of text. All the Lorem Ipsum generators on the Internet tend to repeat predefined chunks as necessary, making this the first true generator on the Internet. It uses a dictionary of over 200 Latin words, combined with a handful of model sentence structures, to generate Lorem Ipsum which looks reasonable. The generated Lorem Ipsum is therefore always free from repetition, injected humour, or non-characteristic words etc.',1),(9,'Sample Youtube Video Dua','Lorem Ipsum is simply dummy text of the printing and typesetting  industry. Lorem Ipsum has been the industry\'s standard dummy text ever','keyword yang bisa di ganti sendiri','','Lorem Ipsum is simply dummy text of the printing and typesetting industry. Lorem Ipsum has been the industry&#39;s standard dummy text ever since the 1500s, when an unknown printer took a galley of type and scrambled it to make a type specimen book. It ha','Lorem Ipsum is simply dummy text of the printing and typesetting industry. Lorem Ipsum has been the industry&#39;s standard dummy text ever since the 1500s, when an unknown printer took a galley of type and scrambled it to make a type specimen book. It has survived not only five centuries, but also the leap into electronic typesetting, remaining essentially unchanged. It was popularised in the 1960s with the release of Letraset sheets containing Lorem Ipsum passages, and more recently with desktop publishing software like Aldus PageMaker including versions of Lorem Ipsum.<br />\r\nWhy do we use it?<br />\r\n<br />\r\nIt is a long established fact that a reader will be distracted by the readable content of a page when looking at its layout. The point of using Lorem Ipsum is that it has a more-or-less normal distribution of letters, as opposed to using &#39;Content here, content here&#39;, making it look like readable English. Many desktop publishing packages and web page editors now use Lorem Ipsum as their default model text, and a search for &#39;lorem ipsum&#39; will uncover many web sites still in their infancy. Various versions have evolved over the years, sometimes by accident, sometimes on purpose (injected humour and the like).<br />\r\n&nbsp;<br />\r\nWhere does it come from?<br />\r\n<br />\r\nContrary to popular belief, Lorem Ipsum is not simply random text. It has roots in a piece of classical Latin literature from 45 BC, making it over 2000 years old. Richard McClintock, a Latin professor at Hampden-Sydney College in Virginia, looked up one of the more obscure Latin words, consectetur, from a Lorem Ipsum passage, and going through the cites of the word in classical literature, discovered the undoubtable source. Lorem Ipsum comes from sections 1.10.32 and 1.10.33 of &quot;de Finibus Bonorum et Malorum&quot; (The Extremes of Good and Evil) by Cicero, written in 45 BC. This book is a treatise on the theory of ethics, very popular during the Renaissance. The first line of Lorem Ipsum, &quot;Lorem ipsum dolor sit amet..&quot;, comes from a line in section 1.10.32.<br />\r\n<br />\r\nThe standard chunk of Lorem Ipsum used since the 1500s is reproduced below for those interested. Sections 1.10.32 and 1.10.33 from &quot;de Finibus Bonorum et Malorum&quot; by Cicero are also reproduced in their exact original form, accompanied by English versions from the 1914 translation by H. Rackham.<br />\r\nWhere can I get some?<br />\r\n<br />\r\nThere are many variations of passages of Lorem Ipsum available, but the majority have suffered alteration in some form, by injected humour, or randomised words which don&#39;t look even slightly believable. If you are going to use a passage of Lorem Ipsum, you need to be sure there isn&#39;t anything embarrassing hidden in the middle of text. All the Lorem Ipsum generators on the Internet tend to repeat predefined chunks as necessary, making this the first true generator on the Internet. It uses a dictionary of over 200 Latin words, combined with a handful of model sentence structures, to generate Lorem Ipsum which looks reasonable. The generated Lorem Ipsum is therefore always free from repetition, injected humour, or non-characteristic words etc.',1),(10,'Sample Youtube Video Tiga','Lorem Ipsum is simply dummy text of the printing and typesetting  industry. Lorem Ipsum has been the industry\'s standard dummy text ever','keyword yang bisa di ganti sendiri','','Lorem Ipsum is simply dummy text of the printing and typesetting industry. Lorem Ipsum has been the industry&#39;s standard dummy text ever since the 1500s, when an unknown printer took a galley of type and scrambled it to make a type specimen book. It ha','Lorem Ipsum is simply dummy text of the printing and typesetting industry. Lorem Ipsum has been the industry&#39;s standard dummy text ever since the 1500s, when an unknown printer took a galley of type and scrambled it to make a type specimen book. It has survived not only five centuries, but also the leap into electronic typesetting, remaining essentially unchanged. It was popularised in the 1960s with the release of Letraset sheets containing Lorem Ipsum passages, and more recently with desktop publishing software like Aldus PageMaker including versions of Lorem Ipsum.<br />\r\nWhy do we use it?<br />\r\n<br />\r\nIt is a long established fact that a reader will be distracted by the readable content of a page when looking at its layout. The point of using Lorem Ipsum is that it has a more-or-less normal distribution of letters, as opposed to using &#39;Content here, content here&#39;, making it look like readable English. Many desktop publishing packages and web page editors now use Lorem Ipsum as their default model text, and a search for &#39;lorem ipsum&#39; will uncover many web sites still in their infancy. Various versions have evolved over the years, sometimes by accident, sometimes on purpose (injected humour and the like).<br />\r\n&nbsp;<br />\r\nWhere does it come from?<br />\r\n<br />\r\nContrary to popular belief, Lorem Ipsum is not simply random text. It has roots in a piece of classical Latin literature from 45 BC, making it over 2000 years old. Richard McClintock, a Latin professor at Hampden-Sydney College in Virginia, looked up one of the more obscure Latin words, consectetur, from a Lorem Ipsum passage, and going through the cites of the word in classical literature, discovered the undoubtable source. Lorem Ipsum comes from sections 1.10.32 and 1.10.33 of &quot;de Finibus Bonorum et Malorum&quot; (The Extremes of Good and Evil) by Cicero, written in 45 BC. This book is a treatise on the theory of ethics, very popular during the Renaissance. The first line of Lorem Ipsum, &quot;Lorem ipsum dolor sit amet..&quot;, comes from a line in section 1.10.32.<br />\r\n<br />\r\nThe standard chunk of Lorem Ipsum used since the 1500s is reproduced below for those interested. Sections 1.10.32 and 1.10.33 from &quot;de Finibus Bonorum et Malorum&quot; by Cicero are also reproduced in their exact original form, accompanied by English versions from the 1914 translation by H. Rackham.<br />\r\nWhere can I get some?<br />\r\n<br />\r\nThere are many variations of passages of Lorem Ipsum available, but the majority have suffered alteration in some form, by injected humour, or randomised words which don&#39;t look even slightly believable. If you are going to use a passage of Lorem Ipsum, you need to be sure there isn&#39;t anything embarrassing hidden in the middle of text. All the Lorem Ipsum generators on the Internet tend to repeat predefined chunks as necessary, making this the first true generator on the Internet. It uses a dictionary of over 200 Latin words, combined with a handful of model sentence structures, to generate Lorem Ipsum which looks reasonable. The generated Lorem Ipsum is therefore always free from repetition, injected humour, or non-characteristic words etc.',1),(11,'Sample Audio Satu','Lorem Ipsum is simply dummy text of the printing and typesetting  industry. Lorem Ipsum has been the industry\'s standard dummy text ever','keyword yang bisa di ganti sendiri','','Lorem Ipsum is simply dummy text of the printing and typesetting industry. Lorem Ipsum has been the industry&#39;s standard dummy text ever since the 1500s, when an unknown printer took a galley of type and scrambled it to make a type specimen book. It ha','Lorem Ipsum is simply dummy text of the printing and typesetting industry. Lorem Ipsum has been the industry&#39;s standard dummy text ever since the 1500s, when an unknown printer took a galley of type and scrambled it to make a type specimen book. It has survived not only five centuries, but also the leap into electronic typesetting, remaining essentially unchanged. It was popularised in the 1960s with the release of Letraset sheets containing Lorem Ipsum passages, and more recently with desktop publishing software like Aldus PageMaker including versions of Lorem Ipsum.<br />\r\nWhy do we use it?<br />\r\n<br />\r\nIt is a long established fact that a reader will be distracted by the readable content of a page when looking at its layout. The point of using Lorem Ipsum is that it has a more-or-less normal distribution of letters, as opposed to using &#39;Content here, content here&#39;, making it look like readable English. Many desktop publishing packages and web page editors now use Lorem Ipsum as their default model text, and a search for &#39;lorem ipsum&#39; will uncover many web sites still in their infancy. Various versions have evolved over the years, sometimes by accident, sometimes on purpose (injected humour and the like).<br />\r\n&nbsp;<br />\r\nWhere does it come from?<br />\r\n<br />\r\nContrary to popular belief, Lorem Ipsum is not simply random text. It has roots in a piece of classical Latin literature from 45 BC, making it over 2000 years old. Richard McClintock, a Latin professor at Hampden-Sydney College in Virginia, looked up one of the more obscure Latin words, consectetur, from a Lorem Ipsum passage, and going through the cites of the word in classical literature, discovered the undoubtable source. Lorem Ipsum comes from sections 1.10.32 and 1.10.33 of &quot;de Finibus Bonorum et Malorum&quot; (The Extremes of Good and Evil) by Cicero, written in 45 BC. This book is a treatise on the theory of ethics, very popular during the Renaissance. The first line of Lorem Ipsum, &quot;Lorem ipsum dolor sit amet..&quot;, comes from a line in section 1.10.32.<br />\r\n<br />\r\nThe standard chunk of Lorem Ipsum used since the 1500s is reproduced below for those interested. Sections 1.10.32 and 1.10.33 from &quot;de Finibus Bonorum et Malorum&quot; by Cicero are also reproduced in their exact original form, accompanied by English versions from the 1914 translation by H. Rackham.<br />\r\nWhere can I get some?<br />\r\n<br />\r\nThere are many variations of passages of Lorem Ipsum available, but the majority have suffered alteration in some form, by injected humour, or randomised words which don&#39;t look even slightly believable. If you are going to use a passage of Lorem Ipsum, you need to be sure there isn&#39;t anything embarrassing hidden in the middle of text. All the Lorem Ipsum generators on the Internet tend to repeat predefined chunks as necessary, making this the first true generator on the Internet. It uses a dictionary of over 200 Latin words, combined with a handful of model sentence structures, to generate Lorem Ipsum which looks reasonable. The generated Lorem Ipsum is therefore always free from repetition, injected humour, or non-characteristic words etc.',1),(12,'Sample Audio Dua','Lorem Ipsum is simply dummy text of the printing and typesetting  industry. Lorem Ipsum has been the industry\'s standard dummy text ever','keyword yang bisa di ganti sendiri','','Lorem Ipsum is simply dummy text of the printing and typesetting industry. Lorem Ipsum has been the industry&#39;s standard dummy text ever since the 1500s, when an unknown printer took a galley of type and scrambled it to make a type specimen book. It ha','Lorem Ipsum is simply dummy text of the printing and typesetting industry. Lorem Ipsum has been the industry&#39;s standard dummy text ever since the 1500s, when an unknown printer took a galley of type and scrambled it to make a type specimen book. It has survived not only five centuries, but also the leap into electronic typesetting, remaining essentially unchanged. It was popularised in the 1960s with the release of Letraset sheets containing Lorem Ipsum passages, and more recently with desktop publishing software like Aldus PageMaker including versions of Lorem Ipsum.<br />\r\nWhy do we use it?<br />\r\n<br />\r\nIt is a long established fact that a reader will be distracted by the readable content of a page when looking at its layout. The point of using Lorem Ipsum is that it has a more-or-less normal distribution of letters, as opposed to using &#39;Content here, content here&#39;, making it look like readable English. Many desktop publishing packages and web page editors now use Lorem Ipsum as their default model text, and a search for &#39;lorem ipsum&#39; will uncover many web sites still in their infancy. Various versions have evolved over the years, sometimes by accident, sometimes on purpose (injected humour and the like).<br />\r\n&nbsp;<br />\r\nWhere does it come from?<br />\r\n<br />\r\nContrary to popular belief, Lorem Ipsum is not simply random text. It has roots in a piece of classical Latin literature from 45 BC, making it over 2000 years old. Richard McClintock, a Latin professor at Hampden-Sydney College in Virginia, looked up one of the more obscure Latin words, consectetur, from a Lorem Ipsum passage, and going through the cites of the word in classical literature, discovered the undoubtable source. Lorem Ipsum comes from sections 1.10.32 and 1.10.33 of &quot;de Finibus Bonorum et Malorum&quot; (The Extremes of Good and Evil) by Cicero, written in 45 BC. This book is a treatise on the theory of ethics, very popular during the Renaissance. The first line of Lorem Ipsum, &quot;Lorem ipsum dolor sit amet..&quot;, comes from a line in section 1.10.32.<br />\r\n<br />\r\nThe standard chunk of Lorem Ipsum used since the 1500s is reproduced below for those interested. Sections 1.10.32 and 1.10.33 from &quot;de Finibus Bonorum et Malorum&quot; by Cicero are also reproduced in their exact original form, accompanied by English versions from the 1914 translation by H. Rackham.<br />\r\nWhere can I get some?<br />\r\n<br />\r\nThere are many variations of passages of Lorem Ipsum available, but the majority have suffered alteration in some form, by injected humour, or randomised words which don&#39;t look even slightly believable. If you are going to use a passage of Lorem Ipsum, you need to be sure there isn&#39;t anything embarrassing hidden in the middle of text. All the Lorem Ipsum generators on the Internet tend to repeat predefined chunks as necessary, making this the first true generator on the Internet. It uses a dictionary of over 200 Latin words, combined with a handful of model sentence structures, to generate Lorem Ipsum which looks reasonable. The generated Lorem Ipsum is therefore always free from repetition, injected humour, or non-characteristic words etc.',1),(13,'Sample Audio Tiga','Lorem Ipsum is simply dummy text of the printing and typesetting  industry. Lorem Ipsum has been the industry\'s standard dummy text ever','keyword yang bisa di ganti sendiri','','Lorem Ipsum is simply dummy text of the printing and typesetting industry. Lorem Ipsum has been the industry&#39;s standard dummy text ever since the 1500s, when an unknown printer took a galley of type and scrambled it to make a type specimen book. It ha','Lorem Ipsum is simply dummy text of the printing and typesetting industry. Lorem Ipsum has been the industry&#39;s standard dummy text ever since the 1500s, when an unknown printer took a galley of type and scrambled it to make a type specimen book. It has survived not only five centuries, but also the leap into electronic typesetting, remaining essentially unchanged. It was popularised in the 1960s with the release of Letraset sheets containing Lorem Ipsum passages, and more recently with desktop publishing software like Aldus PageMaker including versions of Lorem Ipsum.<br />\r\nWhy do we use it?<br />\r\n<br />\r\nIt is a long established fact that a reader will be distracted by the readable content of a page when looking at its layout. The point of using Lorem Ipsum is that it has a more-or-less normal distribution of letters, as opposed to using &#39;Content here, content here&#39;, making it look like readable English. Many desktop publishing packages and web page editors now use Lorem Ipsum as their default model text, and a search for &#39;lorem ipsum&#39; will uncover many web sites still in their infancy. Various versions have evolved over the years, sometimes by accident, sometimes on purpose (injected humour and the like).<br />\r\n&nbsp;<br />\r\nWhere does it come from?<br />\r\n<br />\r\nContrary to popular belief, Lorem Ipsum is not simply random text. It has roots in a piece of classical Latin literature from 45 BC, making it over 2000 years old. Richard McClintock, a Latin professor at Hampden-Sydney College in Virginia, looked up one of the more obscure Latin words, consectetur, from a Lorem Ipsum passage, and going through the cites of the word in classical literature, discovered the undoubtable source. Lorem Ipsum comes from sections 1.10.32 and 1.10.33 of &quot;de Finibus Bonorum et Malorum&quot; (The Extremes of Good and Evil) by Cicero, written in 45 BC. This book is a treatise on the theory of ethics, very popular during the Renaissance. The first line of Lorem Ipsum, &quot;Lorem ipsum dolor sit amet..&quot;, comes from a line in section 1.10.32.<br />\r\n<br />\r\nThe standard chunk of Lorem Ipsum used since the 1500s is reproduced below for those interested. Sections 1.10.32 and 1.10.33 from &quot;de Finibus Bonorum et Malorum&quot; by Cicero are also reproduced in their exact original form, accompanied by English versions from the 1914 translation by H. Rackham.<br />\r\nWhere can I get some?<br />\r\n<br />\r\nThere are many variations of passages of Lorem Ipsum available, but the majority have suffered alteration in some form, by injected humour, or randomised words which don&#39;t look even slightly believable. If you are going to use a passage of Lorem Ipsum, you need to be sure there isn&#39;t anything embarrassing hidden in the middle of text. All the Lorem Ipsum generators on the Internet tend to repeat predefined chunks as necessary, making this the first true generator on the Internet. It uses a dictionary of over 200 Latin words, combined with a handful of model sentence structures, to generate Lorem Ipsum which looks reasonable. The generated Lorem Ipsum is therefore always free from repetition, injected humour, or non-characteristic words etc.',1),(14,'Sample Content Detail','Lorem Ipsum is simply dummy text of the printing and typesetting  industry. Lorem Ipsum has been the industry\'s standard dummy text ever','keyword yang bisa di ganti sendiri','','Lorem Ipsum is simply dummy text of the printing and typesetting industry. Lorem Ipsum has been the industry&#39;s standard dummy text ever since the 1500s, when an unknown printer took a galley of type and scrambled it to make a type specimen book. It ha','Lorem Ipsum is simply dummy text of the printing and typesetting industry. Lorem Ipsum has been the industry&#39;s standard dummy text ever since the 1500s, when an unknown printer took a galley of type and scrambled it to make a type specimen book. It has survived not only five centuries, but also the leap into electronic typesetting, remaining essentially unchanged. It was popularised in the 1960s with the release of Letraset sheets containing Lorem Ipsum passages, and more recently with desktop publishing software like Aldus PageMaker including versions of Lorem Ipsum.<br />\r\nWhy do we use it?<br />\r\n<br />\r\nIt is a long established fact that a reader will be distracted by the readable content of a page when looking at its layout. The point of using Lorem Ipsum is that it has a more-or-less normal distribution of letters, as opposed to using &#39;Content here, content here&#39;, making it look like readable English. Many desktop publishing packages and web page editors now use Lorem Ipsum as their default model text, and a search for &#39;lorem ipsum&#39; will uncover many web sites still in their infancy. Various versions have evolved over the years, sometimes by accident, sometimes on purpose (injected humour and the like).<br />\r\n&nbsp;<br />\r\nWhere does it come from?<br />\r\n<br />\r\nContrary to popular belief, Lorem Ipsum is not simply random text. It has roots in a piece of classical Latin literature from 45 BC, making it over 2000 years old. Richard McClintock, a Latin professor at Hampden-Sydney College in Virginia, looked up one of the more obscure Latin words, consectetur, from a Lorem Ipsum passage, and going through the cites of the word in classical literature, discovered the undoubtable source. Lorem Ipsum comes from sections 1.10.32 and 1.10.33 of &quot;de Finibus Bonorum et Malorum&quot; (The Extremes of Good and Evil) by Cicero, written in 45 BC. This book is a treatise on the theory of ethics, very popular during the Renaissance. The first line of Lorem Ipsum, &quot;Lorem ipsum dolor sit amet..&quot;, comes from a line in section 1.10.32.<br />\r\n<br />\r\nThe standard chunk of Lorem Ipsum used since the 1500s is reproduced below for those interested. Sections 1.10.32 and 1.10.33 from &quot;de Finibus Bonorum et Malorum&quot; by Cicero are also reproduced in their exact original form, accompanied by English versions from the 1914 translation by H. Rackham.<br />\r\nWhere can I get some?<br />\r\n<br />\r\nThere are many variations of passages of Lorem Ipsum available, but the majority have suffered alteration in some form, by injected humour, or randomised words which don&#39;t look even slightly believable. If you are going to use a passage of Lorem Ipsum, you need to be sure there isn&#39;t anything embarrassing hidden in the middle of text. All the Lorem Ipsum generators on the Internet tend to repeat predefined chunks as necessary, making this the first true generator on the Internet. It uses a dictionary of over 200 Latin words, combined with a handful of model sentence structures, to generate Lorem Ipsum which looks reasonable. The generated Lorem Ipsum is therefore always free from repetition, injected humour, or non-characteristic words etc.',1),(15,'Merevitalisasi Sektor Pelayaran','Lorem Ipsum is simply dummy text of the printing and typesetting  industry. Lorem Ipsum has been the industry\'s standard dummy text ever','keyword yang bisa di ganti sendiri','','Lorem Ipsum is simply dummy text of the printing and typesetting industry. Lorem Ipsum has been the industry&#39;s standard dummy text ever since the 1500s, when an unknown printer took a galley of type and scrambled it to make a type specimen book. It ha','Lorem Ipsum is simply dummy text of the printing and typesetting industry. Lorem Ipsum has been the industry&#39;s standard dummy text ever since the 1500s, when an unknown printer took a galley of type and scrambled it to make a type specimen book. It has survived not only five centuries, but also the leap into electronic typesetting, remaining essentially unchanged. It was popularised in the 1960s with the release of Letraset sheets containing Lorem Ipsum passages, and more recently with desktop publishing software like Aldus PageMaker including versions of Lorem Ipsum.<br />\r\nWhy do we use it?<br />\r\n<br />\r\nIt is a long established fact that a reader will be distracted by the readable content of a page when looking at its layout. The point of using Lorem Ipsum is that it has a more-or-less normal distribution of letters, as opposed to using &#39;Content here, content here&#39;, making it look like readable English. Many desktop publishing packages and web page editors now use Lorem Ipsum as their default model text, and a search for &#39;lorem ipsum&#39; will uncover many web sites still in their infancy. Various versions have evolved over the years, sometimes by accident, sometimes on purpose (injected humour and the like).<br />\r\n&nbsp;<br />\r\nWhere does it come from?<br />\r\n<br />\r\nContrary to popular belief, Lorem Ipsum is not simply random text. It has roots in a piece of classical Latin literature from 45 BC, making it over 2000 years old. Richard McClintock, a Latin professor at Hampden-Sydney College in Virginia, looked up one of the more obscure Latin words, consectetur, from a Lorem Ipsum passage, and going through the cites of the word in classical literature, discovered the undoubtable source. Lorem Ipsum comes from sections 1.10.32 and 1.10.33 of &quot;de Finibus Bonorum et Malorum&quot; (The Extremes of Good and Evil) by Cicero, written in 45 BC. This book is a treatise on the theory of ethics, very popular during the Renaissance. The first line of Lorem Ipsum, &quot;Lorem ipsum dolor sit amet..&quot;, comes from a line in section 1.10.32.<br />\r\n<br />\r\nThe standard chunk of Lorem Ipsum used since the 1500s is reproduced below for those interested. Sections 1.10.32 and 1.10.33 from &quot;de Finibus Bonorum et Malorum&quot; by Cicero are also reproduced in their exact original form, accompanied by English versions from the 1914 translation by H. Rackham.<br />\r\nWhere can I get some?<br />\r\n<br />\r\nThere are many variations of passages of Lorem Ipsum available, but the majority have suffered alteration in some form, by injected humour, or randomised words which don&#39;t look even slightly believable. If you are going to use a passage of Lorem Ipsum, you need to be sure there isn&#39;t anything embarrassing hidden in the middle of text. All the Lorem Ipsum generators on the Internet tend to repeat predefined chunks as necessary, making this the first true generator on the Internet. It uses a dictionary of over 200 Latin words, combined with a handful of model sentence structures, to generate Lorem Ipsum which looks reasonable. The generated Lorem Ipsum is therefore always free from repetition, injected humour, or non-characteristic words etc.',1),(16,'Transportasi Yang Efisien','Lorem Ipsum is simply dummy text of the printing and typesetting  industry. Lorem Ipsum has been the industry\'s standard dummy text ever','keyword yang bisa di ganti sendiri','','Lorem Ipsum is simply dummy text of the printing and typesetting industry. Lorem Ipsum has been the industry&#39;s standard dummy text ever since the 1500s, when an unknown printer took a galley of type and scrambled it to make a type specimen book. It ha','Lorem Ipsum is simply dummy text of the printing and typesetting industry. Lorem Ipsum has been the industry&#39;s standard dummy text ever since the 1500s, when an unknown printer took a galley of type and scrambled it to make a type specimen book. It has survived not only five centuries, but also the leap into electronic typesetting, remaining essentially unchanged. It was popularised in the 1960s with the release of Letraset sheets containing Lorem Ipsum passages, and more recently with desktop publishing software like Aldus PageMaker including versions of Lorem Ipsum.<br />\r\nWhy do we use it?<br />\r\n<br />\r\nIt is a long established fact that a reader will be distracted by the readable content of a page when looking at its layout. The point of using Lorem Ipsum is that it has a more-or-less normal distribution of letters, as opposed to using &#39;Content here, content here&#39;, making it look like readable English. Many desktop publishing packages and web page editors now use Lorem Ipsum as their default model text, and a search for &#39;lorem ipsum&#39; will uncover many web sites still in their infancy. Various versions have evolved over the years, sometimes by accident, sometimes on purpose (injected humour and the like).<br />\r\n&nbsp;<br />\r\nWhere does it come from?<br />\r\n<br />\r\nContrary to popular belief, Lorem Ipsum is not simply random text. It has roots in a piece of classical Latin literature from 45 BC, making it over 2000 years old. Richard McClintock, a Latin professor at Hampden-Sydney College in Virginia, looked up one of the more obscure Latin words, consectetur, from a Lorem Ipsum passage, and going through the cites of the word in classical literature, discovered the undoubtable source. Lorem Ipsum comes from sections 1.10.32 and 1.10.33 of &quot;de Finibus Bonorum et Malorum&quot; (The Extremes of Good and Evil) by Cicero, written in 45 BC. This book is a treatise on the theory of ethics, very popular during the Renaissance. The first line of Lorem Ipsum, &quot;Lorem ipsum dolor sit amet..&quot;, comes from a line in section 1.10.32.<br />\r\n<br />\r\nThe standard chunk of Lorem Ipsum used since the 1500s is reproduced below for those interested. Sections 1.10.32 and 1.10.33 from &quot;de Finibus Bonorum et Malorum&quot; by Cicero are also reproduced in their exact original form, accompanied by English versions from the 1914 translation by H. Rackham.<br />\r\nWhere can I get some?<br />\r\n<br />\r\nThere are many variations of passages of Lorem Ipsum available, but the majority have suffered alteration in some form, by injected humour, or randomised words which don&#39;t look even slightly believable. If you are going to use a passage of Lorem Ipsum, you need to be sure there isn&#39;t anything embarrassing hidden in the middle of text. All the Lorem Ipsum generators on the Internet tend to repeat predefined chunks as necessary, making this the first true generator on the Internet. It uses a dictionary of over 200 Latin words, combined with a handful of model sentence structures, to generate Lorem Ipsum which looks reasonable. The generated Lorem Ipsum is therefore always free from repetition, injected humour, or non-characteristic words etc.',1),(17,'8 Langkah Hindari Kehilangan Mobil','Lorem Ipsum is simply dummy text of the printing and typesetting  industry. Lorem Ipsum has been the industry\'s standard dummy text ever','keyword yang bisa di ganti sendiri','','Lorem Ipsum is simply dummy text of the printing and typesetting  industry. Lorem Ipsum has been the industry\'s standard dummy text ever  since the 1500s, when an unknown printer took a galley of type and  scrambled it to make a type specimen book.','Lorem Ipsum is simply dummy text of the printing and typesetting  industry. Lorem Ipsum has been the industry\'s standard dummy text ever  since the 1500s, when an unknown printer took a galley of type and  scrambled it to make a type specimen book. It has survived not only five  centuries, but also the leap into electronic typesetting, remaining  essentially unchanged. It was popularised in the 1960s with the release  of Letraset sheets containing Lorem Ipsum passages, and more recently  with desktop publishing software like Aldus PageMaker including versions  of Lorem Ipsum.<br />\r\nWhy do we use it?<br />\r\n<br />\r\nIt is a long established fact that a reader will be distracted by the  readable content of a page when looking at its layout. The point of  using Lorem Ipsum is that it has a more-or-less normal distribution of  letters, as opposed to using \'Content here, content here\', making it  look like readable English. Many desktop publishing packages and web  page editors now use Lorem Ipsum as their default model text, and a  search for \'lorem ipsum\' will uncover many web sites still in their  infancy. Various versions have evolved over the years, sometimes by  accident, sometimes on purpose (injected humour and the like).<br />\r\n&nbsp;<br />\r\nWhere does it come from?<br />\r\n<br />\r\nContrary to popular belief, Lorem Ipsum is not simply random text. It  has roots in a piece of classical Latin literature from 45 BC, making it  over 2000 years old. Richard McClintock, a Latin professor at  Hampden-Sydney College in Virginia, looked up one of the more obscure  Latin words, consectetur, from a Lorem Ipsum passage, and going through  the cites of the word in classical literature, discovered the  undoubtable source. Lorem Ipsum comes from sections 1.10.32 and 1.10.33  of &quot;de Finibus Bonorum et Malorum&quot; (The Extremes of Good and Evil) by  Cicero, written in 45 BC. This book is a treatise on the theory of  ethics, very popular during the Renaissance. The first line of Lorem  Ipsum, &quot;Lorem ipsum dolor sit amet..&quot;, comes from a line in section  1.10.32.<br />\r\n<br />\r\nThe standard chunk of Lorem Ipsum used since the 1500s is reproduced  below for those interested. Sections 1.10.32 and 1.10.33 from &quot;de  Finibus Bonorum et Malorum&quot; by Cicero are also reproduced in their exact  original form, accompanied by English versions from the 1914  translation by H. Rackham.<br />\r\nWhere can I get some?<br />\r\n<br />\r\nThere are many variations of passages of Lorem Ipsum available, but the  majority have suffered alteration in some form, by injected humour, or  randomised words which don\'t look even slightly believable. If you are  going to use a passage of Lorem Ipsum, you need to be sure there isn\'t  anything embarrassing hidden in the middle of text. All the Lorem Ipsum  generators on the Internet tend to repeat predefined chunks as  necessary, making this the first true generator on the Internet. It uses  a dictionary of over 200 Latin words, combined with a handful of model  sentence structures, to generate Lorem Ipsum which looks reasonable. The  generated Lorem Ipsum is therefore always free from repetition,  injected humour, or non-characteristic words etc.',1),(18,'Indahnya Indonesia dengan menyelam','Lorem Ipsum is simply dummy text of the printing and typesetting  industry. Lorem Ipsum has been the industry\'s standard dummy text ever','keyword yang bisa di ganti sendiri','','Lorem Ipsum is simply dummy text of the printing and typesetting industry. Lorem Ipsum has been the industry&#39;s standard dummy text ever since the 1500s, when an unknown printer took a galley of type and scrambled it to make a type specimen book. It ha','Lorem Ipsum is simply dummy text of the printing and typesetting industry. Lorem Ipsum has been the industry&#39;s standard dummy text ever since the 1500s, when an unknown printer took a galley of type and scrambled it to make a type specimen book. It has survived not only five centuries, but also the leap into electronic typesetting, remaining essentially unchanged. It was popularised in the 1960s with the release of Letraset sheets containing Lorem Ipsum passages, and more recently with desktop publishing software like Aldus PageMaker including versions of Lorem Ipsum.<br />\r\nWhy do we use it?<br />\r\n<br />\r\nIt is a long established fact that a reader will be distracted by the readable content of a page when looking at its layout. The point of using Lorem Ipsum is that it has a more-or-less normal distribution of letters, as opposed to using &#39;Content here, content here&#39;, making it look like readable English. Many desktop publishing packages and web page editors now use Lorem Ipsum as their default model text, and a search for &#39;lorem ipsum&#39; will uncover many web sites still in their infancy. Various versions have evolved over the years, sometimes by accident, sometimes on purpose (injected humour and the like).<br />\r\n&nbsp;<br />\r\nWhere does it come from?<br />\r\n<br />\r\nContrary to popular belief, Lorem Ipsum is not simply random text. It has roots in a piece of classical Latin literature from 45 BC, making it over 2000 years old. Richard McClintock, a Latin professor at Hampden-Sydney College in Virginia, looked up one of the more obscure Latin words, consectetur, from a Lorem Ipsum passage, and going through the cites of the word in classical literature, discovered the undoubtable source. Lorem Ipsum comes from sections 1.10.32 and 1.10.33 of &quot;de Finibus Bonorum et Malorum&quot; (The Extremes of Good and Evil) by Cicero, written in 45 BC. This book is a treatise on the theory of ethics, very popular during the Renaissance. The first line of Lorem Ipsum, &quot;Lorem ipsum dolor sit amet..&quot;, comes from a line in section 1.10.32.<br />\r\n<br />\r\nThe standard chunk of Lorem Ipsum used since the 1500s is reproduced below for those interested. Sections 1.10.32 and 1.10.33 from &quot;de Finibus Bonorum et Malorum&quot; by Cicero are also reproduced in their exact original form, accompanied by English versions from the 1914 translation by H. Rackham.<br />\r\nWhere can I get some?<br />\r\n<br />\r\nThere are many variations of passages of Lorem Ipsum available, but the majority have suffered alteration in some form, by injected humour, or randomised words which don&#39;t look even slightly believable. If you are going to use a passage of Lorem Ipsum, you need to be sure there isn&#39;t anything embarrassing hidden in the middle of text. All the Lorem Ipsum generators on the Internet tend to repeat predefined chunks as necessary, making this the first true generator on the Internet. It uses a dictionary of over 200 Latin words, combined with a handful of model sentence structures, to generate Lorem Ipsum which looks reasonable. The generated Lorem Ipsum is therefore always free from repetition, injected humour, or non-characteristic words etc.',1),(19,'Bertahan dengan Inovasi','Lorem Ipsum is simply dummy text of the printing and typesetting  industry. Lorem Ipsum has been the industry\'s standard dummy text ever','keyword yang bisa di ganti sendiri','','Lorem Ipsum is simply dummy text of the printing and typesetting industry. Lorem Ipsum has been the industry&#39;s standard dummy text ever since the 1500s, when an unknown printer took a galley of type and scrambled it to make a type specimen book. It ha','Lorem Ipsum is simply dummy text of the printing and typesetting industry. Lorem Ipsum has been the industry&#39;s standard dummy text ever since the 1500s, when an unknown printer took a galley of type and scrambled it to make a type specimen book. It has survived not only five centuries, but also the leap into electronic typesetting, remaining essentially unchanged. It was popularised in the 1960s with the release of Letraset sheets containing Lorem Ipsum passages, and more recently with desktop publishing software like Aldus PageMaker including versions of Lorem Ipsum.<br />\r\nWhy do we use it?<br />\r\n<br />\r\nIt is a long established fact that a reader will be distracted by the readable content of a page when looking at its layout. The point of using Lorem Ipsum is that it has a more-or-less normal distribution of letters, as opposed to using &#39;Content here, content here&#39;, making it look like readable English. Many desktop publishing packages and web page editors now use Lorem Ipsum as their default model text, and a search for &#39;lorem ipsum&#39; will uncover many web sites still in their infancy. Various versions have evolved over the years, sometimes by accident, sometimes on purpose (injected humour and the like).<br />\r\n&nbsp;<br />\r\nWhere does it come from?<br />\r\n<br />\r\nContrary to popular belief, Lorem Ipsum is not simply random text. It has roots in a piece of classical Latin literature from 45 BC, making it over 2000 years old. Richard McClintock, a Latin professor at Hampden-Sydney College in Virginia, looked up one of the more obscure Latin words, consectetur, from a Lorem Ipsum passage, and going through the cites of the word in classical literature, discovered the undoubtable source. Lorem Ipsum comes from sections 1.10.32 and 1.10.33 of &quot;de Finibus Bonorum et Malorum&quot; (The Extremes of Good and Evil) by Cicero, written in 45 BC. This book is a treatise on the theory of ethics, very popular during the Renaissance. The first line of Lorem Ipsum, &quot;Lorem ipsum dolor sit amet..&quot;, comes from a line in section 1.10.32.<br />\r\n<br />\r\nThe standard chunk of Lorem Ipsum used since the 1500s is reproduced below for those interested. Sections 1.10.32 and 1.10.33 from &quot;de Finibus Bonorum et Malorum&quot; by Cicero are also reproduced in their exact original form, accompanied by English versions from the 1914 translation by H. Rackham.<br />\r\nWhere can I get some?<br />\r\n<br />\r\nThere are many variations of passages of Lorem Ipsum available, but the majority have suffered alteration in some form, by injected humour, or randomised words which don&#39;t look even slightly believable. If you are going to use a passage of Lorem Ipsum, you need to be sure there isn&#39;t anything embarrassing hidden in the middle of text. All the Lorem Ipsum generators on the Internet tend to repeat predefined chunks as necessary, making this the first true generator on the Internet. It uses a dictionary of over 200 Latin words, combined with a handful of model sentence structures, to generate Lorem Ipsum which looks reasonable. The generated Lorem Ipsum is therefore always free from repetition, injected humour, or non-characteristic words etc.',1),(20,'Optimis Melangkah ditahun depan','Lorem Ipsum is simply dummy text of the printing and typesetting  industry. Lorem Ipsum has been the industry\'s standard dummy text ever','keyword yang bisa di ganti sendiri','','Lorem Ipsum is simply dummy text of the printing and typesetting industry. Lorem Ipsum has been the industry&#39;s standard dummy text ever since the 1500s, when an unknown printer took a galley of type and scrambled it to make a type specimen book. It ha','Lorem Ipsum is simply dummy text of the printing and typesetting industry. Lorem Ipsum has been the industry&#39;s standard dummy text ever since the 1500s, when an unknown printer took a galley of type and scrambled it to make a type specimen book. It has survived not only five centuries, but also the leap into electronic typesetting, remaining essentially unchanged. It was popularised in the 1960s with the release of Letraset sheets containing Lorem Ipsum passages, and more recently with desktop publishing software like Aldus PageMaker including versions of Lorem Ipsum.<br />\r\nWhy do we use it?<br />\r\n<br />\r\nIt is a long established fact that a reader will be distracted by the readable content of a page when looking at its layout. The point of using Lorem Ipsum is that it has a more-or-less normal distribution of letters, as opposed to using &#39;Content here, content here&#39;, making it look like readable English. Many desktop publishing packages and web page editors now use Lorem Ipsum as their default model text, and a search for &#39;lorem ipsum&#39; will uncover many web sites still in their infancy. Various versions have evolved over the years, sometimes by accident, sometimes on purpose (injected humour and the like).<br />\r\n&nbsp;<br />\r\nWhere does it come from?<br />\r\n<br />\r\nContrary to popular belief, Lorem Ipsum is not simply random text. It has roots in a piece of classical Latin literature from 45 BC, making it over 2000 years old. Richard McClintock, a Latin professor at Hampden-Sydney College in Virginia, looked up one of the more obscure Latin words, consectetur, from a Lorem Ipsum passage, and going through the cites of the word in classical literature, discovered the undoubtable source. Lorem Ipsum comes from sections 1.10.32 and 1.10.33 of &quot;de Finibus Bonorum et Malorum&quot; (The Extremes of Good and Evil) by Cicero, written in 45 BC. This book is a treatise on the theory of ethics, very popular during the Renaissance. The first line of Lorem Ipsum, &quot;Lorem ipsum dolor sit amet..&quot;, comes from a line in section 1.10.32.<br />\r\n<br />\r\nThe standard chunk of Lorem Ipsum used since the 1500s is reproduced below for those interested. Sections 1.10.32 and 1.10.33 from &quot;de Finibus Bonorum et Malorum&quot; by Cicero are also reproduced in their exact original form, accompanied by English versions from the 1914 translation by H. Rackham.<br />\r\nWhere can I get some?<br />\r\n<br />\r\nThere are many variations of passages of Lorem Ipsum available, but the majority have suffered alteration in some form, by injected humour, or randomised words which don&#39;t look even slightly believable. If you are going to use a passage of Lorem Ipsum, you need to be sure there isn&#39;t anything embarrassing hidden in the middle of text. All the Lorem Ipsum generators on the Internet tend to repeat predefined chunks as necessary, making this the first true generator on the Internet. It uses a dictionary of over 200 Latin words, combined with a handful of model sentence structures, to generate Lorem Ipsum which looks reasonable. The generated Lorem Ipsum is therefore always free from repetition, injected humour, or non-characteristic words etc.',1),(21,'Bisnis Penyeberangan Potensi yang Terabaikan','Lorem Ipsum is simply dummy text of the printing and typesetting  industry. Lorem Ipsum has been the industry\'s standard dummy text ever','keyword yang bisa di ganti sendiri','','Lorem Ipsum is simply dummy text of the printing and typesetting industry. Lorem Ipsum has been the industry&#39;s standard dummy text ever since the 1500s, when an unknown printer took a galley of type and scrambled it to make a type specimen book. It ha','Lorem Ipsum is simply dummy text of the printing and typesetting industry. Lorem Ipsum has been the industry&#39;s standard dummy text ever since the 1500s, when an unknown printer took a galley of type and scrambled it to make a type specimen book. It has survived not only five centuries, but also the leap into electronic typesetting, remaining essentially unchanged. It was popularised in the 1960s with the release of Letraset sheets containing Lorem Ipsum passages, and more recently with desktop publishing software like Aldus PageMaker including versions of Lorem Ipsum.<br />\r\nWhy do we use it?<br />\r\n<br />\r\nIt is a long established fact that a reader will be distracted by the readable content of a page when looking at its layout. The point of using Lorem Ipsum is that it has a more-or-less normal distribution of letters, as opposed to using &#39;Content here, content here&#39;, making it look like readable English. Many desktop publishing packages and web page editors now use Lorem Ipsum as their default model text, and a search for &#39;lorem ipsum&#39; will uncover many web sites still in their infancy. Various versions have evolved over the years, sometimes by accident, sometimes on purpose (injected humour and the like).<br />\r\n&nbsp;<br />\r\nWhere does it come from?<br />\r\n<br />\r\nContrary to popular belief, Lorem Ipsum is not simply random text. It has roots in a piece of classical Latin literature from 45 BC, making it over 2000 years old. Richard McClintock, a Latin professor at Hampden-Sydney College in Virginia, looked up one of the more obscure Latin words, consectetur, from a Lorem Ipsum passage, and going through the cites of the word in classical literature, discovered the undoubtable source. Lorem Ipsum comes from sections 1.10.32 and 1.10.33 of &quot;de Finibus Bonorum et Malorum&quot; (The Extremes of Good and Evil) by Cicero, written in 45 BC. This book is a treatise on the theory of ethics, very popular during the Renaissance. The first line of Lorem Ipsum, &quot;Lorem ipsum dolor sit amet..&quot;, comes from a line in section 1.10.32.<br />\r\n<br />\r\nThe standard chunk of Lorem Ipsum used since the 1500s is reproduced below for those interested. Sections 1.10.32 and 1.10.33 from &quot;de Finibus Bonorum et Malorum&quot; by Cicero are also reproduced in their exact original form, accompanied by English versions from the 1914 translation by H. Rackham.<br />\r\nWhere can I get some?<br />\r\n<br />\r\nThere are many variations of passages of Lorem Ipsum available, but the majority have suffered alteration in some form, by injected humour, or randomised words which don&#39;t look even slightly believable. If you are going to use a passage of Lorem Ipsum, you need to be sure there isn&#39;t anything embarrassing hidden in the middle of text. All the Lorem Ipsum generators on the Internet tend to repeat predefined chunks as necessary, making this the first true generator on the Internet. It uses a dictionary of over 200 Latin words, combined with a handful of model sentence structures, to generate Lorem Ipsum which looks reasonable. The generated Lorem Ipsum is therefore always free from repetition, injected humour, or non-characteristic words etc.',1),(22,'Dukung Konektivitas ASEAN','Lorem Ipsum is simply dummy text of the printing and typesetting  industry. Lorem Ipsum has been the industry\'s standard dummy text ever','keyword yang bisa di ganti sendiri','','Lorem Ipsum is simply dummy text of the printing and typesetting industry. Lorem Ipsum has been the industry&#39;s standard dummy text ever since the 1500s, when an unknown printer took a galley of type and scrambled it to make a type specimen book. It ha','Lorem Ipsum is simply dummy text of the printing and typesetting industry. Lorem Ipsum has been the industry&#39;s standard dummy text ever since the 1500s, when an unknown printer took a galley of type and scrambled it to make a type specimen book. It has survived not only five centuries, but also the leap into electronic typesetting, remaining essentially unchanged. It was popularised in the 1960s with the release of Letraset sheets containing Lorem Ipsum passages, and more recently with desktop publishing software like Aldus PageMaker including versions of Lorem Ipsum.<br />\r\nWhy do we use it?<br />\r\n<br />\r\nIt is a long established fact that a reader will be distracted by the readable content of a page when looking at its layout. The point of using Lorem Ipsum is that it has a more-or-less normal distribution of letters, as opposed to using &#39;Content here, content here&#39;, making it look like readable English. Many desktop publishing packages and web page editors now use Lorem Ipsum as their default model text, and a search for &#39;lorem ipsum&#39; will uncover many web sites still in their infancy. Various versions have evolved over the years, sometimes by accident, sometimes on purpose (injected humour and the like).<br />\r\n&nbsp;<br />\r\nWhere does it come from?<br />\r\n<br />\r\nContrary to popular belief, Lorem Ipsum is not simply random text. It has roots in a piece of classical Latin literature from 45 BC, making it over 2000 years old. Richard McClintock, a Latin professor at Hampden-Sydney College in Virginia, looked up one of the more obscure Latin words, consectetur, from a Lorem Ipsum passage, and going through the cites of the word in classical literature, discovered the undoubtable source. Lorem Ipsum comes from sections 1.10.32 and 1.10.33 of &quot;de Finibus Bonorum et Malorum&quot; (The Extremes of Good and Evil) by Cicero, written in 45 BC. This book is a treatise on the theory of ethics, very popular during the Renaissance. The first line of Lorem Ipsum, &quot;Lorem ipsum dolor sit amet..&quot;, comes from a line in section 1.10.32.<br />\r\n<br />\r\nThe standard chunk of Lorem Ipsum used since the 1500s is reproduced below for those interested. Sections 1.10.32 and 1.10.33 from &quot;de Finibus Bonorum et Malorum&quot; by Cicero are also reproduced in their exact original form, accompanied by English versions from the 1914 translation by H. Rackham.<br />\r\nWhere can I get some?<br />\r\n<br />\r\nThere are many variations of passages of Lorem Ipsum available, but the majority have suffered alteration in some form, by injected humour, or randomised words which don&#39;t look even slightly believable. If you are going to use a passage of Lorem Ipsum, you need to be sure there isn&#39;t anything embarrassing hidden in the middle of text. All the Lorem Ipsum generators on the Internet tend to repeat predefined chunks as necessary, making this the first true generator on the Internet. It uses a dictionary of over 200 Latin words, combined with a handful of model sentence structures, to generate Lorem Ipsum which looks reasonable. The generated Lorem Ipsum is therefore always free from repetition, injected humour, or non-characteristic words etc.',1),(23,'Tantangan Transportasi di Kota 1001 Gua','Lorem Ipsum is simply dummy text of the printing and typesetting  industry. Lorem Ipsum has been the industry\'s standard dummy text ever','keyword yang bisa di ganti sendiri','','Lorem Ipsum is simply dummy text of the printing and typesetting industry. Lorem Ipsum has been the industry&#39;s standard dummy text ever since the 1500s, when an unknown printer took a galley of type and scrambled it to make a type specimen book. It ha','Lorem Ipsum is simply dummy text of the printing and typesetting industry. Lorem Ipsum has been the industry&#39;s standard dummy text ever since the 1500s, when an unknown printer took a galley of type and scrambled it to make a type specimen book. It has survived not only five centuries, but also the leap into electronic typesetting, remaining essentially unchanged. It was popularised in the 1960s with the release of Letraset sheets containing Lorem Ipsum passages, and more recently with desktop publishing software like Aldus PageMaker including versions of Lorem Ipsum.<br />\r\nWhy do we use it?<br />\r\n<br />\r\nIt is a long established fact that a reader will be distracted by the readable content of a page when looking at its layout. The point of using Lorem Ipsum is that it has a more-or-less normal distribution of letters, as opposed to using &#39;Content here, content here&#39;, making it look like readable English. Many desktop publishing packages and web page editors now use Lorem Ipsum as their default model text, and a search for &#39;lorem ipsum&#39; will uncover many web sites still in their infancy. Various versions have evolved over the years, sometimes by accident, sometimes on purpose (injected humour and the like).<br />\r\n&nbsp;<br />\r\nWhere does it come from?<br />\r\n<br />\r\nContrary to popular belief, Lorem Ipsum is not simply random text. It has roots in a piece of classical Latin literature from 45 BC, making it over 2000 years old. Richard McClintock, a Latin professor at Hampden-Sydney College in Virginia, looked up one of the more obscure Latin words, consectetur, from a Lorem Ipsum passage, and going through the cites of the word in classical literature, discovered the undoubtable source. Lorem Ipsum comes from sections 1.10.32 and 1.10.33 of &quot;de Finibus Bonorum et Malorum&quot; (The Extremes of Good and Evil) by Cicero, written in 45 BC. This book is a treatise on the theory of ethics, very popular during the Renaissance. The first line of Lorem Ipsum, &quot;Lorem ipsum dolor sit amet..&quot;, comes from a line in section 1.10.32.<br />\r\n<br />\r\nThe standard chunk of Lorem Ipsum used since the 1500s is reproduced below for those interested. Sections 1.10.32 and 1.10.33 from &quot;de Finibus Bonorum et Malorum&quot; by Cicero are also reproduced in their exact original form, accompanied by English versions from the 1914 translation by H. Rackham.<br />\r\nWhere can I get some?<br />\r\n<br />\r\nThere are many variations of passages of Lorem Ipsum available, but the majority have suffered alteration in some form, by injected humour, or randomised words which don&#39;t look even slightly believable. If you are going to use a passage of Lorem Ipsum, you need to be sure there isn&#39;t anything embarrassing hidden in the middle of text. All the Lorem Ipsum generators on the Internet tend to repeat predefined chunks as necessary, making this the first true generator on the Internet. It uses a dictionary of over 200 Latin words, combined with a handful of model sentence structures, to generate Lorem Ipsum which looks reasonable. The generated Lorem Ipsum is therefore always free from repetition, injected humour, or non-characteristic words etc.',1),(24,'Keselamatan Harus Jadi Icon','Lorem Ipsum is simply dummy text of the printing and typesetting  industry. Lorem Ipsum has been the industry\'s standard dummy text ever','keyword yang bisa di ganti sendiri','','Lorem Ipsum is simply dummy text of the printing and typesetting industry. Lorem Ipsum has been the industry&#39;s standard dummy text ever since the 1500s, when an unknown printer took a galley of type and scrambled it to make a type specimen book. It ha','Lorem Ipsum is simply dummy text of the printing and typesetting industry. Lorem Ipsum has been the industry&#39;s standard dummy text ever since the 1500s, when an unknown printer took a galley of type and scrambled it to make a type specimen book. It has survived not only five centuries, but also the leap into electronic typesetting, remaining essentially unchanged. It was popularised in the 1960s with the release of Letraset sheets containing Lorem Ipsum passages, and more recently with desktop publishing software like Aldus PageMaker including versions of Lorem Ipsum.<br />\r\nWhy do we use it?<br />\r\n<br />\r\nIt is a long established fact that a reader will be distracted by the readable content of a page when looking at its layout. The point of using Lorem Ipsum is that it has a more-or-less normal distribution of letters, as opposed to using &#39;Content here, content here&#39;, making it look like readable English. Many desktop publishing packages and web page editors now use Lorem Ipsum as their default model text, and a search for &#39;lorem ipsum&#39; will uncover many web sites still in their infancy. Various versions have evolved over the years, sometimes by accident, sometimes on purpose (injected humour and the like).<br />\r\n&nbsp;<br />\r\nWhere does it come from?<br />\r\n<br />\r\nContrary to popular belief, Lorem Ipsum is not simply random text. It has roots in a piece of classical Latin literature from 45 BC, making it over 2000 years old. Richard McClintock, a Latin professor at Hampden-Sydney College in Virginia, looked up one of the more obscure Latin words, consectetur, from a Lorem Ipsum passage, and going through the cites of the word in classical literature, discovered the undoubtable source. Lorem Ipsum comes from sections 1.10.32 and 1.10.33 of &quot;de Finibus Bonorum et Malorum&quot; (The Extremes of Good and Evil) by Cicero, written in 45 BC. This book is a treatise on the theory of ethics, very popular during the Renaissance. The first line of Lorem Ipsum, &quot;Lorem ipsum dolor sit amet..&quot;, comes from a line in section 1.10.32.<br />\r\n<br />\r\nThe standard chunk of Lorem Ipsum used since the 1500s is reproduced below for those interested. Sections 1.10.32 and 1.10.33 from &quot;de Finibus Bonorum et Malorum&quot; by Cicero are also reproduced in their exact original form, accompanied by English versions from the 1914 translation by H. Rackham.<br />\r\nWhere can I get some?<br />\r\n<br />\r\nThere are many variations of passages of Lorem Ipsum available, but the majority have suffered alteration in some form, by injected humour, or randomised words which don&#39;t look even slightly believable. If you are going to use a passage of Lorem Ipsum, you need to be sure there isn&#39;t anything embarrassing hidden in the middle of text. All the Lorem Ipsum generators on the Internet tend to repeat predefined chunks as necessary, making this the first true generator on the Internet. It uses a dictionary of over 200 Latin words, combined with a handful of model sentence structures, to generate Lorem Ipsum which looks reasonable. The generated Lorem Ipsum is therefore always free from repetition, injected humour, or non-characteristic words etc.',1),(25,'Tingkatkan Pengawasan Perairan, KKP akan Perkuat dengan Kapal Induk','Lorem Ipsum is simply dummy text of the printing and typesetting  industry. Lorem Ipsum has been the industry\'s standard dummy text ever','keyword yang bisa di ganti sendiri','','Lorem Ipsum is simply dummy text of the printing and typesetting industry. Lorem Ipsum has been the industry&#39;s standard dummy text ever since the 1500s, when an unknown printer took a galley of type and scrambled it to make a type specimen book. It ha','Lorem Ipsum is simply dummy text of the printing and typesetting industry. Lorem Ipsum has been the industry&#39;s standard dummy text ever since the 1500s, when an unknown printer took a galley of type and scrambled it to make a type specimen book. It has survived not only five centuries, but also the leap into electronic typesetting, remaining essentially unchanged. It was popularised in the 1960s with the release of Letraset sheets containing Lorem Ipsum passages, and more recently with desktop publishing software like Aldus PageMaker including versions of Lorem Ipsum.<br />\r\nWhy do we use it?<br />\r\n<br />\r\nIt is a long established fact that a reader will be distracted by the readable content of a page when looking at its layout. The point of using Lorem Ipsum is that it has a more-or-less normal distribution of letters, as opposed to using &#39;Content here, content here&#39;, making it look like readable English. Many desktop publishing packages and web page editors now use Lorem Ipsum as their default model text, and a search for &#39;lorem ipsum&#39; will uncover many web sites still in their infancy. Various versions have evolved over the years, sometimes by accident, sometimes on purpose (injected humour and the like).<br />\r\n&nbsp;<br />\r\nWhere does it come from?<br />\r\n<br />\r\nContrary to popular belief, Lorem Ipsum is not simply random text. It has roots in a piece of classical Latin literature from 45 BC, making it over 2000 years old. Richard McClintock, a Latin professor at Hampden-Sydney College in Virginia, looked up one of the more obscure Latin words, consectetur, from a Lorem Ipsum passage, and going through the cites of the word in classical literature, discovered the undoubtable source. Lorem Ipsum comes from sections 1.10.32 and 1.10.33 of &quot;de Finibus Bonorum et Malorum&quot; (The Extremes of Good and Evil) by Cicero, written in 45 BC. This book is a treatise on the theory of ethics, very popular during the Renaissance. The first line of Lorem Ipsum, &quot;Lorem ipsum dolor sit amet..&quot;, comes from a line in section 1.10.32.<br />\r\n<br />\r\nThe standard chunk of Lorem Ipsum used since the 1500s is reproduced below for those interested. Sections 1.10.32 and 1.10.33 from &quot;de Finibus Bonorum et Malorum&quot; by Cicero are also reproduced in their exact original form, accompanied by English versions from the 1914 translation by H. Rackham.<br />\r\nWhere can I get some?<br />\r\n<br />\r\nThere are many variations of passages of Lorem Ipsum available, but the majority have suffered alteration in some form, by injected humour, or randomised words which don&#39;t look even slightly believable. If you are going to use a passage of Lorem Ipsum, you need to be sure there isn&#39;t anything embarrassing hidden in the middle of text. All the Lorem Ipsum generators on the Internet tend to repeat predefined chunks as necessary, making this the first true generator on the Internet. It uses a dictionary of over 200 Latin words, combined with a handful of model sentence structures, to generate Lorem Ipsum which looks reasonable. The generated Lorem Ipsum is therefore always free from repetition, injected humour, or non-characteristic words etc.',1),(26,'Gencar Tertibkan Knalpot Bising, Ratusan Motor Dipretelin Polisi','Lorem Ipsum is simply dummy text of the printing and typesetting  industry. Lorem Ipsum has been the industry\'s standard dummy text ever','keyword yang bisa di ganti sendiri','','Lorem Ipsum is simply dummy text of the printing and typesetting industry. Lorem Ipsum has been the industry&#39;s standard dummy text ever since the 1500s, when an unknown printer took a galley of type and scrambled it to make a type specimen book. It ha','Lorem Ipsum is simply dummy text of the printing and typesetting industry. Lorem Ipsum has been the industry&#39;s standard dummy text ever since the 1500s, when an unknown printer took a galley of type and scrambled it to make a type specimen book. It has survived not only five centuries, but also the leap into electronic typesetting, remaining essentially unchanged. It was popularised in the 1960s with the release of Letraset sheets containing Lorem Ipsum passages, and more recently with desktop publishing software like Aldus PageMaker including versions of Lorem Ipsum.<br />\r\nWhy do we use it?<br />\r\n<br />\r\nIt is a long established fact that a reader will be distracted by the readable content of a page when looking at its layout. The point of using Lorem Ipsum is that it has a more-or-less normal distribution of letters, as opposed to using &#39;Content here, content here&#39;, making it look like readable English. Many desktop publishing packages and web page editors now use Lorem Ipsum as their default model text, and a search for &#39;lorem ipsum&#39; will uncover many web sites still in their infancy. Various versions have evolved over the years, sometimes by accident, sometimes on purpose (injected humour and the like).<br />\r\n&nbsp;<br />\r\nWhere does it come from?<br />\r\n<br />\r\nContrary to popular belief, Lorem Ipsum is not simply random text. It has roots in a piece of classical Latin literature from 45 BC, making it over 2000 years old. Richard McClintock, a Latin professor at Hampden-Sydney College in Virginia, looked up one of the more obscure Latin words, consectetur, from a Lorem Ipsum passage, and going through the cites of the word in classical literature, discovered the undoubtable source. Lorem Ipsum comes from sections 1.10.32 and 1.10.33 of &quot;de Finibus Bonorum et Malorum&quot; (The Extremes of Good and Evil) by Cicero, written in 45 BC. This book is a treatise on the theory of ethics, very popular during the Renaissance. The first line of Lorem Ipsum, &quot;Lorem ipsum dolor sit amet..&quot;, comes from a line in section 1.10.32.<br />\r\n<br />\r\nThe standard chunk of Lorem Ipsum used since the 1500s is reproduced below for those interested. Sections 1.10.32 and 1.10.33 from &quot;de Finibus Bonorum et Malorum&quot; by Cicero are also reproduced in their exact original form, accompanied by English versions from the 1914 translation by H. Rackham.<br />\r\nWhere can I get some?<br />\r\n<br />\r\nThere are many variations of passages of Lorem Ipsum available, but the majority have suffered alteration in some form, by injected humour, or randomised words which don&#39;t look even slightly believable. If you are going to use a passage of Lorem Ipsum, you need to be sure there isn&#39;t anything embarrassing hidden in the middle of text. All the Lorem Ipsum generators on the Internet tend to repeat predefined chunks as necessary, making this the first true generator on the Internet. It uses a dictionary of over 200 Latin words, combined with a handful of model sentence structures, to generate Lorem Ipsum which looks reasonable. The generated Lorem Ipsum is therefore always free from repetition, injected humour, or non-characteristic words etc.',1),(27,'Quo Vadis Perkeretaapian Nasional?','Lorem Ipsum is simply dummy text of the printing and typesetting  industry. Lorem Ipsum has been the industry\'s standard dummy text ever','keyword yang bisa di ganti sendiri','','Lorem Ipsum is simply dummy text of the printing and typesetting industry. Lorem Ipsum has been the industry&#39;s standard dummy text ever since the 1500s, when an unknown printer took a galley of type and scrambled it to make a type specimen book. It ha','Lorem Ipsum is simply dummy text of the printing and typesetting industry. Lorem Ipsum has been the industry&#39;s standard dummy text ever since the 1500s, when an unknown printer took a galley of type and scrambled it to make a type specimen book. It has survived not only five centuries, but also the leap into electronic typesetting, remaining essentially unchanged. It was popularised in the 1960s with the release of Letraset sheets containing Lorem Ipsum passages, and more recently with desktop publishing software like Aldus PageMaker including versions of Lorem Ipsum.<br />\r\nWhy do we use it?<br />\r\n<br />\r\nIt is a long established fact that a reader will be distracted by the readable content of a page when looking at its layout. The point of using Lorem Ipsum is that it has a more-or-less normal distribution of letters, as opposed to using &#39;Content here, content here&#39;, making it look like readable English. Many desktop publishing packages and web page editors now use Lorem Ipsum as their default model text, and a search for &#39;lorem ipsum&#39; will uncover many web sites still in their infancy. Various versions have evolved over the years, sometimes by accident, sometimes on purpose (injected humour and the like).<br />\r\n&nbsp;<br />\r\nWhere does it come from?<br />\r\n<br />\r\nContrary to popular belief, Lorem Ipsum is not simply random text. It has roots in a piece of classical Latin literature from 45 BC, making it over 2000 years old. Richard McClintock, a Latin professor at Hampden-Sydney College in Virginia, looked up one of the more obscure Latin words, consectetur, from a Lorem Ipsum passage, and going through the cites of the word in classical literature, discovered the undoubtable source. Lorem Ipsum comes from sections 1.10.32 and 1.10.33 of &quot;de Finibus Bonorum et Malorum&quot; (The Extremes of Good and Evil) by Cicero, written in 45 BC. This book is a treatise on the theory of ethics, very popular during the Renaissance. The first line of Lorem Ipsum, &quot;Lorem ipsum dolor sit amet..&quot;, comes from a line in section 1.10.32.<br />\r\n<br />\r\nThe standard chunk of Lorem Ipsum used since the 1500s is reproduced below for those interested. Sections 1.10.32 and 1.10.33 from &quot;de Finibus Bonorum et Malorum&quot; by Cicero are also reproduced in their exact original form, accompanied by English versions from the 1914 translation by H. Rackham.<br />\r\nWhere can I get some?<br />\r\n<br />\r\nThere are many variations of passages of Lorem Ipsum available, but the majority have suffered alteration in some form, by injected humour, or randomised words which don&#39;t look even slightly believable. If you are going to use a passage of Lorem Ipsum, you need to be sure there isn&#39;t anything embarrassing hidden in the middle of text. All the Lorem Ipsum generators on the Internet tend to repeat predefined chunks as necessary, making this the first true generator on the Internet. It uses a dictionary of over 200 Latin words, combined with a handful of model sentence structures, to generate Lorem Ipsum which looks reasonable. The generated Lorem Ipsum is therefore always free from repetition, injected humour, or non-characteristic words etc.',1),(28,'MRT Jadi Pertaruhan','Lorem Ipsum is simply dummy text of the printing and typesetting  industry. Lorem Ipsum has been the industry\'s standard dummy text ever','keyword yang bisa di ganti sendiri','','Lorem Ipsum is simply dummy text of the printing and typesetting industry. Lorem Ipsum has been the industry&#39;s standard dummy text ever since the 1500s, when an unknown printer took a galley of type and scrambled it to make a type specimen book. It ha','Lorem Ipsum is simply dummy text of the printing and typesetting industry. Lorem Ipsum has been the industry&#39;s standard dummy text ever since the 1500s, when an unknown printer took a galley of type and scrambled it to make a type specimen book. It has survived not only five centuries, but also the leap into electronic typesetting, remaining essentially unchanged. It was popularised in the 1960s with the release of Letraset sheets containing Lorem Ipsum passages, and more recently with desktop publishing software like Aldus PageMaker including versions of Lorem Ipsum.<br />\r\nWhy do we use it?<br />\r\n<br />\r\nIt is a long established fact that a reader will be distracted by the readable content of a page when looking at its layout. The point of using Lorem Ipsum is that it has a more-or-less normal distribution of letters, as opposed to using &#39;Content here, content here&#39;, making it look like readable English. Many desktop publishing packages and web page editors now use Lorem Ipsum as their default model text, and a search for &#39;lorem ipsum&#39; will uncover many web sites still in their infancy. Various versions have evolved over the years, sometimes by accident, sometimes on purpose (injected humour and the like).<br />\r\n&nbsp;<br />\r\nWhere does it come from?<br />\r\n<br />\r\nContrary to popular belief, Lorem Ipsum is not simply random text. It has roots in a piece of classical Latin literature from 45 BC, making it over 2000 years old. Richard McClintock, a Latin professor at Hampden-Sydney College in Virginia, looked up one of the more obscure Latin words, consectetur, from a Lorem Ipsum passage, and going through the cites of the word in classical literature, discovered the undoubtable source. Lorem Ipsum comes from sections 1.10.32 and 1.10.33 of &quot;de Finibus Bonorum et Malorum&quot; (The Extremes of Good and Evil) by Cicero, written in 45 BC. This book is a treatise on the theory of ethics, very popular during the Renaissance. The first line of Lorem Ipsum, &quot;Lorem ipsum dolor sit amet..&quot;, comes from a line in section 1.10.32.<br />\r\n<br />\r\nThe standard chunk of Lorem Ipsum used since the 1500s is reproduced below for those interested. Sections 1.10.32 and 1.10.33 from &quot;de Finibus Bonorum et Malorum&quot; by Cicero are also reproduced in their exact original form, accompanied by English versions from the 1914 translation by H. Rackham.<br />\r\nWhere can I get some?<br />\r\n<br />\r\nThere are many variations of passages of Lorem Ipsum available, but the majority have suffered alteration in some form, by injected humour, or randomised words which don&#39;t look even slightly believable. If you are going to use a passage of Lorem Ipsum, you need to be sure there isn&#39;t anything embarrassing hidden in the middle of text. All the Lorem Ipsum generators on the Internet tend to repeat predefined chunks as necessary, making this the first true generator on the Internet. It uses a dictionary of over 200 Latin words, combined with a handful of model sentence structures, to generate Lorem Ipsum which looks reasonable. The generated Lorem Ipsum is therefore always free from repetition, injected humour, or non-characteristic words etc.',1),(29,'Meneropong Redesign Juanda','Lorem Ipsum is simply dummy text of the printing and typesetting  industry. Lorem Ipsum has been the industry\'s standard dummy text ever','keyword yang bisa di ganti sendiri','','Lorem Ipsum is simply dummy text of the printing and typesetting industry. Lorem Ipsum has been the industry&#39;s standard dummy text ever since the 1500s, when an unknown printer took a galley of type and scrambled it to make a type specimen book. It ha','Lorem Ipsum is simply dummy text of the printing and typesetting industry. Lorem Ipsum has been the industry&#39;s standard dummy text ever since the 1500s, when an unknown printer took a galley of type and scrambled it to make a type specimen book. It has survived not only five centuries, but also the leap into electronic typesetting, remaining essentially unchanged. It was popularised in the 1960s with the release of Letraset sheets containing Lorem Ipsum passages, and more recently with desktop publishing software like Aldus PageMaker including versions of Lorem Ipsum.<br />\r\nWhy do we use it?<br />\r\n<br />\r\nIt is a long established fact that a reader will be distracted by the readable content of a page when looking at its layout. The point of using Lorem Ipsum is that it has a more-or-less normal distribution of letters, as opposed to using &#39;Content here, content here&#39;, making it look like readable English. Many desktop publishing packages and web page editors now use Lorem Ipsum as their default model text, and a search for &#39;lorem ipsum&#39; will uncover many web sites still in their infancy. Various versions have evolved over the years, sometimes by accident, sometimes on purpose (injected humour and the like).<br />\r\n&nbsp;<br />\r\nWhere does it come from?<br />\r\n<br />\r\nContrary to popular belief, Lorem Ipsum is not simply random text. It has roots in a piece of classical Latin literature from 45 BC, making it over 2000 years old. Richard McClintock, a Latin professor at Hampden-Sydney College in Virginia, looked up one of the more obscure Latin words, consectetur, from a Lorem Ipsum passage, and going through the cites of the word in classical literature, discovered the undoubtable source. Lorem Ipsum comes from sections 1.10.32 and 1.10.33 of &quot;de Finibus Bonorum et Malorum&quot; (The Extremes of Good and Evil) by Cicero, written in 45 BC. This book is a treatise on the theory of ethics, very popular during the Renaissance. The first line of Lorem Ipsum, &quot;Lorem ipsum dolor sit amet..&quot;, comes from a line in section 1.10.32.<br />\r\n<br />\r\nThe standard chunk of Lorem Ipsum used since the 1500s is reproduced below for those interested. Sections 1.10.32 and 1.10.33 from &quot;de Finibus Bonorum et Malorum&quot; by Cicero are also reproduced in their exact original form, accompanied by English versions from the 1914 translation by H. Rackham.<br />\r\nWhere can I get some?<br />\r\n<br />\r\nThere are many variations of passages of Lorem Ipsum available, but the majority have suffered alteration in some form, by injected humour, or randomised words which don&#39;t look even slightly believable. If you are going to use a passage of Lorem Ipsum, you need to be sure there isn&#39;t anything embarrassing hidden in the middle of text. All the Lorem Ipsum generators on the Internet tend to repeat predefined chunks as necessary, making this the first true generator on the Internet. It uses a dictionary of over 200 Latin words, combined with a handful of model sentence structures, to generate Lorem Ipsum which looks reasonable. The generated Lorem Ipsum is therefore always free from repetition, injected humour, or non-characteristic words etc.',1),(30,'Apa Kabar Sistranas?','Lorem Ipsum is simply dummy text of the printing and typesetting  industry. Lorem Ipsum has been the industry\'s standard dummy text ever','keyword yang bisa di ganti sendiri','','Lorem Ipsum is simply dummy text of the printing and typesetting industry. Lorem Ipsum has been the industry&#39;s standard dummy text ever since the 1500s, when an unknown printer took a galley of type and scrambled it to make a type specimen book. It ha','Lorem Ipsum is simply dummy text of the printing and typesetting industry. Lorem Ipsum has been the industry&#39;s standard dummy text ever since the 1500s, when an unknown printer took a galley of type and scrambled it to make a type specimen book. It has survived not only five centuries, but also the leap into electronic typesetting, remaining essentially unchanged. It was popularised in the 1960s with the release of Letraset sheets containing Lorem Ipsum passages, and more recently with desktop publishing software like Aldus PageMaker including versions of Lorem Ipsum.<br />\r\nWhy do we use it?<br />\r\n<br />\r\nIt is a long established fact that a reader will be distracted by the readable content of a page when looking at its layout. The point of using Lorem Ipsum is that it has a more-or-less normal distribution of letters, as opposed to using &#39;Content here, content here&#39;, making it look like readable English. Many desktop publishing packages and web page editors now use Lorem Ipsum as their default model text, and a search for &#39;lorem ipsum&#39; will uncover many web sites still in their infancy. Various versions have evolved over the years, sometimes by accident, sometimes on purpose (injected humour and the like).<br />\r\n&nbsp;<br />\r\nWhere does it come from?<br />\r\n<br />\r\nContrary to popular belief, Lorem Ipsum is not simply random text. It has roots in a piece of classical Latin literature from 45 BC, making it over 2000 years old. Richard McClintock, a Latin professor at Hampden-Sydney College in Virginia, looked up one of the more obscure Latin words, consectetur, from a Lorem Ipsum passage, and going through the cites of the word in classical literature, discovered the undoubtable source. Lorem Ipsum comes from sections 1.10.32 and 1.10.33 of &quot;de Finibus Bonorum et Malorum&quot; (The Extremes of Good and Evil) by Cicero, written in 45 BC. This book is a treatise on the theory of ethics, very popular during the Renaissance. The first line of Lorem Ipsum, &quot;Lorem ipsum dolor sit amet..&quot;, comes from a line in section 1.10.32.<br />\r\n<br />\r\nThe standard chunk of Lorem Ipsum used since the 1500s is reproduced below for those interested. Sections 1.10.32 and 1.10.33 from &quot;de Finibus Bonorum et Malorum&quot; by Cicero are also reproduced in their exact original form, accompanied by English versions from the 1914 translation by H. Rackham.<br />\r\nWhere can I get some?<br />\r\n<br />\r\nThere are many variations of passages of Lorem Ipsum available, but the majority have suffered alteration in some form, by injected humour, or randomised words which don&#39;t look even slightly believable. If you are going to use a passage of Lorem Ipsum, you need to be sure there isn&#39;t anything embarrassing hidden in the middle of text. All the Lorem Ipsum generators on the Internet tend to repeat predefined chunks as necessary, making this the first true generator on the Internet. It uses a dictionary of over 200 Latin words, combined with a handful of model sentence structures, to generate Lorem Ipsum which looks reasonable. The generated Lorem Ipsum is therefore always free from repetition, injected humour, or non-characteristic words etc.',1),(31,'Konektivitas Nusantara','Lorem Ipsum is simply dummy text of the printing and typesetting  industry. Lorem Ipsum has been the industry\'s standard dummy text ever','keyword yang bisa di ganti sendiri','','Lorem Ipsum is simply dummy text of the printing and typesetting industry. Lorem Ipsum has been the industry&#39;s standard dummy text ever since the 1500s, when an unknown printer took a galley of type and scrambled it to make a type specimen book. It ha','Lorem Ipsum is simply dummy text of the printing and typesetting industry. Lorem Ipsum has been the industry&#39;s standard dummy text ever since the 1500s, when an unknown printer took a galley of type and scrambled it to make a type specimen book. It has survived not only five centuries, but also the leap into electronic typesetting, remaining essentially unchanged. It was popularised in the 1960s with the release of Letraset sheets containing Lorem Ipsum passages, and more recently with desktop publishing software like Aldus PageMaker including versions of Lorem Ipsum.<br />\r\nWhy do we use it?<br />\r\n<br />\r\nIt is a long established fact that a reader will be distracted by the readable content of a page when looking at its layout. The point of using Lorem Ipsum is that it has a more-or-less normal distribution of letters, as opposed to using &#39;Content here, content here&#39;, making it look like readable English. Many desktop publishing packages and web page editors now use Lorem Ipsum as their default model text, and a search for &#39;lorem ipsum&#39; will uncover many web sites still in their infancy. Various versions have evolved over the years, sometimes by accident, sometimes on purpose (injected humour and the like).<br />\r\n&nbsp;<br />\r\nWhere does it come from?<br />\r\n<br />\r\nContrary to popular belief, Lorem Ipsum is not simply random text. It has roots in a piece of classical Latin literature from 45 BC, making it over 2000 years old. Richard McClintock, a Latin professor at Hampden-Sydney College in Virginia, looked up one of the more obscure Latin words, consectetur, from a Lorem Ipsum passage, and going through the cites of the word in classical literature, discovered the undoubtable source. Lorem Ipsum comes from sections 1.10.32 and 1.10.33 of &quot;de Finibus Bonorum et Malorum&quot; (The Extremes of Good and Evil) by Cicero, written in 45 BC. This book is a treatise on the theory of ethics, very popular during the Renaissance. The first line of Lorem Ipsum, &quot;Lorem ipsum dolor sit amet..&quot;, comes from a line in section 1.10.32.<br />\r\n<br />\r\nThe standard chunk of Lorem Ipsum used since the 1500s is reproduced below for those interested. Sections 1.10.32 and 1.10.33 from &quot;de Finibus Bonorum et Malorum&quot; by Cicero are also reproduced in their exact original form, accompanied by English versions from the 1914 translation by H. Rackham.<br />\r\nWhere can I get some?<br />\r\n<br />\r\nThere are many variations of passages of Lorem Ipsum available, but the majority have suffered alteration in some form, by injected humour, or randomised words which don&#39;t look even slightly believable. If you are going to use a passage of Lorem Ipsum, you need to be sure there isn&#39;t anything embarrassing hidden in the middle of text. All the Lorem Ipsum generators on the Internet tend to repeat predefined chunks as necessary, making this the first true generator on the Internet. It uses a dictionary of over 200 Latin words, combined with a handful of model sentence structures, to generate Lorem Ipsum which looks reasonable. The generated Lorem Ipsum is therefore always free from repetition, injected humour, or non-characteristic words etc.',1),(32,'Membumikan Transportasi Ke Ranah Lokal','Lorem Ipsum is simply dummy text of the printing and typesetting  industry. Lorem Ipsum has been the industry\'s standard dummy text ever','keyword yang bisa di ganti sendiri','','Lorem Ipsum is simply dummy text of the printing and typesetting industry. Lorem Ipsum has been the industry&#39;s standard dummy text ever since the 1500s, when an unknown printer took a galley of type and scrambled it to make a type specimen book. It ha','Lorem Ipsum is simply dummy text of the printing and typesetting industry. Lorem Ipsum has been the industry&#39;s standard dummy text ever since the 1500s, when an unknown printer took a galley of type and scrambled it to make a type specimen book. It has survived not only five centuries, but also the leap into electronic typesetting, remaining essentially unchanged. It was popularised in the 1960s with the release of Letraset sheets containing Lorem Ipsum passages, and more recently with desktop publishing software like Aldus PageMaker including versions of Lorem Ipsum.<br />\r\nWhy do we use it?<br />\r\n<br />\r\nIt is a long established fact that a reader will be distracted by the readable content of a page when looking at its layout. The point of using Lorem Ipsum is that it has a more-or-less normal distribution of letters, as opposed to using &#39;Content here, content here&#39;, making it look like readable English. Many desktop publishing packages and web page editors now use Lorem Ipsum as their default model text, and a search for &#39;lorem ipsum&#39; will uncover many web sites still in their infancy. Various versions have evolved over the years, sometimes by accident, sometimes on purpose (injected humour and the like).<br />\r\n&nbsp;<br />\r\nWhere does it come from?<br />\r\n<br />\r\nContrary to popular belief, Lorem Ipsum is not simply random text. It has roots in a piece of classical Latin literature from 45 BC, making it over 2000 years old. Richard McClintock, a Latin professor at Hampden-Sydney College in Virginia, looked up one of the more obscure Latin words, consectetur, from a Lorem Ipsum passage, and going through the cites of the word in classical literature, discovered the undoubtable source. Lorem Ipsum comes from sections 1.10.32 and 1.10.33 of &quot;de Finibus Bonorum et Malorum&quot; (The Extremes of Good and Evil) by Cicero, written in 45 BC. This book is a treatise on the theory of ethics, very popular during the Renaissance. The first line of Lorem Ipsum, &quot;Lorem ipsum dolor sit amet..&quot;, comes from a line in section 1.10.32.<br />\r\n<br />\r\nThe standard chunk of Lorem Ipsum used since the 1500s is reproduced below for those interested. Sections 1.10.32 and 1.10.33 from &quot;de Finibus Bonorum et Malorum&quot; by Cicero are also reproduced in their exact original form, accompanied by English versions from the 1914 translation by H. Rackham.<br />\r\nWhere can I get some?<br />\r\n<br />\r\nThere are many variations of passages of Lorem Ipsum available, but the majority have suffered alteration in some form, by injected humour, or randomised words which don&#39;t look even slightly believable. If you are going to use a passage of Lorem Ipsum, you need to be sure there isn&#39;t anything embarrassing hidden in the middle of text. All the Lorem Ipsum generators on the Internet tend to repeat predefined chunks as necessary, making this the first true generator on the Internet. It uses a dictionary of over 200 Latin words, combined with a handful of model sentence structures, to generate Lorem Ipsum which looks reasonable. The generated Lorem Ipsum is therefore always free from repetition, injected humour, or non-characteristic words etc.',1),(33,'Nikmat Teh di Pasar Terapung','Lorem Ipsum is simply dummy text of the printing and typesetting  industry. Lorem Ipsum has been the industry\'s standard dummy text ever','keyword yang bisa di ganti sendiri','','Lorem Ipsum is simply dummy text of the printing and typesetting industry. Lorem Ipsum has been the industry&#39;s standard dummy text ever since the 1500s, when an unknown printer took a galley of type and scrambled it to make a type specimen book. It ha','Lorem Ipsum is simply dummy text of the printing and typesetting industry. Lorem Ipsum has been the industry&#39;s standard dummy text ever since the 1500s, when an unknown printer took a galley of type and scrambled it to make a type specimen book. It has survived not only five centuries, but also the leap into electronic typesetting, remaining essentially unchanged. It was popularised in the 1960s with the release of Letraset sheets containing Lorem Ipsum passages, and more recently with desktop publishing software like Aldus PageMaker including versions of Lorem Ipsum.<br />\r\nWhy do we use it?<br />\r\n<br />\r\nIt is a long established fact that a reader will be distracted by the readable content of a page when looking at its layout. The point of using Lorem Ipsum is that it has a more-or-less normal distribution of letters, as opposed to using &#39;Content here, content here&#39;, making it look like readable English. Many desktop publishing packages and web page editors now use Lorem Ips<img alt=\"ooooh\" src=\"includes/smiley/ooooh.gif\" style=\"height:18px; width:18px\" title=\"ooooh\" />um as their default model text, and a search for &#39;lorem ipsum&#39; will uncover many web sites still in their infancy. Various versions have evolved over the years, sometimes by accident, sometimes on purpose (injected humour and the like).<br />\r\n&nbsp;<br />\r\nWhere does it come from?<br />\r\n<br />\r\nContrary to popular be<object classid=\"clsid:d27cdb6e-ae6d-11cf-96b8-444553540000\" codebase=\"http://download.macromedia.com/pub/shockwave/cabs/flash/swflash.cab#version=6,0,40,0\"><param name=\"quality\" value=\"high\" /><param name=\"movie\" value=\"images/modules/content/BannerBatam.swf\" /><embed pluginspage=\"http://www.macromedia.com/go/getflashplayer\" quality=\"high\" src=\"images/modules/content/BannerBatam.swf\" type=\"application/x-shockwave-flash\"></embed></object>lief, Lorem Ipsum is not simply random text. It has roots in a piece of classical Latin literature from 45 BC, making it over 2000 years old. Richard McClintock, a Latin professor at Hampden-Sydney College in Virginia, looked up one of the more obscure Latin words, consectetur, from a Lorem Ipsum passage, and going through the cites of the word in classical literature, discovered the undoubtable source. Lorem Ipsum comes from sections 1.10.32 and 1.10.33 of &quot;de Finibus Bonorum et M<object classid=\"clsid:d27cdb6e-ae6d-11cf-96b8-444553540000\" codebase=\"http://download.macromedia.com/pub/shockwave/cabs/flash/swflash.cab#version=6,0,40,0\"><param name=\"quality\" value=\"high\" /><param name=\"movie\" value=\"images/modules/content/bannerpameran.swf\" /><embed pluginspage=\"http://www.macromedia.com/go/getflashplayer\" quality=\"high\" src=\"images/modules/content/bannerpameran.swf\" type=\"application/x-shockwave-flash\"></embed></object>alorum&quot; (The Extremes of Good and Evil) by Cicero, written in 45 BC. This book is a treatise on the theory of ethics, very popular during the Renaissance. The first line of Lorem Ipsum, &quot;Lorem ipsum dolor sit amet..&quot;, comes from a line in section 1.10.32.<br />\r\n<br />\r\nThe standard chunk of Lorem Ipsum used since the 1500s is reproduced below for those interested. Sections 1.10.32 and 1.10.33 from &quot;de Finibus Bonorum et Malorum&quot; by Cicero are al<img alt=\"\" src=\"images/modules/content/bannerbatam.jpg\" style=\"height:158px; width:181px\" />so reproduced in their exact original form, accompanied by English versions from the 1914 translation by H. Rackham.<br />\r\nWhere can I get some?<br />\r\n<br />\r\nThere are many variations of passages of Lorem Ipsum available, but the majority have suffered alteration in some form, by injected humour, or randomised words which don&#39;t look even slightly believable. If yo<img alt=\"\" src=\"images/modules/content/IMG_5883.jpg\" style=\"height:300px; width:400px\" />u are going to use a passage of Lorem Ipsum, you need to be sure there isn&#39;t anything embarrassing hidden in the middle of text. All the Lorem Ipsum generators on the Internet tend to repeat predefined chunks as necessary, making this the first true generator on the Internet. It uses a dictionary of over 200 Latin words, combined with a handful of model sentence structures, to generate Lorem Ipsum which looks reasonable. The generated Lorem Ipsum is therefore always free from repetition, injected humour, or non-characteristic words etc.',1),(34,'Tol Semakin Dikebut','Lorem Ipsum is simply dummy text of the printing and typesetting  industry. Lorem Ipsum has been the industry\'s standard dummy text ever','keyword yang bisa di ganti sendiri','','Lorem Ipsum is simply dummy text of the printing and typesetting industry. Lorem Ipsum has been the industry&#39;s standard dummy text ever since the 1500s, when an unknown printer took a galley of type and scrambled it to make a type specimen book. It ha','Lorem Ipsum is simply dummy text of the printing and typesetting industry. Lorem Ipsum has been the industry&#39;s standard dummy text ever since the 1500s, when an unknown printer took a galley of type and scrambled it to make a type specimen book. It has survived not only five centuries, but also the leap into electronic typesetting, remaining essentially unchanged. It was popularised in the 1960s with the release of Letraset sheets containing Lorem Ipsum passages, and more recently with desktop publishing software like Aldus PageMaker including versions of Lorem Ipsum.<br />\r\nWhy do we use it?<br />\r\n<br />\r\nIt is a long established fact that a reader will be distracted by the readable content of a page when looking at its layout. The point of using Lorem Ipsum is that it has a more-or-less normal distribution of letters, as opposed to using &#39;Content here, content here&#39;, making it look like readable English. Many desktop publishing packages and web page editors now use Lorem Ipsum as their default model text, and a search for &#39;lorem ipsum&#39; will uncover many web sites still in their infancy. Various versions have evolved over the years, sometimes by accident, sometimes on purpose (injected humour and the like).<br />\r\n&nbsp;<br />\r\nWhere does it come from?<br />\r\n<br />\r\nContrary to popular belief, Lorem Ipsum is not simply random text. It has roots in a piece of classical Latin literature from 45 BC, making it over 2000 years old. Richard McClintock, a Latin professor at Hampden-Sydney College in Virginia, looked up one of the more obscure Latin words, consectetur, from a Lorem Ipsum passage, and going through the cites of the word in classical literature, discovered the undoubtable source. Lorem Ipsum comes from sections 1.10.32 and 1.10.33 of &quot;de Finibus Bonorum et Malorum&quot; (The Extremes of Good and Evil) by Cicero, written in 45 BC. This book is a treatise on the theory of ethics, very popular during the Renaissance. The first line of Lorem Ipsum, &quot;Lorem ipsum dolor sit amet..&quot;, comes from a line in section 1.10.32.<br />\r\n<br />\r\nThe standard chunk of Lorem Ipsum used since the 1500s is reproduced below for those interested. Sections 1.10.32 and 1.10.33 from &quot;de Finibus Bonorum et Malorum&quot; by Cicero are also reproduced in their exact original form, accompanied by English versions from the 1914 translation by H. Rackham.<br />\r\nWhere can I get some?<br />\r\n<br />\r\nThere are many variations of passages of Lorem Ipsum available, but the majority have suffered alteration in some form, by injected humour, or randomised words which don&#39;t look even slightly believable. If you are going to use a passage of Lorem Ipsum, you need to be sure there isn&#39;t anything embarrassing hidden in the middle of text. All the Lorem Ipsum generators on the Internet tend to repeat predefined chunks as necessary, making this the first true generator on the Internet. It uses a dictionary of over 200 Latin words, combined with a handful of model sentence structures, to generate Lorem Ipsum which looks reasonable. The generated Lorem Ipsum is therefore always free from repetition, injected humour, or non-characteristic words etc.',1),(35,'Dermaga Batubara Terbesar','Lorem Ipsum is simply dummy text of the printing and typesetting  industry. Lorem Ipsum has been the industry\'s standard dummy text ever','keyword yang bisa di ganti sendiri','','Lorem Ipsum is simply dummy text of the printing and typesetting industry. Lorem Ipsum has been the industry&#39;s standard dummy text ever since the 1500s, when an unknown printer took a galley of type and scrambled it to make a type specimen book. It ha','Lorem Ipsum is simply dummy text of the printing and typesetting industry. Lorem Ipsum has been the industry&#39;s standard dummy text ever since the 1500s, when an unknown printer took a galley of type and scrambled it to make a type specimen book. It has survived not only five centuries, but also the leap into electronic typesetting, remaining essentially unchanged. It was popularised in the 1960s with the release of Letraset sheets containing Lorem Ipsum passages, and more recently with desktop publishing software like Aldus PageMaker including versions of Lorem Ipsum.<br />\r\nWhy do we use it?<br />\r\n<br />\r\nIt is a long established fact that a reader will be distracted by the readable content of a page when looking at its layout. The point of using Lorem Ipsum is that it has a more-or-less normal distribution of letters, as opposed to using &#39;Content here, content here&#39;, making it look like readable English. Many desktop publishing packages and web page editors now use Lorem Ipsum as their default model text, and a search for &#39;lorem ipsum&#39; will uncover many web sites still in their infancy. Various versions have evolved over the years, sometimes by accident, sometimes on purpose (injected humour and the like).<br />\r\n&nbsp;<br />\r\nWhere does it come from?<br />\r\n<br />\r\nContrary to popular belief, Lorem Ipsum is not simply random text. It has roots in a piece of classical Latin literature from 45 BC, making it over 2000 years old. Richard McClintock, a Latin professor at Hampden-Sydney College in Virginia, looked up one of the more obscure Latin words, consectetur, from a Lorem Ipsum passage, and going through the cites of the word in classical literature, discovered the undoubtable source. Lorem Ipsum comes from sections 1.10.32 and 1.10.33 of &quot;de Finibus Bonorum et Malorum&quot; (The Extremes of Good and Evil) by Cicero, written in 45 BC. This book is a treatise on the theory of ethics, very popular during the Renaissance. The first line of Lorem Ipsum, &quot;Lorem ipsum dolor sit amet..&quot;, comes from a line in section 1.10.32.<br />\r\n<br />\r\nThe standard chunk of Lorem Ipsum used since the 1500s is reproduced below for those interested. Sections 1.10.32 and 1.10.33 from &quot;de Finibus Bonorum et Malorum&quot; by Cicero are also reproduced in their exact original form, accompanied by English versions from the 1914 translation by H. Rackham.<br />\r\nWhere can I get some?<br />\r\n<br />\r\nThere are many variations of passages of Lorem Ipsum available, but the majority have suffered alteration in some form, by injected humour, or randomised words which don&#39;t look even slightly believable. If you are going to use a passage of Lorem Ipsum, you need to be sure there isn&#39;t anything embarrassing hidden in the middle of text. All the Lorem Ipsum generators on the Internet tend to repeat predefined chunks as necessary, making this the first true generator on the Internet. It uses a dictionary of over 200 Latin words, combined with a handful of model sentence structures, to generate Lorem Ipsum which looks reasonable. The generated Lorem Ipsum is therefore always free from repetition, injected humour, or non-characteristic words etc.',1),(36,'Belawan Terus Berbenah','Lorem Ipsum is simply dummy text of the printing and typesetting  industry. Lorem Ipsum has been the industry\'s standard dummy text ever','keyword yang bisa di ganti sendiri','','Lorem Ipsum is simply dummy text of the printing and typesetting industry. Lorem Ipsum has been the industry&#39;s standard dummy text ever since the 1500s, when an unknown printer took a galley of type and scrambled it to make a type specimen book. It ha','Lorem Ipsum is simply dummy text of the printing and typesetting industry. Lorem Ipsum has been the industry&#39;s standard dummy text ever since the 1500s, when an unknown printer took a galley of type and scrambled it to make a type specimen book. It has survived not only five centuries, but also the leap into electronic typesetting, remaining essentially unchanged. It was popularised in the 1960s with the release of Letraset sheets containing Lorem Ipsum passages, and more recently with desktop publishing software like Aldus PageMaker including versions of Lorem Ipsum.<br />\r\nWhy do we use it?<br />\r\n<br />\r\nIt is a long established fact that a reader will be distracted by the readable content of a page when looking at its layout. The point of using Lorem Ipsum is that it has a more-or-less normal distribution of letters, as opposed to using &#39;Content here, content here&#39;, making it look like readable English. Many desktop publishing packages and web page editors now use Lorem Ipsum as their default model text, and a search for &#39;lorem ipsum&#39; will uncover many web sites still in their infancy. Various versions have evolved over the years, sometimes by accident, sometimes on purpose (injected humour and the like).<br />\r\n&nbsp;<br />\r\nWhere does it come from?<br />\r\n<br />\r\nContrary to popular belief, Lorem Ipsum is not simply random text. It has roots in a piece of classical Latin literature from 45 BC, making it over 2000 years old. Richard McClintock, a Latin professor at Hampden-Sydney College in Virginia, looked up one of the more obscure Latin words, consectetur, from a Lorem Ipsum passage, and going through the cites of the word in classical literature, discovered the undoubtable source. Lorem Ipsum comes from sections 1.10.32 and 1.10.33 of &quot;de Finibus Bonorum et Malorum&quot; (The Extremes of Good and Evil) by Cicero, written in 45 BC. This book is a treatise on the theory of ethics, very popular during the Renaissance. The first line of Lorem Ipsum, &quot;Lorem ipsum dolor sit amet..&quot;, comes from a line in section 1.10.32.<br />\r\n<br />\r\nThe standard chunk of Lorem Ipsum used since the 1500s is reproduced below for those interested. Sections 1.10.32 and 1.10.33 from &quot;de Finibus Bonorum et Malorum&quot; by Cicero are also reproduced in their exact original form, accompanied by English versions from the 1914 translation by H. Rackham.<br />\r\nWhere can I get some?<br />\r\n<br />\r\nThere are many variations of passages of Lorem Ipsum available, but the majority have suffered alteration in some form, by injected humour, or randomised words which don&#39;t look even slightly believable. If you are going to use a passage of Lorem Ipsum, you need to be sure there isn&#39;t anything embarrassing hidden in the middle of text. All the Lorem Ipsum generators on the Internet tend to repeat predefined chunks as necessary, making this the first true generator on the Internet. It uses a dictionary of over 200 Latin words, combined with a handful of model sentence structures, to generate Lorem Ipsum which looks reasonable. The generated Lorem Ipsum is therefore always free from repetition, injected humour, or non-characteristic words etc.',1),(37,'Pasar Perintis Kian Seksi','Lorem Ipsum is simply dummy text of the printing and typesetting  industry. Lorem Ipsum has been the industry\'s standard dummy text ever','keyword yang bisa di ganti sendiri','','Lorem Ipsum is simply dummy text of the printing and typesetting industry. Lorem Ipsum has been the industry&#39;s standard dummy text ever since the 1500s, when an unknown printer took a galley of type and scrambled it to make a type specimen book. It ha','Lorem Ipsum is simply dummy text of the printing and typesetting industry. Lorem Ipsum has been the industry&#39;s standard dummy text ever since the 1500s, when an unknown printer took a galley of type and scrambled it to make a type specimen book. It has survived not only five centuries, but also the leap into electronic typesetting, remaining essentially unchanged. It was popularised in the 1960s with the release of Letraset sheets containing Lorem Ipsum passages, and more recently with desktop publishing software like Aldus PageMaker including versions of Lorem Ipsum.<br />\r\nWhy do we use it?<br />\r\n<br />\r\nIt is a long established fact that a reader will be distracted by the readable content of a page when looking at its layout. The point of using Lorem Ipsum is that it has a more-or-less normal distribution of letters, as opposed to using &#39;Content here, content here&#39;, making it look like readable English. Many desktop publishing packages and web page editors now use Lorem Ipsum as their default model text, and a search for &#39;lorem ipsum&#39; will uncover many web sites still in their infancy. Various versions have evolved over the years, sometimes by accident, sometimes on purpose (injected humour and the like).<br />\r\n&nbsp;<br />\r\nWhere does it come from?<br />\r\n<br />\r\nContrary to popular belief, Lorem Ipsum is not simply random text. It has roots in a piece of classical Latin literature from 45 BC, making it over 2000 years old. Richard McClintock, a Latin professor at Hampden-Sydney College in Virginia, looked up one of the more obscure Latin words, consectetur, from a Lorem Ipsum passage, and going through the cites of the word in classical literature, discovered the undoubtable source. Lorem Ipsum comes from sections 1.10.32 and 1.10.33 of &quot;de Finibus Bonorum et Malorum&quot; (The Extremes of Good and Evil) by Cicero, written in 45 BC. This book is a treatise on the theory of ethics, very popular during the Renaissance. The first line of Lorem Ipsum, &quot;Lorem ipsum dolor sit amet..&quot;, comes from a line in section 1.10.32.<br />\r\n<br />\r\nThe standard chunk of Lorem Ipsum used since the 1500s is reproduced below for those interested. Sections 1.10.32 and 1.10.33 from &quot;de Finibus Bonorum et Malorum&quot; by Cicero are also reproduced in their exact original form, accompanied by English versions from the 1914 translation by H. Rackham.<br />\r\nWhere can I get some?<br />\r\n<br />\r\nThere are many variations of passages of Lorem Ipsum available, but the majority have suffered alteration in some form, by injected humour, or randomised words which don&#39;t look even slightly believable. If you are going to use a passage of Lorem Ipsum, you need to be sure there isn&#39;t anything embarrassing hidden in the middle of text. All the Lorem Ipsum generators on the Internet tend to repeat predefined chunks as necessary, making this the first true generator on the Internet. It uses a dictionary of over 200 Latin words, combined with a handful of model sentence structures, to generate Lorem Ipsum which looks reasonable. The generated Lorem Ipsum is therefore always free from repetition, injected humour, or non-characteristic words etc.',1),(38,'Garuda Buka Rute Surabaya - Jeddah','Lorem Ipsum is simply dummy text of the printing and typesetting  industry. Lorem Ipsum has been the industry\'s standard dummy text ever','keyword yang bisa di ganti sendiri','','Lorem Ipsum is simply dummy text of the printing and typesetting industry. Lorem Ipsum has been the industry\'s standard dummy text ever since the 1500s, when an unknown printer took a galley of type and scrambled it to make a type specimen book.','Lorem Ipsum is simply dummy text of the printing and typesetting industry. Lorem Ipsum has been the industry&#39;s standard dummy text ever since the 1500s, when an unknown printer took a galley of type and scrambled it to make a type specimen book. It has survived not only five centuries, but also the leap into electronic typesetting, remaining essentially unchanged. It was popularised in the 1960s with the release of Letraset sheets containing Lorem Ipsum passages, and more recently with desktop publishing software like Aldus PageMaker including versions of Lorem Ipsum.<br />\r\nWhy do we use it?<br />\r\n<br />\r\nIt is a long established fact that a reader will be distracted by the readable content of a page when looking at its layout. The point of using Lorem Ipsum is that it has a more-or-less normal distribution of letters, as opposed to using &#39;Content here, content here&#39;, making it look like readable English. Many desktop publishing packages and web page editors now use Lorem Ipsum as their default model text, and a search for &#39;lorem ipsum&#39; will uncover many web sites still in their infancy. Various versions have evolved over the years, sometimes by accident, sometimes on purpose (injected humour and the like).<br />\r\n&nbsp;<br />\r\nWhere does it come from?<br />\r\n<br />\r\nContrary to popular belief, Lorem Ipsum is not simply random text. It has roots in a piece of classical Latin literature from 45 BC, making it over 2000 years old. Richard McClintock, a Latin professor at Hampden-Sydney College in Virginia, looked up one of the more obscure Latin words, consectetur, from a Lorem Ipsum passage, and going through the cites of the word in classical literature, discovered the undoubtable source. Lorem Ipsum comes from sections 1.10.32 and 1.10.33 of &quot;de Finibus Bonorum et Malorum&quot; (The Extremes of Good and Evil) by Cicero, written in 45 BC. This book is a treatise on the theory of ethics, very popular during the Renaissance. The first line of Lorem Ipsum, &quot;Lorem ipsum dolor sit amet..&quot;, comes from a line in section 1.10.32.<br />\r\n<br />\r\nThe standard chunk of Lorem Ipsum used since the 1500s is reproduced below for those interested. Sections 1.10.32 and 1.10.33 from &quot;de Finibus Bonorum et Malorum&quot; by Cicero are also reproduced in their exact original form, accompanied by English versions from the 1914 translation by H. Rackham.<br />\r\nWhere can I get some?<br />\r\n<br />\r\nThere are many variations of passages of Lorem Ipsum available, but the majority have suffered alteration in some form, by injected humour, or randomised words which don&#39;t look even slightly believable. If you are going to use a passage of Lorem Ipsum, you need to be sure there isn&#39;t anything embarrassing hidden in the middle of text. All the Lorem Ipsum generators on the Internet tend to repeat predefined chunks as necessary, making this the first true generator on the Internet. It uses a dictionary of over 200 Latin words, combined with a handful of model sentence structures, to generate Lorem Ipsum which looks reasonable. The generated Lorem Ipsum is therefore always free from repetition, injected humour, or non-characteristic words etc.',1);
DROP TABLE IF EXISTS `bbc_content_trash`;
CREATE TABLE `bbc_content_trash` (
  `id` int(255) NOT NULL AUTO_INCREMENT,
  `title` varchar(255) NOT NULL,
  `image` varchar(255) DEFAULT NULL,
  `content_id` int(255) NOT NULL DEFAULT '0',
  `params` text NOT NULL,
  `trashed` datetime DEFAULT NULL,
  `restore` tinyint(1) NOT NULL DEFAULT '0',
  PRIMARY KEY (`id`),
  KEY `restore` (`restore`) USING BTREE,
  FULLTEXT KEY `title` (`title`,`image`,`params`)
) ENGINE=InnoDB DEFAULT CHARSET=utf8;

DROP TABLE IF EXISTS `bbc_content_type`;
CREATE TABLE `bbc_content_type` (
  `id` int(255) NOT NULL AUTO_INCREMENT,
  `title` varchar(255) DEFAULT NULL,
  `detail` text,
  `list` text,
  `menu_id` int(255) NOT NULL DEFAULT '0',
  `active` tinyint(1) NOT NULL DEFAULT '1',
  PRIMARY KEY (`id`),
  KEY `active` (`active`) USING BTREE,
  KEY `menu_id` (`menu_id`) USING BTREE
) ENGINE=InnoDB AUTO_INCREMENT=2 DEFAULT CHARSET=utf8;

INSERT INTO `bbc_content_type` VALUES (1,'General Content','{\"template\":\"detail.html.php\",\"title\":\"1\",\"created\":\"1\",\"modified\":\"1\",\"author\":\"1\",\"tag\":\"1\",\"tag_link\":\"1\",\"rating\":\"1\",\"rating_vote\":\"1\",\"thumbsize\":\"250\",\"comment\":\"1\",\"comment_auto\":\"1\",\"comment_list\":\"9\",\"comment_form\":\"1\",\"comment_emoticons\":\"1\",\"comment_spam\":\"0\",\"comment_email\":\"1\",\"pdf\":\"1\",\"print\":\"1\",\"email\":\"1\",\"share\":\"1\"}','{\"template\":\"list.html.php\",\"title\":\"1\",\"title_link\":\"1\",\"intro\":\"1\",\"created\":\"1\",\"modified\":\"1\",\"author\":\"1\",\"tag\":\"1\",\"tag_link\":\"1\",\"rating\":\"1\",\"read_more\":\"1\",\"tot_list\":\"12\",\"thumbnail\":\"1\"}',0,1);
DROP TABLE IF EXISTS `bbc_cpanel`;
CREATE TABLE `bbc_cpanel` (
  `id` int(255) unsigned NOT NULL AUTO_INCREMENT,
  `par_id` int(255) DEFAULT '0',
  `title` varchar(255) DEFAULT NULL,
  `image` varchar(255) DEFAULT NULL,
  `act` varchar(255) DEFAULT NULL,
  `link` varchar(255) DEFAULT NULL,
  `is_shortcut` tinyint(1) DEFAULT '0',
  `orderby` int(255) DEFAULT NULL,
  `active` tinyint(1) DEFAULT '1',
  PRIMARY KEY (`id`),
  KEY `active` (`active`) USING BTREE,
  KEY `is_shortcut` (`is_shortcut`) USING BTREE
) ENGINE=InnoDB AUTO_INCREMENT=22 DEFAULT CHARSET=utf8;

INSERT INTO `bbc_cpanel` VALUES (1,0,'Configuration','config.png','config','index.php?mod=_cpanel.config',0,2,1),(2,0,'User Manager','user.png','user','index.php?mod=_cpanel.user',0,14,1),(3,0,'Manage Content','content.png','main','index.php?mod=_cpanel.content',0,7,1),(4,0,'Block Manager','block.png','block','index.php?mod=_cpanel.block',1,1,1),(5,0,'Site Template','template.png','template','index.php?mod=_cpanel.template',1,10,1),(6,0,'User Group','group.png','group','index.php?mod=_cpanel.group',0,13,1),(7,0,'Menu Manager','menu.png','menu','index.php?mod=_cpanel.menu',0,8,1),(8,0,'Welcome Message','home.png','home','index.php?mod=_cpanel.home',0,15,1),(9,0,'Third Party App','application.png','application','index.php?mod=_cpanel.application',0,12,1),(10,0,'Modules Manager','modules.png','modules','index.php?mod=_cpanel.module',0,9,1),(11,0,'Language','language.png','language','index.php?mod=_cpanel.language',0,6,1),(12,0,'Content Trash','trash.png','trash','index.php?mod=_cpanel.trash',0,3,1),(13,0,'Email Template','email.png','email','index.php?mod=_cpanel.email',0,4,1),(14,0,'File Manager','filemanager.png','main','index.php?mod=_cpanel.filemanager',0,5,1),(15,0,'System Tools','tools.png','tools','index.php?mod=_cpanel.tools',0,11,1),(16,2,'User Field','field.png','field','index.php?mod=_cpanel.user&act=field',0,1,1),(17,4,'Block Theme','theme.png','block','index.php?mod=_cpanel.block&act=theme',0,2,1),(18,4,'Block Position','block_position.png','block','index.php?mod=_cpanel.block&act=block_position',1,1,1),(19,5,'Edit CSS Style','editcss.png','template','index.php?mod=_cpanel.template&act=editCSS',0,1,1),(20,7,'Menu Position','position.png','menu','index.php?mod=_cpanel.menu&act=position',0,1,1),(21,11,'Language Reference','reference.png','language','index.php?mod=_cpanel.language&act=reference',0,1,1);
DROP TABLE IF EXISTS `bbc_email`;
CREATE TABLE `bbc_email` (
  `id` int(255) NOT NULL AUTO_INCREMENT,
  `module_id` int(255) DEFAULT NULL,
  `name` varchar(255) DEFAULT NULL,
  `global_subject` enum('0','1') DEFAULT '1',
  `global_footer` enum('0','1') DEFAULT '1',
  `global_email` enum('0','1') DEFAULT '1',
  `from_email` varchar(255) DEFAULT NULL,
  `from_name` varchar(255) DEFAULT NULL,
  `is_html` tinyint(1) NOT NULL DEFAULT '0',
  `description` text NOT NULL,
  PRIMARY KEY (`id`),
  KEY `module_id` (`module_id`) USING BTREE,
  KEY `name_2` (`name`) USING BTREE,
  FULLTEXT KEY `name` (`name`,`from_email`,`from_name`,`description`)
) ENGINE=InnoDB AUTO_INCREMENT=15 DEFAULT CHARSET=utf8;

INSERT INTO `bbc_email` VALUES (1,2,'comment_post','1','1','1','','',0,'when visitor post the comment '),(2,2,'password','1','1','1','','',0,'password reminder'),(3,2,'register_confirm','1','1','1','','',0,'registration complete and Global Configuration in \"auto approval\" is ON'),(4,2,'register_pending','1','1','1','','',0,'registration complete and Global Configuration in \"auto approval\" is OFF'),(5,2,'register_success','1','1','1','','',0,'Validate Registration is success'),(6,4,'entry_post','1','1','1','','',0,'if public user post a new article'),(7,4,'download_register','1','1','1','','',0,'register to download'),(8,6,'contact','1','1','1','','',0,'auto reply from Contact Us Form.'),(12,7,'guestbook','1','1','1','','',0,'auto reply from Guestbook Form.'),(13,9,'entry','1','1','1','','',0,'posted survey'),(14,10,'testimonial','1','1','1','','',0,'auto reply from Testimonial Form.');
DROP TABLE IF EXISTS `bbc_email_text`;
CREATE TABLE `bbc_email_text` (
  `email_id` int(255) NOT NULL,
  `subject` varchar(255) NOT NULL,
  `content` text,
  `lang_id` tinyint(1) NOT NULL,
  KEY `email_id` (`email_id`) USING BTREE,
  KEY `lang_id` (`lang_id`) USING BTREE,
  FULLTEXT KEY `subject` (`subject`,`content`)
) ENGINE=InnoDB DEFAULT CHARSET=utf8;

INSERT INTO `bbc_email_text` VALUES (1,'Dear [name], thank for your comment','Dear [name]\r\n\r\n[date]\r\nTitle   : [title]\r\nLink    : [link]\r\nName    : [name]\r\nEmail   : [email]\r\nWebsite : [website]\r\nComment :\r\n   [message]\r\n\r\n\r\n[status]',1),(2,'Password reminder','Dear [name],\r\n\r\n/* INFORMATION LOGIN */\r\nUSERNAME : [username]\r\nPASSWORD: [password]\r\n\r\nThank You for stay in touch with us.',1),(3,'Link Validasi Pendaftaran','dear [name],\r\n\r\nProses pendaftaran telah selesai, account akan dibuat setelah anda mengakses halaman di bawah ini :\r\n[validateLink]\r\n\r\nApabila link diatas tidak bisa diakses, anda bisa mengaksesnya dengan cara kopi text di atas kemudian paste link tsb di bowser untuk mengaksesnya',1),(4,'Terimakasih, data anda telah kami simpan','dear [name],\r\n\r\nTerimakasih data diri pendaftaran anda telah kami simpan. Kami akan menghubungi anda secepatnya.\r\n\r\nBerikut data diri yang telah anda masukkan :\r\n[memberdata]',1),(5,'Pendaftaran Selesai, Account Telah Kami Buat','dear [name],\r\n\r\nTerimakasih proses pendaftaran telah selesai, data anda akan kami simpan sekaligus account untuk member telah kami buatkan\r\nBerikut Data Diri Yang Telah anda masukkan :\r\n[memberdata]\r\n\r\n/* LOGIN INFORMATION */\r\nUSERNAME :  [username]\r\nPASSWORD : [password]\r\nGunakan account informasi di atas untuk login ke situs, password di atas bersifat temporary. Anda bisa mengganti password sesuai keinginan anda dengan cara login ke situs kami.',1),(6,'New entry has been posted by user','[title]\r\n\r\n[intro]\r\n\r\n[status]\r\n[link]',1),(7,'Download Your File ([title])','Silahkan download file anda dengan klik link dibawah ini\r\n[url]\r\n\r\n',1),(8,'Thank for your concern','Thank you [name] for your concern to our site.\r\n\r\n[detail]\r\nYour message :\r\n [message]\r\n\r\nyour email has been sent to our mailbox, and will be process in 1x24hours.\r\n',1),(12,'Thank for your concern','Thank you [name] for your concern to our site.\r\n\r\n[detail]\r\n',1),(13,'thank you [name] for your time','dear [name],\r\n\r\nThank you for your time to fulfill our form survey, we will take all incoming opinions and suggestions from visitor as our priority reference in expanding our offering services.\r\n\r\nThank You',1),(14,'Thank for your concern','Thank you [name] for your concern to our site.\r\n\r\n[detail]\r\n',1);
DROP TABLE IF EXISTS `bbc_lang`;
CREATE TABLE `bbc_lang` (
  `id` int(25) NOT NULL AUTO_INCREMENT,
  `title` varchar(255) DEFAULT NULL,
  `code` varchar(2) NOT NULL,
  PRIMARY KEY (`id`)
) ENGINE=InnoDB AUTO_INCREMENT=2 DEFAULT CHARSET=utf8;

INSERT INTO `bbc_lang` VALUES (1,'Indonesia','id');
DROP TABLE IF EXISTS `bbc_lang_code`;
CREATE TABLE `bbc_lang_code` (
  `id` int(255) NOT NULL AUTO_INCREMENT,
  `module_id` int(255) NOT NULL DEFAULT '0',
  `code` varchar(255) NOT NULL,
  PRIMARY KEY (`id`),
  KEY `module_id` (`module_id`) USING BTREE
) ENGINE=InnoDB AUTO_INCREMENT=212 DEFAULT CHARSET=utf8;

INSERT INTO `bbc_lang_code` VALUES (1,0,'total visitor'),(2,0,'visitors'),(3,0,'total member'),(4,0,'members'),(5,0,'online member'),(6,0,'user'),(7,0,'online user'),(8,0,'year'),(9,0,'months'),(10,0,'weeks'),(11,0,'actived'),(12,0,'search'),(13,0,'home'),(14,0,'users'),(15,0,'day'),(16,0,'select template option'),(17,2,'not found'),(18,2,'my profile'),(19,2,'username'),(20,2,'name'),(21,2,'nick name'),(22,2,'company'),(23,2,'company position'),(24,2,'address'),(25,2,'city'),(26,2,'state'),(27,2,'post code'),(28,2,'country'),(29,2,'phone'),(30,2,'fax'),(31,2,'email alternate'),(32,2,'email'),(33,2,'validation code'),(34,2,' must not empty'),(35,2,'registration form'),(36,2,'fill form below'),(37,2,'register finish pending'),(38,2,'register finish auto'),(39,2,'register success expired'),(40,2,'register success commit'),(41,2,'register success failed'),(42,2,'email is already registered'),(43,3,'search result'),(44,3,'results'),(45,3,'of'),(46,3,'for'),(47,4,'author'),(48,4,'created'),(49,4,'read more'),(50,4,'tags'),(51,4,'modified'),(52,4,'last modified'),(53,4,'convert to pdf'),(54,4,'tell friends'),(55,4,'print preview'),(56,4,'comment feed'),(57,4,'comments'),(58,4,'post your comment'),(59,4,'name'),(60,4,'email'),(61,4,'website'),(62,4,'comment'),(63,4,'insert code above'),(64,4,'failed to submit comment'),(65,4,'validation code is incorrect'),(66,4,'name is empty'),(67,4,'email is empty'),(68,4,'email is invalid'),(69,4,'url is invalid'),(70,4,'comment is empty'),(71,4,'comment approved auto'),(72,4,'category feed'),(73,4,'print'),(74,4,'close'),(75,4,'email tool message default'),(76,4,'email tool from empty'),(77,4,'email tool from invalid'),(78,4,'email tool to empty'),(79,4,'email tool subject empty'),(80,4,'email tool from'),(81,4,'email tool to'),(82,4,'email tool subject'),(83,4,'email tool message'),(84,4,'email tool'),(85,4,'Found'),(86,4,'match data'),(87,4,'listed'),(88,4,'item'),(89,4,'search not found'),(90,4,'insert keyword'),(91,4,'not found'),(92,4,'posted list'),(93,4,'content inactive'),(94,4,'edit content'),(95,4,'entry approved auto'),(96,4,'entry approved manual'),(97,4,'succeed to update content'),(98,4,'failed to update content'),(99,4,'entry edit'),(100,4,'entry add'),(101,4,'email tool success'),(102,4,'comment approved manual'),(103,4,'related articles'),(104,4,'content list'),(105,4,'article list'),(106,4,'page'),(107,4,'of'),(108,4,'pages'),(109,4,'voter'),(110,4,'keyword here...'),(111,4,'please insert keyword!'),(112,4,'username'),(113,4,'password'),(114,4,'remember me'),(115,4,'forget password ?'),(116,4,'register'),(117,4,'login'),(118,4,'gallery list'),(119,4,'download list'),(120,4,'voters'),(121,4,'video list'),(122,4,'audio list'),(123,5,'cal_august'),(124,5,'cal_su'),(125,5,'cal_mo'),(126,5,'cal_tu'),(127,5,'cal_we'),(128,5,'cal_th'),(129,5,'cal_fr'),(130,5,'cal_sa'),(131,5,'agenda calendar'),(132,5,'cal_july'),(133,5,'no schedule'),(134,5,'weekly agenda'),(135,5,'cal_september'),(136,5,'cal_october'),(137,5,'cal_november'),(138,5,'cal_december'),(139,5,'cal_january'),(140,5,'cal_february'),(141,5,'cal_march'),(142,5,'cal_april'),(143,5,'cal_may'),(144,5,'cal_june'),(145,5,'cal_sunday'),(146,5,'cal_monday'),(147,5,'cal_tuesday'),(148,5,'cal_wednesday'),(149,5,'cal_thursday'),(150,5,'cal_friday'),(151,5,'cal_saturday'),(152,6,'contact form'),(153,6,'name'),(154,6,'nick name'),(155,6,'address'),(156,6,'city'),(157,6,'state'),(158,6,'post code'),(159,6,'country'),(160,6,'phone'),(161,6,'fax'),(162,6,'company'),(163,6,'company position'),(164,6,'email'),(165,6,'message'),(166,6,'validation code'),(167,6,'title'),(168,6,' must not empty'),(169,7,'guestbook'),(170,7,'add guestbook'),(171,7,'post guestbook'),(172,7,'name'),(173,7,'company'),(174,7,'address'),(175,7,'email'),(176,7,'message'),(177,7,'validation code'),(178,7,'use form below'),(179,7,' must not empty'),(180,7,'guestbook empty'),(181,7,'guest book sent'),(182,7,'finished'),(183,8,'link exchange'),(184,9,'polling finished'),(185,9,'polling result'),(186,9,'check input'),(187,9,'checkbox option'),(188,9,'error'),(189,9,'insert notes'),(190,9,'multiple option'),(191,9,'no selection'),(192,9,'please select'),(193,9,'radio option'),(194,9,'select option'),(195,9,'thank you'),(196,9,'submit'),(197,9,'view result'),(198,10,'testimonial'),(199,10,'add testimonial'),(200,10,'post testimonial'),(201,10,'name'),(202,10,'company'),(203,10,'address'),(204,10,'email'),(205,10,'message'),(206,10,'validation code'),(207,10,'use form below'),(208,10,' must not empty'),(209,10,'finished'),(210,10,'testimonial empty'),(211,10,'testimonial sent');
DROP TABLE IF EXISTS `bbc_lang_text`;
CREATE TABLE `bbc_lang_text` (
  `text_id` int(255) NOT NULL AUTO_INCREMENT,
  `code_id` int(255) NOT NULL,
  `lang_id` int(255) NOT NULL,
  `content` text,
  PRIMARY KEY (`text_id`),
  KEY `code_id` (`code_id`) USING BTREE,
  KEY `lang_id` (`lang_id`) USING BTREE
) ENGINE=InnoDB AUTO_INCREMENT=212 DEFAULT CHARSET=utf8;

INSERT INTO `bbc_lang_text` VALUES (1,1,1,'Total Pengunjung'),(2,2,1,'Pengunjung'),(3,3,1,'Jumlah Member'),(4,4,1,'member'),(5,5,1,'Member Aktif'),(6,6,1,'User'),(7,7,1,'User aktif'),(8,8,1,'Tahun'),(9,9,1,'Bulan'),(10,10,1,'Minggu'),(11,11,1,'Aktif'),(12,12,1,'Cari'),(13,13,1,'Home'),(14,14,1,'users'),(15,15,1,'Hari'),(16,16,1,'Gantilah opsi di bawah untuk melihat website dalam tampilan lain<br />\r\n'),(17,17,1,'Maaf, halaman yang ingin anda akses tidak ditemukan dalam situs. Silahkan kunjungi halaman berdasarkan menu yang telah disediakan.'),(18,18,1,'Profile Saya'),(19,19,1,'Username'),(20,20,1,'Nama'),(21,21,1,'Nama Panggilan'),(22,22,1,'Nama Perusahaan'),(23,23,1,'Jabatan'),(24,24,1,'Alamat'),(25,25,1,'Kota'),(26,26,1,'Provinsi'),(27,27,1,'Kode Pos'),(28,28,1,'Negara'),(29,29,1,'Telepon'),(30,30,1,'Fax'),(31,31,1,'Email Alternatif'),(32,32,1,'Email'),(33,33,1,'Kode Validasi'),(34,34,1,' tidak boleh kosong'),(35,35,1,'Form Pendaftaran Member'),(36,36,1,'Silahkan isi form di bawah untuk mendaftarkan diri sebagai member kami '),(37,37,1,'Terimakasih,<br />\r\n<br />\r\nData diri anda telah kami simpan sebagai bahan review, <br />\r\nKami akan memberikan kabar selanjutnya apabila proses review telah selesai<br />\r\n<br />\r\nBest Regards,<br />\r\nAdmin'),(38,38,1,'Terimakasih,<br />\r\n<br />\r\nProses pendaftaran telah kami simpan.<br />\r\nLink validasi telah kami kirim ke email anda, proses pendaftaran akan selesai dengan cara mengklik link yang telah kami kirimkan.<br />\r\n<br />\r\nSilahkan check inbox email anda !'),(39,39,1,'Link validasi telah expired, silahkan ulangi proses pendaftaran dan masukkan kembali data diri anda <a href=\\\\\\\"user/register\\\\\\\">klik di sini</a> untuk pendaftaran ulang.'),(40,40,1,'Dear [name],<br />\r\n<br />\r\nProses pendaftaran telah selesai, dan data diri anda telah kami kirim ke email.<br />\r\nUntuk melakukan login ke situs anda bisa menggunakan account yang telah kami kirimkan.<br />\r\n<br />\r\nTerimakasih.'),(41,41,1,'Maaf, validasi pendaftaran telah gagal.<br />\r\n<br />\r\n<a href=\\\\\\\"user/register\\\\\\\">Klik di sini</a> untuk mengulangi proses pendaftaran'),(42,42,1,'Email yang anda masukkan telah teregister, silahkan tunggu respon dari admin'),(43,43,1,'Hasil Pencarian'),(44,44,1,'Hasil'),(45,45,1,'dari'),(46,46,1,'Untuk'),(47,47,1,'Author : '),(48,48,1,'Dibuat : '),(49,49,1,'Selanjutnya'),(50,50,1,'Tags :'),(51,51,1,'Disunting : '),(52,52,1,'Terakhir disunting : '),(53,53,1,'Konversi ke pdf'),(54,54,1,'Kasih tahu teman'),(55,55,1,'Print Preview'),(56,56,1,'RSS Komentar'),(57,57,1,'Komentar'),(58,58,1,'Berikan komentar anda'),(59,59,1,'Nama'),(60,60,1,'Email'),(61,61,1,'Website'),(62,62,1,'Komentar'),(63,63,1,'Masukkan kode diatas'),(64,64,1,'Maaf komentar anda gagal dimasukkan'),(65,65,1,'Kode validasi tidak benar'),(66,66,1,'Mohon masukkan nama anda'),(67,67,1,'Alamat email anda masih kosong'),(68,68,1,'Mohon masukkan email yang valid untuk validasi'),(69,69,1,'URL anda tidak valid'),(70,70,1,'Silahkan masukkan komentar anda'),(71,71,1,'Komentar anda telah di publikasikan, Terimakasih atas perhatian anda'),(72,72,1,'RSS Halaman'),(73,73,1,'Print'),(74,74,1,'Tutup'),(75,75,1,'Silahkan lihat content yang bagus ini !'),(76,76,1,'Silahkan masukkan email anda pada field Dari'),(77,77,1,'Anda memasukkan email yang tidak valid'),(78,78,1,'Email tujuan masih kosong'),(79,79,1,'Maaf judul anda masih kosong'),(80,80,1,'Dari email'),(81,81,1,'Ke email'),(82,82,1,'Judul'),(83,83,1,'Pesan'),(84,84,1,'NB : Beritahukan artikel ini kepada kawan anda melalui email. Anda bisa memasukkan alamat email lebih dari satu dengan dipisahkan dengan koma \\\\\\\",\\\\\\\"'),(85,85,1,'Ditemukan'),(86,86,1,'Data yang cocok'),(87,87,1,'Daftar'),(88,88,1,'item'),(89,89,1,'Kata kunci yang anda cari tidak ditemukan silahkan masukkan kata kunci yang lain !'),(90,90,1,'Silahkan masukkan kata kunci yang ingin cari di form field di atas !'),(91,91,1,'Daftar halaman masih kosong, silahkan pilih halaman berdasarkan menu yang telah disediakan'),(92,92,1,'Artikel artikel anda'),(93,93,1,'halaman tidak aktif'),(94,94,1,'Ubah artikel ini'),(95,95,1,'Halaman baru yang anda masukan telah di publish'),(96,96,1,'Posting baru anda menunggu di approved oleh admin'),(97,97,1,'Update halaman telah berhasil'),(98,98,1,'Update halaman telah gagal'),(99,99,1,'Edit Halaman'),(100,100,1,'Posting Halaman Baru'),(101,101,1,'Email anda telah diproses.'),(102,102,1,'Terimakasih komentar anda akan di approved oleh admin dan akan terpublish secepatnya'),(103,103,1,'Artikel Berhubungan'),(104,104,1,'Daftar Content'),(105,105,1,'Daftar Artikel'),(106,106,1,'halaman'),(107,107,1,'dari'),(108,108,1,'halaman'),(109,109,1,'voter'),(110,110,1,'kata kunci di sini...'),(111,111,1,'Silahkan masukkan kata kunci!'),(112,112,1,'Username'),(113,113,1,'Password'),(114,114,1,'Ingat saya'),(115,115,1,'Lupa Password ?'),(116,116,1,'Registrasi'),(117,117,1,'Login'),(118,118,1,'Daftar Gallery'),(119,119,1,'Daftar File Download'),(120,120,1,'voters'),(121,121,1,'Daftar Video'),(122,122,1,'Daftar Audio'),(123,123,1,'Agustus'),(124,124,1,'Mi'),(125,125,1,'Se'),(126,126,1,'Se'),(127,127,1,'Ra'),(128,128,1,'Ka'),(129,129,1,'Ju'),(130,130,1,'Sa'),(131,131,1,'Kalender Agenda'),(132,132,1,'Juli'),(133,133,1,'Tidak ada jadwal atau jadwal masih kosong'),(134,134,1,'Agenda Mingguan'),(135,135,1,'September'),(136,136,1,'Oktober'),(137,137,1,'November'),(138,138,1,'Desember'),(139,139,1,'Januari'),(140,140,1,'Febuari'),(141,141,1,'Maret'),(142,142,1,'April'),(143,143,1,'Mei'),(144,144,1,'Juni'),(145,145,1,'Minggu'),(146,146,1,'Senin'),(147,147,1,'Selasa'),(148,148,1,'Rabu'),(149,149,1,'Kamis'),(150,150,1,'Jumat'),(151,151,1,'Sabtu'),(152,152,1,'Formulir Hubungi Kami'),(153,153,1,'Nama'),(154,154,1,'Nama Panggilan'),(155,155,1,'Alamat'),(156,156,1,'Kota'),(157,157,1,'Propinsi'),(158,158,1,'Kodepos'),(159,159,1,'Negara'),(160,160,1,'Telepon'),(161,161,1,'Fax'),(162,162,1,'Nama Perusahaan'),(163,163,1,'Jabatan'),(164,164,1,'Email'),(165,165,1,'Pesan'),(166,166,1,'Kode Validasi'),(167,167,1,'Lengkapi Form Di Bawah untuk menghubungi kami melalui email'),(168,168,1,' Tidak boleh kosong'),(169,169,1,'Buku Tamu'),(170,170,1,'Tambah Buku Tamu'),(171,171,1,'Masukkan Buku Tamu'),(172,172,1,'Nama'),(173,173,1,'Nama Perusahaan'),(174,174,1,'Alamat'),(175,175,1,'Email'),(176,176,1,'Pesan'),(177,177,1,'Kode Validasi'),(178,178,1,'Gunakan formulir di bawah untuk mengisi buku tamu'),(179,179,1,'tidak boleh kosong'),(180,180,1,'Maaf, daftar buku tamu masih kosong atau tidak ada yg dipublikasikan. Silahkan masukkan data diri anda dengan cara meng-klik link dibawah !'),(181,181,1,'Buku tamu terkirim'),(182,182,1,'Dear [name],<br />\r\n<br />\r\nTerimakasih telah menyempatkan waktu anda untuk mengisi formulir buku tamu ini. Data diri anda telah kami simpan dalam database kami. Adapun data buku tamu yang telah anda berikan akan kami publikasikan tanpa menampilkan data personal anda seperti email / nomor telpon / alamat demi menjaga privasi anda.<br />\r\n<br />\r\nSalam hormat'),(183,183,1,'Exchange Links'),(184,184,1,'Proses Polling telah selesai, terimakasih atas waktu anda'),(185,185,1,'Hasil Polling'),(186,186,1,'Salah satu jawaban yang anda berikan tidak valid, mohon perbaiki jawaban anda !'),(187,187,1,'Pilih jawaban yang menurut anda benar :'),(188,188,1,'Pesan Error :'),(189,189,1,'Masukkan catatan mengenai jawaban anda :'),(190,190,1,'Check pilihan yang menurut anda benar :'),(191,191,1,'Mohon perbaiki jawaban anda !'),(192,192,1,'Silahkan pilih tema yang ingin anda voting !'),(193,193,1,'Silahkan pilih salah satu opsi :'),(194,194,1,'Tentukan Pilihan :'),(195,195,1,'Dear [name],<br />\r\n<br />\r\nTerimakasih atas waktu anda dalam mengisi formulir survey kami, kami akan menerima semua pendapat dan saran dari pengunjung demi peningkatan kinerja kami. Dengan mengisikan form survey berarti anda membantu kami dalam meningkatkan kualitas layanan dari kami.<br />\r\n<br />\r\nHormat Kami,<br />\r\nAdministrator'),(196,196,1,'Submit'),(197,197,1,'View Result'),(198,198,1,'Testimonial User'),(199,199,1,'Tambahkan Testimoni'),(200,200,1,'Post Testimoni'),(201,201,1,'Nama'),(202,202,1,'Nama Perusahaan'),(203,203,1,'Alamat'),(204,204,1,'Email'),(205,205,1,'Pesan'),(206,206,1,'Kode Validasi'),(207,207,1,'Silahkan isi form di bawah untuk memberikan testimoni ke kami. Testimoni dari anda sangat lah membantu kami dalam peningkatan kinerja'),(208,208,1,'tidak boleh kosong'),(209,209,1,'Dear [name],<br />\r\n<br />\r\nTerimakasih telah menyempatkan waktu anda untuk mengisi formulir testimoni ini. Testimoni anda telah kami simpan dalam database kami, respon secepatnya akan kami berikan jika testimoni anda adalah pertanyaan. Adapun testimoni yang telah anda berikan akan kami publikasikan tanpa menampilkan data personal anda seperti email / nomor telpon / alamat demi menjaga privasi anda.<br />\r\n<br />\r\nSalam hormat'),(210,210,1,'Maaf, daftar testimonial masih kosong atau tidak ada yg dipublikasikan. Silahkan masukkan testimoni anda dengan cara meng-klik link dibawah !'),(211,211,1,'Testimoni terkirim');
DROP TABLE IF EXISTS `bbc_log`;
CREATE TABLE `bbc_log` (
  `id` bigint(20) unsigned NOT NULL AUTO_INCREMENT,
  `name` varchar(255) DEFAULT NULL,
  `ip` varchar(255) DEFAULT NULL,
  `datetime` datetime DEFAULT NULL,
  PRIMARY KEY (`id`),
  KEY `datetime` (`datetime`) USING BTREE,
  KEY `name` (`name`) USING BTREE
) ENGINE=InnoDB DEFAULT CHARSET=utf8;

DROP TABLE IF EXISTS `bbc_menu`;
CREATE TABLE `bbc_menu` (
  `id` int(255) NOT NULL AUTO_INCREMENT,
  `par_id` int(255) NOT NULL DEFAULT '0',
  `module_id` int(10) unsigned NOT NULL DEFAULT '0',
  `seo` varchar(255) DEFAULT NULL,
  `link` varchar(255) NOT NULL,
  `orderby` int(255) unsigned NOT NULL DEFAULT '1',
  `cat_id` int(255) NOT NULL DEFAULT '0',
  `protected` tinyint(1) NOT NULL DEFAULT '0',
  `is_admin` tinyint(1) NOT NULL DEFAULT '0',
  `is_shortcut` tinyint(1) DEFAULT '0',
  `is_content` tinyint(1) NOT NULL DEFAULT '0',
  `is_content_cat` tinyint(1) NOT NULL DEFAULT '0',
  `content_cat_id` int(255) NOT NULL DEFAULT '0',
  `content_id` int(255) NOT NULL DEFAULT '0',
  `active` tinyint(1) NOT NULL DEFAULT '0',
  PRIMARY KEY (`id`),
  KEY `active` (`active`) USING BTREE,
  KEY `content_cat_id` (`content_cat_id`) USING BTREE,
  KEY `content_id` (`content_id`) USING BTREE,
  KEY `is_admin` (`is_admin`) USING BTREE,
  KEY `is_content` (`is_content`) USING BTREE,
  KEY `is_content_cat` (`is_content_cat`) USING BTREE,
  KEY `is_shortcut` (`is_shortcut`) USING BTREE,
  KEY `link` (`link`) USING BTREE,
  KEY `module_id` (`module_id`) USING BTREE,
  KEY `seo` (`seo`) USING BTREE
) ENGINE=InnoDB AUTO_INCREMENT=88 DEFAULT CHARSET=utf8;

INSERT INTO `bbc_menu` VALUES (1,0,4,'','index.php?mod=content.main',1,1,1,1,0,0,0,0,0,1),(2,1,4,'','index.php?mod=content.content',1,1,1,1,0,0,0,0,0,1),(3,1,4,'','index.php?mod=content.content_add',2,1,1,1,0,0,0,0,0,1),(4,1,4,'','index.php?mod=content.category',3,1,1,1,0,0,0,0,0,1),(5,1,4,'','index.php?mod=content.comment',4,1,1,1,0,0,0,0,0,1),(6,1,4,'','index.php?mod=content.type',5,1,1,1,0,0,0,0,0,1),(7,1,4,'','index.php?mod=content.tag',6,1,1,1,0,0,0,0,0,1),(8,1,4,'','index.php?mod=content.config',7,1,1,1,0,0,0,0,0,1),(9,0,5,'','index.php?mod=agenda.main',2,1,1,1,0,0,0,0,0,1),(10,0,6,'','index.php?mod=contact.main',3,1,1,1,0,0,0,0,0,1),(11,10,6,'','index.php?mod=contact.posted',1,1,1,1,0,0,0,0,0,1),(12,10,6,'','index.php?mod=contact.messenger',2,1,1,1,0,0,0,0,0,1),(13,10,6,'','index.php?mod=contact.setting',3,1,1,1,0,0,0,0,0,1),(14,0,7,'','index.php?mod=guestbook.main',4,1,1,1,0,0,0,0,0,1),(15,14,7,'','index.php?mod=guestbook.list',1,1,1,1,0,0,0,0,0,1),(16,14,7,'','index.php?mod=guestbook.setting',2,1,1,1,0,0,0,0,0,1),(17,0,11,'','index.php?mod=imageslider.main',5,1,1,1,0,0,0,0,0,1),(18,17,11,'','index.php?mod=imageslider.list',1,1,1,1,0,0,0,0,0,1),(19,17,11,'','index.php?mod=imageslider.category',2,1,1,1,0,0,0,0,0,1),(20,0,8,'','index.php?mod=links.main',7,1,1,1,0,0,0,0,0,1),(21,20,8,'','index.php?mod=links.list',1,1,1,1,0,0,0,0,0,1),(22,20,8,'','index.php?mod=links.share',2,1,1,1,0,0,0,0,0,1),(23,20,8,'','index.php?mod=links.advertise',3,1,1,1,0,0,0,0,0,1),(24,0,9,'','index.php?mod=survey.main',8,1,1,1,0,0,0,0,0,1),(25,24,9,'','index.php?mod=survey.posted',1,1,1,1,0,0,0,0,0,1),(26,24,9,'','index.php?mod=survey.question',2,1,1,1,0,0,0,0,0,1),(27,24,9,'','index.php?mod=survey.polling',3,1,1,1,0,0,0,0,0,1),(28,24,9,'','index.php?mod=survey.config',4,1,1,1,0,0,0,0,0,1),(29,0,10,'','index.php?mod=testimonial.main',9,1,1,1,0,0,0,0,0,1),(30,29,10,'','index.php?mod=testimonial.list',1,1,1,1,0,0,0,0,0,1),(31,29,10,'','index.php?mod=testimonial.add',2,1,1,1,0,0,0,0,0,1),(32,29,10,'','index.php?mod=testimonial.setting',3,1,1,1,0,0,0,0,0,1),(33,0,3,'','index.php?mod=search.main',10,1,1,1,0,0,0,0,0,1),(34,0,2,'','index.php?mod=user.password',11,1,1,1,0,0,0,0,0,0),(35,0,1,'','index.php?mod=_cpanel.main',12,1,1,1,0,0,0,0,0,1),(36,0,5,'home','',1,1,0,0,0,0,0,0,0,1),(37,0,10,'testimonial','index.php?mod=testimonial.main',1,2,0,0,0,0,0,0,0,1),(38,0,2,'my-profile','index.php?mod=user.account',1,3,1,0,0,0,0,0,0,1),(39,0,4,'my-content','index.php?mod=content.posted',2,3,1,0,0,0,0,0,0,1),(40,0,5,'agenda','index.php?mod=agenda.main',2,2,0,0,0,0,0,0,0,1),(41,40,5,'kalender','index.php?mod=agenda.calendar',1,2,0,0,0,0,0,0,0,1),(42,40,5,'rutinitas','index.php?mod=agenda.routine',2,2,0,0,0,0,0,0,0,1),(43,40,5,'event','index.php?mod=agenda.events',3,2,0,0,0,0,0,0,0,1),(44,40,5,'harian','index.php?mod=agenda.daily',4,2,0,0,0,0,0,0,0,1),(45,40,5,'mingguan','index.php?mod=agenda.weekly',5,2,0,0,0,0,0,0,0,1),(46,40,5,'bulanan','index.php?mod=agenda.monthly',6,2,0,0,0,0,0,0,0,1),(47,40,5,'tahunan','index.php?mod=agenda.yearly',7,2,0,0,0,0,0,0,0,1),(48,0,4,'about-us','index.php?mod=content.detail&id=14&title=Penandatanganan Bantuan Kapal Penyebrangan',2,1,0,0,0,1,0,0,14,1),(49,0,4,'content','index.php?mod=content.latest',3,1,0,0,0,0,0,0,0,1),(50,49,4,'artikel','index.php?mod=content.article',1,1,0,0,0,0,0,0,0,1),(51,49,4,'gallery','index.php?mod=content.gallery',2,1,0,0,0,0,0,0,0,1),(52,49,4,'download','index.php?mod=content.download',3,1,0,0,0,0,0,0,0,1),(53,49,4,'video','index.php?mod=content.video',4,1,0,0,0,0,0,0,0,1),(54,49,4,'audio','index.php?mod=content.audio',5,1,0,0,0,0,0,0,0,1),(55,0,4,'create-content','index.php?mod=content.posted_form',3,3,1,0,0,0,0,0,0,1),(56,0,9,'survey','index.php?mod=survey.main',3,2,0,0,0,0,0,0,0,1),(57,0,2,'change-password','index.php?mod=user.password',4,3,1,0,0,0,0,0,0,1),(58,0,4,'pencarian','index.php?mod=content.search',4,1,0,0,0,0,0,0,0,1),(59,0,6,'contact-us','index.php?mod=contact.main',4,2,0,0,0,0,0,0,0,1),(60,0,2,'logout','index.php?mod=user.logout',5,3,1,0,0,0,0,0,0,1),(61,0,4,'berita','index.php?mod=content.list&id=6&title=Berita',5,1,0,0,0,0,1,6,0,1),(62,61,4,'hot-list','index.php?mod=content.list&id=9&title=Hot+List',1,1,0,0,0,0,1,9,0,1),(63,61,4,'information','index.php?mod=content.list&id=8&title=Information',2,1,0,0,0,0,1,8,0,1),(64,61,4,'relaxing','index.php?mod=content.list&id=7&title=Relaxing',3,1,0,0,0,0,1,7,0,1),(65,0,11,'search','index.php?mod=search.main',5,2,0,0,0,0,0,0,0,1),(66,0,4,'galleries','index.php?mod=content.list&id=2&title=Gallery',6,1,0,0,0,0,1,2,0,1),(67,0,4,'downloads','index.php?mod=content.list&id=3&title=Download',7,1,0,0,0,0,1,3,0,0),(68,0,4,'audios','index.php?mod=content.list&id=5&title=Sound+Audio',8,1,0,0,0,0,1,5,0,0),(69,0,4,'videos','index.php?mod=content.list&id=4&title=Videos',9,1,0,0,0,0,1,4,0,0),(70,0,2,'registrasi','index.php?mod=user.register',10,1,0,0,0,0,0,0,0,0),(71,0,8,'links','index.php?mod=links.main',11,1,0,0,0,0,0,0,0,0),(75,0,14,'','index.php?mod=school.school',6,1,1,1,0,0,0,0,0,1),(76,75,14,'','index.php?mod=school.school',1,1,1,1,0,0,0,0,0,0),(77,75,14,'','index.php?mod=school.student',2,1,1,1,1,0,0,0,0,1),(78,75,14,'','index.php?mod=school.teacher',3,1,1,1,1,0,0,0,0,1),(79,75,14,'','index.php?mod=school.class',4,1,1,1,1,0,0,0,0,1),(80,75,14,'','index.php?mod=school.schedule',5,1,1,1,1,0,0,0,0,1),(81,75,14,'','index.php?mod=school.subject',8,1,1,1,1,0,0,0,0,1),(82,75,14,'','index.php?mod=school.parent',9,1,1,1,1,0,0,0,0,1),(83,75,14,'','index.php?mod=school.attendance',10,1,1,1,1,0,0,0,0,1),(84,75,14,'','index.php?mod=school.student_class',11,1,1,1,1,0,0,0,0,1),(85,75,14,'','index.php?mod=school.notification',12,1,1,1,1,0,0,0,0,1),(86,75,14,'','index.php?mod=school.course',7,1,1,1,1,0,0,0,0,1),(87,75,14,'','index.php?mod=school.clock',6,1,1,1,1,0,0,0,0,1);
DROP TABLE IF EXISTS `bbc_menu_cat`;
CREATE TABLE `bbc_menu_cat` (
  `id` int(255) NOT NULL AUTO_INCREMENT,
  `name` varchar(255) DEFAULT NULL,
  `orderby` int(11) NOT NULL DEFAULT '1',
  PRIMARY KEY (`id`)
) ENGINE=InnoDB AUTO_INCREMENT=4 DEFAULT CHARSET=utf8;

INSERT INTO `bbc_menu_cat` VALUES (1,'top',1),(2,'bottom',2),(3,'usermenu',3);
DROP TABLE IF EXISTS `bbc_menu_text`;
CREATE TABLE `bbc_menu_text` (
  `menu_id` int(255) NOT NULL,
  `title` varchar(255) NOT NULL,
  `lang_id` int(255) NOT NULL DEFAULT '0',
  KEY `menu_id` (`menu_id`,`lang_id`) USING BTREE
) ENGINE=InnoDB DEFAULT CHARSET=utf8;

INSERT INTO `bbc_menu_text` VALUES (1,'Content',1),(2,'Content List',1),(3,'Add Content',1),(4,'Category',1),(5,'Comments',1),(6,'Content Type',1),(7,'Content Tags',1),(8,'Configuration',1),(9,'Agenda',1),(10,'Contact Us',1),(11,'List Contact Us',1),(12,'YM Account',1),(13,'Configuration',1),(14,'Guest Book',1),(15,'List Guest Book',1),(16,'Configuration',1),(17,'Image Slider',1),(18,'List Images',1),(19,'Category',1),(20,'Links',1),(21,'Ad List',1),(22,'Share Links',1),(23,'Advertise',1),(24,'Survey',1),(25,'Posted',1),(26,'Question',1),(27,'Polling',1),(28,'Configuration',1),(29,'Testimonial',1),(30,'List Testimonial',1),(31,'Add Testimonial',1),(32,'Configuration',1),(33,'Search',1),(34,'Change Password',1),(35,'Control Panel',1),(36,'Home',1),(37,'Testimonial',1),(38,'My Profile',1),(39,'My Content',1),(40,'Agenda',1),(41,'Kalender',1),(42,'Rutinitas',1),(43,'Event',1),(44,'Harian',1),(45,'Mingguan',1),(46,'Bulanan',1),(47,'Tahunan',1),(48,'About Us',1),(49,'Content',1),(50,'Artikel',1),(51,'Gallery',1),(52,'Download',1),(53,'Video',1),(54,'Audio',1),(55,'Create Content',1),(56,'Survey',1),(57,'Change Password',1),(58,'Pencarian',1),(59,'Contact Us',1),(60,'Logout',1),(61,'Berita',1),(62,'Hot List',1),(63,'Information',1),(64,'Relaxing',1),(65,'Search',1),(66,'Gallery',1),(67,'Download',1),(68,'Audio',1),(69,'Video',1),(70,'Registrasi',1),(71,'Links',1),(77,'Student',1),(76,'School Info',1),(75,'School',1),(78,'Teacher',1),(79,'Class',1),(80,'Schedule ',1),(81,'Subject',1),(82,'Parent',1),(83,'Attendance',1),(84,'Student class',1),(85,'Announcement',1),(86,'Course',1),(87,'Clock',1);
DROP TABLE IF EXISTS `bbc_module`;
CREATE TABLE `bbc_module` (
  `id` int(255) NOT NULL AUTO_INCREMENT,
  `name` varchar(255) DEFAULT NULL,
  `site_title` varchar(255) DEFAULT NULL,
  `site_desc` varchar(255) DEFAULT NULL,
  `site_keyword` varchar(255) DEFAULT NULL,
  `created` datetime DEFAULT NULL,
  `protected` tinyint(1) NOT NULL DEFAULT '0',
  `allow_group` varchar(255) DEFAULT NULL,
  `order_func_pre` varchar(255) DEFAULT NULL,
  `order_func_post` varchar(255) DEFAULT NULL,
  `account_func_pre` varchar(255) DEFAULT NULL,
  `account_func_post` varchar(255) DEFAULT NULL,
  `search_func` varchar(255) NOT NULL COMMENT 'func_name#main_table#field_title#field_description',
  `is_config` tinyint(1) NOT NULL DEFAULT '0',
  `active` tinyint(1) NOT NULL DEFAULT '0',
  PRIMARY KEY (`id`),
  KEY `account_func_post` (`account_func_post`) USING BTREE,
  KEY `account_func_pre` (`account_func_pre`) USING BTREE,
  KEY `active` (`active`) USING BTREE,
  KEY `is_config` (`is_config`) USING BTREE,
  KEY `order_func_post` (`order_func_post`) USING BTREE,
  KEY `order_func_pre` (`order_func_pre`) USING BTREE,
  KEY `search_func` (`search_func`) USING BTREE,
  FULLTEXT KEY `name` (`name`,`site_title`,`site_desc`,`site_keyword`,`allow_group`,`order_func_pre`,`order_func_post`,`account_func_pre`,`account_func_post`)
) ENGINE=InnoDB AUTO_INCREMENT=16 DEFAULT CHARSET=utf8;

INSERT INTO `bbc_module` VALUES (1,'_cpanel','','','','0000-00-00 00:00:00',0,',all,','','','','','',1,1),(2,'user','','','','0000-00-00 00:00:00',0,',all,','','','','','',0,1),(3,'search','','','','0000-00-00 00:00:00',0,',all,','','','','','',0,1),(4,'content','','','','0000-00-00 00:00:00',0,',all,','','','','','content_search_link_list#bbc_content',1,1),(5,'agenda','','','','2008-10-14 22:38:12',0,',all,','','','','','',0,1),(6,'contact','','','','2008-10-14 22:38:12',0,',all,','','','','','',0,1),(7,'guestbook','','','','2008-10-14 22:40:58',0,',all,','','','','','',0,1),(8,'links','','','','2008-10-14 22:40:58',0,',all,','','','','','',0,1),(9,'survey','','','','2009-01-09 04:05:01',0,',all,','','','','','',0,1),(10,'testimonial','','','','2009-01-11 20:18:32',0,',all,','','','','','',0,1),(11,'imageslider','','','','2010-07-25 04:52:28',0,',all,','','','','','',0,1),(12,'tools','','','','2011-11-16 02:50:48',0,',all,','','','','','',0,1),(14,'school',NULL,NULL,NULL,'2023-12-13 13:22:19',0,',all,',NULL,NULL,NULL,NULL,'',0,1),(15,'api',NULL,NULL,NULL,'2024-01-02 13:50:49',0,',all,',NULL,NULL,NULL,NULL,'',1,1);
DROP TABLE IF EXISTS `bbc_template`;
CREATE TABLE `bbc_template` (
  `id` int(255) unsigned NOT NULL AUTO_INCREMENT,
  `name` varchar(255) DEFAULT NULL,
  `installed` datetime DEFAULT NULL,
  `syncron_to` int(255) NOT NULL DEFAULT '0',
  `last_copty_to` int(255) NOT NULL DEFAULT '0',
  `last_copy_from` int(255) NOT NULL DEFAULT '0',
  PRIMARY KEY (`id`),
  KEY `name` (`name`) USING BTREE
) ENGINE=InnoDB AUTO_INCREMENT=8 DEFAULT CHARSET=utf8;

INSERT INTO `bbc_template` VALUES (1,'campus_blue','2010-07-26 00:46:08',0,0,0),(2,'logistic_transport','2011-02-06 04:53:52',0,0,0),(3,'cloudy_season','2011-02-07 06:52:19',0,0,0),(4,'green_accountant','2011-02-09 16:52:43',0,0,0),(5,'dark_style','2011-02-09 16:54:58',0,0,0),(6,'cobweb_blue','2011-02-09 18:52:59',0,0,0),(7,'school','2024-03-06 14:19:59',0,0,0);
DROP TABLE IF EXISTS `bbc_user`;
CREATE TABLE `bbc_user` (
  `id` bigint(20) unsigned NOT NULL AUTO_INCREMENT,
  `group_ids` varchar(255) DEFAULT NULL,
  `username` varchar(255) DEFAULT NULL,
  `password` varchar(255) DEFAULT NULL,
  `last_ip` varchar(25) NOT NULL,
  `last_ip_temp` varchar(25) NOT NULL,
  `last_login` datetime DEFAULT NULL,
  `last_login_temp` datetime DEFAULT NULL,
  `exp_checked` datetime DEFAULT '0000-00-00 00:00:00',
  `login_time` int(255) NOT NULL DEFAULT '0',
  `created` datetime DEFAULT NULL,
  `active` tinyint(1) NOT NULL DEFAULT '1',
  PRIMARY KEY (`id`),
  UNIQUE KEY `username` (`username`),
  KEY `active` (`active`) USING BTREE,
  KEY `exp_checked` (`exp_checked`) USING BTREE,
  KEY `group_ids` (`group_ids`) USING BTREE
) ENGINE=InnoDB AUTO_INCREMENT=685 DEFAULT CHARSET=utf8;

INSERT INTO `bbc_user` VALUES (1,',3,4,1,2,','admin','G8zLdKXdDjlUrItY4ze1lQfRK2fT2HdCIJlknwyWYZwqPAXA7/S9frztNPjeBgrt0LPFUEePW/jJxfpH0iVVWA==','::1','::1','2024-03-18 10:51:03','2024-03-15 12:29:45','2024-03-18 13:01:42',152,'0000-00-00 00:00:00',1),(2,',2,1,3,4,','danang@fisip.net','DOtGmGAQ9sEZA4nNBAgcw2MOp3eivB3SnbpgYhoYO1ibI93Egax7y9vMG9ThsPi6BMiZwx497sGjKYHyZvPv+A==','127.0.0.1','127.0.0.1','2016-05-03 23:35:44','2016-05-03 23:32:34','0000-00-00 00:00:00',0,'0000-00-00 00:00:00',1),(3,'5','55555','urQC4ID7cnefeyCxtsFFpVMNmYicHyViq9HTVYbXTVwod2QND2ETPK45P6WEwTbQ1idZcCDQDBGe9dDn6p2M9A==','35.191.40.132','35.191.40.128','2024-03-13 16:41:10','2024-03-13 14:52:05','0000-00-00 00:00:00',507,NULL,1),(4,',5,6,','11111','urQC4ID7cnefeyCxtsFFpVMNmYicHyViq9HTVYbXTVwod2QND2ETPK45P6WEwTbQ1idZcCDQDBGe9dDn6p2M9A==','35.191.16.232','35.191.16.234','2024-03-07 13:11:38','2024-03-07 13:10:30','0000-00-00 00:00:00',3,NULL,1),(5,'5','22222','urQC4ID7cnefeyCxtsFFpVMNmYicHyViq9HTVYbXTVwod2QND2ETPK45P6WEwTbQ1idZcCDQDBGe9dDn6p2M9A==','35.191.14.144','192.168.100.71','2024-03-05 10:10:54','2024-01-16 12:33:35','0000-00-00 00:00:00',2,NULL,1),(6,'5','33333','urQC4ID7cnefeyCxtsFFpVMNmYicHyViq9HTVYbXTVwod2QND2ETPK45P6WEwTbQ1idZcCDQDBGe9dDn6p2M9A==','35.191.14.147','35.191.40.130','2024-03-01 14:54:51','2024-02-29 13:01:41','0000-00-00 00:00:00',7,NULL,1),(7,'5','44444','urQC4ID7cnefeyCxtsFFpVMNmYicHyViq9HTVYbXTVwod2QND2ETPK45P6WEwTbQ1idZcCDQDBGe9dDn6p2M9A==','35.191.40.129','127.0.0.1','2024-02-26 11:02:04','2024-01-11 14:56:36','0000-00-00 00:00:00',2,NULL,1),(8,'5','120262874595','KsTtrJ2n42xTkrpeEHH99V1/dj9KUcbFxyzvjlEcObcZP+Xah/uiQi4ZCyAx9FEk2kvJAg3dJTfzInb774H2hQ==','','',NULL,NULL,'0000-00-00 00:00:00',0,NULL,1),(9,'5','120767679402','73rvByVV1F+FzXIT2g0jP0znD9bqq4SktKftjdnK1U0i7JrysGt+3YYFC0O8r0ayDXudc0XlC2J03mmADUox6w==','','',NULL,NULL,'0000-00-00 00:00:00',0,NULL,1),(10,'5','120272943020','xHWrJPvPlEDu5Ucbhidz5AKZM9wWVJWTRxS5TwJcmsFGYdIFO/qRuk3xWyyzO1ZBXroL0nyyck32y+g7KZQ46g==','','',NULL,NULL,'0000-00-00 00:00:00',0,NULL,1),(11,'5','120993011554','f6VRs7bhLFmdCrHNXyw519vRxpz85BIJfSs0Gbz5UB0Wpbp5IfcSghT5LWF5M+TN/npe5d+1JmR8/rk/tOPC6Q==','','',NULL,NULL,'0000-00-00 00:00:00',0,NULL,1),(12,'5','120384480034','de53NtF42t27h2XfCorMVMUs8/fpzbDqB4MXxokBPqJ9maOchUUQgVRd9JIRlsoNDJlfIpbFk+93BYt5ytCHNA==','','',NULL,NULL,'0000-00-00 00:00:00',0,NULL,1),(13,'5','120315388451','bekdydfG4jPK7OAwVYswri5Q+C43n+bpliiKjQy9nuqC9VXyesQCVeljwfcK2N+b8P5Kkq3/paiF1C/z2F1w+g==','','',NULL,NULL,'0000-00-00 00:00:00',0,NULL,1),(14,'5','120580391382','mCMHIB1cXH6QnBB66LpBefJHob7v21zc8c3sJr27QDGMveIHc815Pl1Xp+8o6qwsb96LqACifUCb3T7rq+Edlg==','','',NULL,NULL,'0000-00-00 00:00:00',0,NULL,1),(15,'5','120682307134','VhGnfSLeT37OxWEmJmBhD2E6LD0RicHCdMKqqpxzp7lsvPXWydKdHj2sUL6z2X1bqJBNnPksI77I0T7hFpghiw==','','',NULL,NULL,'0000-00-00 00:00:00',0,NULL,1),(16,'5','120901865670','77mxh42TtsX4WdQHid70S9zhauUfp2gdk6SqMBcp9ARIwngRS+4K4bZjBgxSB6+QjLpmzaY1NDszhHV9Tiu4xA==','','',NULL,NULL,'0000-00-00 00:00:00',0,NULL,1),(17,'5','120820322274','yuabE5vTWWpbQ15x0mthyKSqILYznG7ytKM+xd+J2cjt4/e08MOhQmXTMtLPi57ME10RtIXCuBG7WhwAUjqYWw==','','',NULL,NULL,'0000-00-00 00:00:00',0,NULL,1),(18,'5','120874668165','DVeu0qn1vry1y0+twQx6H9IB/yChlKGzAHa6c0Qh58fObeWEfi3oHQv40Yy2ACmz4iq0eFg9GkKxfXamY4SjFg==','','',NULL,NULL,'0000-00-00 00:00:00',0,NULL,1),(19,'5','120598454901','5sAsVLxOWr3guhNRcGaRj6Ll8mPfUWDoEmIMO8hP52TT/0p0lgmE9F3gged+E5lcIzZ68SJXDAZwTmFMrd3CFw==','','',NULL,NULL,'0000-00-00 00:00:00',0,NULL,1),(20,'5','120255106144','yrEh8rZP/kDKE1dnl/v2QJwQZHtc3VUEcCobybnHMdsg1HEIPdVED7LN30LWsdSot0nkqgoP+bMJ9ql7fKy/kQ==','','',NULL,NULL,'0000-00-00 00:00:00',0,NULL,1),(21,'5','120865935695','DWnehu5pXZV56hFPdiqAFN/XIWtIymAY6MMxcAxuYKtO8gSxhpNF9jPYBlq8jpCQBvd9K46diPxhg+KJ7Xe5aw==','','',NULL,NULL,'0000-00-00 00:00:00',0,NULL,1),(22,'5','120131367059','Z7B6aiQ9qxjDwacrlGNaQwhsYlaQIjYNSrAy4pxKIXYqgiGNzjoSzFwE6zWNAwuvW6TVL5MFnw3lXeucBZcwcg==','','',NULL,NULL,'0000-00-00 00:00:00',0,NULL,1),(23,'6','3497213214','gSKVeRXisTYgV9ayfZa+WPkA6MCjkDOrNGf5grLHKbi6YkmrYwv02nJd1Q9zouCVFaxOcVo9wsRlLidcwb4cTg==','35.191.13.88','35.191.40.128','2024-03-13 16:15:19','2024-03-13 14:37:20','0000-00-00 00:00:00',64,NULL,1),(24,'6','3974569999','NiJeqzNzJlcTByTsdLdRTjNt8St0q0PN7EcOWyK7C2eOIQ/1Q8Wh0/SOfLhtjtCpkPvYOQRkrKpxt09cLdUCGQ==','','',NULL,NULL,'0000-00-00 00:00:00',0,NULL,1),(25,'7','2182','2y2W439/6ZSS6HQANSadYAwWHPYEjRBUnqnf//HUcrDhZBW/Xa6stfPQE9822Y+iztY6rN+a3KU5JK/2jR9GGw==','','',NULL,NULL,'0000-00-00 00:00:00',0,NULL,1),(26,'6','3624745124','wOwLWLnd/1isAWJ7zdtvvo8mgga8PcfBqxmN+Od4oYK+6vhCsHZ38GYCWs5ejKIH9dMr0ZNcJuzMuFfYdNkdFQ==','','',NULL,NULL,'0000-00-00 00:00:00',0,NULL,1),(27,'6','1991-02-04','Cpn2QBqSDucUPLhJYRCQ1xWduEUvEFNVr7ZpqWqBAa7dBYAIwJKNaNOq5Hjl9W58JxeN8Fv4ekh9tkROObzFrw==','','',NULL,NULL,'0000-00-00 00:00:00',0,NULL,1),(28,'7','1494','gpzeJhCYU4mN93Dd8l9tFEH8oDeSL7C64/UHEom6awnNiO8X9J7YeSUM1kih0jQRAx5W2EED6XfgMoV5myKDqQ==','','',NULL,NULL,'0000-00-00 00:00:00',0,NULL,1),(29,'6','3782842854','qDn2Fij5kRId1J6BpbliFScD5irdbq4b/4qlKG+uoEGwMVrK4pWxP1+gAs8e3TBal7h9pAszDpWcLzd7Ubav8g==','35.191.14.145','35.191.40.131','2024-03-06 14:04:25','2024-03-06 10:00:45','0000-00-00 00:00:00',4,NULL,1),(30,'6','3545743197','WagAD9Fu7GhHpb75fu19WvYapzLxShUkJ1pO7Dnk12azjHzzuPLMF6g0Hs5LNBlwFWxoWerbcSIlDNKnwgC5IQ==','','',NULL,NULL,'0000-00-00 00:00:00',0,NULL,1),(31,'7','5291','YR4Ww7ouT7vF8bHWxigZgL7X+z3nV4H+jV60rOBH3pgUkFWnuGH/PckoXRx6rWcor6X0l3LEzHYwHMUYv5+t+Q==','','',NULL,NULL,'0000-00-00 00:00:00',0,NULL,1),(32,'6','3766232904','lyLSTlnWeFzLlAlc+V1o3sKZrja/mGMe/+viJ/SdeGMIBHwYAKaFs9npoTFUGOeBzHlzmyr/tKphxc/hdZWyaw==','','',NULL,NULL,'0000-00-00 00:00:00',0,NULL,1),(33,'6','3915077662','94gYfCwAMXBWcIGAD5mNB9iuU5Q0/oCq2Oww71q5B20kNUygsNheI/R6iWzAma/2ZI8Oo2HUvM0ep1sZ674bVA==','','',NULL,NULL,'0000-00-00 00:00:00',0,NULL,1),(34,'7','6773','0wHYlJp6tovshIZ2cG21LnbaoOAoMepzeJdazcjwhb1MS6/soVj2lnrsAFgZJW1BK+i7vbxdO6Sbm0jPplGEgQ==','','',NULL,NULL,'0000-00-00 00:00:00',0,NULL,1),(35,'6','3381513331','GUrVWa1hah3BkxxgOMivcOOQwBoB3Cvqd2V0bjIg0dOshr5u+fD7cCbkX09rrM9hXjszsbuJslW3cLUvmd5TYQ==','','',NULL,NULL,'0000-00-00 00:00:00',0,NULL,1),(36,'6','3101641519','2VcOuXoM7Oo/Bm7uNROsxs3LzWB0Yh28XdlcudunWLvDfyFwJdhylxhXFuGO9gVb15AcrUBOrNy5NVGXdlU/mA==','','',NULL,NULL,'0000-00-00 00:00:00',0,NULL,1),(37,'7','8809','e47u6oO9HLnIPHgU9CvLQk7zJatjDCyqKBMz0BeNsoIV4aWZk1a98IDeN4O8ESvoh+mYzsKWPFkMaXs3yki8KQ==','','',NULL,NULL,'0000-00-00 00:00:00',0,NULL,1),(38,'6','3733800559','yHubeHm4ATwBV5Q2PwDrnEg0Zg0JUVshpaT8o0UqxOSP9dNOW6zK+jEUMgG2OjsH0oU6hTiysAMed/Trv6q5lw==','','',NULL,NULL,'0000-00-00 00:00:00',0,NULL,1),(39,'6','3470915813','slORF/5K3U6V1pnF/sqNW10egAN2v3ztsE1sRIJAt3HTlK6eMOrA/CJ0crQfLyTSvIsL4q9UqVo7tlofp04LQw==','','',NULL,NULL,'0000-00-00 00:00:00',0,NULL,1),(40,'7','3512','FiWQx3AN+Vpmim6ppMDL3IqebhdVjpz3KIkomHw9qsFgbeEdv863hWcWHUjVJr84GqUthsH6Ev4OXbt381rjbA==','','',NULL,NULL,'0000-00-00 00:00:00',0,NULL,1),(41,'6','3129162122','VZUr4Es5rkNjJ3cvrtxxYU9thpKOOnzluQWqB4fgVXrGWPnHRlD4qgET1qUMKSOpkzPOl0W1uZ4FATpMBEjnjw==','','',NULL,NULL,'0000-00-00 00:00:00',0,NULL,1),(42,'6','3695161872','nwzo0zc4kkPpH+zH2DApe9CWGaSO6jEQJr9yetOUHx1oBQ8ApeLUgshQEO1H22XlanZCZtpzarZ9nRcZPOeeAA==','','',NULL,NULL,'0000-00-00 00:00:00',0,NULL,1),(43,'7','8913','h13nxY0Qu/2hFvVBMSlpKvuM7psQGkhYXXqVgDjfzJzwbR77F9HAX4OEUKhlYkBIZR5ZpXVHFoNX9AXJDr4JYg==','','',NULL,NULL,'0000-00-00 00:00:00',0,NULL,1),(44,'6','3200388252','5RXRpdcmg+7m3XMTMD3zIfbH+YVnNBkzZ4D6oKEBmq849AXR+1p5tSuuH69bEFqcuXX2TrB+ILY8LWvoXawK1Q==','','',NULL,NULL,'0000-00-00 00:00:00',0,NULL,1),(45,'6','3535988224','4Gcx0BY/avLVx0d6ev5F25AXLu9TLZ+Ape/53Xzl6Zt8c+LdAv3ENKvg4nLGIt2OAwbcraEx7XwgqaXW0aAvdw==','','',NULL,NULL,'0000-00-00 00:00:00',0,NULL,1),(46,'7','1707','E5LPBT+6jAiBmO3JCaOrBozhZrSisSuJi1PAqt9lgfqczVkE57BuelzMHnAemNtHnqd4CfZmiAcmiuEYFmct3g==','','',NULL,NULL,'0000-00-00 00:00:00',0,NULL,1),(47,'6','3663198028','nnv1YCtilBibhRPdXyKa/zCGnE8kg/sZyuP6JIlXql3s8RQP5GBBel+ih3EPMChvC8s5fY8IPC4FKcZN0hrFzw==','','',NULL,NULL,'0000-00-00 00:00:00',0,NULL,1),(48,'6','3303216194','dKs5wKAKJoZm4WrclNTY6QGWFsWTBw3bcPNMiu9qd0makWi5JdizpRFfhvLB2iC4Dmh5wiQ1UfJtR1B4X/GEhQ==','','',NULL,NULL,'0000-00-00 00:00:00',0,NULL,1),(49,'7','7382','H681UjIwwFALVgAHZIktIO5HLFoO2+x9d0UOgE9K4uGlMAC5FKzqWyLsRRgU7LcaeAGDSHIOQoX/0FfylJd2RQ==','','',NULL,NULL,'0000-00-00 00:00:00',0,NULL,1),(50,'6','3466906593','WhyZ2zefvHJPk+ZgmugjPMPp0qIu4HPDn3RNmjv1imzUMCNWVTSRc1nwz12//Kcjdf68wD467ofup+TgBpVSXg==','','',NULL,NULL,'0000-00-00 00:00:00',0,NULL,1),(51,'6','3669162663','OqhrR+XE8sFeOHTBGiBEi8VjsiyYaijZp+EfbqJKBEMGoiqH/2/wlvxdSkrlfuXhko9pk6i6wmldAiH6ZhnSZg==','','',NULL,NULL,'0000-00-00 00:00:00',0,NULL,1),(52,'7','9876','ATJoh/1T467ru3gPDD99Prr1yppvZqNhKD8YmgwDjm84/rOjI/rlteEXLgdhW0hgCmvWNxUwzDO/GmUHCh8ftg==','','',NULL,NULL,'0000-00-00 00:00:00',0,NULL,1),(53,'6','3449806357','Q9Tq7Erhar+6EmvURCfftDcuOchuyGDZy1a842nlXPFoKAShd/BNNSPnPeRT+kdEQfc4IFvey0ciHDndN42a7w==','','',NULL,NULL,'0000-00-00 00:00:00',0,NULL,1),(54,'6','3773106544','oWjSbnoDn4+P/YxcsfXmAag9lUohhuKge7uxV8csyePuORQjSyIRAZFYBIxwV7GtDZYAPReUFJzaZCNoievccA==','','',NULL,NULL,'0000-00-00 00:00:00',0,NULL,1),(55,'7','5158','twFU4Sv+CcYHUwU/4+wV1z0kajPemqAXE723sIMuM+Mv/kRkcLAlLorV+wnx39ePXNtfyjgfkPr44vGmjZHdGQ==','','',NULL,NULL,'0000-00-00 00:00:00',0,NULL,1),(56,'6','3179493178','JfxGMBtxb6j6wglNuy0LSc4IeGqTHQ0YwXreKZz625NmsSjhPLCCE8YRbOl8XZXBNMuKMLK479prSJkBQfPXtw==','','',NULL,NULL,'0000-00-00 00:00:00',0,NULL,1),(57,'6','3999631834','Dds3SIbOTJnTKSOqjPtePAVjdnQl5Q9SYde81UuWnUnBmmXTyHAwIEUUfBJlN3wqoeZjNdzGO9exoDvYUf7Hqg==','','',NULL,NULL,'0000-00-00 00:00:00',0,NULL,1),(58,'7','7581','bjKjRI99ABxfb1T96qnX48TY1pFBv3uxhEp2ZQ7ei74suBRcBKVCEnRVZVZd8bFXP+RQIz7plwxQ4YGM6CGCRA==','','',NULL,NULL,'0000-00-00 00:00:00',0,NULL,1),(59,'6','3948811952','3zd7/TDjJ938XGrCzHmHD82RuVRuyBD8vHkC7BUaGx+nB48xGDqu9uHDOT+Df2Fkb3k3t0DMVfR5w5z8TBozLQ==','','',NULL,NULL,'0000-00-00 00:00:00',0,NULL,1),(60,'6','3945803476','rIvnGv39GuxhWZni+n2Tf1Clk18HbRfIXx8a8h1hE+ApUsjqwU4pGhlA6W1be6QnfGfOdkBcrNKGhtKV8lwHqQ==','','',NULL,NULL,'0000-00-00 00:00:00',0,NULL,1),(61,'7','8801','esmZ38Cgb1Sczq12UOgJEa2Q8dMSt4Jqu282N3XFQJioFFZuTsSVBupN85WXp/W1qiIAkHb0rC2f7t/fzNkxKg==','','',NULL,NULL,'0000-00-00 00:00:00',0,NULL,1),(62,'6','3380655664','Q+s0GhqZmo5+n9/s/NTMGK2R2WoWoy/UdEtB5EoNPaTemx4BcyHcGFdqAAnXSY3LLP/cczgc8Ybqc9SymDQQPw==','','',NULL,NULL,'0000-00-00 00:00:00',0,NULL,1),(63,'6','3493921785','snBQLGDvDXrdOpkD6Aj0GKe1TBoK5oeng9VAaYUi8oNCu7oAONhDdu0GQlUSTY6y+souW810If12ZEI9RDGXqw==','','',NULL,NULL,'0000-00-00 00:00:00',0,NULL,1),(64,'7','2470','zyjNmcSmR5L0X28RwfeB4/HaUQDd9WQaDXoY7qIOEFH5NRWyh0XTyOcrPlnt4WfRm5IrhAfXjuohz4llzKc8Zg==','','',NULL,NULL,'0000-00-00 00:00:00',0,NULL,1),(65,'6','3286125729','CY5V98XMG8ojYI1gBvqrUcFInIXV2GeAqSacKGUvqMIzovG9ExlvDBIIQf/ZTlBETvK6pFqeoa4Ss/8YsS2W2Q==','','',NULL,NULL,'0000-00-00 00:00:00',0,NULL,1),(66,'6','3956756248','wxntAs8SsBkJj7Hij7bB0MXUZMWWS0oTDaF/PWLHo3Zzj3NJZ5DJqXv302ayLmK4r5oG8rVNqqWR7OucBoqqVw==','','',NULL,NULL,'0000-00-00 00:00:00',0,NULL,1),(67,'7','6581','7uXHdMXVKB8YHSOjI8WP0xdJSy++xGYRNIow8tvrO49rO4u+SueMluoDyBtIfrRixmn6B02xDSOd7aa30mn77w==','','',NULL,NULL,'0000-00-00 00:00:00',0,NULL,1),(68,'6','3899590656','1RFJdnwW7m2FFPnGACqhKYYY3eQX2PaAZuN8uEAqaCHPcPxsoK+1l1mYywx8PdoVEjQbmvgi5DqFAMOdYZu/9Q==','','',NULL,NULL,'0000-00-00 00:00:00',0,NULL,1),(69,'6','3948892086','nvyWBTGaI1DNrLyC5mnT/y/8qUdsxum4RU7COVQyPvPlSstFQmE68H5xf3EA6cVrBpcKZ8ricui4SkyX5OGANg==','','',NULL,NULL,'0000-00-00 00:00:00',0,NULL,1),(70,'7','1885','M9CmbvnIDjKsI2203yee5+1ojcvDBiSrs37tO5medssDzlpceex6+rgfNihELzMCSyo0coFbSwgt5axt1fCK5A==','','',NULL,NULL,'0000-00-00 00:00:00',0,NULL,1),(71,'6','3839619306','6FHyL5+ZBMpoLwk4zOVpSbOozpJSX7O0vmnVcxPqaWZCqGzGk3jgBAjN5ZWofUU5XLlf3GcB1ZcuN2chaWT0cA==','','',NULL,NULL,'0000-00-00 00:00:00',0,NULL,1),(72,'6','3516424352','WWIjFajrycri58+tP55Un6o8CztjL2LNDBxacudNfWPjLhTzPUtIpW80tVEml95cGlPJs6WQgn9codOGNVLJ1Q==','','',NULL,NULL,'0000-00-00 00:00:00',0,NULL,1),(73,'7','5094','fK62069HcoRK0YWB8b0RIqfTL909ut5r2vPZf3uiYzYE9XcJGTeG4EoL4fdCQbfmJbx50B5Gi4dZTy8+laEuGg==','','',NULL,NULL,'0000-00-00 00:00:00',0,NULL,1),(74,'6','3991396876','WII7ftefq29fyKxBsMaESntg22vqWgx0nov37g++IzmvXrOHrrpO1u9gPkMs9YyhE6WDdTxYqXOSqtPfHqLZTg==','','',NULL,NULL,'0000-00-00 00:00:00',0,NULL,1),(75,'6','3824065983','+tX+TPtskmdism64BzbltwpOLAM4eStxwBUiW/mRk8Th9+pnAcMqRHHwHP4RQYwrTFEZTmWJf1wsL82QAwH2Sw==','','',NULL,NULL,'0000-00-00 00:00:00',0,NULL,1),(76,'7','5614','GBIrBj3L/3JxhiMRYwJ6P1qPxfHEoCwrL1Dgc7rdQXKK7kAw/ESFnXe5kJnat87RKJQybR1W3zrhjkQB7InT0w==','','',NULL,NULL,'0000-00-00 00:00:00',0,NULL,1),(77,'6','3228057855','qkJe5CYmxs3KgCK0Gg7Hg5muOtR6/4I80gTfPQaQkBfr1pOFjV78idazKddNcGXFTm+YmY7EDtQy1QoflpyJ1g==','','',NULL,NULL,'0000-00-00 00:00:00',0,NULL,1),(78,'6','3936527800','rA/+5/ja/+PKDbWuQhQ/kZNvDX+KnygsTBAmdUoS5eU6OG5EVYbFoL0z9Sb/dZ+mWcRpG6S/9LFnZ8Gya/iGPA==','','',NULL,NULL,'0000-00-00 00:00:00',0,NULL,1),(79,'7','8001','OyynTFePITxGflPQSK+A3hty8ux3/btK7rcilvAmhtusydi42tOQYY8CJz1Xr5B+NNI6zTwYkjlEfyndZOsQiA==','','',NULL,NULL,'0000-00-00 00:00:00',0,NULL,1),(80,'6','3205751192','t0jExc4TZnVsrT35KvR1OV+NEoJYEL+5xIzElRX3j/stTMahyRTn15DO4pBrQVz2mF+05qOmmIzT5hGBNf2XKg==','','',NULL,NULL,'0000-00-00 00:00:00',0,NULL,1),(81,'6','3296807772','kg1vz3QN+0fFDmw9Nr9oqtamT7tTG+oYkJI0X5DNT2p4tc0BPYEL6wUPkr7/37Tv8Hq5gaDc/YDe4wA3endFoQ==','','',NULL,NULL,'0000-00-00 00:00:00',0,NULL,1),(82,'7','2450','ITXYqU+pVAYUl9j7BOMFgNXWW5FGc2dsJA4X3KhcGXd6PdLw46oG7f/uaqS9VSNw/07baMmlVnXExhAlEzBBDA==','','',NULL,NULL,'0000-00-00 00:00:00',0,NULL,1),(83,'6','3249184222','G8evhedSo/O11ktloxDlSOWaOE+a6wBMkvvvLNGBCuJH6dwGm6G0FWKDRmuGAPqJVp5Le0lPx0Z15yi3SCZRuw==','','',NULL,NULL,'0000-00-00 00:00:00',0,NULL,1),(84,'6','3543598100','PXCQO0yetkOktvqGYgJemPMBNm69RDZjS81jRhMqmRTZesEJ5CB5nPEXkXU/0dSfUCXCoTwZUt4Y8TuFVBFCDQ==','','',NULL,NULL,'0000-00-00 00:00:00',0,NULL,1),(85,'7','5659','mFGQm6csbzs1LyoAq2xxCgyy+6SW5Sh9LimU2jkiN1ioQ6kZgW63UqFJaVu3YSXjTVRocsuR6PHNOCYbZXfk9g==','','',NULL,NULL,'0000-00-00 00:00:00',0,NULL,1),(86,'6','3269357635','g3J6DdNujpTFdtELarRLXjf+7J//PtbjKzNkZ6xnc7y01rjFA2pMOmq5F8cnckHMpoQRz52JC0tnSuCmVJIXlA==','','',NULL,NULL,'0000-00-00 00:00:00',0,NULL,1),(87,'6','3975297845','6eoowUvbU2/bd9jUjzRVOcnvxrKh24hD/+MN+O8duR9FNztV9UrbNbOSkcZ/mr9Q6KVTWwGDn3Agh8upZH7cgw==','','',NULL,NULL,'0000-00-00 00:00:00',0,NULL,1),(88,'7','9529','9cxD4PPETQp+QyPvRRoPhHLLKXb98FvsuKDeQLXSRPJ0j+ST8WSrEgWMXBIy/ZevvauwFKvUzorhFyQBgpdIIA==','','',NULL,NULL,'0000-00-00 00:00:00',0,NULL,1),(89,'6','3320175345','TXrodQbbwc3IDPSmUFVp1cI9VhW932m9SC0+GxcUX+EzS0Nb+JJe4QBJ1c3hn/MH48RSaUH17aDXI8DZLH8W8A==','','',NULL,NULL,'0000-00-00 00:00:00',0,NULL,1),(90,'6','3474005612','ZX2Qi9CbsK0YKk10u6q9+dBdv2b+CNl+y3DaLe7XhZcjvF32EdHBkZNwY660dfpj9CZWHsdLu8KodqYTYbbh+g==','','',NULL,NULL,'0000-00-00 00:00:00',0,NULL,1),(91,'7','2719','52dGyvpkjXMo+qMVmt/dP/c2AheW6ObAiEYVvgoMvNYrekAJw5BXxQpASOwxso7LrVyb5qLU0xMiyYJDrk90kQ==','','',NULL,NULL,'0000-00-00 00:00:00',0,NULL,1),(92,'6','3689473075','JHP7kD5DsjeDMEoVh0fnrWePABsPoUSvQ9WP+36p8duv/uzRoEQLXomQ13ImM2k0TQMZk6d/ktELP0SmSnw/OA==','','',NULL,NULL,'0000-00-00 00:00:00',0,NULL,1),(93,'6','3735599979','V/NwXrEmJjgL/Um9HRnAzGmOk1UwapUt4724+u5Y4V9ReZ39y/0Y/XDwH3CUp6ckYPa5L4YZZGhqJ8Sbhu0+4A==','','',NULL,NULL,'0000-00-00 00:00:00',0,NULL,1),(94,'7','8045','a1639C3WgkeUnHAXNpqFTopbaUCWf1SMLS/w7QFcR1IhRMJztl6c3serwMHcSxk7Pn7mQ8fdPinq2e7FfzWl/A==','','',NULL,NULL,'0000-00-00 00:00:00',0,NULL,1),(95,'6','3213143276','v4ra6AEKZe+1wqSUva2QVBGbl3goR+nb33gEoVbdVxvJpJQaxSgnhsBW73qUW3bLZoeL3XiyZGospHx+QzEnrA==','','',NULL,NULL,'0000-00-00 00:00:00',0,NULL,1),(96,'6','3799030421','r0r7uHp1K5ff0RzakIgUW5X5VUgo6L4req7KDLWIJZfrupEs9hhLrB5wo1dvZzKLBRhck+MpYbc+GXeabBEwZQ==','','',NULL,NULL,'0000-00-00 00:00:00',0,NULL,1),(97,'7','2049','5GrOk41JwEREuK/PYNYXWPZI/lQFHQ4J9tjuzlh2WFJuVla8qBN32LAenPsXawXYwSqsYZJWxdQc6UJfrkuSaw==','','',NULL,NULL,'0000-00-00 00:00:00',0,NULL,1),(98,'6','3306937143','CSJQ3QnGhG9Fk0mcKkAm5IeLVS8ZNLXs8mNUUGTdFLgNv8Zg7LanFj/D7nLu5EXfbtIkrhgeOmr8CGu4TtFsQg==','','',NULL,NULL,'0000-00-00 00:00:00',0,NULL,1),(99,'6','3575506581','mKZDHFBt184CtfawYF7mCDopzG6k9TrPX6AdI7Su19vWXzE0plwfAV+K08T227i1k63WIIqXOtiIT3vbkwQhpA==','','',NULL,NULL,'0000-00-00 00:00:00',0,NULL,1),(100,'7','9648','HQFSITEYjSQ1Lv4u1Q5tnc7KxywKw6Dvv2u71D1fs6DirWj53O6YHfxEtlvtCpD3+wZo7badin1uo9ZqDLdS0A==','','',NULL,NULL,'0000-00-00 00:00:00',0,NULL,1),(101,'6','3518464544','KBvauAFXH9B6LLXdOkavGa46I2lvQB9mV/qDCL4XtIYmXWga2DFanSe4+a1Gqt1ISIGReLiJ3lnm65WrCJ+I+g==','','',NULL,NULL,'0000-00-00 00:00:00',0,NULL,1),(102,'6','3503400915','AwzIzy5o8MNZVApwEBmTEcLkV7seCyn0h/UWmvVUSiLglP43Tm9yImUm9aOXfoDxe6hJ6nXYp5Fk4HbsTuyNQw==','','',NULL,NULL,'0000-00-00 00:00:00',0,NULL,1),(103,'7','6994','2lWaPiFRtd6yrK7UH2p+6MShScYvmb6soLN/hDA5fJgEtql1gZ/bx4a/YNML36uU1wdCnIWplcKpNZBlUaVqLQ==','','',NULL,NULL,'0000-00-00 00:00:00',0,NULL,1),(104,'6','3367054320','pw+oaWpcRqTz+jxMsD5EiAgEE5su4Yhi33K4QC89KGsA1Ehi2f8uhcx9eTdWcRyf24e76dLvSp3zqFNYJaxO0A==','','',NULL,NULL,'0000-00-00 00:00:00',0,NULL,1),(105,'6','3142879382','gFunDd2dUobniJ9HvUb9F8FP+az3B2xVWkb/U/5XzipzetVTuF1iKYYY24p8o5FwM7aDec/tDh7xyWlHUYyvfA==','','',NULL,NULL,'0000-00-00 00:00:00',0,NULL,1),(106,'7','5630','cSZc/lKj+CpxxgsIntiKcyb/QhsswoMdENFxc6G2+CjvsFMaXYlLWgd3AZNxYl1wR3VmY+OFVrjvk22QHIrgdA==','','',NULL,NULL,'0000-00-00 00:00:00',0,NULL,1),(107,'6','3551941059','oWdoWYN8XcUCUySdDTdA1Hj13UikoSc40AKgkpTySczRATEoDsKnIgD9RePXpNt3meVW5+2IfA6onWoNNZ3k/w==','','',NULL,NULL,'0000-00-00 00:00:00',0,NULL,1),(108,'6','3799779589','2YJ29J+C+qcQjjAd9+0LAnxc+XKzS0jJy6CSdQN1GGmfPNjjIPev4o6fCldYc1O11bxsWrLxwM4fpaxHt1D6Kw==','','',NULL,NULL,'0000-00-00 00:00:00',0,NULL,1),(109,'7','5426','EiPCqQxTPT17KpbC7uQ8U+SEoXzMjeKpfCZwiDlvQSxj0+zzQjvei1PbinuIMeKkKtQtFDv+l5IYdmimi2nN5Q==','','',NULL,NULL,'0000-00-00 00:00:00',0,NULL,1),(110,'6','3274099967','pZewk7s+bLeuA4xJqaDh8cfzbs5EmSg15asudAqg67PKbvbugxgQU4rEjVZOeqYduyiUIMISMpPmBA5GR7y0EA==','','',NULL,NULL,'0000-00-00 00:00:00',0,NULL,1),(111,'6','3824851151','WLB/isjWzObqjSEkN0tHRXMevORluykgnumDcX1WcWSJTXVs0bq0n0SM1ExHZ8xFdMh3IJrzbbYcnbh+AIbytg==','','',NULL,NULL,'0000-00-00 00:00:00',0,NULL,1),(112,'7','5784','zbtxGsosqACA5bkAdMmfHz2SkyV0V+ddxqpSnBSXV02WYGBVFm+na4il0C2DEtbjKCnRz73xI+wB/JvhghHq+g==','','',NULL,NULL,'0000-00-00 00:00:00',0,NULL,1),(113,'6','3705362662','8uHIrUK50DBbGVIGs26YuIW1xHwXfPoNQQ9JtV1E39G+p/qhkf3iz5KhTe9RS8UpLf27F8dpu7tRlejAvfSevw==','','',NULL,NULL,'0000-00-00 00:00:00',0,NULL,1),(114,'6','3301952060','nWxpivf3678s469n2y0GwV9r+vC9d5RB2WpYRXAhOReD7f/Y071omlqzvbW1mORvAosIYzPyvlnQEeYdBWZgmA==','','',NULL,NULL,'0000-00-00 00:00:00',0,NULL,1),(115,'7','1266','ULAYmPg0C24RkAjhpqo5nrvKuIgc4bL1ib7NVXVb8h/7y+ZUfRx6I/rMDlN6XpT5TxxAMGP1mMGHljpTmIvtEg==','','',NULL,NULL,'0000-00-00 00:00:00',0,NULL,1),(116,'6','3146083834','ScvozdxnFye9YPEvq8cFAIOl/5eNdx3BsyZxg/6auxL6YlukBwSMNvOscGpo4WChJp9L5x+jV8N5bausqH7OLA==','','',NULL,NULL,'0000-00-00 00:00:00',0,NULL,1),(117,'6','3853717912','LRlzohaVB2xGOMdKq9rqVu9fyE/OyGxxreFVvk7Y+0bRhbAxsqyGk9k2DAJVIVHID3pKFzc8eg6w9bK/76Radw==','','',NULL,NULL,'0000-00-00 00:00:00',0,NULL,1),(118,'7','4966','UjyaaWW9SP9Cd/IljMgvt1kyyxHQBJlckq8QOljKaRYjKqvGsoXwMfLlXOus4h3nu81ccKLejmhVkQXMuLD50A==','','',NULL,NULL,'0000-00-00 00:00:00',0,NULL,1),(119,'6','3334463725','vRtwWPQXU6F9YZc3UiX7Q1K2HJ1IleDxniotOWCP6h+/wzAwSj4Qhf0E+NZCBToc6O+Zdxrm9H1bS8bs/nRz/Q==','','',NULL,NULL,'0000-00-00 00:00:00',0,NULL,1),(120,'6','3584905333','bvqYsI7cObM4CuEZY4pHsqWXQ7mBnIUfGiYhQLXHvG5U77lbJ/6kRAOXzyOwIDxhKOy9GP7CzSG5hadChAKXUA==','','',NULL,NULL,'0000-00-00 00:00:00',0,NULL,1),(121,'7','3281','lC8uXG4KXVl55E/m3Go+DjTIAT8HEOPNm+Paffn0JufQ1oGYofeJFmmxwMZDJuGeo5gEn+TGZCSMyAZiODS7Gw==','','',NULL,NULL,'0000-00-00 00:00:00',0,NULL,1),(122,'6','3263436638','c67nLFWTUIt0Q9LwYRqxYG6VtsdgAMyZzsDR/9LQdTv0kbPCH0/HCf3b+2yjv579uK12PUgYeTJllF4M5RBk6A==','','',NULL,NULL,'0000-00-00 00:00:00',0,NULL,1),(123,'6','3269592308','yUVvtbGM1BbdhGfdQyfCrk6+kbxkCj14cYcZ+AkPyVyrl8tYl6El/Z+kIQPhqKnaZCYys6xZEBKfFB3MW9r4Dg==','','',NULL,NULL,'0000-00-00 00:00:00',0,NULL,1),(124,'7','5188','MNeGv4N7IP1BGsOutwnP5jhi95BSzr2MKBbSIJUZ4IzhBbctWl+s0p90OvbR27zf7QQ07bp1G8Y9QdVGF65btg==','','',NULL,NULL,'0000-00-00 00:00:00',0,NULL,1),(125,'6','3519612148','GvFxgSQf6hzhFaZSrCuE8J8cfLNDzsG+mM0mg9KMJWyEc3N1BLBD9+g8OzBKDOOP5XrgP0Xpyd7WaQ94IS2T3g==','','',NULL,NULL,'0000-00-00 00:00:00',0,NULL,1),(126,'6','3581657193','JEFpSVRAQswh9GAb08mcnCroB9o3cFXgocCnltmj7WcGCyvx6Gk3KuUMRQyLffeY6EGK4yg2qbRKuZADFyBrAw==','','',NULL,NULL,'0000-00-00 00:00:00',0,NULL,1),(127,'7','1708','vq+rgahPlyy0GLkmgkQCy9DZJF8MpOGmg/IczPTQ6p7Zsk6fWAiJxBSZdcGy4FV8zs8mzSB2y2nofDJYW77RQQ==','','',NULL,NULL,'0000-00-00 00:00:00',0,NULL,1),(128,'6','3960814106','PJ+MZND+iCI/iVWs08xiyPeNPJ9c0iBmOh+XPgu3AoYDXpKHXxPVWBsvbHcWVykQK1lhqTURGQ2T79YgkW8Wpg==','','',NULL,NULL,'0000-00-00 00:00:00',0,NULL,1),(129,'6','3349005541','9VsEsRkZSjrA0sIpjFRMA1gdoeXeYbQyYQc6BbVyAG7r3nU2YiKNo+KK81DE1rql8rSbI4Qd9hHdOBXOdv9lUg==','','',NULL,NULL,'0000-00-00 00:00:00',0,NULL,1),(130,'7','1046','iOFc+bUp2CsMt2+YG4t0e6pn/oulnhwIe1EBrhs8f/ZuLU/4dNemS+f+tNKaDf831fgFl2PmMe3Hm9jObXmv9g==','','',NULL,NULL,'0000-00-00 00:00:00',0,NULL,1),(131,'6','3359905880','lck8QlM6rSfruiKERirVCaFi5wV83TQ4CErsGpFNMgfJDhH6U9C1S8jIijY57i94IIluAWm7HyvlguJ+L0QpIQ==','','',NULL,NULL,'0000-00-00 00:00:00',0,NULL,1),(132,'6','3660115675','lPgpCwsTZkFOZcpo2twrjZ3NSH2+xtaywJzMhgFzKkZq/vX/YYLHxW5rGWo0TDz001AmUA6AFtWuF0hx3yXqtQ==','','',NULL,NULL,'0000-00-00 00:00:00',0,NULL,1),(133,'7','5835','jMkn8oQMbdSmRMsReXe5q1kEKzXhzKxXwy6XGPeZFrpu4jsIg9/PatxXOR1BFFyDgzMazzl+AP08yT/jktp8Fw==','','',NULL,NULL,'0000-00-00 00:00:00',0,NULL,1),(134,'6','3628735154','u23N5SuVKMSXa29wwzxZciTgkR4Thtm4X5ThF4NIqN/kXue5d/SU5W0XRDeAVeLRUR0p8h8eiA0Zrca39kBNpA==','','',NULL,NULL,'0000-00-00 00:00:00',0,NULL,1),(135,'6','3369473696','3zUvTP4b/MJSkyP+ZAJIoWG37Q7rqw/L92PgL8f4ATOjWhci2Vojr1qeG4JsK2pBsfUUK7oOG8axTXsjP1xJng==','','',NULL,NULL,'0000-00-00 00:00:00',0,NULL,1),(136,'7','2418','pzl46OQR6tb9Ez7rZPNJrs8v5oNcEkLr8ZlqsQXpFxP+0+bvmnjqg64BQNG1wsnmvkhKnDtMdVDZbMJ6m+flAg==','','',NULL,NULL,'0000-00-00 00:00:00',0,NULL,1),(137,'6','3828018827','UHp143K4lvU+uxSz1HtneEfkJsi4V8LMPNBpqapG5E3h01dHg4nExoAd8Gdx1V99tMHXR+mQoZhZL6zTqhbQNg==','','',NULL,NULL,'0000-00-00 00:00:00',0,NULL,1),(138,'6','3448228857','u1+HCDKfYb+kWyS5HnL8pC4kFd+/URotxip5h8nVCPPvQddcG7XGsD5FU65fv89Yp5XpX/oatEYlX+m4k1CVRQ==','','',NULL,NULL,'0000-00-00 00:00:00',0,NULL,1),(139,'7','9939','8yx/nh35eOBzTz7d7BzeSX0fo9pNcnYAp5rhL1d4aStYj8ETFZMUEYA314ZiLDd0Cfol/QGDBbSdNguVafUxQg==','','',NULL,NULL,'0000-00-00 00:00:00',0,NULL,1),(140,'6','3266236057','MJ/pxWIo/9o21tkOp9cG+W4A6sLW6h0jJ9cV/y1K+ZEjd3267QfUsW2IJp4/6Hc1qhfiLV9MXUFvdvh3oAmoEQ==','','',NULL,NULL,'0000-00-00 00:00:00',0,NULL,1),(141,'6','3521251480','SLdoH7WkzqyZ7PZID2OCqp2AG4EUSfLq039wTqvRPcpUMF6oTysEnu6uXGwReYwZnq2s3pZsniwNtMpcJdJ+TQ==','','',NULL,NULL,'0000-00-00 00:00:00',0,NULL,1),(142,'7','5374','Iu5Facfp0SEeR/I4xua/uvOqVFUEdKy9OvZPeSW7uR6ZGVT4pOUDtiFM6mznGW27PjxAIFKEY6p5ZoiOV3fKTQ==','','',NULL,NULL,'0000-00-00 00:00:00',0,NULL,1),(143,'6','3488641965','E0/E/nZPinzcucfqz/Cbb2sfAvzx4cJU9rD4ouuPibCzPQUTfI18gCZ5nXMwk26xPLcZ/fcwNC3XrX+ke88Dvg==','','',NULL,NULL,'0000-00-00 00:00:00',0,NULL,1),(144,'6','3946669613','Bnf9P+wKLzJFCuUQ6ZyvBxLcWWNqbC82i/mdhsE9KqQuxJ1KMGn9M32xmJB8zeXIQM0j3Lvk1w63OQrWMpRieg==','','',NULL,NULL,'0000-00-00 00:00:00',0,NULL,1),(145,'7','7925','IqBb/SEuW18vcPAhG3RqNTMY+b7s6j0DBo1kFc5cSI4KdVZJ8qXBRhRLgHWvkPPXP5LHBAqSvTYFYRCH6s9ukA==','','',NULL,NULL,'0000-00-00 00:00:00',0,NULL,1),(146,'6','3388791469','CcA8xzoZeXcxAls0mrm7cQQOcJXzxOY6z3qEcytKB3eEIp28wVVlJv9irBrrcTvQS8lE6G2fT8LAK5w0gAWQYQ==','','',NULL,NULL,'0000-00-00 00:00:00',0,NULL,1),(147,'6','3185714777','IjyU7q69olIuUOujXwYJLfOMPEb13Zubu2paQPG3CTtOJF/2XbQ+Th7IFcQPoXw6fJpu6nqfT7qUy4gOMV0C7g==','','',NULL,NULL,'0000-00-00 00:00:00',0,NULL,1),(148,'7','7948','aZK5tGbsg41aCg7iwexo16OK+Gi4P3rgaFyyrK9jh/xOSiZMGcqoGXOxWmUEUULYlcO8hYcoXkgw+Q6eYL79lQ==','','',NULL,NULL,'0000-00-00 00:00:00',0,NULL,1),(149,'6','3491984948','ssXumae4TvzqTeaOq99zCqSeAbHm9LHOC7PxX2XQhjGPnDTn97cyAjTsa5F+nY9Pyxwk0XAqT1OwGV/7Mia2rg==','','',NULL,NULL,'0000-00-00 00:00:00',0,NULL,1),(150,'6','3934724217','otzLeQulhiPoV+7vrc746TgZVmkUwCOAcsEILcYZmeZ5LRutYm5SCicXznCeo1NhEul5aDLCMB2pNL+vNzHF9w==','','',NULL,NULL,'0000-00-00 00:00:00',0,NULL,1),(151,'7','1576','Svw0t1WZJgRShBuGdaa8zwqM8fVpGxNljZf5Lk4gT9XI92MfXj7HG5vXRXXRQgwhU6UtzE5dl3Il1hcKRB6YGw==','','',NULL,NULL,'0000-00-00 00:00:00',0,NULL,1),(152,'6','3170934687','dF6i7Y9rbaVWNNyS7HEgCWbZ9KP9aMPGdXHJt0JJSK5/LGIHORPy42wtq+BUcOHXsxpOf5V53IneGA4WbIE3JA==','','',NULL,NULL,'0000-00-00 00:00:00',0,NULL,1),(153,'6','3111241583','TZMfA6reVUNfkF/0Kayy22QPC5k5tjB/gA8PHSpUbHLjqa4TIvVcxsyd1/4mE7eDqrkEDiKrk2Km4vfNE7uMew==','','',NULL,NULL,'0000-00-00 00:00:00',0,NULL,1),(154,'7','1920','yShZs4KiP7adrHPNcmA6pRlLHrh/yEuxr3TFGWXl400l2BV/T9gv/mPUDIhunp5p/mcfWnU0DkkFkRvG75zURQ==','','',NULL,NULL,'0000-00-00 00:00:00',0,NULL,1),(155,'6','3980264553','W0DW9HeFlyHdkNEHoPjz5bs73pX+NzE4dfDUs4mj2OWOaaNnJUMCAOpOvmkpM5bCtKux8nKVJ5hUZ9j+5stHqQ==','','',NULL,NULL,'0000-00-00 00:00:00',0,NULL,1),(156,'6','3815547829','bQjO5dORa41dFyfiMe7ckGaku/fGyfxPcwJpCUSlbHAyiV4Gw/hyOE2z58YnXe+GY0UXl8GGf7qJsPPJLJ9WKg==','','',NULL,NULL,'0000-00-00 00:00:00',0,NULL,1),(157,'7','2744','eJWhCrkhEINMCCgAyTo83rQeBxgUBtirqWqtHu4XWfc5lQaEKZVZ4+eOFqV2y1ttmE/5juxzjSfqMPkGSUNNZQ==','','',NULL,NULL,'0000-00-00 00:00:00',0,NULL,1),(158,'6','3850668943','ioYshm+XvjFKa7u8DOmB5STbUVKRRxiqCySGwZ5vEiHFnm/MvWkFa5nIYABpIP5/M8+6imvC7tGC6Cw8/37b8w==','','',NULL,NULL,'0000-00-00 00:00:00',0,NULL,1),(159,'6','3213265881','TEuUOmUKBlarIOGv6e4BYabnZl5OYosvpaY12Hz3/9Q1DGo55uG0UezLVyl+iq90A6jdQQOTNxYlYsZaYZx5rQ==','','',NULL,NULL,'0000-00-00 00:00:00',0,NULL,1),(160,'7','2695','ywfyhKaaRy1aFYoRMfrJ0sm6PxzkUjKDPArEtNslfiTXJiZFXXxAcE1c2j4FztbXCBRvDuSqE+von6Clk0A+xA==','','',NULL,NULL,'0000-00-00 00:00:00',0,NULL,1),(161,'6','3201027651','6OSbpco9JDTgjtbzPEh4iHo9dfZmwhTQy9se196pok0Cf8322f8TsOydGemNAHavk9K4Cg/nFFV07UQJWfDdBg==','','',NULL,NULL,'0000-00-00 00:00:00',0,NULL,1),(162,'6','3288794971','ywBzZwi3yIhBBgsMdNbx4N+tBCIAHu0kpyx3b18zYT9N9cO/Yn/oWQj6bBavBxvD619Hxt0ZQjctKJiLAapGWA==','','',NULL,NULL,'0000-00-00 00:00:00',0,NULL,1),(163,'7','1481','R/xzbknNzgz+j4qELEyHis70RuHNO/YaiF9f3IM4HKssRaeWwe065U90pizBUe+7TY1aO2raAxUeJ6hZquZYDw==','','',NULL,NULL,'0000-00-00 00:00:00',0,NULL,1),(164,'6','3670285928','ei7WGR57cjgDVIM6DmD0vuGqC2bqDLL6vAG3s9BR5f+IUSjn4VvIxIRsysxHvfSzkUDTJaqzWka3MHIbSyOJKA==','','',NULL,NULL,'0000-00-00 00:00:00',0,NULL,1),(165,'6','3854068801','yeiOQsI8cZW96nknk5sGX6US3oIjxisFHnQSddu7pg5XbVIjIlNVTHucfyU3gd17hcfTTQUuy/+SZ5+EBdseog==','','',NULL,NULL,'0000-00-00 00:00:00',0,NULL,1),(166,'7','1951','U+UP8IFPqVkLTgn9Rlsml9OqPhOBU9gaQQ37yESohuQgT9ZOrPtkdMPd08OAG1Mo1l+jZ1+Hq9XgUgps4UQRlw==','','',NULL,NULL,'0000-00-00 00:00:00',0,NULL,1),(167,'6','3388344252','ywLaZQ2gy3wEoqxoWpyx9i/y9dgSSpzJAvThaYRx7r9opB0YBLusnkvXA9BLsOxsoEYgeAPpQu6+MZNz+w1KHQ==','','',NULL,NULL,'0000-00-00 00:00:00',0,NULL,1),(168,'6','3958864249','CgW+8FgCpWNUHUnIQ9tV+ENOpqzqo51tBJLBEFPbB96drPy2fKXMBZby9u0FaZDDcnXTSAjadrO00Lf5hL4V7w==','','',NULL,NULL,'0000-00-00 00:00:00',0,NULL,1),(169,'7','1595','V6UOjkyaDx9Gskvk077X8LVTPKNITiV/ch/7Rh3hb1j4V+BIIi/8YvSM5j7MhvGzzM577CwHwXRw1GUYmabs2A==','','',NULL,NULL,'0000-00-00 00:00:00',0,NULL,1),(170,'6','3278613744','/yOENJHvRcKGCYuhkh0cDOekKia62nsWOhZCpBNrkQo+zPxY2yGoFAtB6aB8RkKm+YtGEa4tl97eC1DB2LGr7g==','','',NULL,NULL,'0000-00-00 00:00:00',0,NULL,1),(171,'6','3585945846','NxfgATuG+hsO8vGVWQcDQEY369R5fkTl9+8dF51T9qO+SK4VlENBPlseFMj9ZiOr4jOtlg2i3Ejy8RG7i60Rpg==','','',NULL,NULL,'0000-00-00 00:00:00',0,NULL,1),(172,'7','1206','R3fY/i7nU9VTEhaI2LimMnaFEEVSQ+AJkHWAekp2gZmQtijq+0IhRck12+TWEiSKcGLmMfHMbzwGcV7x8pOI0Q==','','',NULL,NULL,'0000-00-00 00:00:00',0,NULL,1),(173,'6','3899129003','gMmlXcltxhM87SLXVVqksjjiea9//ikYOpbM00MxesoIQHQpxNqzJX/7YrhQVYBMe8Rl6+q7KbpKWulRbItXOw==','','',NULL,NULL,'0000-00-00 00:00:00',0,NULL,1),(174,'6','3319103509','uvCKIk3a3h6cIRYWxH6p1fMBO8WF4Z0imU6yiVFKjf9N1Vl0NabVJBgTUOSpP9uwjih1NmCeNFKozVF97fRGXg==','','',NULL,NULL,'0000-00-00 00:00:00',0,NULL,1),(175,'7','1362','mGvInDoYW5fcDLDm1ENs9Q6/v2WSW4Onefon12+kikDwpS0K1jhEhbM0NyRjVYWx8ouBxLgfVNA83VYTPK5+Gw==','','',NULL,NULL,'0000-00-00 00:00:00',0,NULL,1),(176,'6','3866756819','KZObBP/QR5lU3VO95WJo0XuOLkZdGKvZG1m9UmURtCzy91E9Kr3k6kZurpT0XYHv8cilbxrX1SlXFKNApLcCZQ==','','',NULL,NULL,'0000-00-00 00:00:00',0,NULL,1),(177,'6','3737430173','7NcYnsuM1LfOWG75LW2KP/zqF44HqJ5Hn9OxapfEWe58Mk8DcatebxeL7VoQ6iY76uOfCHvnoLpHFyOxik+fZg==','','',NULL,NULL,'0000-00-00 00:00:00',0,NULL,1),(178,'7','8136','kEFjxiWSVg8cmgBmqiyeW/0gi+1XTXUW1xRYJ42rPootxYoHqGSZINNQ5aHe8WLLJCqaUe53Bz7dT2o9RrmFUA==','','',NULL,NULL,'0000-00-00 00:00:00',0,NULL,1),(179,'6','3467388287','p5Ydigw2v8BRQ8VAiDKuLHQ7yZ5x1MjdvhvDi225dPXOG8RoTkqd5yErqbNZZHCMa0KHH+iwA16SLFRhEo1LYw==','','',NULL,NULL,'0000-00-00 00:00:00',0,NULL,1),(180,'6','3375855251','QxfyUJJq3FkHjvPXTUDxt80EnEvvjqnHwGiqNTySK274EseOhiFMx5O+vRzDA9iaXDucbd/D0FpKLExbQwbbFQ==','','',NULL,NULL,'0000-00-00 00:00:00',0,NULL,1),(181,'7','6771','K6zo8/4DmNLZHABv+ASjfqNYdDTMMnGjJ1nLgqkIcI2NSEAut5C8EjsnXt8V/TgdZmjGx26bb7EtwpeWwT5cVw==','','',NULL,NULL,'0000-00-00 00:00:00',0,NULL,1),(182,'6','3594012483','uPvnkm+qSYfeukmuBtvAjW1qZzumr0xR2Nu2cqqeVtAXYj6EYa1yCSZqXMRBnlP5TnfvBd+9wH69/DMt1Uwx8g==','','',NULL,NULL,'0000-00-00 00:00:00',0,NULL,1),(183,'6','3241072660','Muxq873TSh+7fNkNUv5ZGZmrvB+Pg0ROIKoPymV6TPDPZi8Y9nSjM23eBNsg0WBTvZDISFyxMEDGWSKfZtjrSw==','','',NULL,NULL,'0000-00-00 00:00:00',0,NULL,1),(184,'7','9638','sGxE6EcE3+3OVd4oepjhAO74FRxDYtYx6QxzBxwM2Jgt7xFXQVe253Kx0SUakIoMqyB1t6u43Cio7Pq91LjSFA==','','',NULL,NULL,'0000-00-00 00:00:00',0,NULL,1),(185,'6','3771427345','KkmZ5iHpXl4I+0MhgqHa6EenGi1yrFXAMCnvcZfjChZgai7t6Pbh79hEsFI278rqaxVSh18grgYPQG1F8kAGEA==','','',NULL,NULL,'0000-00-00 00:00:00',0,NULL,1),(186,'6','3942245484','SNidqsGUO556I7p1N5tCkCKU2CKBN+A7a4Kp8VFf7f+Cm4ABXXk+TrHEAlHA4s3JACvThXSsuxOsYC3htOMA4g==','','',NULL,NULL,'0000-00-00 00:00:00',0,NULL,1),(187,'7','5558','hirlC0GEwUyb/zI7lAciTTtlj1Qd9Wfq6c0eyFtTCfI/lDyyfrdfLkPgtzX7inR3F7a1iihDq47+hvhdovpeAQ==','','',NULL,NULL,'0000-00-00 00:00:00',0,NULL,1),(188,'6','3263715721','YLQr9Qp+9kopBfm16qOtzIM2asMooGwdVBMSRCPFr7P1VYOBTkvWFa13s0Z+ThtFXRPnTmtaOb9xXanDqw7PiQ==','','',NULL,NULL,'0000-00-00 00:00:00',0,NULL,1),(189,'6','3780896597','RCG5Iaeiqf47pz+KgXrZ4bqH1mV2Ta8y8A3bY+XUphOI9CKlUA3COKQH5lWkC2toYEhbqO0nj/Gs6O38BWRLZg==','','',NULL,NULL,'0000-00-00 00:00:00',0,NULL,1),(190,'7','4102','k7EoVcvCz3KVN+BbS/hx68ICsGHTJDpbsUMRYTqyhv3Mn7zhSJFkvc3Xqghylk+IQVj18jaS99VXR7l1EJXiZA==','','',NULL,NULL,'0000-00-00 00:00:00',0,NULL,1),(191,'6','3794113939','JNpYB3XxE6xMW+WWgSPqW5rPnW9dGzKV9/zjyAAgvSgQb43+uL2IJuqDP0N2M339m2hbcsEFfT1NCHs6iHRALA==','','',NULL,NULL,'0000-00-00 00:00:00',0,NULL,1),(192,'6','3805039386','ONYXiN/TCtjTb+/iQkT8ae7dOLAaC/+RbCuh/VMnJR81msWkwybhZiTFMWBXn+XknW9C28wHtFx3CO+CY1DU6g==','','',NULL,NULL,'0000-00-00 00:00:00',0,NULL,1),(193,'7','1391','g67KhV/KVntHf7KpZrqijjEMblyuNaj+N1g1g7QwhI86LKSyDjy709EjuIOc0pnHlAmRPJE7uWRW9Q3blYTleQ==','','',NULL,NULL,'0000-00-00 00:00:00',0,NULL,1),(194,'6','3425990213','sa81Wy8eMYdkAihE+xnUAV3MRUOZbWFt23Paga59GpRemP+NhSykdu1I6CoTCbbKLiqSgIWEjJUleMMR82YdCw==','','',NULL,NULL,'0000-00-00 00:00:00',0,NULL,1),(195,'6','3355643370','xAcqTUvxkGoL5CMysIFShUieJiDoU37+08jk7fBbXT78Y4H+kiBL5IkSBuTBWuPGIWcQISypzHgdyaMHGqjdnQ==','','',NULL,NULL,'0000-00-00 00:00:00',0,NULL,1),(196,'7','5923','avN0N6+pYM2XVEcPIhdSkfKEpKLSYnR8CzKZIr3Fqnm1EanuEBO9A/9WLUjVyYmqdfy+JJ5oE00Xto5GcOtecA==','','',NULL,NULL,'0000-00-00 00:00:00',0,NULL,1),(197,'6','3416882187','L+x1a/1Td6R3r6s2wa1Lk50Vw6grzxLSbJSjZgE96nrbJomp6yJ6hZuAiz9xf9Ll8yC4K2SvY37TlhO8XZqnmw==','','',NULL,NULL,'0000-00-00 00:00:00',0,NULL,1),(198,'6','3578406420','BTICtq/GbQ95MXaKD2RBZDxRf2/vCC4LLD0BfLF9tO0GfM9stl+/rOUxV+bRDYYPQo5W6PN8CbdrXxB67jaJ5A==','','',NULL,NULL,'0000-00-00 00:00:00',0,NULL,1),(199,'7','9993','Um9OphPn1H8Blavnbnwt3YDjSotc3u6laWmWNuJAkQ7Kk24+wKK1BLh9z9vEiUet26WWvn+Dw0c6+80V488rQA==','','',NULL,NULL,'0000-00-00 00:00:00',0,NULL,1),(200,'6','3800814807','1Pmc4XERaekxrnW/M3bZ1ZIn9qO5wdnM7qRpzfWcWbS5E6t/hLs+FEPMND9yGmZpoI13e5HFQyTGChn1b5Qejg==','','',NULL,NULL,'0000-00-00 00:00:00',0,NULL,1),(201,'6','3548532128','x9P4x5hh+b9wvs0HoodOrR8jgH4gPw28blsQ/tc8CiGP/xRH9G+PdWm2Okupd7VCjIdLUk99SptNpwDmhgWtLw==','','',NULL,NULL,'0000-00-00 00:00:00',0,NULL,1),(202,'7','6204','DXKb+GHe0km95RGwOSwsXOHOf4ErSPHUCZmGIf8caEtS6pe77a3dAv9c5igzt3YFHAO1rgvEj95AN6tZ9NI5kw==','','',NULL,NULL,'0000-00-00 00:00:00',0,NULL,1),(203,'6','3465970860','cAsJ5RRgcWgI84KVbyFE/z6HqQIN0cFKbHyN1PgMo5seXyom6mM92ACIYiwEcbKx0QOxOmgX2LfvEN1YHl7cfA==','','',NULL,NULL,'0000-00-00 00:00:00',0,NULL,1),(204,'6','3619448132','uHoq8Xh/2GQlVpsNrJzdjN7OEG/76idunZ9lM/BbBVWZKknewejsYxaCXEuDRrqegr5gi6z8yx2xe0k9MSAGTQ==','','',NULL,NULL,'0000-00-00 00:00:00',0,NULL,1),(205,'7','4607','88ihnvGwAClyd+3rNYM0N0lyl3Lo5ahZYDXabpUqjX1NMN1y5ZQP8dx9GCCwpZVl8GkEo4+K4h7lLIfc9fwmcA==','','',NULL,NULL,'0000-00-00 00:00:00',0,NULL,1),(206,'6','3421832819','laKIRJLhraG2LzzqQiRB57YrJZO8IaC0WXTLpEdWB3TCIBo8WrugoaBy3jXfDcT3jZdOm3J+OSm6gPCBjtE7IA==','','',NULL,NULL,'0000-00-00 00:00:00',0,NULL,1),(207,'6','1979-04-20','A7s1tlCjR4MZJSk/0Oh8qgrZlPc4OtgvAwi1kDoF+6Lmv/s/Gqa/bTw37+CO9a/pFles/rvIYUEOKDWk8DeY4w==','','',NULL,NULL,'0000-00-00 00:00:00',0,NULL,1),(208,'7','8101','8F/JZ5wOSwvsyNhkFWB0VLTwfoLo821fhSQyATkR41x2dd6LVGfwUk3kyL0nXd9r2rnc82QDVjE8crH+RGtVLw==','','',NULL,NULL,'0000-00-00 00:00:00',0,NULL,1),(209,'6','3574827652','B+Cm4NbHXN5enoAwQlIc5y5r471SjjFOTobFQTBP57JqHSKAK1CFKEV0B79oDPKhA6NABYDzSl45AEq7bIFYOg==','','',NULL,NULL,'0000-00-00 00:00:00',0,NULL,1),(210,'6','3737092562','PfJ5UYHW+1J5FwTQVj2HY3ZjQiaoExx/TsePI2Q/1nPGk2Y2gl936rOnLOIxchrIYMKRO1n9NSQR9uZQo/xmfg==','','',NULL,NULL,'0000-00-00 00:00:00',0,NULL,1),(211,'7','6223','nSr+XlxTa3MWso2XX2FmBYSqN9wX8dVpuP8WUCw+QAhOUSOJ35dYT7OtR1WCRu8tY2imZZU1bNVDvkJ/owiZEg==','','',NULL,NULL,'0000-00-00 00:00:00',0,NULL,1),(212,'6','3626531321','gt7Vm3pEOBj20tDbcmkfoQpMvafNlF1rm6QZdyowXgn+xPcXxDAFE5tjWvIoJrmF7Vhr9me0+6fWQ/inoTa8Ag==','','',NULL,NULL,'0000-00-00 00:00:00',0,NULL,1),(213,'6','3443194074','Bj4Ru/B2fP1dXo1N3/XWUGIAt/tvb+zMu6KzPQl/Oru3m8bkPd3Ee/9ctfLBoyeX/oe0uX0LUUzcK7UN5E7C4A==','','',NULL,NULL,'0000-00-00 00:00:00',0,NULL,1),(214,'7','3022','jUE8rKAL2+/ocZWeziB3DWYPcEilNPHToVZoAZVYxOEMcVZrclXZ3wbp03YbTLMOLF1toFae6eH+g8RXyU3wsw==','','',NULL,NULL,'0000-00-00 00:00:00',0,NULL,1),(215,'6','3673826069','ahjtok1s3rfT6HkTGPWyrpl3zK7C41F9h0dPR1JrRf//u/fumW2LfYpPt8q8YrRZ4PbSWE9mJ9ymrP9xW8db1Q==','','',NULL,NULL,'0000-00-00 00:00:00',0,NULL,1),(216,'6','3695719924','m7hTGIIiKo5vsALc6Yu28HL74KmGNohRh33yPjyK6xfaP2TUPlRwFitrn5XdOJcaZtrCeuB0mjCtUsCx7ZgpEQ==','','',NULL,NULL,'0000-00-00 00:00:00',0,NULL,1),(217,'7','7670','qEMKkmyU1vgffKdllYsRmwyCWH1RFDfnR8nYp1nDFYKrt6DNeUvJ8C1COaQqInGw6qs0AAcCBlGc2IM5zGcj3Q==','','',NULL,NULL,'0000-00-00 00:00:00',0,NULL,1),(218,'6','3574387308','deSW513FIaXEuCB7jGJGLIqS5U3k2GMirCjbZQI0TyZMhrpfXHi1XXSl8zqDHtJU3FGfnOzW92xzLust9S/iBA==','','',NULL,NULL,'0000-00-00 00:00:00',0,NULL,1),(219,'6','3164319884','6nUvo5uOAVgnl+hFdh9T3nsuvj89d+tOL48ulStoh9O6O/QwVyp+bcvTipUp7+7pBmGYGdKMZO1/94bb7mIiQg==','','',NULL,NULL,'0000-00-00 00:00:00',0,NULL,1),(220,'7','9565','5k81AqEjJ5Io/DAUssuJR8KawjRPg61w0YLcnWRoOLfMkc+3XkOjtjRge218Iry1vcuiuyqQn17aheGFxW7U/Q==','','',NULL,NULL,'0000-00-00 00:00:00',0,NULL,1),(221,'6','3715794689','j3KfIGqFs/0qfS+BMaeWySPcbi6mIH5uFvQH8xv1OSRrI/clDhswEO0ndrqVZOBxw9YqgcG3R6vm0f0S8YPlew==','','',NULL,NULL,'0000-00-00 00:00:00',0,NULL,1),(222,'6','3929979001','XaKmvnaN/fZeG/+s6YV6xUH7vmEB0sAmUZ+AG/OkeL2hhPGkrh1SRSr3nLQaaVnoGGmp6kUg/dklYWIoyFqdQQ==','','',NULL,NULL,'0000-00-00 00:00:00',0,NULL,1),(223,'7','1495','3sw7T1HheIiXDNA7Ssea3tkvB+4Rru35kLm5JyoAR7pD520p71ayCC9Z3dFeDqciTTg7udNrBpq0YBXRDLeROQ==','','',NULL,NULL,'0000-00-00 00:00:00',0,NULL,1),(224,'6','3214541157','yc5dpgEf/F2cMDPi5XRljnRvvRj789YGuY3PiCHpUZXpsmQMWVlqn0xFYmqLo5uleWC5oRl3lOQpQ8xh5PPNNA==','','',NULL,NULL,'0000-00-00 00:00:00',0,NULL,1),(225,'6','3124747302','0avc0XAC7tTAOnHd+bvxg7F2INKejg9N2PFIJFiEZ1amMlkQi7vlouNt4bsHnvGELWzgEvfdAPIe+kgVBVLMFg==','','',NULL,NULL,'0000-00-00 00:00:00',0,NULL,1),(226,'7','3751','m+fq81yEYYXxJn5Q+uyIjnIr0oggHdfNLXUazpdGljBBpq2lFQrQF0NwtCM60r5Z0wCXjpyDOagOsKe3OHOAjA==','','',NULL,NULL,'0000-00-00 00:00:00',0,NULL,1),(227,'6','3540478456','47SgAtqKpUYAD9/tH5E4VYdLLqNnzdXOFdzuAZJF6chk6LN1qxajb+5lgRttGYtKIWVO2ueF2PZhm/HCwG7D6Q==','','',NULL,NULL,'0000-00-00 00:00:00',0,NULL,1),(228,'6','3653437034','ua++Rd55HIV6S/K9nDt1cz2q03gfmPqb04Eyi7wib5aA3z0CLPnAVYXFvBDfJDJJN5QXBKcRporw5I1UtGyJ+w==','','',NULL,NULL,'0000-00-00 00:00:00',0,NULL,1),(229,'7','7458','RciJuIOBldUeMcQ12xWrZ7TKW+C32jFd+L9YvWWmTjT0SWnVW6+p9+KWGI2Sf1UkAdfyiMmC1mTgUZKkyTaU+w==','','',NULL,NULL,'0000-00-00 00:00:00',0,NULL,1),(230,'6','3524516467','LpG2Ck9lJEVnda06gdJY283ynwoTXWIKt3dV02B1Ya2cTcTuqZpzXzbbbYhyLZ8vE7SbLbT8qVX5DLtyRO09gQ==','','',NULL,NULL,'0000-00-00 00:00:00',0,NULL,1),(231,'6','3898591068','cBTBffQVa+Es+HbQPf2WYnFKobXV//qS6WFZKlwEW4HeTW4FBRO9nTUqJEO0OAnwzbTIxeqYxc+ZssCQuYFAMQ==','','',NULL,NULL,'0000-00-00 00:00:00',0,NULL,1),(232,'7','7869','+jV3HO6g3td+2ajtkxvZ0UlrP1sKHWExFjl60/gnwwqpnsCQcYF6ro9CfWjndsSwhJVprxhiFSZUGxjpSwY+gQ==','','',NULL,NULL,'0000-00-00 00:00:00',0,NULL,1),(233,'6','3927997826','HjbhIA+8/5h4nXpx3/zjxNHZbzd3U6Oofk5Avc/23ooBj88esALvtwHeZYmyObPCVKG+zxsIZVQ0rX+DC0yKCg==','','',NULL,NULL,'0000-00-00 00:00:00',0,NULL,1),(234,'6','3249415905','rWEpdl3JRBIRzHjzs1n/jpvGKKCze44LeEEbyFR+VSPQB5GONOG+YTGt3O72O/k1Zbn0YetJXp0kj9v5+He5QQ==','','',NULL,NULL,'0000-00-00 00:00:00',0,NULL,1),(235,'6','3634770068','iKlcTXC8l2pgQZsqSMrAfSr4KeWmnKZmvbKUV1kwAirCg5ZApugootRbEdPABoD2rWCYP8YA1VoNeisagzF+zg==','','',NULL,NULL,'0000-00-00 00:00:00',0,NULL,1),(236,'6','3466406715','nJwjvHlY6NPcVDDuXlVOxjoNz7ggoy/Q7+X6gPypFGDv9hSvmmczZ+FnuxrSOIEGnEc4voIcs9/6r+U4S1N/Lg==','','',NULL,NULL,'0000-00-00 00:00:00',0,NULL,1),(237,'7','5745','rrUTJyqvtJwx2GoHOkt+7lBh8rxom2GQdC5NbCVzT+mIXIDBTUPOCcYjvvYggXsQOqAbZ32T0r325+1l9K8Rlw==','','',NULL,NULL,'0000-00-00 00:00:00',0,NULL,1),(238,'6','3710460316','DEwKcHm6eIqSXhrSWkpmQIDBOhcRFzZO4mnw/FnxsDrseA1OPF1n++/rAeZFGXmzdkjC0EVmqX5/OzI6TEQlVw==','','',NULL,NULL,'0000-00-00 00:00:00',0,NULL,1),(239,'6','3155073644','SBS3nfdf1VBCUG0wS3YNuv4ronu0TFCQxX+7WMlxwHWdfZRdB8CgJqMv0hDYS3hhNMWb9vaQ9rjci7XCeFJfMQ==','','',NULL,NULL,'0000-00-00 00:00:00',0,NULL,1),(240,'7','4754','Cg27vkiCOGZ+XrTnD2HXJnVGemdhH7CDFD9BhTd9t/IRGGset36EX0GT8gAFjp0NzZG5K54XV7HfsgsuCfX9ag==','','',NULL,NULL,'0000-00-00 00:00:00',0,NULL,1),(241,'6','3411170745','xI7qxg6WSPvTJ5VkVjqSf0Nq189kuHY8tsZDwutjg2pnap5lv1+7LAKG5ChCAwfDv48OowbL3GP/7waCxEoWRw==','','',NULL,NULL,'0000-00-00 00:00:00',0,NULL,1),(242,'6','3891441722','ljr+qWqpkBqDXReLzzTYbKipnWAmv+j/4NYkSJS3rAklTJCi+qRbnpzW0jIwrQlMv7or/Lwr9xqmsAcH5WQrPg==','','',NULL,NULL,'0000-00-00 00:00:00',0,NULL,1),(243,'7','1831','sThZC7Dbr9vAMsV+I+ZJkjo1q1eppgxH7eLcej8pWt+kzC0IExBrQokIa1ph8IW01hxJtGmxQCXiFUhzSUZQUw==','','',NULL,NULL,'0000-00-00 00:00:00',0,NULL,1),(244,'6','3914173604','4wifAC+s3rSR9/nyC3ol2gyGykaDdqc7tR+Ysx993yCVjaQnuOEPAOgZ3RLXV1Fz/unsNh5J/wFLLMnTo1R2uw==','','',NULL,NULL,'0000-00-00 00:00:00',0,NULL,1),(245,'6','3173031934','99GQg2DH+ldXGxR636XvfThcrJ0Zzpg4/8yNte9Hj0H4K4+zIHKtqKNYRQwJDW4z7er3f8MFRkVYlIbxHuQ3ng==','','',NULL,NULL,'0000-00-00 00:00:00',0,NULL,1),(246,'7','7283','gAZt7luZ39B3PjCdzIZisVVt45q4oMvaV/XLEDbqy1gKcsDuAgCgmsOEd5DGt7RCdMKn+SayhPvVQy5scpTNPA==','','',NULL,NULL,'0000-00-00 00:00:00',0,NULL,1),(247,'6','3312143535','BM8m4pG1ks+fXWR4sfzlvn9eNjunEbxoQU77CpWa+x5pCaGah6jE171bRpZZ2PHCYOihQD7VFlD9JE9hEdqgsA==','','',NULL,NULL,'0000-00-00 00:00:00',0,NULL,1),(248,'6','3267001589','MDeqSCrtlLzFcESfGIXI+jgXT18rNu0czU8Pn7RODIT2VQFB8e39ubNgjJeTB3YYk6P6S3gLxYAgnFtOm7clLQ==','','',NULL,NULL,'0000-00-00 00:00:00',0,NULL,1),(249,'7','8309','PnLoMFmVarzVMePgjF1hlfrTS6nNcEvLXy5yqe+dQQ3ocuX+iJTDqnBWL9WLrLjYmSKyI1OhgxFStFc/+wVndA==','','',NULL,NULL,'0000-00-00 00:00:00',0,NULL,1),(250,'6','3516027224','q9/W/LmDcO47CaXzxoD7LdWe9+wCVorES3g8Bw05LIBr5cYUrwSMTLOGbNiu7l0QgVJgYXI6IY+HV1KrjSkX2g==','','',NULL,NULL,'0000-00-00 00:00:00',0,NULL,1),(251,'6','3899414513','WyZ8LxnGYc8ie9CCeNs41+I/jcOOrAaS0UOpFmEc+6UCoh4OLaFSYUduLcfEBIXYA3euQGV17NLFvhgO60gWpw==','','',NULL,NULL,'0000-00-00 00:00:00',0,NULL,1),(252,'7','3150','QnI42pCKRYiJXyHXyNL8OnhswZWc2/2NyUig7fsif2Y/Kuc7Fr07lE48ih6pb92hMlvAFisKXF7UkV99TdqJhQ==','','',NULL,NULL,'0000-00-00 00:00:00',0,NULL,1),(253,'6','3649088084','5K3hvDtbSPXgvBMb9tqhaZ4dNxKN7Yb5iu9TS6EuT0HxwIQQtYUjgaNb6vmlV6xGTIbuLcKHUQ8Ryixxpr/efQ==','','',NULL,NULL,'0000-00-00 00:00:00',0,NULL,1),(254,'6','3853769235','/FJi0kzjjTvIXgf3ennOsWRkT59XWBJiaMscJLm/vAKruarCbGCWLKp311TEHMMCIRtXaadsdyp2GIFiBczI2g==','','',NULL,NULL,'0000-00-00 00:00:00',0,NULL,1),(255,'7','9395','KgMuV5Gbyd+BQGkwcyfrp2URyV0nKkO3rHD3AtLo0V0JDz7In7d/awTP055IudkqRfG9BACDjbvNVqF67njrag==','','',NULL,NULL,'0000-00-00 00:00:00',0,NULL,1),(256,'6','3662227848','+vPX01KufVY25lroosUlv7zNtTI30S25PXEXylXtdOaqPagnGGnYubspwUjP9ROPtPW71FEie18ohdgHHK0WHw==','','',NULL,NULL,'0000-00-00 00:00:00',0,NULL,1),(257,'6','3567797374','nQY5Ou8LYGXl5HZNLVBOG5hVVpf+NCnG7ty5uOzizYdJFowWLR/yHKXQBbroY82qyLhfIVSI/YnYB/2K+SQkEg==','','',NULL,NULL,'0000-00-00 00:00:00',0,NULL,1),(258,'7','5099','lowlZxrvIXKhg5+5/JB4BroY49ht7VtbXagdFS0Jlr5u08ijBMQGWGZVmnyU86ZddlcR6XwKtT9BR51QvNXcSw==','','',NULL,NULL,'0000-00-00 00:00:00',0,NULL,1),(259,'6','3935078036','bfXriZCewHZTViccn6VUzJVyyBGuxPb286HgYk/maRYK2o5SP8gqJqghwSmMvolv9eCA2P9GzTNQ8TOj9Hw6eQ==','','',NULL,NULL,'0000-00-00 00:00:00',0,NULL,1),(260,'6','3469516964','lZGfRY5rbZG4Nd5U4u3h0o8tI1lb/rgilBR30lARddMIlseWPMd6UavfZPcPAJyn3CX6kac4KPUZ6Foy8od0gw==','','',NULL,NULL,'0000-00-00 00:00:00',0,NULL,1),(261,'7','8653','yUcZU9rz6g0/iQr+UGajqoxlDoXj7bqzBDu9mQ/1BbKXAlV3J8874Kvw7OiRk8USEta+AdV2bqxUAcjNvABGEQ==','','',NULL,NULL,'0000-00-00 00:00:00',0,NULL,1),(262,'6','3968232886','aAmGtYHQfrXWIWtTAsTFeQ9yTzXrcfJqN8GlVZkILfolE5pPt7+eMZgG7Ypo6rkDHlooMRVsOtXQRb9I2C+80w==','','',NULL,NULL,'0000-00-00 00:00:00',0,NULL,1),(263,'6','3947107112','bovIHo7fANfL21EIPmK0oCeol3X9Z9ZVC4TkehaSurKPUIdxVTyJIVa3f6SVUmFbMbFaSWnE6UyPoIM51c43lg==','','',NULL,NULL,'0000-00-00 00:00:00',0,NULL,1),(264,'7','2356','KxQvvrdJ8W7ZKi1hmtHSF/yb440hDIPkAx9XbghTgKWUvajALTxLyPLaOjvamPCtVXNMQ8bDrqTYx1Osn0kVJQ==','','',NULL,NULL,'0000-00-00 00:00:00',0,NULL,1),(265,'6','3517797163','ZjYTt+zjJAb9oh/kpvrhYUMZ5JqrfvRrTEu9KQKbuV6s9cTGOkMzgYiw4O/WENtcdjGCDcrl0jf/YUUxIzBrjQ==','','',NULL,NULL,'0000-00-00 00:00:00',0,NULL,1),(266,'6','3533289293','b9ntZVyOtFB/VFHh+Nc463MOyyE3N64nYR2Of2IZwxQO4hEiKKSQgBJSIooqjSGa9iKdHkjbblsmqTi9bmWuVg==','','',NULL,NULL,'0000-00-00 00:00:00',0,NULL,1),(267,'7','2056','DzQBsN28ni9Q97zb6vk0HihakcrvkfwD5mP4Hm/ft5HSSXiuicXqpbEfoTxhnbGzOwYQyObVyKxTXbMHCMC2VQ==','','',NULL,NULL,'0000-00-00 00:00:00',0,NULL,1),(268,'6','3931427341','/VhxLJV6F1tUewXHNn8DbWm5B4TvHLEdsbKC+3cxus95r9SrupJRwksvG6FKZcMqomDDLR+0F0vCXd0GLYORHA==','','',NULL,NULL,'0000-00-00 00:00:00',0,NULL,1),(269,'6','3320230631','/YPerEcg2zFyRR80DaKiAjNsKdvoJmwBoEfijdpDn00Qmt0tzU6XR6JKldZ7fPYtbNNI2iePBstU3Hc7f2vKmg==','','',NULL,NULL,'0000-00-00 00:00:00',0,NULL,1),(270,'7','9393','RIWT8/4TDmRsX7YbYvq9vTBAekO5BIPLUBMFycqUaNS1ocrfZ7V6PJHZ4F90YR16rykUQudxZ3w83foWp01XnQ==','','',NULL,NULL,'0000-00-00 00:00:00',0,NULL,1),(271,'6','3737938517','D24SM2cYwH8AD0FzIpy5xtOcgidaN0O28PJKfSclosRfTpXsqnJOmcyleJERDEa2QDq0e2KphXINN7lcB5lu0w==','','',NULL,NULL,'0000-00-00 00:00:00',0,NULL,1),(272,'6','3659870439','R6SnFrfswyW8cd6H2IcriSXKyrvlyNNDlYZU3w136vm5d8bd4pZ4E20g/yWgsU5Ur62y+X4LACvBhzo1OUZtug==','','',NULL,NULL,'0000-00-00 00:00:00',0,NULL,1),(273,'7','1503','EfGCqn2ghMf31hCbRgOgUFKtpZIddzwIrIsdTFtSxiH8YWQL9KAmN4PYLO8w79GPZuiwQmYD177Hh1bOq4tKBQ==','','',NULL,NULL,'0000-00-00 00:00:00',0,NULL,1),(274,'6','3758891445','cRrq/6B0naml6Hu/KI2W8wKeSP6B6VhLyJz2ePi/Nxt93b2loz4zXwGLkzsuSXmzd9wepjmwBovs87JSisF+aQ==','','',NULL,NULL,'0000-00-00 00:00:00',0,NULL,1),(275,'6','3861687773','bLvWv0jttnlurrvDJI96x4oBaEQM1/1fdDHmE0V/j1cfUkG5xE1rGqAKD/RILwWeLr2Djs6fhMXGJ0m5Z2Zz2w==','','',NULL,NULL,'0000-00-00 00:00:00',0,NULL,1),(276,'7','5632','W3sG5UMchrELWOOnhfL+v+1HLbzXKgzJu7Q9PJ/6Yqd4wLU54aubTQ5UAJk19e7vS0Im9cLWCO/C84iE2LxZog==','','',NULL,NULL,'0000-00-00 00:00:00',0,NULL,1),(277,'6','3994046359','w62hd1g++ECH94QgPzBUEs3hSQOZUnqCq5kpXp2azzcrjVHqvyt+SHgDkvXkc7zFTz9jhrNQCe/Ox8aawqxxVQ==','','',NULL,NULL,'0000-00-00 00:00:00',0,NULL,1),(278,'6','3805718152','AI7sO18M1u/pwDzI+7KNu0SGVg1MdAMuiNYuwYDKtoIBwacw2ELyPM8RJH5aoGK8xoobFwi7D8W8SuYJfkwqtQ==','','',NULL,NULL,'0000-00-00 00:00:00',0,NULL,1),(279,'7','2585','dxLRMuwHzqjR5WhpsLDlJ9qp5EHpzkSXQS70SBR5KSBP0BqJydZ3xNdCCPV6U5nRc57OUCkKNiGkHpGM23oflg==','','',NULL,NULL,'0000-00-00 00:00:00',0,NULL,1),(280,'6','3425526642','QhfBuh0prQ7TGtI56EiV5BxqAe/u+Rk5e4e3S19LqeYXN4eP0nqIlqHw8eoiEdeki0ALA9QSszbplQSOd83g2A==','','',NULL,NULL,'0000-00-00 00:00:00',0,NULL,1),(281,'6','3154955520','6jvRTtptPtZZQgSqPBj880FcFaqxow99GnpyAbAIrAjTbM9PsiBrricRtUdYb2sI/C5iaHm4uPqFjWhuem1J4w==','','',NULL,NULL,'0000-00-00 00:00:00',0,NULL,1),(282,'7','9404','Ja+t3kt5cb2ux8ZQ7PpDV7kZTNIxHAd1TUGW2uciIBiBeIBxMvhUQhDXVLiTd06ayQ/smUm0yzPJQpz631Kikw==','','',NULL,NULL,'0000-00-00 00:00:00',0,NULL,1),(283,'6','3841094410','ZAoYgXxnZyFkhk/ewQo2VhfaF8RbFoo2yBdeO8WSHL3q3g8xYJAiAQG0qIxJLuEJ7zoE1qsbwsoSk8p/57yeVg==','','',NULL,NULL,'0000-00-00 00:00:00',0,NULL,1),(284,'6','3853043999','l2CAklDCU+l8fC0PYxb7Q8RyAjs+Z5p5k9GdpHyml4oqpREJrO93m6/Q9rXJQ+pqBOckev/SzGFb6wJ4oGHsjQ==','','',NULL,NULL,'0000-00-00 00:00:00',0,NULL,1),(285,'7','3239','WmRFCg4jVwtD7NgcAvtvHRcAv10YbblxNWH0dyjcATclUPOUj0+fQI/CdE5wJBDoDB/rEPxmhkO1ugmwt3lx1g==','','',NULL,NULL,'0000-00-00 00:00:00',0,NULL,1),(286,'6','3451005815','3KklO8BQL/JrIq1gFYmJv5inOPd5RstyCafHBc4gKIXu7INPwq52jACwfdCvO9MK+oRXEPSX7y4pk7wOOEQkGw==','','',NULL,NULL,'0000-00-00 00:00:00',0,NULL,1),(287,'6','3160274244','ctHYpL1rmRcl1aU1mL2VZqJ7XW0Li2LxvW+XZniV4nNwhc2BlKZbNl1Gvl/fh6DDeAP4/uUmKV1ktRc5aR9KKQ==','','',NULL,NULL,'0000-00-00 00:00:00',0,NULL,1),(288,'7','4767','HrBZY9yNhdVpUTl7+Z6oAuCIhmH7/UOORliis6rrZzuYrtg7P0in2JTqybep8Xlk9HlmbDBAiPUJBuQobBHRvQ==','','',NULL,NULL,'0000-00-00 00:00:00',0,NULL,1),(289,'6','3279765319','Hs4uf+AJ4DiNnwI5yTOnLF7z+v2gn8P0ApTpcmk2fzyK71LzoGKeDq+CmE8PcmuOCzjP3siU6hpjhqCPeCF4Lg==','','',NULL,NULL,'0000-00-00 00:00:00',0,NULL,1),(290,'6','3138331108','TcKoluTLBjX4SddQSjv43CADaW1iUOYVRe3rTSeRrlN/5cD9jd8tsorUxYsxk1gnKd0n7sH8u+4ra2J8gj6Gfw==','','',NULL,NULL,'0000-00-00 00:00:00',0,NULL,1),(291,'7','4761','UfwOvJCN9vCLTF6elMLFbx6vO0wnms38zKPn8ElYXiBGqQw/Yd/uqfVchx9dccR+tFQuu+qY69hnto+qZrXi8Q==','','',NULL,NULL,'0000-00-00 00:00:00',0,NULL,1),(292,'6','3859444563','dX8lvC1RQlPjRMKkwefKzwjOMorFyeQE3ObANSTGlfi7k3cHnQtK1VnYayzaGktl9KAJ9M/Pq2KLWa3XwrFU6Q==','','',NULL,NULL,'0000-00-00 00:00:00',0,NULL,1),(293,'6','3132561518','5NDKcCS6fBC5DHZO++gu6SG7nAB8cO8Co9trP1VPVRWv94Yoq+PuZ+xBmV8Tt15ACLyr2wHUSq0hnzPT+/+ydQ==','','',NULL,NULL,'0000-00-00 00:00:00',0,NULL,1),(294,'7','2819','AJ8xCG195tFcO4T1bbwCT52mGDg9kbMncfzXyelgEW6JJXAboXjGbpsRdzF37jQKCcExNMEj8/ZhR/CoIvF//w==','','',NULL,NULL,'0000-00-00 00:00:00',0,NULL,1),(295,'6','3477944261','1OZ5iwTH3mceFukgkpIs3L8f5SsPdvNqx7B8iWDc1irm3dJSx1vgADX0P1HSZkd8lQfI73GEq+DK5n+d7TJNug==','','',NULL,NULL,'0000-00-00 00:00:00',0,NULL,1),(296,'6','3858813356','SwMQL+fGa45yCYfD7PvR9xgKYDOKaiMe2aDXIUkw1JamD2iuyk2lfPI3FB/HJTQjgcdQGSmlk1c9pdj4t+UFlQ==','','',NULL,NULL,'0000-00-00 00:00:00',0,NULL,1),(297,'7','4639','XNQpJtiUf9X+oEup1j6OYiF//AZQ+kUV6WKXZXKDr2XWBXFV/V4p2fC3C8IKmDyZEfzIXSJE6RiOeWd7zRvlHw==','','',NULL,NULL,'0000-00-00 00:00:00',0,NULL,1),(298,'6','3940559480','Nm19pnqUMOqqNVYKLRd8RXad6X2D1CsOUvkt4+ue3uU5t+eXJ5qHM16t79DcGI6Yvab1Yo26+6Dr0yzBOEPNSw==','','',NULL,NULL,'0000-00-00 00:00:00',0,NULL,1),(299,'6','3750523176','Ukv+yu+KMfRidLOCR5DgMSSdj50mhqVuvHeX3bp+uCXKhDukggJoTJxsPP4RuwUYCmgExI/MIfrP4NkXjHztLg==','','',NULL,NULL,'0000-00-00 00:00:00',0,NULL,1),(300,'7','8254','lcKUSNLyZ6+eGNDVn0iw1f/R393jjlZPiE8c/pQN5n+tTwndFbN8bINesOx6QKyE7nrdKVfrWZHGUmo6hR9Buw==','','',NULL,NULL,'0000-00-00 00:00:00',0,NULL,1),(301,'6','3522880310','AKbUFX+93lUwXE0DItvPU3qezp+E+0nQHLCrAVZc0boF4GPaRKg90Q3Tt/zYR8YLBWuPKrVqTqJ43B0y65KY0g==','','',NULL,NULL,'0000-00-00 00:00:00',0,NULL,1),(302,'6','3229631377','8pSJqBr+2g4y+vz95FVqKpRwO7xrzvseLRNgmzn0EplUeOm/mmcl/ZHFnmLfnTkFWzLoSKsMgsKGImpSRzVvvg==','','',NULL,NULL,'0000-00-00 00:00:00',0,NULL,1),(303,'7','8209','5L66eZ1nxUCljiKHa+qFoaAGu7yJITc3tJhUdqw7FESouKnNO+hx1inBiraKE/3uo21zAHssxaYnpr9EQBNTpg==','','',NULL,NULL,'0000-00-00 00:00:00',0,NULL,1),(304,'6','3152204507','yFxPlwQSsxHc6SqMg3DfSN8fiFy48KvZnhs++CanKVt3v+Snb7xhbbCsEOpeJsT1oFPxZ7maCM7srSvXZecHSA==','','',NULL,NULL,'0000-00-00 00:00:00',0,NULL,1),(305,'6','3584663655','bKUm6KrhnRijdtFrarz0aswSWj1KZQU53jZEQ26MED29Bx+E1NnnmbD5RwnE8uaoPJZEFjrv8q76zG/95UqzEw==','','',NULL,NULL,'0000-00-00 00:00:00',0,NULL,1),(306,'7','4709','t4Oslgn/JZ8qcsg84WC6yfTZtu5q2MGD9W7jopOLoPaM+vH037x8s+IWc2V3OY+lTreyrdwIDpCF5w0R3lSRhg==','','',NULL,NULL,'0000-00-00 00:00:00',0,NULL,1),(307,'6','3830811583','7i7R3E93PJE/aw+cSMUHZjqP/xw3dcUFwx8k3VIF4IEkSmQ+u7ZA8bgiX18jopeKXxErHGXjJq8uoTnxNovFXg==','','',NULL,NULL,'0000-00-00 00:00:00',0,NULL,1),(308,'6','3837084268','8/rVMNuUhbwXE/SPRJ87zWcYR3lUpGCg0L3IlBTKBmWPDD2h0/edCVWfevYjwj4DdV38dMx2MJeGWBywWWsDeA==','','',NULL,NULL,'0000-00-00 00:00:00',0,NULL,1),(309,'7','1257','eZuLiBwwKv97w9V4CpfiT7YDP+W0tG0l0oDjeSayUwn+xNRdPfKOGX+M7fE/Hls4s/G/osel3F+xwRpXIavHmw==','','',NULL,NULL,'0000-00-00 00:00:00',0,NULL,1),(310,'6','3906393624','MSf+dRghz9iD7LDBOe0mMgyY14vrJeWWIdV4cWJRRsMnb2Zv/EN5nFPYTtgXF7+7KH7JjXB1qfT+kw3yrHqGwA==','','',NULL,NULL,'0000-00-00 00:00:00',0,NULL,1),(311,'6','3460838511','6Vd7ymhdFPyUEKJJ+etOYG5VQjPelMujf51CGccqhAaQ6EVuitwhMu28i7QE5w66f3C6RZqzwPiLKAk+fOGnew==','','',NULL,NULL,'0000-00-00 00:00:00',0,NULL,1),(312,'7','1453','UalgfOCoi2g/+cwKsjzDgW3fxlbblxAMZFfS1aVMVS7f0O0vTkcwFF6DAOBn3rocDmL4bfEYFGLu+UU7iRXezQ==','','',NULL,NULL,'0000-00-00 00:00:00',0,NULL,1),(313,'6','3481697266','N0Tw+ptyXIi9K9sVR2a+Jjp5tjRYQrjxePIXKR6e1SPpYUTy207AqMmRG+jOvj0TUBeoZQjMG4jbeJbl9V8yFQ==','','',NULL,NULL,'0000-00-00 00:00:00',0,NULL,1),(314,'6','3763213081','m7dhNJ5xwlKtgahttx7aGnGgEXbyFUPENPlqcXRtSKtjHLuIXJX0UpNjmkPnfQiwb3Yt2Nj7Fpm7JOgJndilWQ==','','',NULL,NULL,'0000-00-00 00:00:00',0,NULL,1),(315,'7','1961','pGGWOJETCYRC3QqI8pb5MnTHtHaX+qkj3Kqk7Ioge/eEqbDIRPM2DQivnIJ+M6UOhBw6lHOXeKLf1XC9fM/rUw==','','',NULL,NULL,'0000-00-00 00:00:00',0,NULL,1),(316,'6','3856235986','Z8gFwU5uAgHRdMs8vGkavUWa7L+/ntY/pFtZ7hBu/u6UHEYjMUEtoz/qcm55YDC0GOgBHbgCX74qoJyoGZN+xQ==','','',NULL,NULL,'0000-00-00 00:00:00',0,NULL,1),(317,'6','3946342427','jajBOiUJB36KCab+9zRxT7GU3Os8fEels1ouh+YzQ24MBP+ECR9qKTkcYKtDSetZV15QP8gwJqXLxZd+kzpmuA==','','',NULL,NULL,'0000-00-00 00:00:00',0,NULL,1),(318,'7','2556','CGCA31CRIcm5O0emSeOU6BHiYso3nzGZi3rbqJs9vIq1+PPKDdkRNG/hj+dGXv57Sn8jicchX161fpfxmD+bfA==','','',NULL,NULL,'0000-00-00 00:00:00',0,NULL,1),(319,'6','3581200118','Z2tdEdmk4DXSBm0ur9pdw7o8YFl8fQICzs1ilcUtGK7sS1T9MgZo1C10DXZdg/Me0GU+ogCiF5kBheg3Dw/vNQ==','','',NULL,NULL,'0000-00-00 00:00:00',0,NULL,1),(320,'6','3495037392','SWcnghwESH4+dAmaysNcdGiCXtU9g2Z/aHNyEvCTvf/Ty2YuhRXP8EMYneqlKxZRo5Xvg9f0X57EFKp+AetRpw==','','',NULL,NULL,'0000-00-00 00:00:00',0,NULL,1),(321,'7','6406','BQuDmr0op0NQv6fVvDteiabo4zeIw+EPq358wzrCpYHK+4PVC6GWvuX5G3A3L8MdcWZnRTW6S8ECvckxGHM+vA==','','',NULL,NULL,'0000-00-00 00:00:00',0,NULL,1),(322,'6','3503148326','G6wzbIrRiW4lANQkz1K8B/UlGe/oyi2WjDpMz1+w+t+cm/od9PYArgDht6i9Ay8MNyACfwuUERU3xbc6Ohshlg==','','',NULL,NULL,'0000-00-00 00:00:00',0,NULL,1),(323,'6','3626747404','hZKTOdFcfHdHHLOd07hsCL1xrVXErfX1f5JUtb14OItjwg8B0XAOG85Nj5qTGfNivWiLL7dM01PlkjirxDAjdQ==','','',NULL,NULL,'0000-00-00 00:00:00',0,NULL,1),(324,'7','3496','ZDxkNJE0Fv90KamzozDY0ArZQ+s7OtgjNBa0RcZ+oiqQi1fI+4Y16g3sNeRw9abcS8+ETMjMiTQc1LJdzJIEfw==','','',NULL,NULL,'0000-00-00 00:00:00',0,NULL,1),(325,'6','3222233852','ArdWpb2xi2qL4llIyAvtncB5/z0byJ2GhjATH6AakOBJ9w0NqdoJWjgg8/pbuFm3mdq9QiqgaO96rdjMFAQfNA==','','',NULL,NULL,'0000-00-00 00:00:00',0,NULL,1),(326,'6','3200224862','kKevfR6zQleijknVrBmucJOfrDQGSd3dlrobCW6MeXhBWWMkhYJV71aEX2wCtGl36/MSz39GpKlWRUVE4s05CQ==','','',NULL,NULL,'0000-00-00 00:00:00',0,NULL,1),(327,'7','5840','LsEflSyy7R6lR221huJaVG0v1ivQRTYhDG7FSmXfUSV94cmBcl4BHR/3htEHRA2yfCctlyoWBE9+InAiUwm7bg==','','',NULL,NULL,'0000-00-00 00:00:00',0,NULL,1),(328,'6','3472768414','ylzS1avoNNIyEl2Wq6IFFYJNQqKMohXo3s2/NENcinH48qoBUpMDQ6i81sgY25F8u9p1odosW4aIDKp2Iqcvgw==','','',NULL,NULL,'0000-00-00 00:00:00',0,NULL,1),(329,'6','3677669833','a66mVAImIWGx2LoXF3Lz1f4cFVlIZrrboVVIZ9e8DAWkpukzh9VLZy3SAmTN4rKZmFImV54/4I6kIdtREJ1rOQ==','','',NULL,NULL,'0000-00-00 00:00:00',0,NULL,1),(330,'7','2120','xUQgGYzmjePMgmoRR2UXn3vEpFhmq8qxr9DAcQxdf73kYc/JzMRlPTDjZWE2g2j089Ha+RqTp4Mo75wToBH32g==','','',NULL,NULL,'0000-00-00 00:00:00',0,NULL,1),(331,'6','3311499415','wyMjBlV02zbzu37Tml29B0wFgx8IPbrBcT8sxyMH89qO++UP/DCKjhUx2yVPMaAUB83V0LqVGTNAiz3FNLmpOw==','','',NULL,NULL,'0000-00-00 00:00:00',0,NULL,1),(332,'6','3551073818','qUOMOzJAAmL1fGmSlQbonl4FkhITE7CHywI4gus9CqJUxX1WE4xhH4r2y2OvNMjKhkbXgje8LWWLPr4sWQ1DWw==','','',NULL,NULL,'0000-00-00 00:00:00',0,NULL,1),(333,'7','1623','xTx/IjBiOIJqY2fMdukOL5GVuTxbmK8MJnKNMZ6+/FcmuTIGtzos1blTyZRR9M4mo74QKOxSAuYKSc+C1H83Lw==','','',NULL,NULL,'0000-00-00 00:00:00',0,NULL,1),(334,'6','3253114793','sljT1QwPPlE2AFiMxffZ3O4IBh0HHXhHsbfiF4T8F7EEyrd+qo1P2I9PYkqcXfR0F5/NtMIdJxxRjENLLYFp+w==','','',NULL,NULL,'0000-00-00 00:00:00',0,NULL,1),(335,'6','3727865143','Qlz2EFBD3RTHq4pv0NAYK4OgRl2mrqfvtu8cBQqhgDzw7l/4+bh5WZocJCR389Jc/Og7Hjsz+DmRl6q+5WnrRw==','','',NULL,NULL,'0000-00-00 00:00:00',0,NULL,1),(336,'6','3789411080','+DmrrAftgM+EmGkoDchaV8Jg1cabrnyAXgvBidIsYOBmGcOC/cWbe+2tq7igHF8n6O/veVedokgatO+3cJpuyg==','','',NULL,NULL,'0000-00-00 00:00:00',0,NULL,1),(337,'6','3705074542','p7g8UPaHqjwLUei2cDLcN7nJSkDrlxqRXy54P0iObAld9f2REg2agiwuI4S90MuY5Xko0xBnl+gZJzddua8vuA==','','',NULL,NULL,'0000-00-00 00:00:00',0,NULL,1),(338,'7','9985','lhXaf6Vc1IPkRMs+9En0dOgmnXgoqVXnnrDv6ZLK+booC5eRkjP7gmT3bAs6vScjVVzEQv/MAqj5ELclP5VjEA==','','',NULL,NULL,'0000-00-00 00:00:00',0,NULL,1),(339,'6','3128974912','7MxvhYNQVt8Pjo2tEfXUp+jzrgLSD23xtoKOfbQXZpOvhm3CTMMMpjeiOK0NDXSVv7XWR8tNY+njVKrOCwEktw==','','',NULL,NULL,'0000-00-00 00:00:00',0,NULL,1),(340,'6','3999367489','zInNGitySkkbNNnxjp9TIcRofdgl3Yi36w8o10qE7ms/t0oZWEUMXX+lucFwkxN6L7XXjLh4KzHzYggbGwJpSA==','','',NULL,NULL,'0000-00-00 00:00:00',0,NULL,1),(341,'7','5192','xkeG0XjypS4UXQJUoiQD2VUVD7GpAwQA5qu+l0Em4OXnXHpAXcMeJ15+XoaDthFrmPkhbSzqYZqiBiFJeCRcBg==','','',NULL,NULL,'0000-00-00 00:00:00',0,NULL,1),(342,'6','3311854387','rHoqT8RZXlUa0SW2Ff7sKmk89I1CwbD9z6kCHOmBveTf5uewBhOeyWhgxKAtpEgt8WHVle7nM4/2FDiA2bwzyg==','','',NULL,NULL,'0000-00-00 00:00:00',0,NULL,1),(343,'6','3992615017','JUD3vm876pE5HhwGNwlGw/12ZcJ+2dRd12M2FzWeWwlH2uJko3FV56Kj9ZH/pzexZpQi7BaveDoOlVYLxCb60g==','','',NULL,NULL,'0000-00-00 00:00:00',0,NULL,1),(344,'7','1162','2eyKBBegZZvqocrA2op3sn70SbPqSIHHslnb1TZCIZdhlCcZIFuVWlfOF+TiIvrPnkkXzxkSkYD6I7L1sXiU/Q==','','',NULL,NULL,'0000-00-00 00:00:00',0,NULL,1),(345,'6','3688997048','WvKQ0EX7oU2FAPMlH73hf9Fm7JXmNv1EMAzoNudd0kFlt+lWA1gAdyN2t/2W9/hgaF3unaoVl1x/YjEg3CRGTw==','','',NULL,NULL,'0000-00-00 00:00:00',0,NULL,1),(346,'6','3164847325','4S/kiGk8fEcDOyc30q7F+l5wpulm2oSaonHh27zAB+5sB1v3Yu38d3eVn4JyXYh3AGTSf+7WcM1c4qiV1mxFEg==','','',NULL,NULL,'0000-00-00 00:00:00',0,NULL,1),(347,'7','7274','3Szd/Wu/tu3u7w5bG4Nem3hWos135Syp8pV5Yy+2yP3FpeJrbQwenXxlDYqphekDwV9FO7f+mmVq/QosDKKU2A==','','',NULL,NULL,'0000-00-00 00:00:00',0,NULL,1),(348,'6','3588483552','yHU6SxIH2GXSVuXdvopIRVfCUJ+hkeIB3DbJxadZCVkBzXpUFKB1DAmVuLjf5r/qugWRcrWj/w3HX5z0N76ChQ==','','',NULL,NULL,'0000-00-00 00:00:00',0,NULL,1),(349,'6','3147393979','DfiqXdAg1NW2y9bp2Vx6NJhdSZ76uvCpjWuZhOFI0EVNslwkVrmgzKuYCOzX4wZpk38SVITCOp0jjSDcspnunQ==','','',NULL,NULL,'0000-00-00 00:00:00',0,NULL,1),(350,'7','4573','0yxOLxtFZ9mlHvI6XksXcUjMhRp0ycHkqKRFW4IFvRoIRXUVNtwm6lmFUdXnLgj+bVTxuepgFh3/V1xxsqVnZg==','','',NULL,NULL,'0000-00-00 00:00:00',0,NULL,1),(351,'6','3851548635','Frzsl00QUibKb/H4o1CGQo7UWnVcq+UVwkFuvOY+l7VWbt14UJR2CYe4dj1Nkr4mWPqbpt5+G7aBIrUWhvWE4Q==','','',NULL,NULL,'0000-00-00 00:00:00',0,NULL,1),(352,'6','3736928518','XcEzBbLseYPpryDXFlGuMpoFI/eMUbUAsPjptGhrwY9uqIXjt2rFdvvNn7jBrJQt/1VxpKO4OKdbGsGZXHE7Nw==','','',NULL,NULL,'0000-00-00 00:00:00',0,NULL,1),(353,'7','4825','+YgfFfG2sIMKL8Ww9Lq98TqKQfT1ISx+M3CV3CGbUGlWArs2cW07S98ecQRX9J6H19i03RDZM+972afBvBDILQ==','','',NULL,NULL,'0000-00-00 00:00:00',0,NULL,1),(354,'6','3605912611','nQ+gNLNP+UJ1h9tSxYQMtr61byDFpH2TD0uLt1g4ijra19JSIlmzuxhM0M+UgbwWY+nXg1hve0z4vZVlFxvDIQ==','','',NULL,NULL,'0000-00-00 00:00:00',0,NULL,1),(355,'6','3612804540','dmGQ9s/ypqI23OxWhk0lu4WGJvmNqakMqPoPXpnF5wHokXCbXLLgkc0O957pBxrP151YOFJTNhDRP8xN/Z31KA==','','',NULL,NULL,'0000-00-00 00:00:00',0,NULL,1),(356,'7','5233','jCSjwKR0oYYPKX3OH/ZHBl7EKuBY0TLIxZ3ahSZ2V0Uj0s7KSGemOIIhgpS1hecYmRZnFp7Yj8XYAJajkVnFhA==','','',NULL,NULL,'0000-00-00 00:00:00',0,NULL,1),(357,'6','3450384418','DCfshl2QgyFgfT8Tbu7bJw1MWsCcCL51WZXfkx720pzCWziMHoODnjHiIx5KLoqCP+q9yhA4Ii99mpzveBLCcw==','','',NULL,NULL,'0000-00-00 00:00:00',0,NULL,1),(358,'6','3526640366','JUfzXAg6JVly6A2Z3zoF/USQHNghmQtqwQdQWE2JYlZ9nXdjzduy4mBMFZRQpZwkhWvcZqxA0bQgNgDjz8jthw==','','',NULL,NULL,'0000-00-00 00:00:00',0,NULL,1),(359,'7','8609','uQ6B7YfHeWyW0fjXNvydfLcRMZj9sVA9DWgxwsjfBSvANrboci1idHYUzn6CY9GCPeK2hQReuV7kTUn08IgvdA==','','',NULL,NULL,'0000-00-00 00:00:00',0,NULL,1),(360,'6','3717354005','gO7HTax6o1UshhTjG1BM5Y+Jwv5h7Zn5VJGSW2wAYrAb6/xYJcPnmwyRM/Ij2GC00QTncyFOYl4bF2+RC4vHpQ==','','',NULL,NULL,'0000-00-00 00:00:00',0,NULL,1),(361,'6','3923047883','UqS1eZToYO1PkeHGZsDkl4bIQ9fyMZjyg0sDNtQJKg2JCe0HJumMd6UtptLHZ7vWsvB0VZUk5NnU1OG8YRZY6A==','','',NULL,NULL,'0000-00-00 00:00:00',0,NULL,1),(362,'7','8384','eLyRbPJS3svr7gOP7ZdRC9K8Q24vi0ysdy+k+bmczHOhfBqa05FvdUUXPAxzn/RkC4kLpy0IZNe8bGandJxu1Q==','','',NULL,NULL,'0000-00-00 00:00:00',0,NULL,1),(363,'6','3912186236','fYixyCbAgX2kxcXhYDeaJVMaBuICwjFc+y02gE9qWHkG5oQn1IYO0SxB1w+poSheOq0MeiE0AuxoYZEdl3/XlQ==','','',NULL,NULL,'0000-00-00 00:00:00',0,NULL,1),(364,'6','3707951613','eJz5bNTLmPfCAvSo2+T16ZOZMKB8WUFDmYepXQWKDi8ZVofgGfTE8GhfsyjZ5OXXAn60NfbUAeiGDAAuK7AUsg==','','',NULL,NULL,'0000-00-00 00:00:00',0,NULL,1),(365,'7','7528','5DmEBCWhlglvzem0A4uD3kcayJH+zg6czHvE9Vrv+DGl9vKl6wnUrMILsJyPB4oh7pxStQ9y5uQ998cZ8L1NjA==','','',NULL,NULL,'0000-00-00 00:00:00',0,NULL,1),(366,'6','3415121006','5DT6wy7IRSU7prt6GNNGjoQ7v41xAAzHmLT72m3aTAnzKYZDjQ7heJj8SD+a5RL3/pTOARcyHuiU84n/8feWTQ==','','',NULL,NULL,'0000-00-00 00:00:00',0,NULL,1),(367,'6','3361178099','y9xSWVCxWWTi0OskXcIcO2o2B2B4qmROirestASttgJVuNJ3kVvYIkzRpb3ogj7KQ6lg4pkzXe2LD0g91RROcQ==','','',NULL,NULL,'0000-00-00 00:00:00',0,NULL,1),(368,'7','7461','kopEDQXs/Dda07qDGku+yg1DGCLFMzHfRGpoit9eB2mZp6HZURgOVmA2mbxvFL7/QRZQck4bUoG0e2SMAMeCwg==','','',NULL,NULL,'0000-00-00 00:00:00',0,NULL,1),(369,'6','3313286210','0Fz1qq54Vq5JC2ozFU+0lnYrQqw9ihSIqT1gBVu51BGsP2GjcIJD1TnMeTxSG3QQkTJlxj8iLx1ejb3j3MWESQ==','','',NULL,NULL,'0000-00-00 00:00:00',0,NULL,1),(370,'6','3718275890','hXAZyDr9nPDf5III3+/aZKAnRN1mb3BKi/zXAzdphw9bxYtVq5TJ8CiCfWT38i5vsPHpOQw9I53LiNLm7GbWZQ==','','',NULL,NULL,'0000-00-00 00:00:00',0,NULL,1),(371,'7','6477','QqO7Fc2vaLAjjD6DllPhuKZBqJ+PdMtVYeR3vqJS7LDsBw0s1fbzBnAU9rDJ6jpk9KWWovKSxk7kfHLvEtDheQ==','','',NULL,NULL,'0000-00-00 00:00:00',0,NULL,1),(372,'6','3531292588','nB5S+LUlTpIOtD+rhw2Bg+Btvn2cXwTZhrP9nLN6C+DDbAMxED7mgGn/a5ffWm/3XYKQip/ZKEdDLORliHBwGQ==','','',NULL,NULL,'0000-00-00 00:00:00',0,NULL,1),(373,'6','3995269067','XPS3YrQtKlVrK8UPbjyxWSoSregogRLpUV/gQ++3cC5szD46KqL0Qj5LWl8oCo3SmsMv4Wn0fNOuWDL7t4jHpg==','','',NULL,NULL,'0000-00-00 00:00:00',0,NULL,1),(374,'7','8877','CjsLvcHnxJpGyl9DPQgjlIuhzc2EA1JEJCyty8KO9qJWBd2UXOjWDYvYiDJT+CkcFJdCtiUFR8phBTbXuNd9pw==','','',NULL,NULL,'0000-00-00 00:00:00',0,NULL,1),(375,'6','3221879329','Lv4+WfZltZK+OU7SFzlk9HerhHUQ+wYDGcOCcqswgcw/9bH+qrr+OEsfY1Qnm0xj93pi5b9Gkg4/fqazNnggcA==','','',NULL,NULL,'0000-00-00 00:00:00',0,NULL,1),(376,'6','3979227553','jXmTyECwVfDOF09ETHWWSLQnJuZQwtbRTKIrGN825y63g1t5scjduk8JOQTSW6B/ZhlWc5KRKZe9iUli3mtKyg==','','',NULL,NULL,'0000-00-00 00:00:00',0,NULL,1),(377,'7','1381','/vKlk5e1/SVGW+eDET0cnzEUaXhndYS5XoH6a8lovBGoLs7CEjX5X6weKIJxruiNFYeMRiiMTZqB6DgRMgxrrA==','','',NULL,NULL,'0000-00-00 00:00:00',0,NULL,1),(378,'6','3792218907','nBGuE/uZkfue/AWKH7Fq+kQs6URlZeJ5YPZAkIa+s5W+qpeubiHqWo06B20Fk/SzKnK4YZQZtZbHg66+WmWOJg==','','',NULL,NULL,'0000-00-00 00:00:00',0,NULL,1),(379,'6','3233751779','+tI/lhJhhQlNDqZpcWdhTUJtQUKe1ZB25RHx0uim6Ubd5+4qc4P213n3dxSFxctF5N/yis7ORWXI66SUX1Dx3A==','','',NULL,NULL,'0000-00-00 00:00:00',0,NULL,1),(380,'7','3210','VvvLqJDS2BrYieUJJ5sELVoSktyLavScsKMVeMcgHBolvPn1uMcWdNpJbuRsED0Du8AHeU9ZfJHqqc29qkU/Gw==','','',NULL,NULL,'0000-00-00 00:00:00',0,NULL,1),(381,'6','3377232767','rXnXBGfq2UJgZTHvK0vVB6fhAnWUlLezmRJpfdi5lyvYYrv/8aDkUaXp/URV0HS48SeWkct6/NE5F8jSnAvarA==','','',NULL,NULL,'0000-00-00 00:00:00',0,NULL,1),(382,'6','3816519247','632T68yGOki0bfQWI9fOVvFNkLRoZIZp+ISfo+rafdN8CWQBXicABCKMuMW3c1cDjnH+G85zUl8Z2jCiQDtm1g==','','',NULL,NULL,'0000-00-00 00:00:00',0,NULL,1),(383,'7','9533','cEwmiVYL9TVvC0rzI7MF3CqYdK88l+ew7BMiGiENtj4CcT0TEiZy4lXyXaOG+/MXsxv+nCApDVA/h4RliLnDJA==','','',NULL,NULL,'0000-00-00 00:00:00',0,NULL,1),(384,'6','3248363108','2ETFfxT2WIWmiMv8MWApRyNM2cGmd9PHcDMALhxfIHwjUwa0TnmW5LiD1f0DjVUnCZO0mAESpRHegKocd70Wqg==','','',NULL,NULL,'0000-00-00 00:00:00',0,NULL,1),(385,'6','1978-04-13','55tSXkgKaTfn1++qSio+BGiq/adORBFVQkGwjDtksnDeATfgqN3qf+HJoeB+gx+zTrH5jcvQIWNFK3F3Ue/RVw==','','',NULL,NULL,'0000-00-00 00:00:00',0,NULL,1),(386,'7','7477','kLO0QzOAcFp1jjhk3tJOv13XCIzRu3ysutPupl1QG97VSTfcxJIekY1LGxxAIxk08FBoWbc6Nu112QASDPLb9g==','','',NULL,NULL,'0000-00-00 00:00:00',0,NULL,1),(387,'7','08525','mE7ZoodqbZCk1JuBiR/BDmyq84HHRf3bfls78F2QefJbRg5RGvfBuuM/G2D3ekIajPsz/SUeVs2eXkHrUDih/Q==','','',NULL,NULL,'0000-00-00 00:00:00',0,NULL,1),(388,'5','12345','rs32SGmEswzYSrzw73CZN8QEq+iaf/ui4C3YqYmQnZxG5Ta+vybCY+LpGAav6jaTAcfw1WkWO+7CQWb0EWlsoA==','','',NULL,NULL,'0000-00-00 00:00:00',0,NULL,1),(389,'5','123456','CX1xqQ8BLfnJAgHniOratsOCB4iSMqHvfxHKusnwuZGZf9TgRzY1zzYnw9eiVJ2Hau7X3i0cIfbbZGCHsn0JOg==','35.191.40.129','','2024-03-07 13:22:28',NULL,'0000-00-00 00:00:00',1,NULL,1),(390,'5','99','S8RqmHr80UjGYQ/GGehI4hSXna8g4F161MNXV7myWqbfiTc1x12NLmnYrU41HbQaaGo8vST7LMiSE9gyfkS+nw==','','',NULL,NULL,'0000-00-00 00:00:00',0,NULL,1),(391,'5','1','82QY8c+bqF1jPmaJvJK09A9EUaQlfLvpP0bVXZE20jt5O+XIRURNqkbtryGkmhhaYI8jS29EBqASqo1dgVaS5Q==','','',NULL,NULL,'0000-00-00 00:00:00',0,NULL,1),(392,'6','253465542634','reREkF+hq0A8R6iJUIdCEjPQZ+G3uggeiTWjRoNBAJdkPLiRHdUVAaQx7404jcS6JvmIH33DbAR7ww/kfdTxbA==','','',NULL,NULL,'0000-00-00 00:00:00',0,NULL,1),(393,'7','46546550','wNxfqkY8J0PUmTx16w5u3zQwd7BMSCljIre/18nnqgoHDimJ7bp9QCaNP74t2sZLJYbcrQZ8c/t0PEiab48r5g==','','',NULL,NULL,'0000-00-00 00:00:00',0,NULL,1),(394,'6','564654654','CWncKJcWUHIBByVHRnj/umqW2WG5QovevpXw0KmMhjDLE2vOdqeO+vDF1kEBlf6u74dgsY/7SiIGwE/hCqk8zA==','','',NULL,NULL,'0000-00-00 00:00:00',0,NULL,1),(395,'6','2313232222','zsNE/ytRKYeLGwLLfj8R7RgLOMxoNNvULjgGMueV7BwaaZHf/7Ut3rf6EyH/X+AQCCsi3cd1FNkOD7sUGr45Tg==','','',NULL,NULL,'0000-00-00 00:00:00',0,NULL,1),(396,'7','56465777','y6PoHGg9eswEE2ZzTl0Nlu4FUVnxdIBgQqbgKOtdUoQM7vjktc/tDEaUATkIbIXkzvseVveG0WjUcXfHhACPSw==','','',NULL,NULL,'0000-00-00 00:00:00',0,NULL,1),(397,'6','89998988889','yN5StZx2/aZK6zmvBnqL1eZ9KrAUOpeaDrMIwuV8i3HXgsRJBV/PzvWcLmLw9MQWawZoEy8mwwMw4Xi82Nugqg==','','',NULL,NULL,'0000-00-00 00:00:00',0,NULL,1),(398,'7','92834753','cbdBtdCJwQgnr2dysHKzb8+uY7Zn1ZR5XYyZ2W4LAXt7tBKLwkZFHEMt8YGfbXZHDd2ohsS1VXNUsFx3HAcpUA==','','',NULL,NULL,'0000-00-00 00:00:00',0,NULL,1),(399,'6','592734502349','ssEHTQ/MCmrofDqVJg1PjcZ86YK1lYhDcCc22/QCivkvPB3wYgkavq2JzBrZTOtjEruVMcZzACfnbJeLKKDihw==','','',NULL,NULL,'0000-00-00 00:00:00',0,NULL,1),(400,'6','987987988888','x3L95CuJWN8vjsBI+2AsfK7HPTYv5Zj0kFutHKocevlXZdLE6Wtq3I3UR9EVC5VENQHZyrom/SJH75Am7Lbhbw==','','',NULL,NULL,'0000-00-00 00:00:00',0,NULL,1),(401,'7','85928345','yB8C10+L0Gu0Z9RA80rlNx1tNgS2WcOiK9BTXhsAOdhqkPBpr7evx7RfU99HUSb6rpaRI8JuDpOaULRTfCTKiA==','','',NULL,NULL,'0000-00-00 00:00:00',0,NULL,1),(402,'6','798','HzW3kr64VC/fbf7FY7mchRfSFyJUJiu1WY6drdcYTINkQN90KRZrlx3cZpK2XMwoKeMGQ7/gzR+ZelB0vswv2Q==','','',NULL,NULL,'0000-00-00 00:00:00',0,NULL,1),(403,'6','465','XMq5Nc2dJYQ+iVC+7WcKDpypRJv5IZiIn5po3u61d/1XYCcPh8wNu0p+rVyzHTWMD4tfQIojjHSCjk0GLY/1AA==','','',NULL,NULL,'0000-00-00 00:00:00',0,NULL,1),(404,'7','65464564','dkPZGGx08CosNQXBbFJyKxw74qIM3W/yOJNgH04Ko94WVSwvka9hvVos6rDmFFw5G+1UzISofhsSCfFTkUR4Dw==','','',NULL,NULL,'0000-00-00 00:00:00',0,NULL,1),(405,'6','4654','pL+AOntS6gZjefR2NnhCd29RBjTBUEaZEZIlCUKjmPXqeQsORsrdyvtR00cp5kZq0r8rV3v3uerzT6E1DQcxgw==','','',NULL,NULL,'0000-00-00 00:00:00',0,NULL,1),(407,'7','5','b9N7KmaEevH4zUHvY17yRkirdpdPLUMT9ASPRr2GWLHNewNvY2JiNT8frPe9s+uBas9cPfGIpd8GuQZuZxlEyg==','','',NULL,NULL,'0000-00-00 00:00:00',0,NULL,1),(408,'6','888888888','7ZD1QzVqMDqTP6JqeRN8il1Xum455WXbx16CHR2RqGuud5piaC7SZg+SgkXo0UjuDR2Qq2uM91uVgmlNFkcGIA==','','',NULL,NULL,'0000-00-00 00:00:00',0,NULL,1),(409,'6','1102040108640000','1YfqTQjgTQ7KvF8piXUGdKILsuLdt/7b7qK+BM+7Avb1X6dP9R5HK1UukKs1MQfrdmkyQE008wuyd15Z4qc1tQ==','','',NULL,NULL,'0000-00-00 00:00:00',0,NULL,1),(410,'7','999999','wTJjqGB6XB0oDTBwdSEeMG8Fs2KjClppZuKKSB+VJay5/MuvhFGepAcjWNxo2y82FL5MFagRDTJcC7lVhkmLrA==','','',NULL,NULL,'0000-00-00 00:00:00',0,NULL,1),(411,'5','9','Y2K4kpF/PgCBtIUVXGDQkv+gPywl79EdNxZlWkShzsGlHRZvU6zs+jVAg/f5G7ryVRhz5R7e+UXXsvptxcqYCw==','35.191.14.144','','2024-02-21 12:28:12',NULL,'0000-00-00 00:00:00',1,NULL,1),(412,'6','3302036204620000','SYTyQMlCFSBadaLksJDE88cxHAZJOJZfRd640BFdae0HikDLvwYUG8On27QAWpf+58JkRUoLW7pLbWhu4jN79w==','','',NULL,NULL,'0000-00-00 00:00:00',0,NULL,1),(413,'7','04481','6E5KCtfDRZyp2r0axBUTKNyn81FcMRn/IANS1yd09wJVUy+CrXGCP8C/FjsDJJJaylIcWS9Rr3buH/ec8zh25A==','','',NULL,NULL,'0000-00-00 00:00:00',0,NULL,1),(414,'6','3302037508750000','pr9prDknJgyPgOIxEE5noKI+LySChf6S2clT+hW1WYToBZ/IofrzHMHhiNW7ooyufSO/p2Fl/idG0UQf5Mkk0g==','','',NULL,NULL,'0000-00-00 00:00:00',0,NULL,1),(415,'6','1202120412770000','y+kowi2wdScJXgoDExGYqI6/oXp9SpxMuoNCrG4X/jluyMEN+pLnU9VdKbyELi5Q49nnjEHYAWwrIylBrPxwTw==','','',NULL,NULL,'0000-00-00 00:00:00',0,NULL,1),(416,'7','04482','UFLzrSELgTtTmIVBrx1b8NHSzdxh1Liri0M/21fh1e9KjCAbKSGaErF4NL/jo1bTA0SWlAj7gugGiQMF4AkpnQ==','','',NULL,NULL,'0000-00-00 00:00:00',0,NULL,1),(417,'6','3302038805880000','JyGa+z04KQA/ZpOsAJA5QyM0sD2rhe+ntyt0lJHQsjAZ5kjlReR3igEQiN59cZPDbiUdCy5VbQK2BHW3Ht2nBQ==','','',NULL,NULL,'0000-00-00 00:00:00',0,NULL,1),(418,'6','1302150615890000','Omlb5KrZ3B3fFyItg1DOEhl5VGd60jLODlWpVK9PJASTouw884GQXinzcyqiPf5zL8qfy+He6RsTbKJltrY3Gg==','','',NULL,NULL,'0000-00-00 00:00:00',0,NULL,1),(419,'7','04483','OIK5XHq/2Fx6GgSkn+RZdd1ubzmgTmqyD2Rk3AninTP7Hbi80TQFMar3pDAWnLXpd7NPj4BC4hB+KoyxNs3X0w==','','',NULL,NULL,'0000-00-00 00:00:00',0,NULL,1),(420,'6','3302036902690000','6hJx/BDgfve9B1iydT5t+57gNyfyfZmQycwg4eI5QBVskFlCOLi4kKcggtD2eabrohVjuPU2wxMzyhfBboa11A==','','',NULL,NULL,'0000-00-00 00:00:00',0,NULL,1),(421,'6','1402270316680000','I1Fj/bb5T3mCRnMquF5tlUn+4d/TSuoVJGg5E7krP2QdOLGUkcR5PI0L6u/7zaaHj3AmoVBwNngpS/L6Bfqkvg==','','',NULL,NULL,'0000-00-00 00:00:00',0,NULL,1),(422,'7','04484','bFu0I8q+h7Y1xDe+J7mJQkqmVnVp1FjAk9sRmzqPrTx/uFlEuc4cOdkTwZTahHg4ENf7aZnM9IuSpdrib3j8Cg==','','',NULL,NULL,'0000-00-00 00:00:00',0,NULL,1),(423,'6','3302037206300000','w3MbZhJmo08WQ08fb157kMnL/I9fEleHvjoNQ49HM/QMcnQkLPlKsTlgXBGTEMjBLYL6Y7FIBt020KLIkmTl8A==','','',NULL,NULL,'0000-00-00 00:00:00',0,NULL,1),(424,'6','1502101097100010','0G9AXx9i+Je+ULd/3pBHiMK6tFAyeJ2lSaf3mi0AoRbaYwTLSP6VKkpRny9k46p8lNjEZLZv7pCaMo6PuDS/FQ==','','',NULL,NULL,'0000-00-00 00:00:00',0,NULL,1),(425,'7','04485','tVGe5BAUraTiMaySquSRS5WTnUUyZURSewoaippylG2/B5DSZhybyvdp/hYkv4YDFhNtdx6EPAUMPIV1dW/7CQ==','','',NULL,NULL,'0000-00-00 00:00:00',0,NULL,1),(426,'6','3302038511850010','5dGEIBBDIKFSqb1YpQYLeI0VfkLYjRuFslMcMA1aqdFUCBDnUr7pwnG0b3BhkwyfEtX8oXxsUHXjtfmluxuuWg==','','',NULL,NULL,'0000-00-00 00:00:00',0,NULL,1),(427,'6','1602190219860010','BheO1tXcxM6vqXQyVIwena7bcWsbE7hXKuOKM5Q1XTZObZdvLbtrrQ8h/0UBXjhvTh/cS86cidXbV5AXyK+bhA==','','',NULL,NULL,'0000-00-00 00:00:00',0,NULL,1),(428,'7','04486','kKFygKwTc/iPMb2mmXpzvC8+hpXrJmZ6MRqIzLa5sTWeRaUobqTkXxiZjH7vLxlj1BQpFkWainKYQUGfLWQV0A==','','',NULL,NULL,'0000-00-00 00:00:00',0,NULL,1),(429,'6','3302038009800010','uGng3LuZEgre6EpZ7Eat8DSbf+5QQu67LbySSazoxC5aqh5HwuvsxW/OZu+K03Z/IMKPT2vdfdmKc4DT9kibRg==','','',NULL,NULL,'0000-00-00 00:00:00',0,NULL,1),(430,'6','1702080419820010','ML+21fMoptefdj3Zp22wISziyL2jm/CCJicazklNA0CKJV0Sw8duqH1blIrwxquD8TN4JeZAMvaPsmuWeC8fGQ==','','',NULL,NULL,'0000-00-00 00:00:00',0,NULL,1),(431,'7','04487','9D63+iDQbcABzGXtkG2uH1EhOv/VuD2MfGyPTkTa5wQwx7QDTUp4F1h98/bRalg29IuOFtpNgtcExJVrURpBnA==','','',NULL,NULL,'0000-00-00 00:00:00',0,NULL,1),(432,'6','3302037807740010','EDBgCZablvxDnqsLRjXdHICIE5Gohn+o+py73h1Fcya+wqJXpPTLQNTz687s0X1r+Th6csuEaOusBotJyxFyhQ==','','',NULL,NULL,'0000-00-00 00:00:00',0,NULL,1),(433,'6','1802231119790010','QOYRaaceaScMK7u6U5mDDysYObiK8gEs6Wa7RwaX22oLDMa/vuyuuzc/NvfNlaV4j5b5i2rsFAxy0PSnddP6ZA==','','',NULL,NULL,'0000-00-00 00:00:00',0,NULL,1),(434,'7','04488','bSPb7eO9+YkAWKs94hxJyDDuCFQnwad19fC0xAKlqBK/pBTWwlgZ/+JjcQYRhMTttwVTOr7oqU0Ev8T5V1Y3rg==','','',NULL,NULL,'0000-00-00 00:00:00',0,NULL,1),(435,'6','3302036301260010','AYwK1MbvQvY0Og9AjU7vcAzPpkJl1tsSxvVeqnDRAdjgISokTImeij5CgYJdQA1XhPXIDhkvNXbBqaqFSabKSA==','','',NULL,NULL,'0000-00-00 00:00:00',0,NULL,1),(436,'6','1902130119620010','VXja52eXywojUzTI3xXzFDxpUAhnWKUS8IQrRBUBy0JFeJOws2oF1Ku+63W6gsuxW1jOi0ExpWprxViBeN9jZw==','','',NULL,NULL,'0000-00-00 00:00:00',0,NULL,1),(437,'7','04489','Cx/v2YyYGHbTc1ZybbkgE36rCWdswSWuJNw0y7T6FPX621Xo2AUR45Fl3bmA+YfJxVmV/Wx2+MkIkAJiQPCRkQ==','','',NULL,NULL,'0000-00-00 00:00:00',0,NULL,1),(438,'6','3302038703870010','KIkAAxoSB5i87v3CHrYxdtsNdLw2+Fa6wN3DOTk7tbeXN2o0anR5j+ENGvp/XgoZNXUqKzkFaJHCYjJYfQZCXw==','','',NULL,NULL,'0000-00-00 00:00:00',0,NULL,1),(439,'6','2002070285400010','oxKXGzaA/e2LfGhqwZhH4nCN2G9qy3wE2rHudHqebrPXVW42EbJWn99rV1Ajmb4CpsmI6PsVgIm5b4lowW50eg==','','',NULL,NULL,'0000-00-00 00:00:00',0,NULL,1),(440,'7','04490','9k30P0q8A8ZjOrKMYPebX9oAa881Zq4tog8NnvRra0ACsi6Ha0MiFeZwgXGoM77QIpD7ORMq2+sK7X5m7b2+AA==','','',NULL,NULL,'0000-00-00 00:00:00',0,NULL,1),(441,'6','3302037105690010','3EBsbhf9dUTFDxOx0+RZeh6/xvDsc/KIcpBh0LJ6XZ/9pxBm/c8c6CtzTju0T9Ye8BgVn6Y1gfdvoKrT4paneQ==','','',NULL,NULL,'0000-00-00 00:00:00',0,NULL,1),(442,'6','2102280573350010','te9qpu2ANseBBjmM3a5Qs9p90WKzH/EcrvNd9DHBEnOyS+E1FSaYJfuKr+MX7Gibtr+x8SzOf8bX7shlsOFw3A==','','',NULL,NULL,'0000-00-00 00:00:00',0,NULL,1),(443,'7','04491','trZ/lgK3KErGKzmGC4OxahK2L8StVOfm1yfZyH1ucbgnRru5ch5lExXAdIfsyUX6Zf9ZpmUJDdC0lLK3CJbvrw==','','',NULL,NULL,'0000-00-00 00:00:00',0,NULL,1),(444,'6','3302036610120010','hJTFAx03AEoTDiQdNJbXRcKGG1HVqqbG9rwWsXHJfcTiCR8y4qS8FFFC3BuuwWiFlMOSay1ktgXx5SaNDlUL3w==','','',NULL,NULL,'0000-00-00 00:00:00',0,NULL,1),(445,'6','2202101710670010','9uK2dUrK+MSZmur9IIN7IY1MkWWNCnfiz+npLq2TUUslIzZ1rVjjIJwq2BNXLwKm+IwJNzRpPlvuYIagQz+1bQ==','','',NULL,NULL,'0000-00-00 00:00:00',0,NULL,1),(446,'7','04492','xs3C1s78Q66CfUw+5sZ2+CoGSjtvRNudTfZiBRIDIlYiFyea8JsG9RoGd7nmpfZL2vli2piwKswhmq7mUY9OKA==','','',NULL,NULL,'0000-00-00 00:00:00',0,NULL,1),(447,'6','3302038204820010','9PKPTHA9iA1RTGOdB+SLxOxbcPb9kpVaTalJGdLiwaHJ9uSFJ/GI4tArPV7YhqdIqVPMONVslm5MJS0tXHa+6w==','','',NULL,NULL,'0000-00-00 00:00:00',0,NULL,1),(448,'6','2302050315800010','Ai1nGoqX9hgM36KFcfVRZku58n6wDYINh25OMFsNOLhYZEX+1qvLmfKFiTHyM/ew38gNisIXYdm40gMewq6s+Q==','','',NULL,NULL,'0000-00-00 00:00:00',0,NULL,1),(449,'7','04493','bsVNbbs7FC1bgLqWi0m6AHtqZ9g7AaVswthe3awzEpIFF/pjERzzvDQriskDmMldw07gdzSeUMhxaQBu++QH6A==','','',NULL,NULL,'0000-00-00 00:00:00',0,NULL,1),(450,'6','3302037412740010','IJC6I1kifGb5R+27Gc6HdgZyBtaN7LE/7y2Z6f0NeH66xcC6JENQolah6oLdqBxxbdVVpqBzLlG2OVAlqJ0YwA==','','',NULL,NULL,'0000-00-00 00:00:00',0,NULL,1),(451,'6','2402090919750010','hkq3sKOJD9reZW6qXGMbaj2u44/FQOtHYJIWusZJAx3qWoh+uGDhNXbx6qUHBmfY51h9d4nzoi53t8EdvZ6iLA==','','',NULL,NULL,'0000-00-00 00:00:00',0,NULL,1),(452,'7','04494','T96YLefDHNfWH/LzW1zW7B0NCZ+Ds8hhnRC8YuzSWIm8lKsXp3NZxybLjWVFLK6xWvNCNCPmkRBfOby/4cgzAg==','','',NULL,NULL,'0000-00-00 00:00:00',0,NULL,1),(453,'6','3302036107230010','EHNWTLTy6zu1B6+YLL2Q7jxakNrEWG2blMuEs224l2qk0j+J5F9tQbWMWS9f5ghfjaoixUBphnlCCgWKBxC28A==','','',NULL,NULL,'0000-00-00 00:00:00',0,NULL,1),(454,'6','2502141419630020','LozDGNYVV5yxHk1pbefNZEi7/uUwOGHTsOuhXBDdxsXQfCP+Ur8B4XACfkl/fUPtC+/d2fEMt9iA4Rz1PIIZWA==','','',NULL,NULL,'0000-00-00 00:00:00',0,NULL,1),(455,'7','04495','3OVfA7wLie2y8QhgJNjET2/Y0FylGDSCq47lBa4HwaX32jFXfrAY4C/lvEoVOyViwnRjOzFIfZecCCe9EHaepQ==','','',NULL,NULL,'0000-00-00 00:00:00',0,NULL,1),(456,'6','3302038906650040','Oha9Y8F5oaeHPvEtaZsxVm07oU9OWxOGGS4LYDa0QNKEIb4V3ByG/TLyG2QHA1vnMNU2XgjbvVpoeuPBODJfHg==','','',NULL,NULL,'0000-00-00 00:00:00',0,NULL,1),(457,'6','2602260226880020','BlgzMhf9HvETMyBYKHVNcew115Jsle8a3uoDtpT8biRlk6TSRxEoZm//M9e2mLgsIBaDxUwyPa4R8THj3MEOww==','','',NULL,NULL,'0000-00-00 00:00:00',0,NULL,1),(458,'7','04496','KQ36dKdCZWuytREPpJ0OUDbgXQQnep8TRt4LHVMQoOEyxLyWyFTzF1KgI6i8yTwdqfCyUk+zFksAlhmZ5I1/sg==','','',NULL,NULL,'0000-00-00 00:00:00',0,NULL,1),(459,'6','3302036809170020','7UOVRfI22gQxQ3gsTmaY0kMC2K0h5XMuNvmMfrD02kOFtz2aav81FuJRhIlgYpLFl3N1e2fBNkvWKPhYV6/lQg==','','',NULL,NULL,'0000-00-00 00:00:00',0,NULL,1),(460,'6','2702210411660020','SbIcbvXhy766G4jB3xsRUG9EnL1jxAbSxwio/OiJIuzuXGhY28HF3JBIFdz2XeI0B6huHUbvwb6ShdCjMmG6pA==','','',NULL,NULL,'0000-00-00 00:00:00',0,NULL,1),(461,'7','04497','tJrmy4KbbGXFN6XtBrSvG+VS+Ns5VPsk7mk8cxSu8M4EkgrYNzx/rafYSDudd/yQRVW9jS4Qom96nZEmjKNbNw==','','',NULL,NULL,'0000-00-00 00:00:00',0,NULL,1),(462,'6','3302037911020020','x7qKh3E7HvVchb7cbasjerjieUs2PjcJwSPD3BUywrv47NA8SwE6+AXgC9Q9sbZBWVXHQs3G9l/MIJA2rYD9mw==','','',NULL,NULL,'0000-00-00 00:00:00',0,NULL,1),(463,'6','2802313187810020','H1kJDQv7oSzAO5/+fRpQ6tz4FEIRdLAJk9LZCRz5IKLtS9l6QkCuZjQpjZrMBg0zn1vCXhjnVctXnTh/1lDZuA==','','',NULL,NULL,'0000-00-00 00:00:00',0,NULL,1),(464,'7','04498','34FB+LqgR/85u4BPAdOuSDhSOhSuea9whnwODZlfJE1kkafYSzOmc+jNpxlzHY/03xwGwHforEp+4SKwgkvLTw==','','',NULL,NULL,'0000-00-00 00:00:00',0,NULL,1),(465,'6','3302038402140020','wFUR5XiVfJnOfPNr2THbDi/CUztc9R0M0Nhp2poH3PcDIp48qxF2gAy/zxIM8nvJKKdvcny8VqDDiEnongbLqg==','','',NULL,NULL,'0000-00-00 00:00:00',0,NULL,1),(466,'6','2902240123830020','kYu3CTmkBkl1LJ7HZVF2N0IJJVktHW+H9vKNkn5bbH5YzhKIfMs8RC1UUs5QF+hVzKS74Lqjag1n83hXjMSuyg==','','',NULL,NULL,'0000-00-00 00:00:00',0,NULL,1),(467,'7','04499','Gm3iHni3w3zd9HSv7WxzK1FcgFFH8+iRxgaInGz4pthD593VgzGoPCXLXx7QLY+xCtNKZ2b6mhWuvtDtvgCeNQ==','','',NULL,NULL,'0000-00-00 00:00:00',0,NULL,1),(468,'6','3302036503290020','4APFu/2XcWdB8spr/x1VV0dfHl6QhLBsD7Kr3qcuEiqAKWOWJCn53OAoQwyyFEW7JyZtW1Hehtu+G5b0QNemrg==','','',NULL,NULL,'0000-00-00 00:00:00',0,NULL,1),(469,'6','3002070734010020','JAzT+ZRGLgTVmefq/SX/cA2vxCBSIQ3StAhRNJrJ9ZC5gihzDyiS3ceeGwg/zWc03YEwUOHyjWZugQAkF+7lTw==','','',NULL,NULL,'0000-00-00 00:00:00',0,NULL,1),(470,'7','04500','eWWDK+b2pkCQxLVO8WlBot1YamHQOYORqYyizaHgH5W7zI8qNBoKFpyT/Bmy7pOnbZHdA1rScdnQANMGb5u1vg==','','',NULL,NULL,'0000-00-00 00:00:00',0,NULL,1),(471,'6','3302037601070020','KFUlFcYB3Di9iK3vxHRhhZbUk5UuD3vFouffIQ4TMFgYJyoZok2cNf/+HqDrtYemVIRYj2Rhiu3gMad2ujIN1A==','','',NULL,NULL,'0000-00-00 00:00:00',0,NULL,1),(472,'6','3102191937120020','UgL7D1FUHMQCr9TNZxpdrbdef7kLTaFFXA3JJZF2j0sarLfRFll1el+O+gSDOXdIhH592lGrehkOrI0sLZsLWg==','','',NULL,NULL,'0000-00-00 00:00:00',0,NULL,1),(473,'7','04501','A0ysneaKg/vP1fqQ2UzAZDRfCM1XzvX2DPrS3aYIVHTnM0kUBScskFy2SgWKQDm2GHtq++YG4yVHBBuwHg0kyg==','','',NULL,NULL,'0000-00-00 00:00:00',0,NULL,1),(474,'6','3302039008200040','XEH7fcrXcw3ncUwEars/KWQFe88/aph/yb3wBbSYefZwYlINGVa5C8vdRu2FQlwkuWnyoRPVcW51Wfet9TVPMw==','','',NULL,NULL,'0000-00-00 00:00:00',0,NULL,1),(475,'6','3202303007900020','SFKxziT6EDDqwbkq59/L2A4ZC9MAa3jQN7x8TzBH+wBIyEbfvu8it1l/qgGWpk7MQPv85rgpSGimVqygkl7u0A==','','',NULL,NULL,'0000-00-00 00:00:00',0,NULL,1),(476,'7','04502','zxWUpTRPA39uik+swQHNmI1b1lFJA8MlHqTecNQehVOuszL3i3s1aCrnadZS4gkAdA/OqxLTaUS0xYIAJ85awg==','','',NULL,NULL,'0000-00-00 00:00:00',0,NULL,1),(477,'6','3302036705030020','RDJOWqCkAvsMWAbI1OCkKub4dBmM9xmwPn7mBOBHYvwVYkyF3NMI5+9QuvHCKKqcZbokuCPTeDZe31D946VUOQ==','','',NULL,NULL,'0000-00-00 00:00:00',0,NULL,1),(478,'6','3302121919600020','eQTnspXTxzy25F5FydKgDjZB47UBv/ypRch/l+kKukxI1H94Wez/O3JveO0DRJElylT4hFAvCrNxj7qkqOrLiA==','','',NULL,NULL,'0000-00-00 00:00:00',0,NULL,1),(479,'7','04503','Ers7zcT4EufdC8zpDNczw/YX7vrO4FTD2CVzJ0zqP5sOgDBR+9jgSP7DsQAFlF3ORnEnvEpLc4ek3aEWsy+bNA==','','',NULL,NULL,'0000-00-00 00:00:00',0,NULL,1),(480,'6','3302038610010020','wcF3BP3kRnNnSXcmtN6Nn7gxXex3TRlW5WLS6BoIoRbsQEP8RQPQTgpdZ/nl+B/6jHEVe+vU1HdaVqvRx5/5mw==','','',NULL,NULL,'0000-00-00 00:00:00',0,NULL,1),(481,'6','3402091224840020','HyP/3h7btm5PrUFBmoM4PaOWAwY4ksrh0RceYMO/D3qIHOoAmEtzgYKSCxG7VlWjKgywCzR5Mker1l0gleJ/Og==','','',NULL,NULL,'0000-00-00 00:00:00',0,NULL,1),(482,'7','04504','LOr5h85C/e9azf+Ep6RDsYGXtE0kgfzerNMcLID0pq7IVmUPZwF9DmcGqNFU0lEONZ+rRoL9qhsIGvyva5/HBg==','','',NULL,NULL,'0000-00-00 00:00:00',0,NULL,1),(483,'6','3302037314100020','QnGJfiCJi64DXOjP1XdDRgUPeQAkjQyYuWQijgJNA/i/4WdSKl63j0yduR4XKmrX6Z784EKDXrHn/ncuzhAfrw==','','',NULL,NULL,'0000-00-00 00:00:00',0,NULL,1),(484,'6','3502151507760030','BGt1lobfaFZ2fNEl2BVbpCjunUBslyQl1EWhmADmLHeMja0G/+GwPzLPmrofk2x5IWrZVrb3NZtZe3oy0rWggw==','','',NULL,NULL,'0000-00-00 00:00:00',0,NULL,1),(485,'7','04505','3t1KXzTEfjM1e9YMkFFI0zytcTbe2VWEwXEs6LBFhsr5Jl0QP9JN99FQpRGMR7wpnLWYzX1Vcgd+D7bE5rhKxg==','','',NULL,NULL,'0000-00-00 00:00:00',0,NULL,1),(486,'6','3302038107180030','dbDDVAHaRwA3g2BmCsvlf05k+OhtoiwcVKJ3XkUPacmk1AXvXQJu4BI9l1yVpUdfykD8qx24k3qU7YT3HjJLow==','','',NULL,NULL,'0000-00-00 00:00:00',0,NULL,1),(487,'6','3602150519810030','rAjdbBCk/gyglisJhnJNICfKZ/aJKJfNzc3+6NtHsBI/KaP6aeg84UCkf68Cchi4KptlnPm+eZcwm+GVldo63g==','','',NULL,NULL,'0000-00-00 00:00:00',0,NULL,1),(488,'7','04506','fmYKbVIZNBhCmBy/kF139zcxYAA9sk3bV/gUoNCEOyiM7jduuUNXz+CW+T2OL9afmyF7UP4NtnDMzSOX9C4rzw==','','',NULL,NULL,'0000-00-00 00:00:00',0,NULL,1),(489,'5','120940634410','+lfHwhGMZA6HlVkbkO4/MM7mXSHOz2r2aGqXYbM9ZZlAuCjVb2wWmjZyojrgrx2MH5jrhXVuF7w1HIvZ+n+sHA==','','',NULL,NULL,'0000-00-00 00:00:00',0,NULL,1),(490,'5','120730256278','m2D3zdNajWs/gSPNvgp6Fabb+0852MbKIGkr8zBwgmZtEr73wgZxO+P403imHi00eGFFMz5lekMFG97+SYTIKA==','','',NULL,NULL,'0000-00-00 00:00:00',0,NULL,1),(491,'5','120980628839','SfnTKR2j6bfiHWKYlyuh4/UnPxyqzdhP0IAZMBtPGaoZvVKvX6baoa5XS9qKrmxrt7VWCxTA+9k52Qw5B0iyVA==','','',NULL,NULL,'0000-00-00 00:00:00',0,NULL,1),(492,'5','120614147683','Bvr17s6Pcz5tcWaC6GwLA6g2Gh0UC3Tgt3p6KWNezisysIMp9SvAJjycKSwhif1HxZOC5t8eInmiHY9v9OttFQ==','','',NULL,NULL,'0000-00-00 00:00:00',0,NULL,1),(493,'5','120602913728','/ZD0MMbJymndVVmU6BZppnsx5UutbzZnTQdLJYrKIg+BjSeJvFjLT3Mmkjf3CIpdfXwPBS+xiZMaRnafkBT6Ag==','','',NULL,NULL,'0000-00-00 00:00:00',0,NULL,1),(494,'5','120684314460','vLcEfnF3Iio+cB1yCiiXF+wUkNarZdCf4Zst1UJGkXKJoqaohEBfBLVnKNUCeZG3IfISekMKnkHbq1tCvRMTHA==','','',NULL,NULL,'0000-00-00 00:00:00',0,NULL,1),(495,'5','120520164505','NLDrBJrJYparg1cCtdJFiqY8cLHVNVypCZWpbTDTOzVczCRvWc0GtBebLZ9ScvAjytPK0rP+8Kalf/2sK1TBqA==','','',NULL,NULL,'0000-00-00 00:00:00',0,NULL,1),(496,'5','120214266647','rqzossuUIJjvb89DAQ4LV4WX7ZWxgjrExrxjjEw/vFtzERVdBhOORzrVxuyF8ttoo4YhOwQB2ouNPxm2nAG+gQ==','','',NULL,NULL,'0000-00-00 00:00:00',0,NULL,1),(497,'5','120170460928','5DdntORAyAQUw+KarU/yRfW4XA/oVBNCjn+FRHvMcdK3b35eRpI/J1fD2CnBknFf7a1lhBaQo1ZTTlJ+GKe3Vw==','','',NULL,NULL,'0000-00-00 00:00:00',0,NULL,1),(498,'5','120921886618','lSAtgPlA3+fVN3Z1Byp96KsVE73CPEW8m2RQgs7KoavMTYbclsaxqaR6pWRR4gJAiP3zlILUNnb2iVExHXnRjg==','','',NULL,NULL,'0000-00-00 00:00:00',0,NULL,1),(499,'5','120132623540','6p7uzFx3ORUO3U8LXlkOeIEDubheKLoU7CMvvo2HQleTl9TxAmZWQzLFpBx4quNlleU8z6aPiECRqjWWWFa2Xw==','','',NULL,NULL,'0000-00-00 00:00:00',0,NULL,1),(500,'5','120658983882','CQ28Cxmpl0HdSITFAS9pdnv1XC+Kd5ex9oITkO8P+sSjFFP3I8HvK7mAWP1HJAksc8iQ33vb/0igeYVjTDXRmw==','','',NULL,NULL,'0000-00-00 00:00:00',0,NULL,1),(501,'5','120406574581','tAwpfI0WmC25TDJESBdkeef27rwZd2RxpYLsGTK+I7gf55rg55veh+sAPdmF7K1fHWyTG2nE8peREHjgJ6bsmA==','','',NULL,NULL,'0000-00-00 00:00:00',0,NULL,1),(502,'5','120730253842','FhJSbjIDFDtXEc42eDEOIE070NtOwK0eHvLuh78wvsG4uoYyNhnJfbHTPbpaNm1d1rxtC1/WHvh1ZMSVQpI51g==','','',NULL,NULL,'0000-00-00 00:00:00',0,NULL,1),(503,'5','120132615882','MuF9NYgWNkHExjh6zULmUJ2l3CreWDfT3hQsGk01kiuxusIASRxw0GiXc8Jnpoz/A3xW4YnApW/W3sOg5d+4WA==','','',NULL,NULL,'0000-00-00 00:00:00',0,NULL,1),(505,'6','3793516175','4Dlg2W16ajNf61qIEsGx9wB+dSZTDOy1hnlcr0FQSaqSrMxSm9BHfYyWj9QypJLDUwtOJCUgk7fQqES7eRVLeQ==','','',NULL,NULL,'0000-00-00 00:00:00',0,NULL,1),(506,'6','3978754598','bpHmJrbX/fxPF2Ddp2RBf+fPxWpHoY4BgYIM2NrZnodKVc0IElm+w7qPhk9SnoBokgm8uXLAxGHCChprak/xMA==','','',NULL,NULL,'0000-00-00 00:00:00',0,NULL,1),(507,'7','5961611','O8L9E/+LXVBHPJhFzzv8k4yjtJSrqlnTeK7qyMihU/a/uzHM7GvIgyhG5qgmmqwyoS79NLP/LQ1bb2BiYsO+ZA==','','',NULL,NULL,'0000-00-00 00:00:00',0,NULL,1),(508,'6','3203373135','wg43jW1VAxRRIFjIU27cKpDz3kHa8q/JRs+Cf5hXSmFF2RsvSRQJAWNFSa/HQrUjsXXzfKflSe6W/uXFPTc0QQ==','','',NULL,NULL,'0000-00-00 00:00:00',0,NULL,1),(509,'6','1971-10-02','sZPEBkpBWmKn3m7KDdXywDKXHDLeGO/ue9HhP7AdSX4y/Sksv7+h8ODTmuBMfeQBOYxtnGxzbn9IyzYcveMdtA==','','',NULL,NULL,'0000-00-00 00:00:00',0,NULL,1),(510,'7','5329150','O21erT1drPfeiaWy1JUAoWh6zfNHbz+QeVU6PABjBLhFTt/rDLGAcaxYKMrmk15C9m0DySyTMbs5usl0u0HT+g==','','',NULL,NULL,'0000-00-00 00:00:00',0,NULL,1),(511,'6','3134401455','93+U6ji6y6whNXj6xEef4tOwoRC6569xcniVeNBoJgIAE2JMFfoYykbRNstS7CCvFejr3os/5u1gby9/j882TA==','','',NULL,NULL,'0000-00-00 00:00:00',0,NULL,1),(512,'6','3884132946','rKKNKDF1AX48pdrbBYPa5ATji0Q4/rX3lvHNjVWcpIZ77eV7OcMklm7hwsjYH4oJiSpVT5sLDZ/EC7qDgj3Jrg==','','',NULL,NULL,'0000-00-00 00:00:00',0,NULL,1),(513,'7','9927752','0eiSVJTF4n5gNNAHE4f7zOoM/UbT/HKihwZqjVeie41QpJ3XiYbEixV/hhrT7NHjZP8saCeFGgfwF7Hs2/CI7A==','','',NULL,NULL,'0000-00-00 00:00:00',0,NULL,1),(514,'6','3725859246','OkrwdKqi5i4WYeHP1Bh9tq7rgB0FZbR2evHUJ4mdw2K5kYtuzQtLgyHvidAmxNFP4U0XAGj3VRB91Ir8fLMzAw==','','',NULL,NULL,'0000-00-00 00:00:00',0,NULL,1),(515,'6','3493690546','7SmTZMZKqplTT4zKltcfHHOvZ7UQxWJ9XuEpQhwmBGMOpJihfjqvf8ubiQamjMxBTjtmcb+sKIB7oA6Qne+jcQ==','','',NULL,NULL,'0000-00-00 00:00:00',0,NULL,1),(516,'7','4783754','ghA/l5+U65n67gKslSLjZLglGXlv6BE7AYYcwozuRTYQON5pj/tEhZe9puwS6KX0BLzcW42by6Orln/TNbTi1Q==','','',NULL,NULL,'0000-00-00 00:00:00',0,NULL,1),(517,'6','3842766505','DLtUJoFBXpfl77z5c+4QRd/aMrijSd5e4j4qIyQ6gyxai1LFAv1rQKMpAwteqS2UBYsHtbFLUeTZUYG1e/e/yA==','','',NULL,NULL,'0000-00-00 00:00:00',0,NULL,1),(518,'6','3152186211','lKNz+RMcT6DoOuOZ8LeHA/Ntj8yDLk4cu1TlJ8XrU5h4kGMamrbBC34NmYc+AGUEnelC7iQqX04AAQK9Gs9sgg==','','',NULL,NULL,'0000-00-00 00:00:00',0,NULL,1),(519,'7','2723033','X3vme0I4Po1VlpDwtpOTJN5ErfyUKkyd9aafibeyrx+eGXirtKIxEQMMPFxoW9lswK/K+gwLu+rywiJrqaVCeQ==','','',NULL,NULL,'0000-00-00 00:00:00',0,NULL,1),(520,'6','3724056026','kxAgfPkX0bCxBgzXiMv6bN6VFLQdJQqlqU5AP2RrbGncfqTWWAz5eEYrjckuuJpu5egOmk1ih4aVd7wmIfPQug==','','',NULL,NULL,'0000-00-00 00:00:00',0,NULL,1),(521,'6','3187364245','kEjTR4SIdEDK6DfkbtgXlGec3PWqYjnCXnzHeNyu7EeZuvRngEq25eiGcA1T+Ft8Wt4ycyqmb0BM5GEUDG6xIw==','','',NULL,NULL,'0000-00-00 00:00:00',0,NULL,1),(522,'7','4929461','8++tuL4/1i+m1KbgvA28U/f4IfmB0EhJTDtCVbqgDg0vqWE305ne0RL24IBFzz+2mVkAwZikIOFkAXJMloOBUg==','','',NULL,NULL,'0000-00-00 00:00:00',0,NULL,1),(523,'6','3125880847','UH2v62nX4tfx3y5l/c6L+YZPrubO9+jLWfniJ77I0dXZJsTER3oQ2mNGjoJKicjjcTRkac7SkFYArXtGJeSCpA==','','',NULL,NULL,'0000-00-00 00:00:00',0,NULL,1),(524,'6','3451107158','Ea1ENQdDONpbkLTdi3zo2gBZXUSTdz1ZA4w71a5lFHGl8gGbLq0WAigcrCkhFdT9WcDGJklCjPt1crKeuUhSSw==','','',NULL,NULL,'0000-00-00 00:00:00',0,NULL,1),(525,'7','6273130','7LSUVcQU53lvN3gj7DVhFHQWwX3Xber1w1I5C+HtRZvr6RDx8nKJFDHz3QGXXXjKCIQj5mJba/z7wgCe1bpk1A==','','',NULL,NULL,'0000-00-00 00:00:00',0,NULL,1),(526,'6','3630413707','N018/7G5WuyfR/Bn03a5FClP7LsYe8JXe3meTYZiwHZ/d7DecLbSJhNLPbs/RCAnPKA4i7cL46uf/0vQB27MGQ==','','',NULL,NULL,'0000-00-00 00:00:00',0,NULL,1),(527,'6','3923767358','wXiH97XoQEOo4U9ez8AqTx0OUYchBTS83XDdyhpb0urOLBruFxBwPzUsx+Fwj311Y8yuxihimb5VXRwqjajTYQ==','','',NULL,NULL,'0000-00-00 00:00:00',0,NULL,1),(528,'7','7977187','LpyyuUgxC9jZ/4cTXxvTSSu/PqJDm3zYF2yHG3AEAg3Fj8f+vNEPfDG1yalplnwKKotVbZHfX3ol735xP4xt4w==','','',NULL,NULL,'0000-00-00 00:00:00',0,NULL,1),(529,'6','3649707990','E+T4KrBGCDd+TsvicEdgcHgy7sSC3VQcxKwpnRBWNhS4OnmgBcMREBT9acTJlwDwTB6tNS9gHEqDXP5kMir2Gg==','','',NULL,NULL,'0000-00-00 00:00:00',0,NULL,1),(530,'6','3276094978','WrZhI4sEXkMJ2kSUXLqQaFuuNtKqXnEKXsTCZCdu291BYcQKfLBlrFn420y65bD6gMQlU6q0V61XDcSo8+T2kg==','','',NULL,NULL,'0000-00-00 00:00:00',0,NULL,1),(531,'7','6409423','cxORSq4hNtXT6ShQa55u65Xu/bVJC2M0P87IadHiSKi9opjcYtSimMHam4epI08wOlzGoxKJbUSUhIO6zVUN8g==','','',NULL,NULL,'0000-00-00 00:00:00',0,NULL,1),(532,'6','3460804851','FDAwyaT1zbQqB4h5+ZBmeNsnkr5OmA+QjLEhkcfavtbzeF65W8aLA2xWQo+ZNQpCqor56nh9QmLrYkQ0rP4a1w==','','',NULL,NULL,'0000-00-00 00:00:00',0,NULL,1),(533,'6','3184962931','H3Rc6lDV/S+1ul0zTtC7U38WMZEiAz2veM/WHhsyi9D8lJ5WLsPCrgN/8ImimCR9aiJf3Yw8J4o0dNEI4mu44A==','','',NULL,NULL,'0000-00-00 00:00:00',0,NULL,1),(534,'7','3440435','NjDPCk+3AnQz4wvBsfgoY5rFsW2usC4YcAoJgMBPIK1upvf8iapihfJPEXHxMOpj/ndkmuDLB8szpbhYGtm0LA==','','',NULL,NULL,'0000-00-00 00:00:00',0,NULL,1),(535,'6','3314043662','lh8Y8dg8uqeV/y1i/33BuBGLKAt8QUE9NMCqRytuBm0Eh8L89YMG92r20eFrUPJg0rZsbYwP0ZBHvLm71dbP8A==','','',NULL,NULL,'0000-00-00 00:00:00',0,NULL,1),(536,'6','3414272054','UwTwEvidJkYRTQDcUCPMQScZfwc7MBJSzjf0xYF4ijXyYwBRSOVX8uPVdgoXkkYA9efnGTFk2bSsW89x0FVeUA==','','',NULL,NULL,'0000-00-00 00:00:00',0,NULL,1),(537,'7','9506726','GRGpuZAMSWOzw6zVWLz/sBcMoSk7W7KGARVRpO6LuwANjIocvHVmpn0rnxjjxfFvm4uZdzjMcXx+iVYf830IbA==','','',NULL,NULL,'0000-00-00 00:00:00',0,NULL,1),(538,'6','3892157761','QmkArvMfbopin/b9f1+9l0O6NbeXrDtm8geIj/MD6T/z6OunXo26BXntVaRmv36EMsrdfN5NU7z48CA0Sog26Q==','','',NULL,NULL,'0000-00-00 00:00:00',0,NULL,1),(539,'6','3188904965','N5V8df7HMyCcrHNR5h0/hC2YUUL67rlGZ3CP/nbMOQ0n4IycsuBqgv221Ae8WKgzYLX2ajvmdEPlEP4/9xpVLQ==','','',NULL,NULL,'0000-00-00 00:00:00',0,NULL,1),(540,'7','2400536','8NjRXfbDSqHgp0XEtAj2tlUOhyhUxgS4mZqm2o/KXDcHfxRtukV2ZklSel0ViI+GmvxjfgEbqDrsyrfZ/jnjjg==','','',NULL,NULL,'0000-00-00 00:00:00',0,NULL,1),(541,'6','3269127699','mrXf7UxJ9yKzR1KOI6gAdyV0JJ9P+j48C/CVUK3oIWOoaRxkioKcBFtOZL21bU1tuDwmnJADVd86pPEU/PO9YA==','','',NULL,NULL,'0000-00-00 00:00:00',0,NULL,1),(542,'6','3732953484','vnJKGySRyakRUO3vHU7r966zQUyDGlTzVJv+O0eSmJ1WS201315QB4AqZybJuT0NXe31AR3MI5hz3m3l+rJC5A==','','',NULL,NULL,'0000-00-00 00:00:00',0,NULL,1),(543,'7','6195173','GtXB+MVPvFXRLokTMmLx/yxcalqXfOUnI1zxS2e7/NaDet0XVOb05BnNCFs4XQSXCu0uhh1Fxc3LCHSGcj69rA==','','',NULL,NULL,'0000-00-00 00:00:00',0,NULL,1),(544,'6','3907555794','myMvdsVoxL7yEvuWkjRwSJ/ZytEne4T70TLMVMbsHjdh0eHB/cAjd2pXrRB6pPhLCZHdNOPWFKiDDV36niFwug==','','',NULL,NULL,'0000-00-00 00:00:00',0,NULL,1),(545,'6','3304155585','/+NJUmJ1FbGOcjYQF+bgIbnh5OV8KqUlu/AedcjERp8O+9cSkuDbkb3CHwarhk8Jv+OvffEi9s9zFiqh71FozA==','','',NULL,NULL,'0000-00-00 00:00:00',0,NULL,1),(546,'7','2882961','sgH97t9wBAkUhb6SfEGFb3/IsnJhK98jiGS2UpKWaWvBmKFFrEUzH+xCLBGsQiAwCX26Oj2YZbkdnByJzqi+mw==','','',NULL,NULL,'0000-00-00 00:00:00',0,NULL,1),(547,'6','3775291858','aDot+pUyOGUuVFN3Cs+huVjpjNYPSScC9RXZpvHyCWSftkUKw3mZ6OtYeR4nkEf0sAXQpRBB++FMruxBwtccjA==','','',NULL,NULL,'0000-00-00 00:00:00',0,NULL,1),(548,'6','3429911764','82CqefxXez1iizlpAY2hsDKjmnu6wcEr7ebu9mu3KR/uAiJx0eSF9U7WekOoB+B0ZbEpGd5llWN98L6rAGl/ew==','','',NULL,NULL,'0000-00-00 00:00:00',0,NULL,1),(549,'7','1686280','hqpeVyVTDkwcwT+3cxncN+pwZXwWktk4FvZH+y0/NnMd95Po4wCxJJSZZXyHGzx0o+Cv/tgUJmRYRsHrfhcBFw==','','',NULL,NULL,'0000-00-00 00:00:00',0,NULL,1),(550,'6','3293499719','XGVwJ5E3FOZ9jrCXFgwgIfmj5MJlvf1FYIxiQOv9aXnRgd0kMiyK8Kguzjx+UsS9i72BvdjqwrgjJUDRl9/Fdw==','','',NULL,NULL,'0000-00-00 00:00:00',0,NULL,1),(551,'6','3498619626','7u/5WbME8CplG3yrs4QId2G7YmLVWYu8h+MHYkEpF2efF2DxkYZNKZ3w9zSZYkRg0jwVIaDutPe7SwTOJ+4kOA==','','',NULL,NULL,'0000-00-00 00:00:00',0,NULL,1),(552,'7','1648147','olU9xVNvLb3arV84bZzDPSHw+CSxz2hnXQPKI/0qZzTkkq2ZsZQ9kZmEb2NiljypqXDUUKrb78aQdyJogEqvlg==','','',NULL,NULL,'0000-00-00 00:00:00',0,NULL,1),(553,'6','3158756580','smvCtLYUtOQuDstwmxW+y9Zi+IkNNE9pwaRtIYTlAXgDC/Jbwv2EAJY4s9ZSvEDyU3xBvCm+wLClsrKLI4xXIQ==','','',NULL,NULL,'0000-00-00 00:00:00',0,NULL,1),(554,'6','3767902642','ASA5I7Y9wtYmV8TKtgvu9a0GXjMLV2qYd6qpxpcQocIFZqUesnDXfPQbhJzg0b3Bxw/PI44kPrYLjef+z/ddSQ==','','',NULL,NULL,'0000-00-00 00:00:00',0,NULL,1),(555,'7','4362908','qxKDK0Yi8jQJzV5HyJATyqCyP6/lV1VUv+vgOmlgSC/MrGDk/4rv4qVQTeeZ6QTnSFBZKe8YcXNtpbrPYDEekA==','','',NULL,NULL,'0000-00-00 00:00:00',0,NULL,1),(556,'6','3254840955','Pcz1yU4oMUVpVlwB6BeL1tKeEFPH/f0E8m3FtbwyNtZBN7MdtHLwHCg2vu6qwL51BQliIQ+dLNPeTx9mPZrbiQ==','','',NULL,NULL,'0000-00-00 00:00:00',0,NULL,1),(557,'6','3510049226','MWoDEylZTctEshgM0xK6ApBhw9UKE+8bS6lcZSvcSLFmjzkmLEx8GMDkfYcOCnkGKjKPtJ9T5+BUq98i3i9vtQ==','','',NULL,NULL,'0000-00-00 00:00:00',0,NULL,1),(558,'7','4480053','uPOCr7rwHDXyv10VeqXB4HL0RrtKT5PZYKvTbwp0WnBt1RDWZ/QiuU0H/WiUDMu4fDECBczW5hHhCX8dKhCSZA==','','',NULL,NULL,'0000-00-00 00:00:00',0,NULL,1),(559,'6','3519525450','IQubqPcC1qNvfteyOtEwE6ZZxLTJH4NB5tH1+49935Lt075JNGbU6NCbfI18G302bizlvcRYyzlEI/CXmzxKcQ==','','',NULL,NULL,'0000-00-00 00:00:00',0,NULL,1),(560,'6','3979282404','2ym4GVy0vtyhTrG3FdSxTZ9oHNeyU6aTaX0gTWbzaXc+FL4G0vq7pH7Wv6viquLk9biVIxCl/2uWXntIEdDHDg==','','',NULL,NULL,'0000-00-00 00:00:00',0,NULL,1),(561,'7','4372183','fCjpwhQA9ywdfHYrFcMhbYmfk6qUAs9Q97K1f9zaacS3kNQUTtLyC+B1rvS6T2r7pdkYj0a9z3fnOxy5jsadZQ==','','',NULL,NULL,'0000-00-00 00:00:00',0,NULL,1),(562,'6','3973082611','RTunbKtCEGr6j8e7a6+a82y55XbacqH2CJAphFbtivZp15M9fR61PLTWp5qQu3eoWEiTmeWVI0B97j7LS5JaDA==','','',NULL,NULL,'0000-00-00 00:00:00',0,NULL,1),(563,'6','3482259272','ZmSRoRYJl9edKSIwhMGy0nGAenvhBczY4fNN1GtrTCWtt7iFYBQelPuHb0UUMpMofTosfwtEA5OvDZTRvuGglQ==','','',NULL,NULL,'0000-00-00 00:00:00',0,NULL,1),(564,'7','1354146','PzGtvP2ZVPI2eoibvtrJ5pnyni8Ozl/s+V6gtQjT91DJupB83C2d3HB7U/haFvZ4iToxRjV+jFZ//Wg5Z4qXPA==','','',NULL,NULL,'0000-00-00 00:00:00',0,NULL,1),(565,'6','3384734485','nUgfuc5eHor1leKvHP8zqJ6sS0X2k5XBHZrC9gJlbIpReOI5sQR/+/LrO9rZkr6aFpEyTFKXnOs+pFRNExK5fg==','','',NULL,NULL,'0000-00-00 00:00:00',0,NULL,1),(566,'6','3498572205','4e5h8tT4oDzmHtMwSN47RQkE67VMTGYPLBBJu5oiZMNc5mk736F0Yw2PUzAYJSz6NWB+wt2eWhlPwv2wwUFLqA==','','',NULL,NULL,'0000-00-00 00:00:00',0,NULL,1),(567,'7','1335150','2aIiD194f8NyyKEsx+BgpDDiigdHJNRHmIjJxFp45vQYjzD55x41clCMm1lnJvkyY08ZrMWCO9hkJeQmsvlEhQ==','','',NULL,NULL,'0000-00-00 00:00:00',0,NULL,1),(568,'6','3605717578','/BT/hZ3UiQZxuNteAVGbhaQDH+s8ScD6Scxkfg6rZxsAzYCoYiP+3BNR3VuuzddUkiEXllxGU0rr1hxqVcc/Ww==','','',NULL,NULL,'0000-00-00 00:00:00',0,NULL,1),(569,'6','3481577428','pedtGFBmsOmFi9aUg30pTvjyiKOEG0Ru/baX/eih1Z5aaBlMW/DuiM2LR+TIMYw+UBoTlzchzylGX70OnS2k3Q==','','',NULL,NULL,'0000-00-00 00:00:00',0,NULL,1),(570,'7','7837366','tWDt9yFJ7T1KX83bsFLRp9tW6P932G+1zRPmFchfFw4VzFK6X7RqPebYNF4M1duRK4fUGX8DKJijBirqWEQ6Ag==','','',NULL,NULL,'0000-00-00 00:00:00',0,NULL,1),(571,'6','3651750950','phJUhUVzudAU2BCAsk5mH3qkwgbs4LJGCy2uJ2M+eqL6FDRchTF/HVIeBwn7QgMD20ubEe4BDQlCwpll0O9DVg==','','',NULL,NULL,'0000-00-00 00:00:00',0,NULL,1),(572,'6','3436272828','PsC7Zz+FgD0FRnKvFmO0UWcuQQ9h42LBvPJ/fE5P4qXTjCC9cO7m/lZaGD5/sSYgKDgcAS0hrny+9HBcI+u6yg==','','',NULL,NULL,'0000-00-00 00:00:00',0,NULL,1),(573,'7','8341751','pseMrHzx+m5EFWTtdq5kV/ML+5daOaOwPnmDfThdiegUqRb489YBntGGzaPvPwlz05H6b4c/vXORBrF+EqrkAA==','','',NULL,NULL,'0000-00-00 00:00:00',0,NULL,1),(574,'6','3172663307','VcLwCQtiSMiZXes79Y1JsJ60WSmNFbSULzJmHBW5cSp4vp73ljCyb+YCfRx8Cywb7rBJXQILN0/HLaCdK7yYvQ==','','',NULL,NULL,'0000-00-00 00:00:00',0,NULL,1),(575,'6','3748801264','rVIMvDIGR4sn8akMpLToAUEtGnZT8rUIIGB9Y/0pWAGQ+QIVuqFwoIhrCBTwKCeiDmre0+uriORlywAXdOPRpg==','','',NULL,NULL,'0000-00-00 00:00:00',0,NULL,1),(576,'7','6174467','E85nZwxNrscVgHVb0+IqepBawj52vXS1YLx5nsC9OXwWqrRDY+p/Q/n2fbMEAD3KrbSj1YxiWlu/zxhcAohn4w==','','',NULL,NULL,'0000-00-00 00:00:00',0,NULL,1),(577,'6','3939759062','eeWI8dLoYkIhAw2nt31ACH43c3soRHFSwUWc2jf25SRrWzZJwq+z0vnOSfM5kRKf3woUE/cq/JHd14dYhXGzQw==','','',NULL,NULL,'0000-00-00 00:00:00',0,NULL,1),(578,'6','3508961081','CcJf93cl0JPsibWmVEyQLxBwmp1FFrGPoSe3GO82ud0UpNv3yAqSp2qQjMNlPvv6gilfQVTNTHzFD+BAOLEjXw==','','',NULL,NULL,'0000-00-00 00:00:00',0,NULL,1),(579,'7','7964682','gOFiEHtv9oepJLEmb6spUNFakKe5SLXUkUlnFUi8HlIXBPO7QVK/e3N3pPnaO59T2tKW0ZkSHevcRz2fPC+9JQ==','','',NULL,NULL,'0000-00-00 00:00:00',0,NULL,1),(580,'6','3477531162','Hlr71Tzhqo7jb71LGMLBOHNbQWK1y+UG2r4PLNDLD1kl5dGKYTvYgFYn9m7bnPZ9CzqUaFiQz48tEMgZt6qKrw==','','',NULL,NULL,'0000-00-00 00:00:00',0,NULL,1),(581,'6','3677237084','/ez83V1QCydqVE0H1Kfm6v9OEfT7/fI3pLGgBUANhbKHe+k1R2a32Z+PU5n74Xd/dBWJeyIIID8IsoLeCWB+bA==','','',NULL,NULL,'0000-00-00 00:00:00',0,NULL,1),(582,'7','8991048','1ZZqis7gfw7wtdXmc4hI0b31I5cOOuq+2E+x9kXWnk5H+6xrimdgPXe04zmr6tiJc2O2v8vImyKshM+xn6Y6Xg==','','',NULL,NULL,'0000-00-00 00:00:00',0,NULL,1),(583,'6','3100604957','A9Fjet5acxK22zjOZWMZFxTIPG8Z42yHycAB6LnXSBEFe2dHXHVvHDMJhgXReDF027YY1NfdXFfaa/9nB9PopQ==','','',NULL,NULL,'0000-00-00 00:00:00',0,NULL,1),(584,'6','3542410592','62mPr+Mpzu2BUCXg2gnTeWRCCntCCtH1s1JqwILF0V0cJCiQwjj5ffX3Ln6c0qZsDSkzMsoIp1jEWW8Fu6gZKg==','','',NULL,NULL,'0000-00-00 00:00:00',0,NULL,1),(585,'7','3244671','mPdgp+WIZ+QTlZqSPUG1luNNvDj8EunTonqKU3Lphfx1lfsF1MEKdKZKDZjgHLIY/WKw8YdE51pRo98c+wQ7dA==','','',NULL,NULL,'0000-00-00 00:00:00',0,NULL,1),(586,'6','3192996974','S4TWwG6/DkDfcZgJ8QIHzuWOncF7nUp8+8vLdwqdvtp2YwM+UntRM6Vx9FZFfmNfV1W36cH02A1BKum0sLO7ZA==','','',NULL,NULL,'0000-00-00 00:00:00',0,NULL,1),(587,'6','3914819741','7vYsN6O/+ZeNtcgMDAfqz/HS3Ob2jN5DZz4TWCjyZwNAgQ5oUuhSh+oBxaGU7G1qnSmLHwVLtkZzCux9yv2Ldw==','','',NULL,NULL,'0000-00-00 00:00:00',0,NULL,1),(588,'7','7056156','PeluQ44qUCgf2dY/0hk2SpjdbTwTRAx+8JrR/BxefpjCBH5b1N65DuaIWXujAhiw/gBCWTAH/l0gfYUG4xG5Jg==','','',NULL,NULL,'0000-00-00 00:00:00',0,NULL,1),(589,'6','3557840923','EIvGomAGTxeyh9LMM/qr833tG/S0aKVlDINgMlj07D7JXeBzSHH0ZllhuTIUFR061Cc8Tff6uGv9PrDIK0MhWQ==','','',NULL,NULL,'0000-00-00 00:00:00',0,NULL,1),(590,'6','3319901867','vFVj2sL0OWNCedsC9+yNxKG5K/08UI3MJv9gW+GDOo1iw+yaUe86GDzk2MlI4r5VIQFiGbf6R8D1uC2WB2wW5g==','','',NULL,NULL,'0000-00-00 00:00:00',0,NULL,1),(591,'7','7846829','hPSKZ2We1BU0Adg+vNZ7PZ1eRGu9B1DdGAjGtWE5pIPX1oF7uWI/66f607ALSg0KaI8hYC0e4XgcXMzTJLPDNw==','','',NULL,NULL,'0000-00-00 00:00:00',0,NULL,1),(592,'6','3170581289','Lgb63w8M9WFhge/8Je3NCoB3UCrFhR1ugBnO6SvneJGzNaqLsfYjahRBK7awCdemQU2W6MH+xKj6hQSgjy5ELQ==','','',NULL,NULL,'0000-00-00 00:00:00',0,NULL,1),(593,'6','3295944999','R9yKYccdZBFW9OmaR8iup5ws+4AsMEuCttDXunF4tyTvSPPuGiy8I8x8IxBWTiIWckLrjkoUUM3v3Rpnt1yUxg==','','',NULL,NULL,'0000-00-00 00:00:00',0,NULL,1),(594,'7','6790698','feHSGtuXustlRyZXiwvdThxhOsb76TCnc0+habw1aV1dX/2U+xv2o/0On5WCkhtfs0CUucSmcikSLqxgBGpG4g==','','',NULL,NULL,'0000-00-00 00:00:00',0,NULL,1),(595,'6','3843832199','xGzjvk0hdIjR4bRuzvMO+/QlI5FO3ldreRIFo/BZC7/0YCtFPYRPO02Vwc2nBWLBr91ubGZU0Ce3Fk44zb9SLQ==','','',NULL,NULL,'0000-00-00 00:00:00',0,NULL,1),(596,'6','3558962054','nJbVLS7A5WfY7D82635KqUdcfngB5suUiS1yXXcWDSoqL3eDOcppM6qlZuk+7hNOnwk/hO3Xw7RNp7SZJt9abg==','','',NULL,NULL,'0000-00-00 00:00:00',0,NULL,1),(597,'7','6790784','DT7mJf3BkfoXF22NU0MGU4anW1QogdhxKEoV91cctswu5pHh7XfsMScfcj0+2tyxD1HXYYbqL3u8doEprmu9yA==','','',NULL,NULL,'0000-00-00 00:00:00',0,NULL,1),(598,'6','3736694993','e7qA6/O1NZGc6ooynTard5K32O8ohd83OTqvNdwgIHRCzw3iCL3i63CJUxHj2JOw+niUxPcvj6NLs2pg5ufVNw==','','',NULL,NULL,'0000-00-00 00:00:00',0,NULL,1),(599,'6','3757885867','EzBKnJ/yLun69Es2YRwEGtXMgn1heFbwhuDlA2LS+0sQ5QBiT+QgyY4LZ+iQmytoYxJ2epzLqJa3dnc6JRY1tg==','','',NULL,NULL,'0000-00-00 00:00:00',0,NULL,1),(600,'7','8258016','Xw2dzfeoD5GXbgLvaECkXkvHHuee00WdYKy46D4goRhjI+WW6xc3EVnmbRX9kb6q6Agy/++IQcYcca3NaKgDhA==','','',NULL,NULL,'0000-00-00 00:00:00',0,NULL,1),(601,'6','3548741476','9zbeRGJFTY8RgPoOcj5cPAOrVu133osRArfnn6Wu0D9t+PLH8glJzv83Py5ZaUo/AzK90V8gmk+83viswWKi5A==','','',NULL,NULL,'0000-00-00 00:00:00',0,NULL,1),(602,'6','3360700784','wg/ElksdwSpidm7pJWMl9c8KrKWpX6IV/u3NETtFvDPycooSdxL0x9037B3jOT41UiieynJrxVEFogSpnjJ4XQ==','','',NULL,NULL,'0000-00-00 00:00:00',0,NULL,1),(603,'7','4096184','elI3ur3C0oRmtoc7V1MOWqqhM8Zcpl2fmJUZHpNwfcZwDxQ+xRgNNsNelGocyShiL/UTVaqKYJEBXeOK4ZJNJA==','','',NULL,NULL,'0000-00-00 00:00:00',0,NULL,1),(604,'6','3402059791','rMl1MhVk+s3nY7IaHmN/FsxMmwJebj1/GuQKu0XOn5eE3CbzBX5wawwiBwstNkCWTfbc6WKecaZIbGuswVOWfA==','','',NULL,NULL,'0000-00-00 00:00:00',0,NULL,1),(605,'6','3528549174','MgGOisjVvU12G6aI8U6n2tU5uM6RxkBLoZRJpObNGWmhUmMwT+Q52VwjQBc1l9F9f7QwMBBdT5Oy4iTQp9WqRA==','','',NULL,NULL,'0000-00-00 00:00:00',0,NULL,1),(606,'7','3368427','RFeqv+Jr6MzsK+upHNkadPGscD9HG5nVrFRRBb/HKerLw5+TLldjfkkpqzdYR3FLglGYQRI/clH50XdzK7XGIw==','','',NULL,NULL,'0000-00-00 00:00:00',0,NULL,1),(607,'6','3245674195','zZ68prTOH0TF8UQ11/nVXkk9oCsn5u6cN6gaF0Xd0ybTaPTEVObMqXoh2vF7Q5wCydA6/ajqivy1AhN5hX2t6w==','','',NULL,NULL,'0000-00-00 00:00:00',0,NULL,1),(608,'6','3736697788','w0uFmtPz6V5gm6JVDu91ClrHTi53bf1FmZuoj2elNquZkjlTyM3ovC+wTHYNLw6PTYz6Wk8K8XaxdbVExjsT2g==','','',NULL,NULL,'0000-00-00 00:00:00',0,NULL,1),(609,'7','7692186','L4rDp9E1EE/KtET8zMaWdJfQid56ei1XiBOF+eIQQoB3fE/pPvDfBi432n7h+Q5uPot1ICtXeZTPKHLV5npS1Q==','','',NULL,NULL,'0000-00-00 00:00:00',0,NULL,1),(610,'6','3723672944','snoAV3WBthdmyYnHUfASc8AQZSvkJNNbxr9Ex9pG2gHPbuVkePCfq2erX7czBg20kCwRHYz+ncyOtbsgyKQp2Q==','','',NULL,NULL,'0000-00-00 00:00:00',0,NULL,1),(611,'6','3583098378','ienQX8KqhpOplixEfPs9NkEdy65ykYq6oA9gc9pqXSv3eR07UctHLIc23WQ3JqHl37IlCWARNEo8QvhK3tg2yw==','','',NULL,NULL,'0000-00-00 00:00:00',0,NULL,1),(612,'7','5465752','hlfJ99uLatosLvozycpVjfVECYuj1+2dqyGOVPFfwQK1yVWm2pwGH1B4blYJqvbuPpy0HNZeSwnxd2Zy5ZXzBQ==','','',NULL,NULL,'0000-00-00 00:00:00',0,NULL,1),(613,'6','3579279736','zKLNugPetZq0P8SVdnkKeHDFbjE3DKfdru+I/6iSOaittc1n7JVEDzERanp1GGNbyzPSsHRI7Jb3IacU1Zm7IA==','','',NULL,NULL,'0000-00-00 00:00:00',0,NULL,1),(614,'6','3907253140','+5a0jX3ctVOtgBRTCl9vnYPDIgWg3QTZcwcWy2/ygUwYIo3Wau1WaaNOM+8tfNrg315ykiHrwvhFCKpjQ8O8bA==','','',NULL,NULL,'0000-00-00 00:00:00',0,NULL,1),(615,'7','8203415','DPDvxMZ+Le2XAR4WQmtEKlpzko0N2EitVtqLSqfp+CUiVnfi2W5yNfZ6o6OGaQxsfM2GAwA8Yjk5G1syyOh84Q==','','',NULL,NULL,'0000-00-00 00:00:00',0,NULL,1),(616,'6','3105888829','y+UJH691vtMA4tQGutwQcADwqURHdNn/k8df3a4KZRv9wdfr/fcH70TTq8fMq2yKUwC7thtCb7mVn6Cmvxp9GQ==','','',NULL,NULL,'0000-00-00 00:00:00',0,NULL,1),(617,'6','3356842211','VpYKUBwIxpYUg1MBuhPEXgdIlzhndy46+rSCTEBQa1vdjC1nh5U3dsNINGet4j7UaIuDXqpYQKJrkIaabcldCA==','','',NULL,NULL,'0000-00-00 00:00:00',0,NULL,1),(618,'7','5356608','UjQFVENPjKj4u2CkiyyFUW5Vlrd3OJnSfP6rDXDlTO8dZZ2eKpTVnhDXO8AbZoPY4nSA8lvakhl27Gw6SED8Pg==','','',NULL,NULL,'0000-00-00 00:00:00',0,NULL,1),(619,'6','3951585551','qjcmlOuI7DpqzEZE+IkOUufAbkN9okfkmkF4E9ttEbeP89zfsy+xtXsG5oSMV0qOVjz8yJlJq7MZ5c17uWH7/Q==','','',NULL,NULL,'0000-00-00 00:00:00',0,NULL,1),(620,'6','3650145950','hdBuMCfMukIxLHFkiBsr1eD8GU/jzX6BKxUFYPCzfPvhTspY9noecZvrrTRBpD0bPfiqcH9az4C3Od1QKQ6SmQ==','','',NULL,NULL,'0000-00-00 00:00:00',0,NULL,1),(621,'7','5334928','cZFzoYYnlK2O5Bx/4F2y1g7G7Df+143GcYOaffHpUHINIFuq5eKsSb5rMuuSJcMcQdKdVon7jFpTimBZuvlRoQ==','','',NULL,NULL,'0000-00-00 00:00:00',0,NULL,1),(622,'6','3169455796','d+VPbmjPok6TubPs1HxVoOL8iT9WqIDMfERMPbz5hVYpIzvJo8Uwr0x7BHnN5a8Nj+MykUsoSjq5i7NV78jXlg==','','',NULL,NULL,'0000-00-00 00:00:00',0,NULL,1),(623,'6','3665400131','tD+S9oOFmhco+MllAUzeLGdoFBbkIisJhY3duqNUOUNYRv9bE1m2C9jjXV+4CrWuVhTDO37RtAayyrDyowHZYw==','','',NULL,NULL,'0000-00-00 00:00:00',0,NULL,1),(624,'7','8190894','cniGA6NBajaRIHCrePBGlDSE50H0Kab+3PAFBrJCijLVwCsH70so1Qo/T17ZvvQ+7XKpDnplnSMVkPO6mx3SzA==','','',NULL,NULL,'0000-00-00 00:00:00',0,NULL,1),(625,'6','3426546257','LpR/JY+P+jZhUCbfS0R0pReWDsNHNkpa8i8d37zBlQsMD0AwN/IjRXTNq1EDCuqDo5BEaQRMbqIRrAC+yTBSjQ==','','',NULL,NULL,'0000-00-00 00:00:00',0,NULL,1),(626,'6','3478951918','uxbJJIwvc8/7ydCZFrLJBtcaN+WeoS3VwNL8bnEI/uwhcJXJ4wWHVr1WTHeA3zQjvg7Wp5IvuADvUltz6j8ySg==','','',NULL,NULL,'0000-00-00 00:00:00',0,NULL,1),(627,'7','5893858','fNhSItzZWbRody5heqfq0g64kyB4f3f+xCiH7aYAnA+waRrFr5CTK4OXFVxh6siZN70GoDGp8D0tBsRbtWGCUw==','','',NULL,NULL,'0000-00-00 00:00:00',0,NULL,1),(628,'6','3649711240','+9fcuCwP4rpo/hgEWR5hs4TB/fhftu2P+PlbXLdeKlvi6DKocEWGuhMjR7WyGnmiwThtqECTlQxaPr/Og7kflQ==','','',NULL,NULL,'0000-00-00 00:00:00',0,NULL,1),(629,'6','3107747583','MU9201PFfCYQuhO+b6CwsPTG7b0ZpE33l/LE8YhmKS/vVVBcNIW1UjpDvzYbU78vGgWhfFnb5M0AVRfP5ngjRg==','','',NULL,NULL,'0000-00-00 00:00:00',0,NULL,1),(630,'7','7257794','rd2+6IEa70YSsM+RIrJUurW2vEV8lYG0h+BwN1GDJhAhT47Y1jnV0yNDExByTfgC7Qei0bsv0vvd+QI0Q2UnNg==','','',NULL,NULL,'0000-00-00 00:00:00',0,NULL,1),(631,'6','3279575053','5e13ubtRyeNaEmdFzya/NPapM9fXIBP6A0xafhDwQFj74B7Xq3P6Cpw1gQodNCzbwNKcTIs+cXmjwKABQvu/2w==','','',NULL,NULL,'0000-00-00 00:00:00',0,NULL,1),(632,'6','3594370757','tZon+/QDiWOdNzowAXM9QrQoqsaLu/G3O2Q3gI/tVCKvyZKBpz26Z8o3mlyRabxC3JJXSRsTf0uGImHBnRiPMg==','','',NULL,NULL,'0000-00-00 00:00:00',0,NULL,1),(633,'7','8970848','C5Xzt1236lF1ZF4kEH0xqF4GPRYzd2aRz9pyVSua5S4R7D7dKWyrDUyso/5fUtf8q5dddvdwiQ24M4+TQeiMkg==','','',NULL,NULL,'0000-00-00 00:00:00',0,NULL,1),(634,'6','3265149712','MG4BLv9S+gREk4gHaIgcu1bYzuUOzof3FwvnPAZO0Z/If7sx7ikzq5ZT2qo5Hjln0v6TD8oxYTsKwOId72JvXQ==','','',NULL,NULL,'0000-00-00 00:00:00',0,NULL,1),(635,'6','3798721343','OoSfy63RSYqVLGh0+cR067ElXsDBsZ4THGv1f5HPztE7uQRngSJgLyDKIFHDJ+nxSxjcPWBu7MAGTbzpkpOttw==','','',NULL,NULL,'0000-00-00 00:00:00',0,NULL,1),(636,'7','4122206','waFflIwahEf4RYYOe2/8YHa9M+DKu9VzpqeEVl6FuZfp8jweg+XEBKll8++t/BOR+KWSHZ0s3g16tcZimEOYsQ==','','',NULL,NULL,'0000-00-00 00:00:00',0,NULL,1),(637,'6','3384770919','MdIrxuSAMLydr+702HC7zeSHd3nv4laixvhWFhWmZyZM/MjtOBwGltpAwKIbaifBw/6eQY5c35ve2nB2VO+4aw==','','',NULL,NULL,'0000-00-00 00:00:00',0,NULL,1),(638,'6','3975291396','bwmRvmgSBUrJKKNnm/WIHZxxrBFpje/k3CXmms71QD8gjy0xygurvKEgjfr3FBTqPfqJBsAlRCmE64LQmPym2w==','','',NULL,NULL,'0000-00-00 00:00:00',0,NULL,1),(639,'7','1076301','fDnuHhSlv5ffenggB56Xs3KPexRtNhAF5sAHAis5ACax/KWOcf52ZXlNwYkMNf89WF5sFz99NcLC8FjFgsLKHg==','','',NULL,NULL,'0000-00-00 00:00:00',0,NULL,1),(640,'6','3231364615','xfXFlKZYP8Y7vnWTG3pO/QZVM/9QMQWvkdrmFDm55rK3UeH9BuK8sMU/xNjUJG9T5rY+l+pB/2B9tqAC+W3Lfw==','','',NULL,NULL,'0000-00-00 00:00:00',0,NULL,1),(641,'6','3905784581','dQ6U2HYoHRTbwQ93BRirpsEFrePT0re58vwHmifakfS/xJulTR5ZLuGXkXY/6jcfPpGEKvZoLia+ze26KFfUug==','','',NULL,NULL,'0000-00-00 00:00:00',0,NULL,1),(642,'7','2371760','pXa7BlEEsYjd/+UN1lGSmEWzGKIJjgBHLEgqsZ85pNTqazcQf1/JM1WeXPkys1g6rOzEF6Sm4d26ON9lKOv05A==','','',NULL,NULL,'0000-00-00 00:00:00',0,NULL,1),(643,'6','3241970130','2BUZoKLq+7OW6x+iOmUFiHdM2zbEkHrNgPkAoOHvYKaQYSlUC8SJ5s9vPCMquPMaqeLdV/+akyBKJtsDRAGVmw==','','',NULL,NULL,'0000-00-00 00:00:00',0,NULL,1),(644,'6','3714200326','fmUITs+/y77BNGlKUZuW9B6OLYOOGzAKcO0qQf1pxcPfv5ulu2IRKF5fWxIYX2JpqBsh7o8c/mwCTPYo3jAL/g==','','',NULL,NULL,'0000-00-00 00:00:00',0,NULL,1),(645,'7','2005053','T06Fe79WGacTHpjRjPDxvOtEjMBF8Vak/OWyk5+DuK61yRAJ0ALqwWBkEgvz1P4TJ8mQ2Do1+6AOam2kG6e3aA==','','',NULL,NULL,'0000-00-00 00:00:00',0,NULL,1),(646,'6','3436266230','ZG1zoisLKGtmUV+yFP2bS/sfgUaYX3P/SPp6t8ngU8041SaH5vE7QHfzwhu9TNPrx/gpfDlxfkbqbypVM4ftkg==','','',NULL,NULL,'0000-00-00 00:00:00',0,NULL,1),(647,'6','3146189119','roDu715h8LONOHrSqsP9LhqEzGgdyv6XPDFzL2SZF2iwOXZbPpvmZge1Nq1aZpuUqv1nlQnSzjSoFUTEw64tEw==','','',NULL,NULL,'0000-00-00 00:00:00',0,NULL,1),(648,'7','2026723','RvWqDIVi76+skhUxZZ6FxEDRwULd13opOPJVfzuiAaZGYoK7pMGzBo4ClebeGit/EJIsUYXZvpXcCeBU0X07Sg==','','',NULL,NULL,'0000-00-00 00:00:00',0,NULL,1),(649,'6','3280453834','8oK7P0JDmlUeNA8zvnQ1uaV4kfjyWRetkxbxk3Ef6hYluvPFLcKlfmuxijyIlj8aXZ3T8JwFU6Pc5oCbr6DrnA==','','',NULL,NULL,'0000-00-00 00:00:00',0,NULL,1),(650,'6','3208031129','kzw21/4BLBXrMyQdJG2YmNrkOX335nXNDCWkO1qEo//6UFLs7OQqqHTAW4U4w119moeD5lR0GjQt37BI+m5vlg==','','',NULL,NULL,'0000-00-00 00:00:00',0,NULL,1),(651,'7','1822193','5pcUt58jrdrkY/MMGAzF4lnbKM13OqG0BAK2zxF2c1oeAm66rsRr84U1aqMiebskJdpOCwQ6WVDcLoO/qlSEEQ==','','',NULL,NULL,'0000-00-00 00:00:00',0,NULL,1),(652,'6','3172668108','vjadNkMZL8FtUS9WP7+9myncIqk5vezRf2J0CzO9wcsJ5hlIFWAIZx3yvP5pCknB08n45Tt3k0DB4NbcrmtyFg==','','',NULL,NULL,'0000-00-00 00:00:00',0,NULL,1),(653,'6','3572193344','SO1141Ac9jfqWUgBWnqn3uWyrZ33NdsiDRJ0WRJCfHAOxLmpTP6M0Ato7L941DgkGhU/4uAQnhGMHvpu3GdFJg==','','',NULL,NULL,'0000-00-00 00:00:00',0,NULL,1),(654,'7','3415451','EbaQnbVNvcRqZamOT1PqDdxWWP+35tKzLLY0sSuE5U1g1hybqSLG8G4pPx2hxpk/SzVsH+MjX0kH+VPHtliuwg==','','',NULL,NULL,'0000-00-00 00:00:00',0,NULL,1),(655,'6','3620157088','FzQMR/5sHiS5AVgfg2KsB3qLlR1Qk61Tcw2xHiF5tqng7msOH356AOWTPzHo9eeDY1Ro+fLXDNc/KpWWIz5lQA==','','',NULL,NULL,'0000-00-00 00:00:00',0,NULL,1),(656,'6','3804899983','eRKnmBBr+R39EcedaN1rZ2dcdQ5b5wpz4swzVg/oKTgTfkxhWfNJhnbnCWkrVS2ekAK8xWsyN/62U7oQVJfTLw==','','',NULL,NULL,'0000-00-00 00:00:00',0,NULL,1),(657,'7','1308939','nXqykXYXIAitpMuI/HOemje8LklpiiSe6K4hb690QUCGIZLsvto+YJBJHuqg2PTOm5xjjvhsnK09+NrC2dwwGw==','','',NULL,NULL,'0000-00-00 00:00:00',0,NULL,1),(658,'6','3797723430','NXjHDEa4ko3nlHc0IXM4ANSZbwvMq61lf7EvknbA3QqAyi/g9OFYqaU2uZSkfDQYXMrl1rxoElDkQxkX1k7/Iw==','','',NULL,NULL,'0000-00-00 00:00:00',0,NULL,1),(659,'6','3805310990','3afqmQVTut5gC3ZIv9rJK6Jw/D+mp2qdaY3f99zFJQtMl9pWI1fMx9lRVoqPYQVrNKNMwEG250wYb43OZJGV2A==','','',NULL,NULL,'0000-00-00 00:00:00',0,NULL,1),(660,'7','6227252','9YGTzayASkUbMfL24mWRn7I9iScbT82eEcZZDSJwZekVH/lAB9DTeklngwq7FJqyti4BtIaGP0qGcBEnIsP2SQ==','','',NULL,NULL,'0000-00-00 00:00:00',0,NULL,1),(661,'6','3662222098','v5OEmvWBnOp7gnmPhurlZfZopggnOvgVRuZx7Uq8Xas/Hirg0EyesnshzV/E+GeTe96NaeK2ibrmmQ+/aHwQgA==','','',NULL,NULL,'0000-00-00 00:00:00',0,NULL,1),(662,'6','3762276459','IHezf9+w+154dTPdn5A3SCnAcEdvgJPIXoGcAESAQZrRmCWd68Kk8GKaGY9fivatpbersRaE8SbYqCmzrO8JFg==','','',NULL,NULL,'0000-00-00 00:00:00',0,NULL,1),(663,'7','9111149','N+qIRaH/je3xtLwp058bAPI6IaBomzqGkIJIJoJlin3+kNESJKFg+/kLou7B5fySjyRgbneXTs2GvS42t9bxvQ==','','',NULL,NULL,'0000-00-00 00:00:00',0,NULL,1),(664,'6','3967184030','z2e5W5UjuwIWlrnKVCt/itm+PbMnE4jawGTP1MLSlsrlzFXQCQxxpJjNT5t+zeaLFYAZMReVk7kTogUy9cz0eQ==','','',NULL,NULL,'0000-00-00 00:00:00',0,NULL,1),(665,'6','3237173371','zKGtSrag2ClpaWzq5DqCrCV3OpEBWtDHEmfsDl0mFRFtpitsyMcGw3g+LCqsKT1I2RNaEaygknTlF6Knsdtj+Q==','','',NULL,NULL,'0000-00-00 00:00:00',0,NULL,1),(666,'7','6787951','aMkAjXil/dSGQZqKgRjlT7hDj7ArzQekgeGjivhgiSx256LSNgNOY+g6ecBiMk6GNKdpJHqbARVq5Bu/EBwqlg==','','',NULL,NULL,'0000-00-00 00:00:00',0,NULL,1),(667,'6','3150511355','tbSez5podzs7EUr1Az7wa3Nf2VtdwPgUaYojDK9OZ9VCw64QXgGHrmbkoYs8LZVxZQqE9OpvN/w44HyyOrzYDA==','','',NULL,NULL,'0000-00-00 00:00:00',0,NULL,1),(668,'6','3655540654','9mzWeUI/+ay+5+n1a1dh3idu2ncjoOwydmIvxfwQ1tlReHkg3zZnae4ehj4vWgycGX1NAgEgaZksoDYi4rF5Rg==','','',NULL,NULL,'0000-00-00 00:00:00',0,NULL,1),(669,'7','2450695','lBGpw5nVvO6JwAy1Qh5+qs9qLoDWHepMnhWsEhC0/M/06ylis6XgX8GOokA/JlN34081s04EZRVrcF93/3ut8A==','','',NULL,NULL,'0000-00-00 00:00:00',0,NULL,1),(670,'6','3763100954','iY+cuWw2rlMClkF5rsd9Ag67xUr84qhFpPFR1tkp6pg9Ov82Wcqq8CwyIP3N9r6UDPpRCHoh0VRtITm7SlTuwA==','','',NULL,NULL,'0000-00-00 00:00:00',0,NULL,1),(671,'6','3695407247','Y5Tla2vqpmGUbIwWtyDfXnnwNNjlqPkZDeyzoGbNkLfmHBIRbcbrP9bbDfqlreVQ68odLHhE+8ls6PYo9nfdzw==','','',NULL,NULL,'0000-00-00 00:00:00',0,NULL,1),(672,'7','3033328','B6pqWyovNyT4E2kW31rvbMKXkdGqWej26on1VnLuaFg9DdLZbI5iiSCuhCx4F+btqDC7B+aa+FiYp+jT9/hHgg==','','',NULL,NULL,'0000-00-00 00:00:00',0,NULL,1),(673,'6','3143381055','4u2QUCFkR7etj8EVbh5gh/5ZogJnYSINWeDVc8KaotQnhaDZnzaVs6eK9kYtQLMA1RFnQpdu/Je+tUblRA2zuQ==','','',NULL,NULL,'0000-00-00 00:00:00',0,NULL,1),(674,'6','3846551412','SBdd6KSJx0ByVUsnB532fSzXewv7njRcPFDgasfslXrhHWXXgpdlZtV9X/SHryFtGyCl1ZeTVI1Y1dhTrRS/GA==','','',NULL,NULL,'0000-00-00 00:00:00',0,NULL,1),(675,'7','1105554','ANYE6s11yTtK8l4BOtKQXq94fzUColKe+Zeb9mp9/hViJjGPWVSD8N8DJC3qVbNPPHPyvwIH010DVMZ155pabg==','','',NULL,NULL,'0000-00-00 00:00:00',0,NULL,1),(676,'6','3996796750','ZcYpInaDyxRBxRF0AJsB/YiDPpBIfDYME8EGpiBBebXa0JBbO1u9sMdr8uM11oUDsFAbrgFBipxlTkognfP1SQ==','','',NULL,NULL,'0000-00-00 00:00:00',0,NULL,1),(677,'6','3508010838','C1wAF4tgKbSabjONNMs185ZJDPpLdY5YQ8sSVlE55yh2Lad4Sm+rJ3g9X2FXQXaslhIaAUpk7t74zsIvfBVIsg==','','',NULL,NULL,'0000-00-00 00:00:00',0,NULL,1),(678,'7','1705804','cE1DsitcUv5LdMmL8ClEtWFvEunOFVYZk6vC5WXI+ObzbHJsTduX5Mfajn3wIHHYG1TLv1nxSoBemB5gt7HQEQ==','','',NULL,NULL,'0000-00-00 00:00:00',0,NULL,1),(679,'6','3599973615','Wz3gUdSO+PeVo40i1AssQzPvf0e+jvXJnWV4d6PpSYAVDK8nJw5cdZb7Ou02EONm3F26gnbfUiUcfpbcYp9K2g==','','',NULL,NULL,'0000-00-00 00:00:00',0,NULL,1),(680,'6','3358713199','StgtEsMaqcHH8Jt9Qg1iOLa40wTJzTp9wJEIAhXa7EprCOkYE18g8wjzzWB3aYQK67NznOcQLlkjXKdKiYkNXQ==','','',NULL,NULL,'0000-00-00 00:00:00',0,NULL,1),(681,'7','3528065','lg2AMoegAf1W61fDkY6XldDmdPsNuTSuKjq6jJDQvjck4xdci5cMwQSJbL0xlf38/HK+om99Apmrq1aQoH5K2A==','','',NULL,NULL,'0000-00-00 00:00:00',0,NULL,1),(682,'6','3898409150','DgOUKVPbTVpy42BNs7l5aDE5c0leHBXMEB+V+i7qqtAKJ673Jt5P0GioyhW6KUzxjqlZyentaHjjJPNofvkRAg==','','',NULL,NULL,'0000-00-00 00:00:00',0,NULL,1),(683,'6','3198759259','Ji/rh3LzFfqQDYOpp5PkGvIaPUj9z/Y+YqT4wMb+ELAoHT3GxL5NeO08HQ/P9/IOBltkscuyYhWHbtGhzjVgwg==','','',NULL,NULL,'0000-00-00 00:00:00',0,NULL,1),(684,'7','1172548','NKiWuvBDuMG3bo/5oh1Ed3Gy9fYWfxe7CS/tYsvij9FwoUq0Bg49MeYlJMFzTuIsDFl3MwwIl5Rb7/iQxTi4eQ==','','',NULL,NULL,'0000-00-00 00:00:00',0,NULL,1);
DROP TABLE IF EXISTS `bbc_user_field`;
CREATE TABLE `bbc_user_field` (
  `id` int(11) NOT NULL AUTO_INCREMENT,
  `group_id` int(11) NOT NULL DEFAULT '0',
  `type` varchar(255) NOT NULL,
  `title` varchar(255) NOT NULL,
  `tips` varchar(255) NOT NULL,
  `checked` enum('any','email','url','phone','number') NOT NULL DEFAULT 'any',
  `attr` varchar(255) NOT NULL,
  `default` text NOT NULL,
  `option` text NOT NULL,
  `orderby` int(255) NOT NULL DEFAULT '1',
  `mandatory` tinyint(1) NOT NULL DEFAULT '0',
  `active` tinyint(1) NOT NULL DEFAULT '0',
  PRIMARY KEY (`id`),
  KEY `active` (`active`) USING BTREE
) ENGINE=InnoDB AUTO_INCREMENT=7 DEFAULT CHARSET=utf8;

INSERT INTO `bbc_user_field` VALUES (5,0,'textarea','Alamat Lengkap','','any','','','',2,1,1),(6,0,'text','Phone','','phone','','','',1,1,1);
DROP TABLE IF EXISTS `bbc_user_group`;
CREATE TABLE `bbc_user_group` (
  `id` int(255) unsigned NOT NULL AUTO_INCREMENT,
  `name` varchar(255) DEFAULT NULL,
  `desc` varchar(255) DEFAULT NULL,
  `menus` text,
  `cpanels` text,
  `score` int(11) NOT NULL DEFAULT '0',
  `is_customfield` tinyint(1) NOT NULL DEFAULT '0',
  `is_admin` tinyint(2) DEFAULT '0',
  PRIMARY KEY (`id`),
  KEY `is_admin` (`is_admin`) USING BTREE
) ENGINE=InnoDB AUTO_INCREMENT=8 DEFAULT CHARSET=utf8;

INSERT INTO `bbc_user_group` VALUES (1,'root','this is the highest degree of user level in system',',all,',',all,',0,0,1),(2,'administrator','administrator','',',2,15,16,',0,0,1),(3,'Customer','Customer',',all,','',0,1,0),(4,'Registered','lowest level of member site','','',0,0,0),(5,'Teacher','teacher role',',all,','',0,0,0),(6,'Parent','parent role',',all,','',0,0,0),(7,'Student','student role',',all,','',0,0,0);
DROP TABLE IF EXISTS `bbc_user_push`;
CREATE TABLE `bbc_user_push` (
  `id` bigint(20) unsigned NOT NULL AUTO_INCREMENT,
  `user_id` bigint(20) DEFAULT '0',
  `group_ids` varchar(120) DEFAULT '0' COMMENT 'comma separated like repairImplode()',
  `username` varchar(120) DEFAULT NULL,
  `token` varchar(255) DEFAULT NULL,
  `type` tinyint(1) DEFAULT '0' COMMENT '0=expo, 1=fcm',
  `device` varchar(255) DEFAULT NULL,
  `os` varchar(60) DEFAULT NULL,
  `ipaddress` varchar(20) DEFAULT NULL,
  `created` datetime DEFAULT CURRENT_TIMESTAMP,
  `updated` datetime DEFAULT CURRENT_TIMESTAMP ON UPDATE CURRENT_TIMESTAMP COMMENT 'setiap mengirim pesan ke table bbc_user_push_notif maka field ini akan di update',
  PRIMARY KEY (`id`),
  KEY `group_ids` (`group_ids`) USING BTREE,
  KEY `os` (`os`) USING BTREE,
  KEY `type` (`type`) USING BTREE,
  KEY `user_id` (`user_id`) USING BTREE
) ENGINE=InnoDB AUTO_INCREMENT=318 DEFAULT CHARSET=utf8 COMMENT='table untuk menyimpan token dari para pengguna mobile app';

INSERT INTO `bbc_user_push` VALUES (188,0,',5,','55555','ExponentPushToken[ElfIF4I5WSa0anpEzVWLm-]',0,'2201117PG','android','35.191.14.144','2024-03-03 08:37:09','2024-03-04 10:21:43'),(274,0,',6,','3497213214','ExponentPushToken[eU--_nPBDjHw5y1mj_eOsX]',0,'SM-A325F','android','35.191.25.241','2024-03-06 10:57:54','2024-03-06 12:52:05'),(289,0,',5,','55555','ExponentPushToken[ds7OvrImB0E1MflHBY60JX]',0,'SM-A226B','android','35.191.40.133','2024-03-11 18:20:32','2024-03-11 18:20:41'),(310,0,',5,','55555','ExponentPushToken[Z7fjgACITC0-5bLJAhUee4]',0,'CPH1931','android','35.191.40.129','2024-03-13 09:33:48','2024-03-13 09:56:08'),(315,0,',5,','55555','ExponentPushToken[A9nHtkAAeW_ti5Z6kugWIj]',0,'SM-A146P','android','35.191.40.128','2024-03-13 14:52:06','2024-03-13 16:41:12'),(316,23,',6,','3497213214','ExponentPushToken[F0Xn6PBljcDRkG55BUpYLU]',0,'SM-A325F','android','35.191.40.130','2024-03-13 16:15:20','2024-03-13 16:15:20'),(317,0,',5,','55555','ExponentPushToken[FbBXRIOl3LvFONCNWnZcgx]',0,'Infinix X663','android','35.191.13.91','2024-03-13 16:41:10','2024-03-13 16:41:12');
DROP TABLE IF EXISTS `bbc_user_push_notif`;
CREATE TABLE `bbc_user_push_notif` (
  `id` int(11) unsigned NOT NULL AUTO_INCREMENT,
  `user_id` bigint(20) DEFAULT '0',
  `group_id` int(11) DEFAULT '0',
  `title` varchar(150) DEFAULT NULL,
  `message` varchar(255) DEFAULT NULL,
  `params` text COMMENT 'variable yang akan di proses dalam mobile app field wajib action, module, argument',
  `return` text COMMENT 'data return dari API notifikasi',
  `status` tinyint(1) DEFAULT '0' COMMENT '0=belum terkirim, 1=berhasil terkirim, 2=sudah terbaca, 3=gagal terkirim',
  `created` datetime DEFAULT CURRENT_TIMESTAMP,
  `updated` datetime DEFAULT CURRENT_TIMESTAMP ON UPDATE CURRENT_TIMESTAMP,
  PRIMARY KEY (`id`),
  KEY `group_id` (`group_id`) USING BTREE,
  KEY `status` (`status`) USING BTREE,
  KEY `user_id` (`user_id`) USING BTREE
) ENGINE=InnoDB AUTO_INCREMENT=5446 DEFAULT CHARSET=utf8 COMMENT='table untuk menyimpan data notifikasi yang dikirim ke para pengguna mobile app';

INSERT INTO `bbc_user_push_notif` VALUES (4859,26,6,'absensi hari ini','anak anda tidak hadir','{\"action\":\"default\",\"module\":\"teacher\\/notif\",\"arguments\":[]}',NULL,0,'2024-03-01 13:34:34','2024-03-01 14:30:58'),(4860,27,6,'absensi hari ini','anak anda tidak hadir','{\"action\":\"default\",\"module\":\"teacher\\/notif\",\"arguments\":[]}',NULL,0,'2024-03-01 13:34:34','2024-03-01 14:30:58'),(4861,3,5,'absensi','murid anda Alya Maharani tidak hadir','{\"action\":\"default\",\"module\":\"teacher\\/notif\",\"arguments\":[]}','{\"data\":[{\"status\":\"ok\",\"id\":\"c1879147-e72c-4a53-ba56-38fae54c1075\"}]}',1,'2024-03-01 13:34:34','2024-03-01 13:34:36'),(4862,29,6,'absensi hari ini','anak anda tidak hadir','{\"action\":\"default\",\"module\":\"teacher\\/notif\",\"arguments\":[]}',NULL,0,'2024-03-01 13:34:34','2024-03-01 14:31:35'),(4863,30,6,'absensi hari ini','anak anda tidak hadir','{\"action\":\"default\",\"module\":\"teacher\\/notif\",\"arguments\":[]}',NULL,0,'2024-03-01 13:34:34','2024-03-01 14:31:35'),(4864,3,5,'absensi','murid anda Farhan Pratama sakit','{\"action\":\"default\",\"module\":\"teacher\\/notif\",\"arguments\":[]}','{\"data\":[{\"status\":\"ok\",\"id\":\"b9d3952d-cf6e-4e07-b508-9d2a8b10dcf0\"}]}',1,'2024-03-01 13:34:34','2024-03-01 13:34:36'),(4865,32,6,'absensi hari ini','anak anda tidak hadir','{\"action\":\"default\",\"module\":\"teacher\\/notif\",\"arguments\":[]}',NULL,0,'2024-03-01 13:34:34','2024-03-01 14:31:35'),(4866,33,6,'absensi hari ini','anak anda tidak hadir','{\"action\":\"default\",\"module\":\"teacher\\/notif\",\"arguments\":[]}',NULL,0,'2024-03-01 13:34:34','2024-03-01 14:31:35'),(4867,3,5,'absensi','murid anda Alya Cahaya sakit','{\"action\":\"default\",\"module\":\"teacher\\/notif\",\"arguments\":[]}','{\"data\":[{\"status\":\"ok\",\"id\":\"50b74140-14ab-40d5-a22f-4949022fa06b\"}]}',1,'2024-03-01 13:34:34','2024-03-01 13:34:38'),(4868,26,6,'absensi hari ini','anak anda tidak hadir','{\"action\":\"default\",\"module\":\"teacher\\/notif\",\"arguments\":[]}',NULL,0,'2024-03-01 13:35:10','2024-03-01 14:30:58'),(4869,27,6,'absensi hari ini','anak anda tidak hadir','{\"action\":\"default\",\"module\":\"teacher\\/notif\",\"arguments\":[]}',NULL,0,'2024-03-01 13:35:10','2024-03-01 14:30:58'),(4870,29,6,'absensi hari ini','anak anda tidak hadir','{\"action\":\"default\",\"module\":\"teacher\\/notif\",\"arguments\":[]}',NULL,0,'2024-03-01 13:35:10','2024-03-01 14:31:35'),(4871,30,6,'absensi hari ini','anak anda tidak hadir','{\"action\":\"default\",\"module\":\"teacher\\/notif\",\"arguments\":[]}',NULL,0,'2024-03-01 13:35:10','2024-03-01 14:31:35'),(4872,32,6,'absensi hari ini','anak anda tidak hadir','{\"action\":\"default\",\"module\":\"teacher\\/notif\",\"arguments\":[]}',NULL,0,'2024-03-01 13:35:10','2024-03-01 14:31:35'),(4873,33,6,'absensi hari ini','anak anda tidak hadir','{\"action\":\"default\",\"module\":\"teacher\\/notif\",\"arguments\":[]}',NULL,0,'2024-03-01 13:35:10','2024-03-01 14:31:35'),(4874,41,6,'absensi hari ini','anak anda tidak hadir','{\"action\":\"default\",\"module\":\"teacher\\/notif\",\"arguments\":[]}',NULL,0,'2024-03-01 13:37:07','2024-03-01 14:46:53'),(4875,42,6,'absensi hari ini','anak anda tidak hadir','{\"action\":\"default\",\"module\":\"teacher\\/notif\",\"arguments\":[]}',NULL,0,'2024-03-01 13:37:07','2024-03-01 14:46:53'),(4876,3,5,'absensi','murid anda Alya Maharani ijin','{\"action\":\"default\",\"module\":\"teacher\\/notif\",\"arguments\":[]}','{\"data\":[{\"status\":\"ok\",\"id\":\"36fc2678-e952-46b6-ba57-05f1cbf9d17a\"}]}',1,'2024-03-01 13:37:07','2024-03-01 13:37:09'),(4877,3,5,'absen hari ini','anda lupa absen, di jam 10:00-12:00','{\"action\":\"default\",\"module\":\"teacher\\/notif\",\"arguments\":[]}','{\"data\":[{\"status\":\"ok\",\"id\":\"0aae2444-e986-46c7-af2e-fcaf9b1d5616\"}]}',1,'2024-03-01 13:43:50','2024-03-01 13:43:51'),(4878,3,5,'absen hari ini','anda lupa absen, di jam 10:00-12:00','{\"action\":\"default\",\"module\":\"teacher\\/notif\",\"arguments\":[]}','{\"data\":[{\"status\":\"ok\",\"id\":\"4f13de76-a96d-4339-8072-8cebc99d18b1\"}]}',1,'2024-03-01 13:43:56','2024-03-01 13:43:57'),(4879,23,6,'absensi hari ini','anak anda tidak hadir','{\"action\":\"default\",\"module\":\"teacher\\/notif\",\"arguments\":[]}',NULL,0,'2024-03-01 13:44:13','2024-03-01 14:45:39'),(4880,24,6,'absensi hari ini','anak anda tidak hadir','{\"action\":\"default\",\"module\":\"teacher\\/notif\",\"arguments\":[]}',NULL,0,'2024-03-01 13:44:13','2024-03-01 14:45:39'),(4881,3,5,'absensi','murid anda Sofia Pratama tidak hadir','{\"action\":\"default\",\"module\":\"teacher\\/notif\",\"arguments\":[]}','{\"data\":[{\"status\":\"ok\",\"id\":\"509af138-11e9-4957-9713-bb9ddf03b3b7\"}]}',1,'2024-03-01 13:44:13','2024-03-01 13:44:15'),(4882,26,6,'absensi hari ini','anak anda tidak hadir','{\"action\":\"default\",\"module\":\"teacher\\/notif\",\"arguments\":[]}',NULL,0,'2024-03-01 13:44:13','2024-03-01 14:30:58'),(4883,27,6,'absensi hari ini','anak anda tidak hadir','{\"action\":\"default\",\"module\":\"teacher\\/notif\",\"arguments\":[]}',NULL,0,'2024-03-01 13:44:13','2024-03-01 14:30:58'),(4884,32,6,'absensi hari ini','anak anda tidak hadir','{\"action\":\"default\",\"module\":\"teacher\\/notif\",\"arguments\":[]}',NULL,0,'2024-03-01 13:44:14','2024-03-01 14:31:35'),(4885,33,6,'absensi hari ini','anak anda tidak hadir','{\"action\":\"default\",\"module\":\"teacher\\/notif\",\"arguments\":[]}',NULL,0,'2024-03-01 13:44:14','2024-03-01 14:31:35'),(4886,23,6,'absensi hari ini','anak anda tidak hadir','{\"action\":\"default\",\"module\":\"teacher\\/notif\",\"arguments\":[]}',NULL,0,'2024-03-01 13:53:38','2024-03-01 14:45:39'),(4887,24,6,'absensi hari ini','anak anda tidak hadir','{\"action\":\"default\",\"module\":\"teacher\\/notif\",\"arguments\":[]}',NULL,0,'2024-03-01 13:53:38','2024-03-01 14:45:39'),(4888,26,6,'absensi hari ini','anak anda tidak hadir','{\"action\":\"default\",\"module\":\"teacher\\/notif\",\"arguments\":[]}',NULL,0,'2024-03-01 13:53:39','2024-03-01 14:30:58'),(4889,27,6,'absensi hari ini','anak anda tidak hadir','{\"action\":\"default\",\"module\":\"teacher\\/notif\",\"arguments\":[]}',NULL,0,'2024-03-01 13:53:39','2024-03-01 14:30:58'),(4890,3,5,'absensi','murid anda Farhan Pratama tidak hadir','{\"action\":\"default\",\"module\":\"teacher\\/notif\",\"arguments\":[]}','{\"data\":[{\"status\":\"ok\",\"id\":\"d2fbe703-1e62-4042-8351-5dc493f61158\"}]}',1,'2024-03-01 13:53:56','2024-03-01 13:53:57'),(4891,3,5,'absensi','murid anda Alya Cahaya tidak hadir','{\"action\":\"default\",\"module\":\"teacher\\/notif\",\"arguments\":[]}','{\"data\":[{\"status\":\"ok\",\"id\":\"1b979af2-ea94-481b-acd4-54a3f1702245\"}]}',1,'2024-03-01 13:53:56','2024-03-01 13:53:58'),(4892,35,6,'absensi hari ini','anak anda tidak hadir','{\"action\":\"default\",\"module\":\"teacher\\/notif\",\"arguments\":[]}',NULL,0,'2024-03-01 13:53:56','2024-03-01 14:31:35'),(4893,36,6,'absensi hari ini','anak anda tidak hadir','{\"action\":\"default\",\"module\":\"teacher\\/notif\",\"arguments\":[]}',NULL,0,'2024-03-01 13:53:56','2024-03-01 14:31:35'),(4894,3,5,'absensi','murid anda Farhan Cahaya tidak hadir','{\"action\":\"default\",\"module\":\"teacher\\/notif\",\"arguments\":[]}','{\"data\":[{\"status\":\"ok\",\"id\":\"462830f5-12d0-4155-b317-6deefd467ede\"}]}',1,'2024-03-01 13:53:56','2024-03-01 13:53:59'),(4895,3,5,'absen hari ini','anda lupa absen, di jam 12:00-14:00','{\"action\":\"default\",\"module\":\"teacher\\/notif\",\"arguments\":[]}','{\"data\":[{\"status\":\"ok\",\"id\":\"38de032a-bdb6-4ed0-a204-3085b9a94ca4\"}]}',1,'2024-03-01 14:22:36','2024-03-01 14:22:37'),(4896,3,5,'absen hari ini','anda lupa absen, di jam 12:00-14:00','{\"action\":\"default\",\"module\":\"teacher\\/notif\",\"arguments\":[]}','{\"data\":[{\"status\":\"ok\",\"id\":\"c301c1bd-1ae4-462a-8694-96601644ecf2\"}]}',1,'2024-03-01 14:23:30','2024-03-01 14:23:31'),(4897,3,5,'absen hari ini','anda lupa absen, di jam 12:00-14:00','{\"action\":\"default\",\"module\":\"teacher\\/notif\",\"arguments\":[]}','{\"data\":[{\"status\":\"ok\",\"id\":\"980655b8-d7a7-44f7-b96c-4ba2bcd088ed\"}]}',1,'2024-03-01 14:23:52','2024-03-01 14:23:53'),(4898,3,5,'absen hari ini','anda lupa absen, di jam 12:00-14:00','{\"action\":\"default\",\"module\":\"teacher\\/notif\",\"arguments\":[]}','{\"data\":[{\"status\":\"ok\",\"id\":\"d430ebcb-78c2-459d-a5f6-a3e34d5eb92a\"}]}',1,'2024-03-01 14:24:34','2024-03-01 14:24:34'),(4899,3,5,'absen hari ini','anda lupa absen, di jam 12:00-14:00','{\"action\":\"default\",\"module\":\"teacher\\/notif\",\"arguments\":[]}','{\"data\":[{\"status\":\"ok\",\"id\":\"2c47f4c8-4b34-4f44-978e-8bce180496f7\"}]}',1,'2024-03-01 14:25:54','2024-03-01 14:25:54'),(4900,3,5,'absen hari ini','anda lupa absen, di jam 12:00-14:00','{\"action\":\"default\",\"module\":\"teacher\\/notif\",\"arguments\":[]}','{\"data\":[{\"status\":\"ok\",\"id\":\"f53be361-5b9d-4020-823e-b4adebd63805\"}]}',1,'2024-03-01 14:26:40','2024-03-01 14:26:41'),(4901,104,6,'absensi hari ini','anak anda tidak hadir','{\"action\":\"default\",\"module\":\"teacher\\/notif\",\"arguments\":[]}',NULL,0,'2024-03-01 14:27:22','2024-03-01 14:46:54'),(4902,105,6,'absensi hari ini','anak anda tidak hadir','{\"action\":\"default\",\"module\":\"teacher\\/notif\",\"arguments\":[]}',NULL,0,'2024-03-01 14:27:22','2024-03-01 14:46:54'),(4903,107,6,'absensi hari ini','anak anda tidak hadir','{\"action\":\"default\",\"module\":\"teacher\\/notif\",\"arguments\":[]}',NULL,0,'2024-03-01 14:27:22','2024-03-01 14:46:54'),(4904,108,6,'absensi hari ini','anak anda tidak hadir','{\"action\":\"default\",\"module\":\"teacher\\/notif\",\"arguments\":[]}',NULL,0,'2024-03-01 14:27:22','2024-03-01 14:46:54'),(4905,3,5,'absensi','murid anda Sofia Putra tidak hadir','{\"action\":\"default\",\"module\":\"teacher\\/notif\",\"arguments\":[]}','{\"data\":[{\"status\":\"ok\",\"id\":\"4d210153-fc1d-4bae-b3a1-0f5bb4f258b4\"}]}',1,'2024-03-01 14:27:22','2024-03-01 14:27:24'),(4906,110,6,'absensi hari ini','anak anda tidak hadir','{\"action\":\"default\",\"module\":\"teacher\\/notif\",\"arguments\":[]}',NULL,0,'2024-03-01 14:27:22','2024-03-01 14:44:32'),(4907,111,6,'absensi hari ini','anak anda tidak hadir','{\"action\":\"default\",\"module\":\"teacher\\/notif\",\"arguments\":[]}',NULL,0,'2024-03-01 14:27:22','2024-03-01 14:44:32'),(4908,3,5,'absen hari ini','anda lupa absen, di jam 12:00-14:00','{\"action\":\"default\",\"module\":\"teacher\\/notif\",\"arguments\":[]}','{\"data\":[{\"status\":\"ok\",\"id\":\"b797f047-600c-4cb2-9d34-02e46e973c9c\"}]}',1,'2024-03-01 14:28:01','2024-03-01 14:28:01'),(4909,3,5,'absen hari ini','anda lupa absen, di jam 12:00-14:00','{\"action\":\"default\",\"module\":\"teacher\\/notif\",\"arguments\":[]}','{\"data\":[{\"status\":\"ok\",\"id\":\"606f7564-a64a-40c8-8172-c372107514e4\"}]}',1,'2024-03-01 14:28:16','2024-03-01 14:28:17'),(4910,83,6,'absensi hari ini','anak anda tidak hadir','{\"action\":\"default\",\"module\":\"teacher\\/notif\",\"arguments\":[]}',NULL,0,'2024-03-01 14:28:33','2024-03-01 14:46:54'),(4911,84,6,'absensi hari ini','anak anda tidak hadir','{\"action\":\"default\",\"module\":\"teacher\\/notif\",\"arguments\":[]}',NULL,0,'2024-03-01 14:28:33','2024-03-01 14:46:54'),(4912,3,5,'absensi','murid anda Sofia Maharani tidak hadir','{\"action\":\"default\",\"module\":\"teacher\\/notif\",\"arguments\":[]}','{\"data\":[{\"status\":\"ok\",\"id\":\"e14393e2-12e0-4ade-97d6-510ccc93d10b\"}]}',1,'2024-03-01 14:28:33','2024-03-01 14:28:35'),(4913,86,6,'absensi hari ini','anak anda tidak hadir','{\"action\":\"default\",\"module\":\"teacher\\/notif\",\"arguments\":[]}',NULL,0,'2024-03-01 14:28:33','2024-03-01 14:46:54'),(4914,87,6,'absensi hari ini','anak anda tidak hadir','{\"action\":\"default\",\"module\":\"teacher\\/notif\",\"arguments\":[]}',NULL,0,'2024-03-01 14:28:33','2024-03-01 14:46:54'),(4915,3,5,'absensi','murid anda Rafa Pratama tidak hadir','{\"action\":\"default\",\"module\":\"teacher\\/notif\",\"arguments\":[]}','{\"data\":[{\"status\":\"ok\",\"id\":\"f396e64d-40ac-4884-bd47-8e9cc15450ed\"}]}',1,'2024-03-01 14:28:33','2024-03-01 14:28:35'),(4916,71,6,'absensi hari ini','anak anda tidak hadir','{\"action\":\"default\",\"module\":\"teacher\\/notif\",\"arguments\":[]}',NULL,0,'2024-03-01 14:29:51','2024-03-01 14:46:54'),(4917,72,6,'absensi hari ini','anak anda tidak hadir','{\"action\":\"default\",\"module\":\"teacher\\/notif\",\"arguments\":[]}',NULL,0,'2024-03-01 14:29:51','2024-03-01 14:46:54'),(4918,95,6,'absensi hari ini','anak anda tidak hadir','{\"action\":\"default\",\"module\":\"teacher\\/notif\",\"arguments\":[]}',NULL,0,'2024-03-01 14:30:21','2024-03-01 14:46:54'),(4919,96,6,'absensi hari ini','anak anda tidak hadir','{\"action\":\"default\",\"module\":\"teacher\\/notif\",\"arguments\":[]}',NULL,0,'2024-03-01 14:30:21','2024-03-01 14:46:54'),(4920,3,5,'absensi','murid anda Rafa Wardhana tidak hadir','{\"action\":\"default\",\"module\":\"teacher\\/notif\",\"arguments\":[]}','{\"data\":[{\"status\":\"ok\",\"id\":\"ba230195-761f-473b-8bb4-3ff6a9cf4139\"}]}',1,'2024-03-01 14:30:21','2024-03-01 14:30:22'),(4921,98,6,'absensi hari ini','anak anda tidak hadir','{\"action\":\"default\",\"module\":\"teacher\\/notif\",\"arguments\":[]}',NULL,0,'2024-03-01 14:30:21','2024-03-01 14:46:54'),(4922,99,6,'absensi hari ini','anak anda tidak hadir','{\"action\":\"default\",\"module\":\"teacher\\/notif\",\"arguments\":[]}',NULL,0,'2024-03-01 14:30:21','2024-03-01 14:46:54'),(4923,3,5,'absensi','murid anda Rafa Putra tidak hadir','{\"action\":\"default\",\"module\":\"teacher\\/notif\",\"arguments\":[]}','{\"data\":[{\"status\":\"ok\",\"id\":\"5dd1122d-3f22-42ec-a248-5a3d487d3869\"}]}',1,'2024-03-01 14:30:21','2024-03-01 14:30:24'),(4924,56,6,'absensi hari ini','anak anda tidak hadir','{\"action\":\"default\",\"module\":\"teacher\\/notif\",\"arguments\":[]}',NULL,0,'2024-03-01 14:31:18','2024-03-01 14:46:54'),(4925,57,6,'absensi hari ini','anak anda tidak hadir','{\"action\":\"default\",\"module\":\"teacher\\/notif\",\"arguments\":[]}',NULL,0,'2024-03-01 14:31:18','2024-03-01 14:46:54'),(4926,59,6,'absensi hari ini','anak anda tidak hadir','{\"action\":\"default\",\"module\":\"teacher\\/notif\",\"arguments\":[]}',NULL,0,'2024-03-01 14:31:18','2024-03-01 14:46:54'),(4927,60,6,'absensi hari ini','anak anda tidak hadir','{\"action\":\"default\",\"module\":\"teacher\\/notif\",\"arguments\":[]}',NULL,0,'2024-03-01 14:31:18','2024-03-01 14:46:54'),(4928,47,6,'absensi hari ini','anak anda tidak hadir','{\"action\":\"default\",\"module\":\"teacher\\/notif\",\"arguments\":[]}',NULL,0,'2024-03-01 14:31:49','2024-03-01 14:31:49'),(4929,48,6,'absensi hari ini','anak anda tidak hadir','{\"action\":\"default\",\"module\":\"teacher\\/notif\",\"arguments\":[]}',NULL,0,'2024-03-01 14:31:49','2024-03-01 14:31:49'),(4930,3,5,'absensi','murid anda Alya Wardhana tidak hadir','{\"action\":\"default\",\"module\":\"teacher\\/notif\",\"arguments\":[]}','{\"data\":[{\"status\":\"ok\",\"id\":\"12c63a6b-f1df-4807-8b04-46c834bb9d29\"}]}',1,'2024-03-01 14:31:49','2024-03-01 14:31:51'),(4931,74,6,'absensi hari ini','anak anda tidak hadir','{\"action\":\"default\",\"module\":\"teacher\\/notif\",\"arguments\":[]}',NULL,0,'2024-03-01 14:38:00','2024-03-01 14:46:54'),(4932,75,6,'absensi hari ini','anak anda tidak hadir','{\"action\":\"default\",\"module\":\"teacher\\/notif\",\"arguments\":[]}',NULL,0,'2024-03-01 14:38:00','2024-03-01 14:46:54'),(4933,3,5,'absensi','murid anda Alya Pratama tidak hadir','{\"action\":\"default\",\"module\":\"teacher\\/notif\",\"arguments\":[]}','{\"data\":[{\"status\":\"ok\",\"id\":\"7e696702-327d-4b51-bf6e-be5cfdb76c6a\"}]}',1,'2024-03-01 14:38:00','2024-03-01 14:38:01'),(4934,68,6,'absensi hari ini','anak anda tidak hadir','{\"action\":\"default\",\"module\":\"teacher\\/notif\",\"arguments\":[]}',NULL,0,'2024-03-01 14:44:24','2024-03-01 14:46:54'),(4935,69,6,'absensi hari ini','anak anda tidak hadir','{\"action\":\"default\",\"module\":\"teacher\\/notif\",\"arguments\":[]}',NULL,0,'2024-03-01 14:44:24','2024-03-01 14:46:54'),(4936,62,6,'absensi hari ini','anak anda tidak hadir','{\"action\":\"default\",\"module\":\"teacher\\/notif\",\"arguments\":[]}',NULL,0,'2024-03-01 14:44:43','2024-03-01 14:46:54'),(4937,63,6,'absensi hari ini','anak anda tidak hadir','{\"action\":\"default\",\"module\":\"teacher\\/notif\",\"arguments\":[]}',NULL,0,'2024-03-01 14:44:43','2024-03-01 14:46:54'),(4938,65,6,'absensi hari ini','anak anda tidak hadir','{\"action\":\"default\",\"module\":\"teacher\\/notif\",\"arguments\":[]}',NULL,0,'2024-03-01 14:44:43','2024-03-01 14:46:54'),(4939,66,6,'absensi hari ini','anak anda tidak hadir','{\"action\":\"default\",\"module\":\"teacher\\/notif\",\"arguments\":[]}',NULL,0,'2024-03-01 14:44:43','2024-03-01 14:46:54'),(4940,3,5,'absensi','murid anda Farhan Wardhana tidak hadir','{\"action\":\"default\",\"module\":\"teacher\\/notif\",\"arguments\":[]}','{\"data\":[{\"status\":\"ok\",\"id\":\"45d83284-7d10-457e-83d7-5e1025fc0e1a\"}]}',1,'2024-03-01 14:44:43','2024-03-01 14:44:45'),(4941,77,6,'absensi hari ini','anak anda tidak hadir','{\"action\":\"default\",\"module\":\"teacher\\/notif\",\"arguments\":[]}',NULL,0,'2024-03-01 14:45:32','2024-03-01 14:46:54'),(4942,78,6,'absensi hari ini','anak anda tidak hadir','{\"action\":\"default\",\"module\":\"teacher\\/notif\",\"arguments\":[]}',NULL,0,'2024-03-01 14:45:32','2024-03-01 14:46:54'),(4943,80,6,'absensi hari ini','anak anda tidak hadir','{\"action\":\"default\",\"module\":\"teacher\\/notif\",\"arguments\":[]}',NULL,0,'2024-03-01 14:45:32','2024-03-01 14:46:54'),(4944,81,6,'absensi hari ini','anak anda tidak hadir','{\"action\":\"default\",\"module\":\"teacher\\/notif\",\"arguments\":[]}',NULL,0,'2024-03-01 14:45:32','2024-03-01 14:46:54'),(4945,3,5,'absensi','murid anda Rafa Cahaya tidak hadir','{\"action\":\"default\",\"module\":\"teacher\\/notif\",\"arguments\":[]}','{\"data\":[{\"status\":\"ok\",\"id\":\"8abdf30a-b8b8-42d2-8eb4-b8a4ba18a380\"}]}',1,'2024-03-01 14:45:32','2024-03-01 14:45:33'),(4946,44,6,'absensi hari ini','anak anda tidak hadir','{\"action\":\"default\",\"module\":\"teacher\\/notif\",\"arguments\":[]}',NULL,0,'2024-03-01 14:45:51','2024-03-01 14:46:53'),(4947,45,6,'absensi hari ini','anak anda tidak hadir','{\"action\":\"default\",\"module\":\"teacher\\/notif\",\"arguments\":[]}',NULL,0,'2024-03-01 14:45:51','2024-03-01 14:46:53'),(4948,3,5,'absensi','murid anda Rafa Maharani tidak hadir','{\"action\":\"default\",\"module\":\"teacher\\/notif\",\"arguments\":[]}','{\"data\":[{\"status\":\"ok\",\"id\":\"83d27aa8-c002-4093-9618-51cb4136892e\"}]}',1,'2024-03-01 14:45:51','2024-03-01 14:45:52'),(4949,50,6,'absensi hari ini','anak anda tidak hadir','{\"action\":\"default\",\"module\":\"teacher\\/notif\",\"arguments\":[]}',NULL,0,'2024-03-01 14:46:53','2024-03-01 14:46:53'),(4950,51,6,'absensi hari ini','anak anda tidak hadir','{\"action\":\"default\",\"module\":\"teacher\\/notif\",\"arguments\":[]}',NULL,0,'2024-03-01 14:46:53','2024-03-01 14:46:53'),(4951,3,5,'absensi','murid anda Rizky Wardhana tidak hadir','{\"action\":\"default\",\"module\":\"teacher\\/notif\",\"arguments\":[]}','{\"data\":[{\"status\":\"ok\",\"id\":\"e28c9fc5-6bd5-4319-8381-150ac89cb693\"}]}',1,'2024-03-01 14:46:53','2024-03-01 14:46:55'),(4952,53,6,'absensi hari ini','anak anda tidak hadir','{\"action\":\"default\",\"module\":\"teacher\\/notif\",\"arguments\":[]}',NULL,0,'2024-03-01 14:46:54','2024-03-01 14:46:54'),(4953,54,6,'absensi hari ini','anak anda tidak hadir','{\"action\":\"default\",\"module\":\"teacher\\/notif\",\"arguments\":[]}',NULL,0,'2024-03-01 14:46:54','2024-03-01 14:46:54'),(4954,3,5,'absensi','murid anda Sofia Wardhana tidak hadir','{\"action\":\"default\",\"module\":\"teacher\\/notif\",\"arguments\":[]}','{\"data\":[{\"status\":\"ok\",\"id\":\"cdbc8d67-75bd-4aba-a429-088a6bb83db9\"}]}',1,'2024-03-01 14:46:54','2024-03-01 14:46:56'),(4955,89,6,'absensi hari ini','anak anda tidak hadir','{\"action\":\"default\",\"module\":\"teacher\\/notif\",\"arguments\":[]}',NULL,0,'2024-03-01 14:46:54','2024-03-01 14:46:54'),(4956,90,6,'absensi hari ini','anak anda tidak hadir','{\"action\":\"default\",\"module\":\"teacher\\/notif\",\"arguments\":[]}',NULL,0,'2024-03-01 14:46:54','2024-03-01 14:46:54'),(4957,92,6,'absensi hari ini','anak anda tidak hadir','{\"action\":\"default\",\"module\":\"teacher\\/notif\",\"arguments\":[]}',NULL,0,'2024-03-01 14:46:54','2024-03-01 14:46:54'),(4958,93,6,'absensi hari ini','anak anda tidak hadir','{\"action\":\"default\",\"module\":\"teacher\\/notif\",\"arguments\":[]}',NULL,0,'2024-03-01 14:46:54','2024-03-01 14:46:54'),(4959,3,5,'absensi','murid anda Rizky Maharani tidak hadir','{\"action\":\"default\",\"module\":\"teacher\\/notif\",\"arguments\":[]}','{\"data\":[{\"status\":\"ok\",\"id\":\"a5dc341a-9607-4b2b-9105-cc37749d9725\"}]}',1,'2024-03-01 14:46:54','2024-03-01 14:46:57'),(4960,101,6,'absensi hari ini','anak anda tidak hadir','{\"action\":\"default\",\"module\":\"teacher\\/notif\",\"arguments\":[]}',NULL,0,'2024-03-01 14:46:54','2024-03-01 14:46:54'),(4961,102,6,'absensi hari ini','anak anda tidak hadir','{\"action\":\"default\",\"module\":\"teacher\\/notif\",\"arguments\":[]}',NULL,0,'2024-03-01 14:46:54','2024-03-01 14:46:54'),(4962,3,5,'absen hari ini','anda lupa absen, di jam 12:00-14:00','{\"action\":\"default\",\"module\":\"teacher\\/notif\",\"arguments\":[]}','{\"data\":[{\"status\":\"ok\",\"id\":\"f6e4d9bc-a176-446b-969c-dcc6056e9933\"}]}',1,'2024-03-01 14:46:54','2024-03-01 14:46:58'),(4963,3,5,'absen hari ini','anda lupa absen, di jam 12:00-14:00','{\"action\":\"default\",\"module\":\"teacher\\/notif\",\"arguments\":[]}','{\"data\":[{\"status\":\"ok\",\"id\":\"cb44194e-a904-4f3f-9449-f72f25ade7ae\"}]}',1,'2024-03-01 14:50:36','2024-03-01 14:50:37'),(4964,3,5,'absen hari ini','anda lupa absen, di jam 12:00-14:00','{\"action\":\"default\",\"module\":\"teacher\\/notif\",\"arguments\":[]}','{\"data\":[{\"status\":\"ok\",\"id\":\"3d89fdef-2d79-47cc-b161-cf514e5b5034\"}]}',1,'2024-03-01 15:16:03','2024-03-01 15:16:04'),(4965,3,5,'absen hari ini','anda lupa absen, di jam 12:00-14:00','{\"action\":\"default\",\"module\":\"teacher\\/notif\",\"arguments\":[]}','{\"data\":[{\"status\":\"ok\",\"id\":\"c4d78ed4-e0e8-47c7-9079-201c66860bdd\"}]}',1,'2024-03-01 15:28:50','2024-03-01 15:28:51'),(4966,3,5,'absen hari ini','anda lupa absen, di jam 12:00-14:00','{\"action\":\"default\",\"module\":\"teacher\\/notif\",\"arguments\":[]}','{\"data\":[{\"status\":\"ok\",\"id\":\"cc695feb-b379-45e9-bb8f-a1ab97b85a9b\"}]}',1,'2024-03-01 15:28:58','2024-03-01 15:28:59'),(4967,3,5,'absen hari ini','anda lupa absen, di jam 12:00-14:00','{\"action\":\"default\",\"module\":\"teacher\\/notif\",\"arguments\":[]}','{\"data\":[{\"status\":\"ok\",\"id\":\"e931ba86-d003-4bbc-b50a-5c26c7e98c31\"}]}',1,'2024-03-01 15:33:31','2024-03-01 15:33:34'),(4968,3,5,'absen hari ini','anda lupa absen, di jam 12:00-14:00','{\"action\":\"default\",\"module\":\"teacher\\/notif\",\"arguments\":[]}','{\"data\":[{\"status\":\"ok\",\"id\":\"3d14684d-9936-44ee-9799-135373f8ba41\"}]}',1,'2024-03-01 15:36:01','2024-03-01 15:36:02'),(4969,3,5,'iki test sek yo','Ramadan adalah bulan kesembilan dalam kalender Hijriah. Pada bulan ini, umat Muslim di seluruh dunia melakukan ibadah puasa dan memperingati wahyu pertama yang turun kepada Nabi Muhammad menurut keyakinan umat Muslim. Puasa Ramadan merupakan salah satu da','{\"action\":\"default\",\"module\":\"teacher\\/notif\",\"arguments\":[]}','{\"data\":[{\"status\":\"ok\",\"id\":\"2739ad81-a9b9-4cbd-bfd8-8b48f0af4978\"}]}',1,'2024-03-01 15:37:04','2024-03-01 15:37:05'),(4970,4,5,'iki test sek yo','Ramadan adalah bulan kesembilan dalam kalender Hijriah. Pada bulan ini, umat Muslim di seluruh dunia melakukan ibadah puasa dan memperingati wahyu pertama yang turun kepada Nabi Muhammad menurut keyakinan umat Muslim. Puasa Ramadan merupakan salah satu da','{\"action\":\"default\",\"module\":\"teacher\\/notif\",\"arguments\":[]}',NULL,0,'2024-03-01 15:37:04','2024-03-01 15:37:04'),(4971,5,5,'iki test sek yo','Ramadan adalah bulan kesembilan dalam kalender Hijriah. Pada bulan ini, umat Muslim di seluruh dunia melakukan ibadah puasa dan memperingati wahyu pertama yang turun kepada Nabi Muhammad menurut keyakinan umat Muslim. Puasa Ramadan merupakan salah satu da','{\"action\":\"default\",\"module\":\"teacher\\/notif\",\"arguments\":[]}',NULL,0,'2024-03-01 15:37:04','2024-03-01 15:37:04'),(4972,6,5,'iki test sek yo','Ramadan adalah bulan kesembilan dalam kalender Hijriah. Pada bulan ini, umat Muslim di seluruh dunia melakukan ibadah puasa dan memperingati wahyu pertama yang turun kepada Nabi Muhammad menurut keyakinan umat Muslim. Puasa Ramadan merupakan salah satu da','{\"action\":\"default\",\"module\":\"teacher\\/notif\",\"arguments\":[]}',NULL,0,'2024-03-01 15:37:04','2024-03-01 15:37:04'),(4973,7,5,'iki test sek yo','Ramadan adalah bulan kesembilan dalam kalender Hijriah. Pada bulan ini, umat Muslim di seluruh dunia melakukan ibadah puasa dan memperingati wahyu pertama yang turun kepada Nabi Muhammad menurut keyakinan umat Muslim. Puasa Ramadan merupakan salah satu da','{\"action\":\"default\",\"module\":\"teacher\\/notif\",\"arguments\":[]}',NULL,0,'2024-03-01 15:37:04','2024-03-01 15:37:04'),(4974,8,5,'iki test sek yo','Ramadan adalah bulan kesembilan dalam kalender Hijriah. Pada bulan ini, umat Muslim di seluruh dunia melakukan ibadah puasa dan memperingati wahyu pertama yang turun kepada Nabi Muhammad menurut keyakinan umat Muslim. Puasa Ramadan merupakan salah satu da','{\"action\":\"default\",\"module\":\"teacher\\/notif\",\"arguments\":[]}',NULL,0,'2024-03-01 15:37:04','2024-03-01 15:37:04'),(4975,9,5,'iki test sek yo','Ramadan adalah bulan kesembilan dalam kalender Hijriah. Pada bulan ini, umat Muslim di seluruh dunia melakukan ibadah puasa dan memperingati wahyu pertama yang turun kepada Nabi Muhammad menurut keyakinan umat Muslim. Puasa Ramadan merupakan salah satu da','{\"action\":\"default\",\"module\":\"teacher\\/notif\",\"arguments\":[]}',NULL,0,'2024-03-01 15:37:04','2024-03-01 15:37:04'),(4976,10,5,'iki test sek yo','Ramadan adalah bulan kesembilan dalam kalender Hijriah. Pada bulan ini, umat Muslim di seluruh dunia melakukan ibadah puasa dan memperingati wahyu pertama yang turun kepada Nabi Muhammad menurut keyakinan umat Muslim. Puasa Ramadan merupakan salah satu da','{\"action\":\"default\",\"module\":\"teacher\\/notif\",\"arguments\":[]}',NULL,0,'2024-03-01 15:37:04','2024-03-01 15:37:04'),(4977,11,5,'iki test sek yo','Ramadan adalah bulan kesembilan dalam kalender Hijriah. Pada bulan ini, umat Muslim di seluruh dunia melakukan ibadah puasa dan memperingati wahyu pertama yang turun kepada Nabi Muhammad menurut keyakinan umat Muslim. Puasa Ramadan merupakan salah satu da','{\"action\":\"default\",\"module\":\"teacher\\/notif\",\"arguments\":[]}',NULL,0,'2024-03-01 15:37:04','2024-03-01 15:37:04'),(4978,12,5,'iki test sek yo','Ramadan adalah bulan kesembilan dalam kalender Hijriah. Pada bulan ini, umat Muslim di seluruh dunia melakukan ibadah puasa dan memperingati wahyu pertama yang turun kepada Nabi Muhammad menurut keyakinan umat Muslim. Puasa Ramadan merupakan salah satu da','{\"action\":\"default\",\"module\":\"teacher\\/notif\",\"arguments\":[]}',NULL,0,'2024-03-01 15:37:04','2024-03-01 15:37:04'),(4979,13,5,'iki test sek yo','Ramadan adalah bulan kesembilan dalam kalender Hijriah. Pada bulan ini, umat Muslim di seluruh dunia melakukan ibadah puasa dan memperingati wahyu pertama yang turun kepada Nabi Muhammad menurut keyakinan umat Muslim. Puasa Ramadan merupakan salah satu da','{\"action\":\"default\",\"module\":\"teacher\\/notif\",\"arguments\":[]}',NULL,0,'2024-03-01 15:37:04','2024-03-01 15:37:04'),(4980,14,5,'iki test sek yo','Ramadan adalah bulan kesembilan dalam kalender Hijriah. Pada bulan ini, umat Muslim di seluruh dunia melakukan ibadah puasa dan memperingati wahyu pertama yang turun kepada Nabi Muhammad menurut keyakinan umat Muslim. Puasa Ramadan merupakan salah satu da','{\"action\":\"default\",\"module\":\"teacher\\/notif\",\"arguments\":[]}',NULL,0,'2024-03-01 15:37:04','2024-03-01 15:37:04'),(4981,15,5,'iki test sek yo','Ramadan adalah bulan kesembilan dalam kalender Hijriah. Pada bulan ini, umat Muslim di seluruh dunia melakukan ibadah puasa dan memperingati wahyu pertama yang turun kepada Nabi Muhammad menurut keyakinan umat Muslim. Puasa Ramadan merupakan salah satu da','{\"action\":\"default\",\"module\":\"teacher\\/notif\",\"arguments\":[]}',NULL,0,'2024-03-01 15:37:04','2024-03-01 15:37:04'),(4982,16,5,'iki test sek yo','Ramadan adalah bulan kesembilan dalam kalender Hijriah. Pada bulan ini, umat Muslim di seluruh dunia melakukan ibadah puasa dan memperingati wahyu pertama yang turun kepada Nabi Muhammad menurut keyakinan umat Muslim. Puasa Ramadan merupakan salah satu da','{\"action\":\"default\",\"module\":\"teacher\\/notif\",\"arguments\":[]}',NULL,0,'2024-03-01 15:37:04','2024-03-01 15:37:04'),(4983,17,5,'iki test sek yo','Ramadan adalah bulan kesembilan dalam kalender Hijriah. Pada bulan ini, umat Muslim di seluruh dunia melakukan ibadah puasa dan memperingati wahyu pertama yang turun kepada Nabi Muhammad menurut keyakinan umat Muslim. Puasa Ramadan merupakan salah satu da','{\"action\":\"default\",\"module\":\"teacher\\/notif\",\"arguments\":[]}',NULL,0,'2024-03-01 15:37:04','2024-03-01 15:37:04'),(4984,18,5,'iki test sek yo','Ramadan adalah bulan kesembilan dalam kalender Hijriah. Pada bulan ini, umat Muslim di seluruh dunia melakukan ibadah puasa dan memperingati wahyu pertama yang turun kepada Nabi Muhammad menurut keyakinan umat Muslim. Puasa Ramadan merupakan salah satu da','{\"action\":\"default\",\"module\":\"teacher\\/notif\",\"arguments\":[]}',NULL,0,'2024-03-01 15:37:04','2024-03-01 15:37:04'),(4985,19,5,'iki test sek yo','Ramadan adalah bulan kesembilan dalam kalender Hijriah. Pada bulan ini, umat Muslim di seluruh dunia melakukan ibadah puasa dan memperingati wahyu pertama yang turun kepada Nabi Muhammad menurut keyakinan umat Muslim. Puasa Ramadan merupakan salah satu da','{\"action\":\"default\",\"module\":\"teacher\\/notif\",\"arguments\":[]}',NULL,0,'2024-03-01 15:37:04','2024-03-01 15:37:04'),(4986,20,5,'iki test sek yo','Ramadan adalah bulan kesembilan dalam kalender Hijriah. Pada bulan ini, umat Muslim di seluruh dunia melakukan ibadah puasa dan memperingati wahyu pertama yang turun kepada Nabi Muhammad menurut keyakinan umat Muslim. Puasa Ramadan merupakan salah satu da','{\"action\":\"default\",\"module\":\"teacher\\/notif\",\"arguments\":[]}',NULL,0,'2024-03-01 15:37:04','2024-03-01 15:37:04'),(4987,21,5,'iki test sek yo','Ramadan adalah bulan kesembilan dalam kalender Hijriah. Pada bulan ini, umat Muslim di seluruh dunia melakukan ibadah puasa dan memperingati wahyu pertama yang turun kepada Nabi Muhammad menurut keyakinan umat Muslim. Puasa Ramadan merupakan salah satu da','{\"action\":\"default\",\"module\":\"teacher\\/notif\",\"arguments\":[]}',NULL,0,'2024-03-01 15:37:04','2024-03-01 15:37:04'),(4988,22,5,'iki test sek yo','Ramadan adalah bulan kesembilan dalam kalender Hijriah. Pada bulan ini, umat Muslim di seluruh dunia melakukan ibadah puasa dan memperingati wahyu pertama yang turun kepada Nabi Muhammad menurut keyakinan umat Muslim. Puasa Ramadan merupakan salah satu da','{\"action\":\"default\",\"module\":\"teacher\\/notif\",\"arguments\":[]}',NULL,0,'2024-03-01 15:37:04','2024-03-01 15:37:04'),(4989,3,5,'absen hari ini','anda lupa absen, di jam 12:00-14:00','{\"action\":\"default\",\"module\":\"teacher\\/notif\",\"arguments\":[]}','{\"data\":[{\"status\":\"ok\",\"id\":\"6ee42d5f-3e1b-4779-bf31-1905f35110c7\"}]}',1,'2024-03-01 15:57:33','2024-03-01 15:57:34'),(4990,3,5,'absen hari ini','anda lupa absen, di jam 12:00-14:00','{\"action\":\"default\",\"module\":\"teacher\\/notif\",\"arguments\":[]}','{\"data\":[{\"status\":\"ok\",\"id\":\"f5db1db1-d4dc-448c-ab77-629456ba8922\"}]}',1,'2024-03-01 15:57:46','2024-03-01 15:57:47'),(4991,3,5,'helo','wleeeeeeeeeeeeeeeeeeeeeeeeeeeeeeeeeeeeeeeeeeeeeeeeeeeeeeeeeeeeeeeeeeeeeeeeeeeeeeeeeeeeeeeeeeeeeeeeeeeeeeeeeeeeeeeeeeeeeeeeeeeeeeeeeeeeeeeeeeeeeeeeeeeeeeeeeeeeeeeeeeeeeeeeeeeeeeeeeeeeeeeeeeeeeeeeeeeeeeeeeeeeeeeeeeeeeeeeeeeeeeeeeeeeeeeeeeeeeeeeeeeeeeeeeeeee','{\"action\":\"default\",\"module\":\"teacher\\/notif\",\"arguments\":[]}','{\"data\":[{\"status\":\"ok\",\"id\":\"b5f4bd8a-5408-4c5f-b68d-7e74e153a22a\"}]}',1,'2024-03-01 15:58:23','2024-03-01 15:58:25'),(4992,4,5,'helo','wleeeeeeeeeeeeeeeeeeeeeeeeeeeeeeeeeeeeeeeeeeeeeeeeeeeeeeeeeeeeeeeeeeeeeeeeeeeeeeeeeeeeeeeeeeeeeeeeeeeeeeeeeeeeeeeeeeeeeeeeeeeeeeeeeeeeeeeeeeeeeeeeeeeeeeeeeeeeeeeeeeeeeeeeeeeeeeeeeeeeeeeeeeeeeeeeeeeeeeeeeeeeeeeeeeeeeeeeeeeeeeeeeeeeeeeeeeeeeeeeeeeeeeeeeeeee','{\"action\":\"default\",\"module\":\"teacher\\/notif\",\"arguments\":[]}',NULL,0,'2024-03-01 15:58:23','2024-03-01 15:58:23'),(4993,5,5,'helo','wleeeeeeeeeeeeeeeeeeeeeeeeeeeeeeeeeeeeeeeeeeeeeeeeeeeeeeeeeeeeeeeeeeeeeeeeeeeeeeeeeeeeeeeeeeeeeeeeeeeeeeeeeeeeeeeeeeeeeeeeeeeeeeeeeeeeeeeeeeeeeeeeeeeeeeeeeeeeeeeeeeeeeeeeeeeeeeeeeeeeeeeeeeeeeeeeeeeeeeeeeeeeeeeeeeeeeeeeeeeeeeeeeeeeeeeeeeeeeeeeeeeeeeeeeeeee','{\"action\":\"default\",\"module\":\"teacher\\/notif\",\"arguments\":[]}',NULL,0,'2024-03-01 15:58:23','2024-03-01 15:58:23'),(4994,6,5,'helo','wleeeeeeeeeeeeeeeeeeeeeeeeeeeeeeeeeeeeeeeeeeeeeeeeeeeeeeeeeeeeeeeeeeeeeeeeeeeeeeeeeeeeeeeeeeeeeeeeeeeeeeeeeeeeeeeeeeeeeeeeeeeeeeeeeeeeeeeeeeeeeeeeeeeeeeeeeeeeeeeeeeeeeeeeeeeeeeeeeeeeeeeeeeeeeeeeeeeeeeeeeeeeeeeeeeeeeeeeeeeeeeeeeeeeeeeeeeeeeeeeeeeeeeeeeeeee','{\"action\":\"default\",\"module\":\"teacher\\/notif\",\"arguments\":[]}',NULL,0,'2024-03-01 15:58:23','2024-03-01 15:58:23'),(4995,7,5,'helo','wleeeeeeeeeeeeeeeeeeeeeeeeeeeeeeeeeeeeeeeeeeeeeeeeeeeeeeeeeeeeeeeeeeeeeeeeeeeeeeeeeeeeeeeeeeeeeeeeeeeeeeeeeeeeeeeeeeeeeeeeeeeeeeeeeeeeeeeeeeeeeeeeeeeeeeeeeeeeeeeeeeeeeeeeeeeeeeeeeeeeeeeeeeeeeeeeeeeeeeeeeeeeeeeeeeeeeeeeeeeeeeeeeeeeeeeeeeeeeeeeeeeeeeeeeeeee','{\"action\":\"default\",\"module\":\"teacher\\/notif\",\"arguments\":[]}',NULL,0,'2024-03-01 15:58:23','2024-03-01 15:58:23'),(4996,8,5,'helo','wleeeeeeeeeeeeeeeeeeeeeeeeeeeeeeeeeeeeeeeeeeeeeeeeeeeeeeeeeeeeeeeeeeeeeeeeeeeeeeeeeeeeeeeeeeeeeeeeeeeeeeeeeeeeeeeeeeeeeeeeeeeeeeeeeeeeeeeeeeeeeeeeeeeeeeeeeeeeeeeeeeeeeeeeeeeeeeeeeeeeeeeeeeeeeeeeeeeeeeeeeeeeeeeeeeeeeeeeeeeeeeeeeeeeeeeeeeeeeeeeeeeeeeeeeeeee','{\"action\":\"default\",\"module\":\"teacher\\/notif\",\"arguments\":[]}',NULL,0,'2024-03-01 15:58:23','2024-03-01 15:58:23'),(4997,9,5,'helo','wleeeeeeeeeeeeeeeeeeeeeeeeeeeeeeeeeeeeeeeeeeeeeeeeeeeeeeeeeeeeeeeeeeeeeeeeeeeeeeeeeeeeeeeeeeeeeeeeeeeeeeeeeeeeeeeeeeeeeeeeeeeeeeeeeeeeeeeeeeeeeeeeeeeeeeeeeeeeeeeeeeeeeeeeeeeeeeeeeeeeeeeeeeeeeeeeeeeeeeeeeeeeeeeeeeeeeeeeeeeeeeeeeeeeeeeeeeeeeeeeeeeeeeeeeeeee','{\"action\":\"default\",\"module\":\"teacher\\/notif\",\"arguments\":[]}',NULL,0,'2024-03-01 15:58:23','2024-03-01 15:58:23'),(4998,10,5,'helo','wleeeeeeeeeeeeeeeeeeeeeeeeeeeeeeeeeeeeeeeeeeeeeeeeeeeeeeeeeeeeeeeeeeeeeeeeeeeeeeeeeeeeeeeeeeeeeeeeeeeeeeeeeeeeeeeeeeeeeeeeeeeeeeeeeeeeeeeeeeeeeeeeeeeeeeeeeeeeeeeeeeeeeeeeeeeeeeeeeeeeeeeeeeeeeeeeeeeeeeeeeeeeeeeeeeeeeeeeeeeeeeeeeeeeeeeeeeeeeeeeeeeeeeeeeeeee','{\"action\":\"default\",\"module\":\"teacher\\/notif\",\"arguments\":[]}',NULL,0,'2024-03-01 15:58:23','2024-03-01 15:58:23'),(4999,11,5,'helo','wleeeeeeeeeeeeeeeeeeeeeeeeeeeeeeeeeeeeeeeeeeeeeeeeeeeeeeeeeeeeeeeeeeeeeeeeeeeeeeeeeeeeeeeeeeeeeeeeeeeeeeeeeeeeeeeeeeeeeeeeeeeeeeeeeeeeeeeeeeeeeeeeeeeeeeeeeeeeeeeeeeeeeeeeeeeeeeeeeeeeeeeeeeeeeeeeeeeeeeeeeeeeeeeeeeeeeeeeeeeeeeeeeeeeeeeeeeeeeeeeeeeeeeeeeeeee','{\"action\":\"default\",\"module\":\"teacher\\/notif\",\"arguments\":[]}',NULL,0,'2024-03-01 15:58:23','2024-03-01 15:58:23'),(5000,12,5,'helo','wleeeeeeeeeeeeeeeeeeeeeeeeeeeeeeeeeeeeeeeeeeeeeeeeeeeeeeeeeeeeeeeeeeeeeeeeeeeeeeeeeeeeeeeeeeeeeeeeeeeeeeeeeeeeeeeeeeeeeeeeeeeeeeeeeeeeeeeeeeeeeeeeeeeeeeeeeeeeeeeeeeeeeeeeeeeeeeeeeeeeeeeeeeeeeeeeeeeeeeeeeeeeeeeeeeeeeeeeeeeeeeeeeeeeeeeeeeeeeeeeeeeeeeeeeeeee','{\"action\":\"default\",\"module\":\"teacher\\/notif\",\"arguments\":[]}',NULL,0,'2024-03-01 15:58:23','2024-03-01 15:58:23'),(5001,13,5,'helo','wleeeeeeeeeeeeeeeeeeeeeeeeeeeeeeeeeeeeeeeeeeeeeeeeeeeeeeeeeeeeeeeeeeeeeeeeeeeeeeeeeeeeeeeeeeeeeeeeeeeeeeeeeeeeeeeeeeeeeeeeeeeeeeeeeeeeeeeeeeeeeeeeeeeeeeeeeeeeeeeeeeeeeeeeeeeeeeeeeeeeeeeeeeeeeeeeeeeeeeeeeeeeeeeeeeeeeeeeeeeeeeeeeeeeeeeeeeeeeeeeeeeeeeeeeeeee','{\"action\":\"default\",\"module\":\"teacher\\/notif\",\"arguments\":[]}',NULL,0,'2024-03-01 15:58:23','2024-03-01 15:58:23'),(5002,14,5,'helo','wleeeeeeeeeeeeeeeeeeeeeeeeeeeeeeeeeeeeeeeeeeeeeeeeeeeeeeeeeeeeeeeeeeeeeeeeeeeeeeeeeeeeeeeeeeeeeeeeeeeeeeeeeeeeeeeeeeeeeeeeeeeeeeeeeeeeeeeeeeeeeeeeeeeeeeeeeeeeeeeeeeeeeeeeeeeeeeeeeeeeeeeeeeeeeeeeeeeeeeeeeeeeeeeeeeeeeeeeeeeeeeeeeeeeeeeeeeeeeeeeeeeeeeeeeeeee','{\"action\":\"default\",\"module\":\"teacher\\/notif\",\"arguments\":[]}',NULL,0,'2024-03-01 15:58:23','2024-03-01 15:58:23'),(5003,15,5,'helo','wleeeeeeeeeeeeeeeeeeeeeeeeeeeeeeeeeeeeeeeeeeeeeeeeeeeeeeeeeeeeeeeeeeeeeeeeeeeeeeeeeeeeeeeeeeeeeeeeeeeeeeeeeeeeeeeeeeeeeeeeeeeeeeeeeeeeeeeeeeeeeeeeeeeeeeeeeeeeeeeeeeeeeeeeeeeeeeeeeeeeeeeeeeeeeeeeeeeeeeeeeeeeeeeeeeeeeeeeeeeeeeeeeeeeeeeeeeeeeeeeeeeeeeeeeeeee','{\"action\":\"default\",\"module\":\"teacher\\/notif\",\"arguments\":[]}',NULL,0,'2024-03-01 15:58:23','2024-03-01 15:58:23'),(5004,16,5,'helo','wleeeeeeeeeeeeeeeeeeeeeeeeeeeeeeeeeeeeeeeeeeeeeeeeeeeeeeeeeeeeeeeeeeeeeeeeeeeeeeeeeeeeeeeeeeeeeeeeeeeeeeeeeeeeeeeeeeeeeeeeeeeeeeeeeeeeeeeeeeeeeeeeeeeeeeeeeeeeeeeeeeeeeeeeeeeeeeeeeeeeeeeeeeeeeeeeeeeeeeeeeeeeeeeeeeeeeeeeeeeeeeeeeeeeeeeeeeeeeeeeeeeeeeeeeeeee','{\"action\":\"default\",\"module\":\"teacher\\/notif\",\"arguments\":[]}',NULL,0,'2024-03-01 15:58:23','2024-03-01 15:58:23'),(5005,17,5,'helo','wleeeeeeeeeeeeeeeeeeeeeeeeeeeeeeeeeeeeeeeeeeeeeeeeeeeeeeeeeeeeeeeeeeeeeeeeeeeeeeeeeeeeeeeeeeeeeeeeeeeeeeeeeeeeeeeeeeeeeeeeeeeeeeeeeeeeeeeeeeeeeeeeeeeeeeeeeeeeeeeeeeeeeeeeeeeeeeeeeeeeeeeeeeeeeeeeeeeeeeeeeeeeeeeeeeeeeeeeeeeeeeeeeeeeeeeeeeeeeeeeeeeeeeeeeeeee','{\"action\":\"default\",\"module\":\"teacher\\/notif\",\"arguments\":[]}',NULL,0,'2024-03-01 15:58:23','2024-03-01 15:58:23'),(5006,18,5,'helo','wleeeeeeeeeeeeeeeeeeeeeeeeeeeeeeeeeeeeeeeeeeeeeeeeeeeeeeeeeeeeeeeeeeeeeeeeeeeeeeeeeeeeeeeeeeeeeeeeeeeeeeeeeeeeeeeeeeeeeeeeeeeeeeeeeeeeeeeeeeeeeeeeeeeeeeeeeeeeeeeeeeeeeeeeeeeeeeeeeeeeeeeeeeeeeeeeeeeeeeeeeeeeeeeeeeeeeeeeeeeeeeeeeeeeeeeeeeeeeeeeeeeeeeeeeeeee','{\"action\":\"default\",\"module\":\"teacher\\/notif\",\"arguments\":[]}',NULL,0,'2024-03-01 15:58:23','2024-03-01 15:58:23'),(5007,19,5,'helo','wleeeeeeeeeeeeeeeeeeeeeeeeeeeeeeeeeeeeeeeeeeeeeeeeeeeeeeeeeeeeeeeeeeeeeeeeeeeeeeeeeeeeeeeeeeeeeeeeeeeeeeeeeeeeeeeeeeeeeeeeeeeeeeeeeeeeeeeeeeeeeeeeeeeeeeeeeeeeeeeeeeeeeeeeeeeeeeeeeeeeeeeeeeeeeeeeeeeeeeeeeeeeeeeeeeeeeeeeeeeeeeeeeeeeeeeeeeeeeeeeeeeeeeeeeeeee','{\"action\":\"default\",\"module\":\"teacher\\/notif\",\"arguments\":[]}',NULL,0,'2024-03-01 15:58:23','2024-03-01 15:58:23'),(5008,20,5,'helo','wleeeeeeeeeeeeeeeeeeeeeeeeeeeeeeeeeeeeeeeeeeeeeeeeeeeeeeeeeeeeeeeeeeeeeeeeeeeeeeeeeeeeeeeeeeeeeeeeeeeeeeeeeeeeeeeeeeeeeeeeeeeeeeeeeeeeeeeeeeeeeeeeeeeeeeeeeeeeeeeeeeeeeeeeeeeeeeeeeeeeeeeeeeeeeeeeeeeeeeeeeeeeeeeeeeeeeeeeeeeeeeeeeeeeeeeeeeeeeeeeeeeeeeeeeeeee','{\"action\":\"default\",\"module\":\"teacher\\/notif\",\"arguments\":[]}',NULL,0,'2024-03-01 15:58:23','2024-03-01 15:58:23'),(5009,21,5,'helo','wleeeeeeeeeeeeeeeeeeeeeeeeeeeeeeeeeeeeeeeeeeeeeeeeeeeeeeeeeeeeeeeeeeeeeeeeeeeeeeeeeeeeeeeeeeeeeeeeeeeeeeeeeeeeeeeeeeeeeeeeeeeeeeeeeeeeeeeeeeeeeeeeeeeeeeeeeeeeeeeeeeeeeeeeeeeeeeeeeeeeeeeeeeeeeeeeeeeeeeeeeeeeeeeeeeeeeeeeeeeeeeeeeeeeeeeeeeeeeeeeeeeeeeeeeeeee','{\"action\":\"default\",\"module\":\"teacher\\/notif\",\"arguments\":[]}',NULL,0,'2024-03-01 15:58:23','2024-03-01 15:58:23'),(5010,22,5,'helo','wleeeeeeeeeeeeeeeeeeeeeeeeeeeeeeeeeeeeeeeeeeeeeeeeeeeeeeeeeeeeeeeeeeeeeeeeeeeeeeeeeeeeeeeeeeeeeeeeeeeeeeeeeeeeeeeeeeeeeeeeeeeeeeeeeeeeeeeeeeeeeeeeeeeeeeeeeeeeeeeeeeeeeeeeeeeeeeeeeeeeeeeeeeeeeeeeeeeeeeeeeeeeeeeeeeeeeeeeeeeeeeeeeeeeeeeeeeeeeeeeeeeeeeeeeeeee','{\"action\":\"default\",\"module\":\"teacher\\/notif\",\"arguments\":[]}',NULL,0,'2024-03-01 15:58:23','2024-03-01 15:58:23'),(5011,3,5,'hello','https://youtu.be/dQw4w9WgXcQ?si=WMRIqr471-x1K-uB','{\"action\":\"default\",\"module\":\"teacher\\/notif\",\"arguments\":[]}','{\"data\":[{\"status\":\"ok\",\"id\":\"ce2035b2-dd67-4f76-87a9-e4bff85612d5\"}]}',1,'2024-03-01 16:00:07','2024-03-01 16:00:08'),(5012,4,5,'hello','https://youtu.be/dQw4w9WgXcQ?si=WMRIqr471-x1K-uB','{\"action\":\"default\",\"module\":\"teacher\\/notif\",\"arguments\":[]}',NULL,0,'2024-03-01 16:00:07','2024-03-01 16:00:07'),(5013,5,5,'hello','https://youtu.be/dQw4w9WgXcQ?si=WMRIqr471-x1K-uB','{\"action\":\"default\",\"module\":\"teacher\\/notif\",\"arguments\":[]}',NULL,0,'2024-03-01 16:00:07','2024-03-01 16:00:07'),(5014,6,5,'hello','https://youtu.be/dQw4w9WgXcQ?si=WMRIqr471-x1K-uB','{\"action\":\"default\",\"module\":\"teacher\\/notif\",\"arguments\":[]}',NULL,0,'2024-03-01 16:00:07','2024-03-01 16:00:07'),(5015,7,5,'hello','https://youtu.be/dQw4w9WgXcQ?si=WMRIqr471-x1K-uB','{\"action\":\"default\",\"module\":\"teacher\\/notif\",\"arguments\":[]}',NULL,0,'2024-03-01 16:00:07','2024-03-01 16:00:07'),(5016,8,5,'hello','https://youtu.be/dQw4w9WgXcQ?si=WMRIqr471-x1K-uB','{\"action\":\"default\",\"module\":\"teacher\\/notif\",\"arguments\":[]}',NULL,0,'2024-03-01 16:00:07','2024-03-01 16:00:07'),(5017,9,5,'hello','https://youtu.be/dQw4w9WgXcQ?si=WMRIqr471-x1K-uB','{\"action\":\"default\",\"module\":\"teacher\\/notif\",\"arguments\":[]}',NULL,0,'2024-03-01 16:00:07','2024-03-01 16:00:07'),(5018,10,5,'hello','https://youtu.be/dQw4w9WgXcQ?si=WMRIqr471-x1K-uB','{\"action\":\"default\",\"module\":\"teacher\\/notif\",\"arguments\":[]}',NULL,0,'2024-03-01 16:00:07','2024-03-01 16:00:07'),(5019,11,5,'hello','https://youtu.be/dQw4w9WgXcQ?si=WMRIqr471-x1K-uB','{\"action\":\"default\",\"module\":\"teacher\\/notif\",\"arguments\":[]}',NULL,0,'2024-03-01 16:00:07','2024-03-01 16:00:07'),(5020,12,5,'hello','https://youtu.be/dQw4w9WgXcQ?si=WMRIqr471-x1K-uB','{\"action\":\"default\",\"module\":\"teacher\\/notif\",\"arguments\":[]}',NULL,0,'2024-03-01 16:00:07','2024-03-01 16:00:07'),(5021,13,5,'hello','https://youtu.be/dQw4w9WgXcQ?si=WMRIqr471-x1K-uB','{\"action\":\"default\",\"module\":\"teacher\\/notif\",\"arguments\":[]}',NULL,0,'2024-03-01 16:00:07','2024-03-01 16:00:07'),(5022,14,5,'hello','https://youtu.be/dQw4w9WgXcQ?si=WMRIqr471-x1K-uB','{\"action\":\"default\",\"module\":\"teacher\\/notif\",\"arguments\":[]}',NULL,0,'2024-03-01 16:00:07','2024-03-01 16:00:07'),(5023,15,5,'hello','https://youtu.be/dQw4w9WgXcQ?si=WMRIqr471-x1K-uB','{\"action\":\"default\",\"module\":\"teacher\\/notif\",\"arguments\":[]}',NULL,0,'2024-03-01 16:00:07','2024-03-01 16:00:07'),(5024,16,5,'hello','https://youtu.be/dQw4w9WgXcQ?si=WMRIqr471-x1K-uB','{\"action\":\"default\",\"module\":\"teacher\\/notif\",\"arguments\":[]}',NULL,0,'2024-03-01 16:00:07','2024-03-01 16:00:07'),(5025,17,5,'hello','https://youtu.be/dQw4w9WgXcQ?si=WMRIqr471-x1K-uB','{\"action\":\"default\",\"module\":\"teacher\\/notif\",\"arguments\":[]}',NULL,0,'2024-03-01 16:00:07','2024-03-01 16:00:07'),(5026,18,5,'hello','https://youtu.be/dQw4w9WgXcQ?si=WMRIqr471-x1K-uB','{\"action\":\"default\",\"module\":\"teacher\\/notif\",\"arguments\":[]}',NULL,0,'2024-03-01 16:00:07','2024-03-01 16:00:07'),(5027,19,5,'hello','https://youtu.be/dQw4w9WgXcQ?si=WMRIqr471-x1K-uB','{\"action\":\"default\",\"module\":\"teacher\\/notif\",\"arguments\":[]}',NULL,0,'2024-03-01 16:00:07','2024-03-01 16:00:07'),(5028,20,5,'hello','https://youtu.be/dQw4w9WgXcQ?si=WMRIqr471-x1K-uB','{\"action\":\"default\",\"module\":\"teacher\\/notif\",\"arguments\":[]}',NULL,0,'2024-03-01 16:00:07','2024-03-01 16:00:07'),(5029,21,5,'hello','https://youtu.be/dQw4w9WgXcQ?si=WMRIqr471-x1K-uB','{\"action\":\"default\",\"module\":\"teacher\\/notif\",\"arguments\":[]}',NULL,0,'2024-03-01 16:00:07','2024-03-01 16:00:07'),(5030,22,5,'hello','https://youtu.be/dQw4w9WgXcQ?si=WMRIqr471-x1K-uB','{\"action\":\"default\",\"module\":\"teacher\\/notif\",\"arguments\":[]}',NULL,0,'2024-03-01 16:00:07','2024-03-01 16:00:07'),(5031,3,5,'absen hari ini','anda lupa absen, di jam 12:00-14:00','{\"action\":\"default\",\"module\":\"teacher\\/notif\",\"arguments\":[]}','{\"data\":[{\"status\":\"ok\",\"id\":\"e8352621-e442-41da-be1f-e7564037c42f\"}]}',1,'2024-03-01 16:00:10','2024-03-01 16:00:12'),(5032,3,5,'absen hari ini','anda lupa absen, di jam 12:00-14:00','{\"action\":\"default\",\"module\":\"teacher\\/notif\",\"arguments\":[]}','{\"data\":[{\"status\":\"ok\",\"id\":\"2cab6d13-5d23-4ad3-9bb6-9877499e48b2\"}]}',1,'2024-03-01 16:00:22','2024-03-01 16:00:23'),(5033,3,5,'absen hari ini','anda lupa absen, di jam 12:00-14:00','{\"action\":\"default\",\"module\":\"teacher\\/notif\",\"arguments\":[]}','{\"data\":[{\"status\":\"ok\",\"id\":\"18cb81c0-0a1d-412e-a167-60d2eb73a808\"}]}',1,'2024-03-01 16:00:30','2024-03-01 16:00:30'),(5034,3,5,'absen hari ini','anda lupa absen, di jam 12:00-14:00','{\"action\":\"default\",\"module\":\"teacher\\/notif\",\"arguments\":[]}','{\"data\":[{\"status\":\"ok\",\"id\":\"b7918ff2-d52f-4d87-ba58-5621e5f7a179\"}]}',1,'2024-03-01 16:01:06','2024-03-01 16:01:07'),(5035,3,5,'absen hari ini','anda lupa absen, di jam 12:00-14:00','{\"action\":\"default\",\"module\":\"teacher\\/notif\",\"arguments\":[]}','{\"data\":[{\"status\":\"ok\",\"id\":\"a4d12c51-1321-4f26-80dc-549c106fb97a\"}]}',1,'2024-03-01 16:01:40','2024-03-01 16:01:40'),(5036,3,5,'absen hari ini','anda lupa absen, di jam 12:00-14:00','{\"action\":\"default\",\"module\":\"teacher\\/notif\",\"arguments\":[]}','{\"data\":[{\"status\":\"ok\",\"id\":\"bfe0a291-295b-420b-9f0c-987ec3e1b114\"}]}',1,'2024-03-01 16:03:24','2024-03-01 16:03:25'),(5037,3,5,'absen hari ini','anda lupa absen, di jam 12:00-14:00','{\"action\":\"default\",\"module\":\"teacher\\/notif\",\"arguments\":[]}','{\"data\":[{\"status\":\"ok\",\"id\":\"fe51cca7-059b-4640-9c5e-39264c07f5d7\"}]}',1,'2024-03-01 16:03:24','2024-03-01 16:03:26'),(5038,3,5,'absen hari ini','anda lupa absen, di jam 12:00-14:00','{\"action\":\"default\",\"module\":\"teacher\\/notif\",\"arguments\":[]}','{\"data\":[{\"status\":\"ok\",\"id\":\"cb96206e-60ff-488c-ac57-5ec8e604b7ee\"}]}',1,'2024-03-01 16:05:43','2024-03-01 16:05:44'),(5039,3,5,'absen hari ini','anda lupa absen, di jam 12:00-14:00','{\"action\":\"default\",\"module\":\"teacher\\/notif\",\"arguments\":[]}','{\"data\":[{\"status\":\"ok\",\"id\":\"1cc9d3ad-090f-42c1-a40b-7c523d35a532\"}]}',1,'2024-03-01 16:05:45','2024-03-01 16:05:46'),(5040,3,5,'absen hari ini','anda lupa absen, di jam 12:00-14:00','{\"action\":\"default\",\"module\":\"teacher\\/notif\",\"arguments\":[]}','{\"data\":[{\"status\":\"ok\",\"id\":\"90d31250-4b8f-4939-a479-a6d9546a3975\"}]}',1,'2024-03-01 16:05:58','2024-03-01 16:06:00'),(5041,3,5,'absen hari ini','anda lupa absen, di jam 12:00-14:00','{\"action\":\"default\",\"module\":\"teacher\\/notif\",\"arguments\":[]}','{\"data\":[{\"status\":\"ok\",\"id\":\"49c61173-0207-4d59-880c-bb6af4eb6483\"}]}',1,'2024-03-01 16:07:30','2024-03-01 16:07:31'),(5042,3,5,'absen hari ini','anda lupa absen, di jam 12:00-14:00','{\"action\":\"default\",\"module\":\"teacher\\/notif\",\"arguments\":[]}','{\"data\":[{\"status\":\"ok\",\"id\":\"b4470e33-5705-4450-9974-23111e3f1a65\"}]}',1,'2024-03-01 16:08:25','2024-03-01 16:08:25'),(5043,3,5,'absen hari ini','anda lupa absen, di jam 12:00-14:00','{\"action\":\"default\",\"module\":\"teacher\\/notif\",\"arguments\":[]}','{\"data\":[{\"status\":\"ok\",\"id\":\"9163d720-f624-48ab-aab5-1aac1054b6de\"}]}',1,'2024-03-01 16:23:39','2024-03-01 16:23:39'),(5044,3,5,'absen hari ini','anda lupa absen, di jam 12:00-14:00','{\"action\":\"default\",\"module\":\"teacher\\/notif\",\"arguments\":[]}','{\"data\":[{\"status\":\"ok\",\"id\":\"3c4ae46d-567d-4d7b-8833-d7a6117b8cea\"}]}',1,'2024-03-01 16:33:59','2024-03-01 16:34:00'),(5045,3,5,'absen hari ini','anda lupa absen, di jam 12:00-14:00','{\"action\":\"default\",\"module\":\"teacher\\/notif\",\"arguments\":[]}','{\"data\":[{\"status\":\"ok\",\"id\":\"b12ed946-e3cb-4102-88f3-2b024ced4d0d\"}]}',1,'2024-03-01 16:37:10','2024-03-01 16:37:12'),(5046,3,5,'absen hari ini','anda lupa absen, di jam 12:00-14:00','{\"action\":\"default\",\"module\":\"teacher\\/notif\",\"arguments\":[]}','{\"data\":[{\"status\":\"ok\",\"id\":\"bb053e18-d065-42d6-afbd-ac878189f692\"}]}',1,'2024-03-01 16:38:05','2024-03-01 16:38:06'),(5047,3,5,'absen hari ini','anda lupa absen, di jam 12:00-14:00','{\"action\":\"default\",\"module\":\"teacher\\/notif\",\"arguments\":[]}','{\"data\":[{\"status\":\"ok\",\"id\":\"cf35991e-7c40-4839-8514-0558bec6108d\"}]}',1,'2024-03-01 16:40:57','2024-03-01 16:40:57'),(5048,3,5,'absen hari ini','anda lupa absen, di jam 12:00-14:00','{\"action\":\"default\",\"module\":\"teacher\\/notif\",\"arguments\":[]}','{\"data\":[{\"status\":\"ok\",\"id\":\"3fb67329-7d16-414f-8877-5ab7024feb3e\"}]}',1,'2024-03-01 16:43:19','2024-03-01 16:43:20'),(5049,3,5,'absen hari ini','anda lupa absen, di jam 12:00-14:00','{\"action\":\"default\",\"module\":\"teacher\\/notif\",\"arguments\":[]}','{\"data\":[{\"status\":\"ok\",\"id\":\"6c94860d-fc15-4653-8c83-414f027aa620\"}]}',1,'2024-03-01 16:43:56','2024-03-01 16:43:57'),(5050,3,5,'absen hari ini','anda lupa absen, di jam 12:00-14:00','{\"action\":\"default\",\"module\":\"teacher\\/notif\",\"arguments\":[]}','{\"data\":[{\"status\":\"ok\",\"id\":\"3f4b7e37-ee14-4eda-8725-0932dd9fbfef\"}]}',1,'2024-03-01 16:46:05','2024-03-01 16:46:06'),(5051,3,5,'absen hari ini','anda lupa absen, di jam 12:00-14:00','{\"action\":\"default\",\"module\":\"teacher\\/notif\",\"arguments\":[]}','{\"data\":[{\"status\":\"ok\",\"id\":\"5ce91204-9710-4d72-aec7-04805385ea45\"}]}',1,'2024-03-01 16:47:46','2024-03-01 16:47:48'),(5052,3,5,'absen hari ini','anda lupa absen, di jam 12:00-14:00','{\"action\":\"default\",\"module\":\"teacher\\/notif\",\"arguments\":[]}','{\"data\":[{\"status\":\"ok\",\"id\":\"82a2fe68-88ea-4a78-9474-5917a6e24543\"}]}',1,'2024-03-01 16:54:33','2024-03-01 16:54:33'),(5053,3,5,'absen hari ini','anda lupa absen, di jam 12:00-14:00','{\"action\":\"default\",\"module\":\"teacher\\/notif\",\"arguments\":[]}','{\"data\":[{\"status\":\"ok\",\"id\":\"60ac753d-a7bd-402a-9613-1ba3ef79419a\"}]}',1,'2024-03-01 16:55:43','2024-03-01 16:55:45'),(5054,3,5,'absen hari ini','anda lupa absen, di jam 12:00-14:00','{\"action\":\"default\",\"module\":\"teacher\\/notif\",\"arguments\":[]}','{\"data\":[{\"status\":\"ok\",\"id\":\"9964d990-45e0-4347-a5e1-ebaaab72b38b\"}]}',1,'2024-03-01 16:57:13','2024-03-01 16:57:14'),(5055,3,5,'absen hari ini','anda lupa absen, di jam 12:00-14:00','{\"action\":\"default\",\"module\":\"teacher\\/notif\",\"arguments\":[]}','{\"data\":[{\"status\":\"ok\",\"id\":\"0a8b6add-f943-4d73-9f3a-54b9b0096ec6\"}]}',1,'2024-03-01 16:58:05','2024-03-01 16:58:06'),(5056,3,5,'absen hari ini','anda lupa absen, di jam 12:00-14:00','{\"action\":\"default\",\"module\":\"teacher\\/notif\",\"arguments\":[]}','{\"data\":[{\"status\":\"ok\",\"id\":\"58f8018b-3c5d-487b-a5e2-ccd17ffb9d01\"}]}',1,'2024-03-01 17:28:00','2024-03-01 17:28:01'),(5057,3,5,'absen hari ini','anda lupa absen, di jam 12:00-14:00','{\"action\":\"default\",\"module\":\"teacher\\/notif\",\"arguments\":[]}','{\"data\":[{\"status\":\"ok\",\"id\":\"a274e87d-1b7b-4742-9073-662e94cd2ea2\"}]}',1,'2024-03-01 17:29:00','2024-03-01 17:29:00'),(5058,3,5,'absen hari ini','anda lupa absen, di jam 12:00-14:00','{\"action\":\"default\",\"module\":\"teacher\\/notif\",\"arguments\":[]}','{\"data\":[{\"status\":\"ok\",\"id\":\"f9e4c9a0-60a7-4315-a75b-91421a4083a9\"}]}',1,'2024-03-01 17:32:30','2024-03-01 17:32:31'),(5059,3,5,'absen hari ini','anda lupa absen, di jam 12:00-14:00','{\"action\":\"default\",\"module\":\"teacher\\/notif\",\"arguments\":[]}','{\"data\":[{\"status\":\"ok\",\"id\":\"a90b866c-3aa7-432e-b498-3ad2e45d0ace\"}]}',1,'2024-03-01 17:33:53','2024-03-01 17:33:54'),(5060,3,5,'absen hari ini','anda lupa absen, di jam 12:00-14:00','{\"action\":\"default\",\"module\":\"teacher\\/notif\",\"arguments\":[]}','{\"data\":[{\"status\":\"ok\",\"id\":\"8b53573d-97a4-4485-83ae-611524326e01\"}]}',1,'2024-03-01 17:40:43','2024-03-01 17:40:44'),(5061,3,5,'absen hari ini','anda lupa absen, di jam 12:00-14:00','{\"action\":\"default\",\"module\":\"teacher\\/notif\",\"arguments\":[]}','{\"data\":[{\"status\":\"ok\",\"id\":\"d5ee45d1-5361-4d24-b983-4dc96df1e704\"}]}',1,'2024-03-01 17:42:26','2024-03-01 17:42:28'),(5062,3,5,'absen hari ini','anda lupa absen, di jam 12:00-14:00','{\"action\":\"default\",\"module\":\"teacher\\/notif\",\"arguments\":[]}','{\"data\":[{\"status\":\"ok\",\"id\":\"d29afec3-0804-431c-9237-2d1148d9c679\"}]}',1,'2024-03-01 17:43:59','2024-03-01 17:44:00'),(5063,3,5,'absen hari ini','anda lupa absen, di jam 12:00-14:00','{\"action\":\"default\",\"module\":\"teacher\\/notif\",\"arguments\":[]}','{\"data\":[{\"status\":\"ok\",\"id\":\"bb8244e7-171e-4c6d-8a5a-79324263be33\"}]}',1,'2024-03-01 17:46:07','2024-03-01 17:46:08'),(5064,3,5,'absen hari ini','anda lupa absen, di jam 12:00-14:00','{\"action\":\"default\",\"module\":\"teacher\\/notif\",\"arguments\":[]}','{\"data\":[{\"status\":\"ok\",\"id\":\"e9395a03-f81c-4908-82dd-8d6ab94b239a\"}]}',1,'2024-03-01 17:47:07','2024-03-01 17:47:08'),(5065,3,5,'absen hari ini','anda lupa absen, di jam 12:00-14:00','{\"action\":\"default\",\"module\":\"teacher\\/notif\",\"arguments\":[]}','{\"data\":[{\"status\":\"ok\",\"id\":\"4f81eba8-fef0-4652-8d1a-8a4b55f09c59\"}]}',1,'2024-03-01 17:49:20','2024-03-01 17:49:21'),(5066,3,5,'absen hari ini','anda lupa absen, di jam 14:00-17:00','{\"action\":\"default\",\"module\":\"teacher\\/notif\",\"arguments\":[]}','{\"data\":[{\"status\":\"ok\",\"id\":\"bf0a6a3d-d172-44fd-ac4d-9644e1ab47e5\"}]}',1,'2024-03-02 18:27:30','2024-03-02 18:27:31'),(5067,3,5,'absen hari ini','anda lupa absen, di jam 07:00-09:00','{\"action\":\"default\",\"module\":\"teacher\\/notif\",\"arguments\":[]}','{\"data\":[{\"status\":\"ok\",\"id\":\"d702553b-02f6-4912-b500-beacb665ec39\"}]}',1,'2024-03-03 10:38:05','2024-03-03 10:38:06'),(5068,23,6,'absensi hari ini','anak anda berangkat','{\"action\":\"default\",\"module\":\"teacher\\/notif\",\"arguments\":[]}',NULL,0,'2024-03-03 10:38:28','2024-03-03 11:27:19'),(5069,24,6,'absensi hari ini','anak anda berangkat','{\"action\":\"default\",\"module\":\"teacher\\/notif\",\"arguments\":[]}',NULL,0,'2024-03-03 10:38:28','2024-03-03 11:27:19'),(5070,3,5,'absensi','murid anda Sofia Pratama tidak hadir','{\"action\":\"default\",\"module\":\"teacher\\/notif\",\"arguments\":[]}','{\"data\":[{\"status\":\"ok\",\"id\":\"9b9a3a24-1700-489f-ac40-f804a8f62406\"}]}',1,'2024-03-03 10:38:28','2024-03-03 10:38:30'),(5071,3,5,'absen hari ini','anda lupa absen, di jam 08:00-09:00','{\"action\":\"default\",\"module\":\"teacher\\/notif\",\"arguments\":[]}','{\"data\":[{\"status\":\"ok\",\"id\":\"aae66d79-0485-4b3d-b29e-eff6bbaf653e\"}]}',1,'2024-03-04 09:13:39','2024-03-04 09:13:40'),(5072,3,5,'selamat siang teman teman!!','Kudus adalah sebuah kecamatan dan ibu kota yang menjadi pusat pemerintahan dan perekonomian dari Kabupaten Kudus di provinsi Jawa Tengah, Indonesia.','{\"action\":\"default\",\"module\":\"teacher\\/notif\",\"arguments\":[]}','{\"data\":[{\"status\":\"ok\",\"id\":\"757aa111-695a-45dd-9b43-60e9a45f817c\"}]}',1,'2024-03-04 12:39:01','2024-03-04 12:39:01'),(5073,4,5,'selamat siang teman teman!!','Kudus adalah sebuah kecamatan dan ibu kota yang menjadi pusat pemerintahan dan perekonomian dari Kabupaten Kudus di provinsi Jawa Tengah, Indonesia.','{\"action\":\"default\",\"module\":\"teacher\\/notif\",\"arguments\":[]}',NULL,0,'2024-03-04 12:39:01','2024-03-04 12:39:01'),(5074,5,5,'selamat siang teman teman!!','Kudus adalah sebuah kecamatan dan ibu kota yang menjadi pusat pemerintahan dan perekonomian dari Kabupaten Kudus di provinsi Jawa Tengah, Indonesia.','{\"action\":\"default\",\"module\":\"teacher\\/notif\",\"arguments\":[]}',NULL,0,'2024-03-04 12:39:01','2024-03-04 12:39:01'),(5075,6,5,'selamat siang teman teman!!','Kudus adalah sebuah kecamatan dan ibu kota yang menjadi pusat pemerintahan dan perekonomian dari Kabupaten Kudus di provinsi Jawa Tengah, Indonesia.','{\"action\":\"default\",\"module\":\"teacher\\/notif\",\"arguments\":[]}',NULL,0,'2024-03-04 12:39:01','2024-03-04 12:39:01'),(5076,7,5,'selamat siang teman teman!!','Kudus adalah sebuah kecamatan dan ibu kota yang menjadi pusat pemerintahan dan perekonomian dari Kabupaten Kudus di provinsi Jawa Tengah, Indonesia.','{\"action\":\"default\",\"module\":\"teacher\\/notif\",\"arguments\":[]}',NULL,0,'2024-03-04 12:39:01','2024-03-04 12:39:01'),(5077,8,5,'selamat siang teman teman!!','Kudus adalah sebuah kecamatan dan ibu kota yang menjadi pusat pemerintahan dan perekonomian dari Kabupaten Kudus di provinsi Jawa Tengah, Indonesia.','{\"action\":\"default\",\"module\":\"teacher\\/notif\",\"arguments\":[]}',NULL,0,'2024-03-04 12:39:01','2024-03-04 12:39:01'),(5078,9,5,'selamat siang teman teman!!','Kudus adalah sebuah kecamatan dan ibu kota yang menjadi pusat pemerintahan dan perekonomian dari Kabupaten Kudus di provinsi Jawa Tengah, Indonesia.','{\"action\":\"default\",\"module\":\"teacher\\/notif\",\"arguments\":[]}',NULL,0,'2024-03-04 12:39:01','2024-03-04 12:39:01'),(5079,10,5,'selamat siang teman teman!!','Kudus adalah sebuah kecamatan dan ibu kota yang menjadi pusat pemerintahan dan perekonomian dari Kabupaten Kudus di provinsi Jawa Tengah, Indonesia.','{\"action\":\"default\",\"module\":\"teacher\\/notif\",\"arguments\":[]}',NULL,0,'2024-03-04 12:39:01','2024-03-04 12:39:01'),(5080,11,5,'selamat siang teman teman!!','Kudus adalah sebuah kecamatan dan ibu kota yang menjadi pusat pemerintahan dan perekonomian dari Kabupaten Kudus di provinsi Jawa Tengah, Indonesia.','{\"action\":\"default\",\"module\":\"teacher\\/notif\",\"arguments\":[]}',NULL,0,'2024-03-04 12:39:01','2024-03-04 12:39:01'),(5081,12,5,'selamat siang teman teman!!','Kudus adalah sebuah kecamatan dan ibu kota yang menjadi pusat pemerintahan dan perekonomian dari Kabupaten Kudus di provinsi Jawa Tengah, Indonesia.','{\"action\":\"default\",\"module\":\"teacher\\/notif\",\"arguments\":[]}',NULL,0,'2024-03-04 12:39:01','2024-03-04 12:39:01'),(5082,13,5,'selamat siang teman teman!!','Kudus adalah sebuah kecamatan dan ibu kota yang menjadi pusat pemerintahan dan perekonomian dari Kabupaten Kudus di provinsi Jawa Tengah, Indonesia.','{\"action\":\"default\",\"module\":\"teacher\\/notif\",\"arguments\":[]}',NULL,0,'2024-03-04 12:39:01','2024-03-04 12:39:01'),(5083,14,5,'selamat siang teman teman!!','Kudus adalah sebuah kecamatan dan ibu kota yang menjadi pusat pemerintahan dan perekonomian dari Kabupaten Kudus di provinsi Jawa Tengah, Indonesia.','{\"action\":\"default\",\"module\":\"teacher\\/notif\",\"arguments\":[]}',NULL,0,'2024-03-04 12:39:01','2024-03-04 12:39:01'),(5084,15,5,'selamat siang teman teman!!','Kudus adalah sebuah kecamatan dan ibu kota yang menjadi pusat pemerintahan dan perekonomian dari Kabupaten Kudus di provinsi Jawa Tengah, Indonesia.','{\"action\":\"default\",\"module\":\"teacher\\/notif\",\"arguments\":[]}',NULL,0,'2024-03-04 12:39:01','2024-03-04 12:39:01'),(5085,16,5,'selamat siang teman teman!!','Kudus adalah sebuah kecamatan dan ibu kota yang menjadi pusat pemerintahan dan perekonomian dari Kabupaten Kudus di provinsi Jawa Tengah, Indonesia.','{\"action\":\"default\",\"module\":\"teacher\\/notif\",\"arguments\":[]}',NULL,0,'2024-03-04 12:39:01','2024-03-04 12:39:01'),(5086,17,5,'selamat siang teman teman!!','Kudus adalah sebuah kecamatan dan ibu kota yang menjadi pusat pemerintahan dan perekonomian dari Kabupaten Kudus di provinsi Jawa Tengah, Indonesia.','{\"action\":\"default\",\"module\":\"teacher\\/notif\",\"arguments\":[]}',NULL,0,'2024-03-04 12:39:01','2024-03-04 12:39:01'),(5087,18,5,'selamat siang teman teman!!','Kudus adalah sebuah kecamatan dan ibu kota yang menjadi pusat pemerintahan dan perekonomian dari Kabupaten Kudus di provinsi Jawa Tengah, Indonesia.','{\"action\":\"default\",\"module\":\"teacher\\/notif\",\"arguments\":[]}',NULL,0,'2024-03-04 12:39:01','2024-03-04 12:39:01'),(5088,19,5,'selamat siang teman teman!!','Kudus adalah sebuah kecamatan dan ibu kota yang menjadi pusat pemerintahan dan perekonomian dari Kabupaten Kudus di provinsi Jawa Tengah, Indonesia.','{\"action\":\"default\",\"module\":\"teacher\\/notif\",\"arguments\":[]}',NULL,0,'2024-03-04 12:39:01','2024-03-04 12:39:01'),(5089,20,5,'selamat siang teman teman!!','Kudus adalah sebuah kecamatan dan ibu kota yang menjadi pusat pemerintahan dan perekonomian dari Kabupaten Kudus di provinsi Jawa Tengah, Indonesia.','{\"action\":\"default\",\"module\":\"teacher\\/notif\",\"arguments\":[]}',NULL,0,'2024-03-04 12:39:01','2024-03-04 12:39:01'),(5090,21,5,'selamat siang teman teman!!','Kudus adalah sebuah kecamatan dan ibu kota yang menjadi pusat pemerintahan dan perekonomian dari Kabupaten Kudus di provinsi Jawa Tengah, Indonesia.','{\"action\":\"default\",\"module\":\"teacher\\/notif\",\"arguments\":[]}',NULL,0,'2024-03-04 12:39:01','2024-03-04 12:39:01'),(5091,22,5,'selamat siang teman teman!!','Kudus adalah sebuah kecamatan dan ibu kota yang menjadi pusat pemerintahan dan perekonomian dari Kabupaten Kudus di provinsi Jawa Tengah, Indonesia.','{\"action\":\"default\",\"module\":\"teacher\\/notif\",\"arguments\":[]}',NULL,0,'2024-03-04 12:39:01','2024-03-04 12:39:01'),(5092,23,6,'absensi hari ini','anak anda berangkat','{\"action\":\"default\",\"module\":\"teacher\\/notif\",\"arguments\":[]}',NULL,0,'2024-03-04 12:40:19','2024-03-04 14:19:01'),(5093,24,6,'absensi hari ini','anak anda berangkat','{\"action\":\"default\",\"module\":\"teacher\\/notif\",\"arguments\":[]}',NULL,0,'2024-03-04 12:40:19','2024-03-04 14:19:01'),(5094,3,5,'absensi','murid anda Sofia Pratama tidak hadir','{\"action\":\"default\",\"module\":\"teacher\\/notif\",\"arguments\":[]}','{\"data\":[{\"status\":\"ok\",\"id\":\"5a8cd43b-a7ba-4403-ac04-a6eb34788ce5\"}]}',1,'2024-03-04 12:40:19','2024-03-04 12:40:20'),(5095,32,6,'absensi hari ini','anak anda berangkat','{\"action\":\"default\",\"module\":\"teacher\\/notif\",\"arguments\":[]}',NULL,0,'2024-03-04 12:40:19','2024-03-04 13:29:40'),(5096,33,6,'absensi hari ini','anak anda berangkat','{\"action\":\"default\",\"module\":\"teacher\\/notif\",\"arguments\":[]}',NULL,0,'2024-03-04 12:40:19','2024-03-04 13:29:40'),(5097,3,5,'absensi','murid anda Alya Cahaya tidak hadir','{\"action\":\"default\",\"module\":\"teacher\\/notif\",\"arguments\":[]}','{\"data\":[{\"status\":\"ok\",\"id\":\"94b6e556-8e9f-4b78-9174-458266216a79\"}]}',1,'2024-03-04 12:40:19','2024-03-04 12:40:21'),(5098,53,6,'absensi hari ini','anak anda berangkat','{\"action\":\"default\",\"module\":\"teacher\\/notif\",\"arguments\":[]}',NULL,0,'2024-03-04 12:40:19','2024-03-04 13:29:40'),(5099,54,6,'absensi hari ini','anak anda berangkat','{\"action\":\"default\",\"module\":\"teacher\\/notif\",\"arguments\":[]}',NULL,0,'2024-03-04 12:40:19','2024-03-04 13:29:40'),(5100,3,5,'absensi','murid anda Sofia Wardhana tidak hadir','{\"action\":\"default\",\"module\":\"teacher\\/notif\",\"arguments\":[]}','{\"data\":[{\"status\":\"ok\",\"id\":\"7cbb69a0-03eb-4b8d-b6bb-68e7f2b4ab11\"}]}',1,'2024-03-04 12:40:19','2024-03-04 12:40:22'),(5101,56,6,'absensi hari ini','anak anda berangkat','{\"action\":\"default\",\"module\":\"teacher\\/notif\",\"arguments\":[]}',NULL,0,'2024-03-04 12:40:19','2024-03-04 13:29:40'),(5102,57,6,'absensi hari ini','anak anda berangkat','{\"action\":\"default\",\"module\":\"teacher\\/notif\",\"arguments\":[]}',NULL,0,'2024-03-04 12:40:19','2024-03-04 13:29:40'),(5103,3,5,'absensi','murid anda Sofia Putra tidak hadir','{\"action\":\"default\",\"module\":\"teacher\\/notif\",\"arguments\":[]}','{\"data\":[{\"status\":\"ok\",\"id\":\"00998467-fe81-446b-8f55-c8e6cabdc25d\"}]}',1,'2024-03-04 12:40:19','2024-03-04 12:40:23'),(5104,3,5,'??','yes','{\"action\":\"default\",\"module\":\"teacher\\/notif\",\"arguments\":[]}','{\"data\":[{\"status\":\"ok\",\"id\":\"944306bf-50ea-4879-b492-d03b06e1cf9f\"}]}',1,'2024-03-04 13:36:33','2024-03-04 13:36:34'),(5105,4,5,'??','yes','{\"action\":\"default\",\"module\":\"teacher\\/notif\",\"arguments\":[]}',NULL,0,'2024-03-04 13:36:33','2024-03-04 13:36:33'),(5106,5,5,'??','yes','{\"action\":\"default\",\"module\":\"teacher\\/notif\",\"arguments\":[]}',NULL,0,'2024-03-04 13:36:33','2024-03-04 13:36:33'),(5107,6,5,'??','yes','{\"action\":\"default\",\"module\":\"teacher\\/notif\",\"arguments\":[]}',NULL,0,'2024-03-04 13:36:33','2024-03-04 13:36:33'),(5108,7,5,'??','yes','{\"action\":\"default\",\"module\":\"teacher\\/notif\",\"arguments\":[]}',NULL,0,'2024-03-04 13:36:33','2024-03-04 13:36:33'),(5109,8,5,'??','yes','{\"action\":\"default\",\"module\":\"teacher\\/notif\",\"arguments\":[]}',NULL,0,'2024-03-04 13:36:33','2024-03-04 13:36:33'),(5110,9,5,'??','yes','{\"action\":\"default\",\"module\":\"teacher\\/notif\",\"arguments\":[]}',NULL,0,'2024-03-04 13:36:33','2024-03-04 13:36:33'),(5111,10,5,'??','yes','{\"action\":\"default\",\"module\":\"teacher\\/notif\",\"arguments\":[]}',NULL,0,'2024-03-04 13:36:33','2024-03-04 13:36:33'),(5112,11,5,'??','yes','{\"action\":\"default\",\"module\":\"teacher\\/notif\",\"arguments\":[]}',NULL,0,'2024-03-04 13:36:33','2024-03-04 13:36:33'),(5113,12,5,'??','yes','{\"action\":\"default\",\"module\":\"teacher\\/notif\",\"arguments\":[]}',NULL,0,'2024-03-04 13:36:33','2024-03-04 13:36:33'),(5114,13,5,'??','yes','{\"action\":\"default\",\"module\":\"teacher\\/notif\",\"arguments\":[]}',NULL,0,'2024-03-04 13:36:33','2024-03-04 13:36:33'),(5115,14,5,'??','yes','{\"action\":\"default\",\"module\":\"teacher\\/notif\",\"arguments\":[]}',NULL,0,'2024-03-04 13:36:33','2024-03-04 13:36:33'),(5116,15,5,'??','yes','{\"action\":\"default\",\"module\":\"teacher\\/notif\",\"arguments\":[]}',NULL,0,'2024-03-04 13:36:33','2024-03-04 13:36:33'),(5117,16,5,'??','yes','{\"action\":\"default\",\"module\":\"teacher\\/notif\",\"arguments\":[]}',NULL,0,'2024-03-04 13:36:33','2024-03-04 13:36:33'),(5118,17,5,'??','yes','{\"action\":\"default\",\"module\":\"teacher\\/notif\",\"arguments\":[]}',NULL,0,'2024-03-04 13:36:33','2024-03-04 13:36:33'),(5119,18,5,'??','yes','{\"action\":\"default\",\"module\":\"teacher\\/notif\",\"arguments\":[]}',NULL,0,'2024-03-04 13:36:33','2024-03-04 13:36:33'),(5120,19,5,'??','yes','{\"action\":\"default\",\"module\":\"teacher\\/notif\",\"arguments\":[]}',NULL,0,'2024-03-04 13:36:33','2024-03-04 13:36:33'),(5121,20,5,'??','yes','{\"action\":\"default\",\"module\":\"teacher\\/notif\",\"arguments\":[]}',NULL,0,'2024-03-04 13:36:33','2024-03-04 13:36:33'),(5122,21,5,'??','yes','{\"action\":\"default\",\"module\":\"teacher\\/notif\",\"arguments\":[]}',NULL,0,'2024-03-04 13:36:33','2024-03-04 13:36:33'),(5123,22,5,'??','yes','{\"action\":\"default\",\"module\":\"teacher\\/notif\",\"arguments\":[]}',NULL,0,'2024-03-04 13:36:33','2024-03-04 13:36:33'),(5124,3,5,'Urgent','Pake olga','{\"action\":\"default\",\"module\":\"teacher\\/notif\",\"arguments\":[]}','{\"data\":[{\"status\":\"ok\",\"id\":\"ea51eb46-551e-450f-9d1c-15848435ab96\"}]}',1,'2024-03-04 13:37:05','2024-03-04 13:37:06'),(5125,4,5,'Urgent','Pake olga','{\"action\":\"default\",\"module\":\"teacher\\/notif\",\"arguments\":[]}',NULL,0,'2024-03-04 13:37:05','2024-03-04 13:37:05'),(5126,5,5,'Urgent','Pake olga','{\"action\":\"default\",\"module\":\"teacher\\/notif\",\"arguments\":[]}',NULL,0,'2024-03-04 13:37:05','2024-03-04 13:37:05'),(5127,6,5,'Urgent','Pake olga','{\"action\":\"default\",\"module\":\"teacher\\/notif\",\"arguments\":[]}',NULL,0,'2024-03-04 13:37:05','2024-03-04 13:37:05'),(5128,7,5,'Urgent','Pake olga','{\"action\":\"default\",\"module\":\"teacher\\/notif\",\"arguments\":[]}',NULL,0,'2024-03-04 13:37:05','2024-03-04 13:37:05'),(5129,8,5,'Urgent','Pake olga','{\"action\":\"default\",\"module\":\"teacher\\/notif\",\"arguments\":[]}',NULL,0,'2024-03-04 13:37:05','2024-03-04 13:37:05'),(5130,9,5,'Urgent','Pake olga','{\"action\":\"default\",\"module\":\"teacher\\/notif\",\"arguments\":[]}',NULL,0,'2024-03-04 13:37:05','2024-03-04 13:37:05'),(5131,10,5,'Urgent','Pake olga','{\"action\":\"default\",\"module\":\"teacher\\/notif\",\"arguments\":[]}',NULL,0,'2024-03-04 13:37:05','2024-03-04 13:37:05'),(5132,11,5,'Urgent','Pake olga','{\"action\":\"default\",\"module\":\"teacher\\/notif\",\"arguments\":[]}',NULL,0,'2024-03-04 13:37:05','2024-03-04 13:37:05'),(5133,12,5,'Urgent','Pake olga','{\"action\":\"default\",\"module\":\"teacher\\/notif\",\"arguments\":[]}',NULL,0,'2024-03-04 13:37:05','2024-03-04 13:37:05'),(5134,13,5,'Urgent','Pake olga','{\"action\":\"default\",\"module\":\"teacher\\/notif\",\"arguments\":[]}',NULL,0,'2024-03-04 13:37:05','2024-03-04 13:37:05'),(5135,14,5,'Urgent','Pake olga','{\"action\":\"default\",\"module\":\"teacher\\/notif\",\"arguments\":[]}',NULL,0,'2024-03-04 13:37:05','2024-03-04 13:37:05'),(5136,15,5,'Urgent','Pake olga','{\"action\":\"default\",\"module\":\"teacher\\/notif\",\"arguments\":[]}',NULL,0,'2024-03-04 13:37:05','2024-03-04 13:37:05'),(5137,16,5,'Urgent','Pake olga','{\"action\":\"default\",\"module\":\"teacher\\/notif\",\"arguments\":[]}',NULL,0,'2024-03-04 13:37:05','2024-03-04 13:37:05'),(5138,17,5,'Urgent','Pake olga','{\"action\":\"default\",\"module\":\"teacher\\/notif\",\"arguments\":[]}',NULL,0,'2024-03-04 13:37:05','2024-03-04 13:37:05'),(5139,18,5,'Urgent','Pake olga','{\"action\":\"default\",\"module\":\"teacher\\/notif\",\"arguments\":[]}',NULL,0,'2024-03-04 13:37:05','2024-03-04 13:37:05'),(5140,19,5,'Urgent','Pake olga','{\"action\":\"default\",\"module\":\"teacher\\/notif\",\"arguments\":[]}',NULL,0,'2024-03-04 13:37:05','2024-03-04 13:37:05'),(5141,20,5,'Urgent','Pake olga','{\"action\":\"default\",\"module\":\"teacher\\/notif\",\"arguments\":[]}',NULL,0,'2024-03-04 13:37:05','2024-03-04 13:37:05'),(5142,21,5,'Urgent','Pake olga','{\"action\":\"default\",\"module\":\"teacher\\/notif\",\"arguments\":[]}',NULL,0,'2024-03-04 13:37:05','2024-03-04 13:37:05'),(5143,22,5,'Urgent','Pake olga','{\"action\":\"default\",\"module\":\"teacher\\/notif\",\"arguments\":[]}',NULL,0,'2024-03-04 13:37:05','2024-03-04 13:37:05'),(5144,3,5,'test 3','yes?','{\"action\":\"default\",\"module\":\"teacher\\/notif\",\"arguments\":[]}','{\"data\":[{\"status\":\"ok\",\"id\":\"d7a051ad-c029-4694-af92-f5e3b83f6c5e\"}]}',1,'2024-03-04 13:37:51','2024-03-04 13:37:52'),(5145,4,5,'test 3','yes?','{\"action\":\"default\",\"module\":\"teacher\\/notif\",\"arguments\":[]}',NULL,0,'2024-03-04 13:37:51','2024-03-04 13:37:51'),(5146,5,5,'test 3','yes?','{\"action\":\"default\",\"module\":\"teacher\\/notif\",\"arguments\":[]}',NULL,0,'2024-03-04 13:37:51','2024-03-04 13:37:51'),(5147,6,5,'test 3','yes?','{\"action\":\"default\",\"module\":\"teacher\\/notif\",\"arguments\":[]}',NULL,0,'2024-03-04 13:37:51','2024-03-04 13:37:51'),(5148,7,5,'test 3','yes?','{\"action\":\"default\",\"module\":\"teacher\\/notif\",\"arguments\":[]}',NULL,0,'2024-03-04 13:37:51','2024-03-04 13:37:51'),(5149,8,5,'test 3','yes?','{\"action\":\"default\",\"module\":\"teacher\\/notif\",\"arguments\":[]}',NULL,0,'2024-03-04 13:37:51','2024-03-04 13:37:51'),(5150,9,5,'test 3','yes?','{\"action\":\"default\",\"module\":\"teacher\\/notif\",\"arguments\":[]}',NULL,0,'2024-03-04 13:37:51','2024-03-04 13:37:51'),(5151,10,5,'test 3','yes?','{\"action\":\"default\",\"module\":\"teacher\\/notif\",\"arguments\":[]}',NULL,0,'2024-03-04 13:37:51','2024-03-04 13:37:51'),(5152,11,5,'test 3','yes?','{\"action\":\"default\",\"module\":\"teacher\\/notif\",\"arguments\":[]}',NULL,0,'2024-03-04 13:37:51','2024-03-04 13:37:51'),(5153,12,5,'test 3','yes?','{\"action\":\"default\",\"module\":\"teacher\\/notif\",\"arguments\":[]}',NULL,0,'2024-03-04 13:37:51','2024-03-04 13:37:51'),(5154,13,5,'test 3','yes?','{\"action\":\"default\",\"module\":\"teacher\\/notif\",\"arguments\":[]}',NULL,0,'2024-03-04 13:37:51','2024-03-04 13:37:51'),(5155,14,5,'test 3','yes?','{\"action\":\"default\",\"module\":\"teacher\\/notif\",\"arguments\":[]}',NULL,0,'2024-03-04 13:37:51','2024-03-04 13:37:51'),(5156,15,5,'test 3','yes?','{\"action\":\"default\",\"module\":\"teacher\\/notif\",\"arguments\":[]}',NULL,0,'2024-03-04 13:37:51','2024-03-04 13:37:51'),(5157,16,5,'test 3','yes?','{\"action\":\"default\",\"module\":\"teacher\\/notif\",\"arguments\":[]}',NULL,0,'2024-03-04 13:37:51','2024-03-04 13:37:51'),(5158,17,5,'test 3','yes?','{\"action\":\"default\",\"module\":\"teacher\\/notif\",\"arguments\":[]}',NULL,0,'2024-03-04 13:37:51','2024-03-04 13:37:51'),(5159,18,5,'test 3','yes?','{\"action\":\"default\",\"module\":\"teacher\\/notif\",\"arguments\":[]}',NULL,0,'2024-03-04 13:37:51','2024-03-04 13:37:51'),(5160,19,5,'test 3','yes?','{\"action\":\"default\",\"module\":\"teacher\\/notif\",\"arguments\":[]}',NULL,0,'2024-03-04 13:37:51','2024-03-04 13:37:51'),(5161,20,5,'test 3','yes?','{\"action\":\"default\",\"module\":\"teacher\\/notif\",\"arguments\":[]}',NULL,0,'2024-03-04 13:37:51','2024-03-04 13:37:51'),(5162,21,5,'test 3','yes?','{\"action\":\"default\",\"module\":\"teacher\\/notif\",\"arguments\":[]}',NULL,0,'2024-03-04 13:37:51','2024-03-04 13:37:51'),(5163,22,5,'test 3','yes?','{\"action\":\"default\",\"module\":\"teacher\\/notif\",\"arguments\":[]}',NULL,0,'2024-03-04 13:37:51','2024-03-04 13:37:51'),(5164,23,6,'absensi hari ini','anak anda berangkat','{\"action\":\"default\",\"module\":\"teacher\\/notif\",\"arguments\":[]}',NULL,0,'2024-03-04 13:40:05','2024-03-04 14:19:01'),(5165,24,6,'absensi hari ini','anak anda berangkat','{\"action\":\"default\",\"module\":\"teacher\\/notif\",\"arguments\":[]}',NULL,0,'2024-03-04 13:40:05','2024-03-04 14:19:01'),(5166,3,5,'absensi','murid anda Sofia Pratama ijin','{\"action\":\"default\",\"module\":\"teacher\\/notif\",\"arguments\":[]}','{\"data\":[{\"status\":\"ok\",\"id\":\"4c26ed85-8d2a-416f-ba5a-a601a525f601\"}]}',1,'2024-03-04 13:40:05','2024-03-04 13:40:06'),(5167,3,5,'absen hari ini','anda lupa absen, di jam 09:00-10:00','{\"action\":\"default\",\"module\":\"teacher\\/notif\",\"arguments\":[]}','{\"data\":[{\"status\":\"ok\",\"id\":\"ee4cf63c-f5f6-498c-856a-f298fc834291\"}]}',1,'2024-03-05 10:09:52','2024-03-05 10:09:53'),(5168,334,6,'absensi hari ini','anak anda sakit','{\"action\":\"default\",\"module\":\"teacher\\/notif\",\"arguments\":[]}',NULL,0,'2024-03-05 10:18:43','2024-03-05 10:18:43'),(5169,335,6,'absensi hari ini','anak anda sakit','{\"action\":\"default\",\"module\":\"teacher\\/notif\",\"arguments\":[]}',NULL,0,'2024-03-05 10:18:43','2024-03-05 10:18:43'),(5170,7,5,'absensi','murid anda Rizky Maharani sakit','{\"action\":\"default\",\"module\":\"teacher\\/notif\",\"arguments\":[]}',NULL,0,'2024-03-05 10:18:43','2024-03-05 10:18:43'),(5171,292,6,'absensi hari ini','anak anda sakit','{\"action\":\"default\",\"module\":\"teacher\\/notif\",\"arguments\":[]}',NULL,0,'2024-03-05 10:19:27','2024-03-05 10:19:27'),(5172,293,6,'absensi hari ini','anak anda sakit','{\"action\":\"default\",\"module\":\"teacher\\/notif\",\"arguments\":[]}',NULL,0,'2024-03-05 10:19:27','2024-03-05 10:19:27'),(5173,7,5,'absensi','murid anda Sofia Pratama sakit','{\"action\":\"default\",\"module\":\"teacher\\/notif\",\"arguments\":[]}',NULL,0,'2024-03-05 10:19:27','2024-03-05 10:19:27'),(5174,295,6,'absensi hari ini','anak anda ijin','{\"action\":\"default\",\"module\":\"teacher\\/notif\",\"arguments\":[]}',NULL,0,'2024-03-05 10:19:27','2024-03-05 10:19:27'),(5175,296,6,'absensi hari ini','anak anda ijin','{\"action\":\"default\",\"module\":\"teacher\\/notif\",\"arguments\":[]}',NULL,0,'2024-03-05 10:19:27','2024-03-05 10:19:27'),(5176,7,5,'absensi','murid anda Rizky Cahaya ijin','{\"action\":\"default\",\"module\":\"teacher\\/notif\",\"arguments\":[]}',NULL,0,'2024-03-05 10:19:27','2024-03-05 10:19:27'),(5177,298,6,'absensi hari ini','anak anda ijin','{\"action\":\"default\",\"module\":\"teacher\\/notif\",\"arguments\":[]}',NULL,0,'2024-03-05 10:19:27','2024-03-05 10:19:27'),(5178,299,6,'absensi hari ini','anak anda ijin','{\"action\":\"default\",\"module\":\"teacher\\/notif\",\"arguments\":[]}',NULL,0,'2024-03-05 10:19:27','2024-03-05 10:19:27'),(5179,7,5,'absensi','murid anda Rafa Maharani ijin','{\"action\":\"default\",\"module\":\"teacher\\/notif\",\"arguments\":[]}',NULL,0,'2024-03-05 10:19:27','2024-03-05 10:19:27'),(5180,3,5,'absen hari ini','anda lupa absen, di jam 12:00-13:00','{\"action\":\"default\",\"module\":\"teacher\\/notif\",\"arguments\":[]}',NULL,0,'2024-03-05 18:29:17','2024-03-05 18:29:17'),(5181,3,5,'absen hari ini','anda lupa absen, di jam 12:00-13:00','{\"action\":\"default\",\"module\":\"teacher\\/notif\",\"arguments\":[]}',NULL,0,'2024-03-05 22:04:33','2024-03-05 22:04:33'),(5182,3,5,'absen hari ini','anda lupa absen, di jam 07:00-09:00','{\"action\":\"default\",\"module\":\"teacher\\/notif\",\"arguments\":[]}',NULL,0,'2024-03-06 10:10:47','2024-03-06 10:10:47'),(5183,3,5,'absen hari ini','anda lupa absen, di jam 07:00-09:00','{\"action\":\"default\",\"module\":\"teacher\\/notif\",\"arguments\":[]}','{\"data\":[{\"status\":\"ok\",\"id\":\"9254d189-87e4-4010-9c64-95294ff25e75\"}]}',1,'2024-03-06 10:12:55','2024-03-06 10:12:56'),(5184,3,5,'absen hari ini','anda lupa absen, di jam 07:00-09:00','{\"action\":\"default\",\"module\":\"teacher\\/notif\",\"arguments\":[]}','{\"data\":[{\"status\":\"ok\",\"id\":\"73490d80-13ef-4a76-9dd1-a2f69943406d\"}]}',1,'2024-03-06 10:24:21','2024-03-06 10:24:21'),(5185,292,6,'absensi hari ini','anak anda sakit','{\"action\":\"default\",\"module\":\"teacher\\/notif\",\"arguments\":[]}',NULL,0,'2024-03-06 11:19:38','2024-03-06 11:19:38'),(5186,293,6,'absensi hari ini','anak anda sakit','{\"action\":\"default\",\"module\":\"teacher\\/notif\",\"arguments\":[]}',NULL,0,'2024-03-06 11:19:38','2024-03-06 11:19:38'),(5187,7,5,'absensi','murid anda Sofia Pratama sakit','{\"action\":\"default\",\"module\":\"teacher\\/notif\",\"arguments\":[]}',NULL,0,'2024-03-06 11:19:38','2024-03-06 11:19:38'),(5188,3,5,'absen hari ini','anda lupa absen, di jam 07:00-09:00','{\"action\":\"default\",\"module\":\"teacher\\/notif\",\"arguments\":[]}','{\"data\":[{\"status\":\"ok\",\"id\":\"7f8abc5f-0eec-4e5f-bcd0-3e5198e58270\"}]}',1,'2024-03-06 11:59:43','2024-03-06 11:59:44'),(5189,23,6,'absensi hari ini','anak anda tidak hadir','{\"action\":\"default\",\"module\":\"teacher\\/notif\",\"arguments\":[]}','{\"data\":[{\"status\":\"error\",\"message\":\"Unable to retrieve the FCM server key for the recipient\'s app. Make sure you have provided a server key as directed by the Expo FCM documentation.\",\"details\":{\"error\":\"InvalidCredentials\",\"fault\":\"developer\"}}]}',1,'2024-03-06 12:09:55','2024-03-06 12:21:32'),(5190,24,6,'absensi hari ini','anak anda tidak hadir','{\"action\":\"default\",\"module\":\"teacher\\/notif\",\"arguments\":[]}',NULL,0,'2024-03-06 12:09:55','2024-03-06 12:21:32'),(5191,3,5,'absensi','murid anda Sofia Pratama sakit','{\"action\":\"default\",\"module\":\"teacher\\/notif\",\"arguments\":[]}','{\"data\":[{\"status\":\"ok\",\"id\":\"014f1655-1abe-42b6-946b-309c775ac1f2\"}]}',1,'2024-03-06 12:09:55','2024-03-06 12:09:57'),(5192,3,5,'absensi','murid anda hananta afgan sakit','{\"action\":\"default\",\"module\":\"teacher\\/notif\",\"arguments\":[]}','{\"data\":[{\"status\":\"ok\",\"id\":\"894a1bd3-6f69-4e85-8cd5-37f2113d5760\"}]}',1,'2024-03-06 12:10:05','2024-03-06 12:10:06'),(5193,3,5,'absensi','murid anda hananta afgan tidak hadir','{\"action\":\"default\",\"module\":\"teacher\\/notif\",\"arguments\":[]}','{\"data\":[{\"status\":\"ok\",\"id\":\"4cd21796-a7b4-4d5d-90fb-0cecca14e931\"}]}',1,'2024-03-06 12:14:16','2024-03-06 12:14:17'),(5194,3,5,'absensi','murid anda Sofia Pratama tidak hadir','{\"action\":\"default\",\"module\":\"teacher\\/notif\",\"arguments\":[]}','{\"data\":[{\"status\":\"ok\",\"id\":\"e94154af-e076-4c8a-a35e-3fb643caca21\"}]}',1,'2024-03-06 12:16:24','2024-03-06 12:16:25'),(5195,3,5,'absen hari ini','anda lupa absen, di jam 14:00-17:00','{\"action\":\"default\",\"module\":\"teacher\\/notif\",\"arguments\":[]}','{\"data\":[{\"status\":\"ok\",\"id\":\"f8976355-c04d-4b00-b05f-cc010be0a2ea\"}]}',1,'2024-03-06 17:39:13','2024-03-06 17:39:16'),(5196,3,5,'absen hari ini','anak anda berangkat','{\"action\":\"default\",\"module\":\"teacher\\/notif\",\"arguments\":[]}','{\"data\":[{\"status\":\"ok\",\"id\":\"68e949d8-5c20-466e-8701-a9375be5558b\"}]}',1,'2024-03-07 11:09:10','2024-03-07 13:09:19'),(5197,3,5,'absen hari ini','anak anda berangkat','{\"action\":\"default\",\"module\":\"teacher\\/notif\",\"arguments\":[]}','{\"data\":[{\"status\":\"ok\",\"id\":\"b707be08-b8d2-407a-b290-3af830fdef7c\"}]}',1,'2024-03-07 11:21:18','2024-03-07 13:09:19'),(5198,3,5,'absen hari ini','anak anda berangkat','{\"action\":\"default\",\"module\":\"teacher\\/notif\",\"arguments\":[]}','{\"data\":[{\"status\":\"ok\",\"id\":\"85490fed-eff3-4eaf-a7c5-be2475fcd90a\"}]}',1,'2024-03-07 11:23:59','2024-03-07 13:09:19'),(5199,3,5,'absen hari ini','anak anda berangkat','{\"action\":\"default\",\"module\":\"teacher\\/notif\",\"arguments\":[]}','{\"data\":[{\"status\":\"ok\",\"id\":\"d1d1a08a-0ea6-459d-a1ee-c68dc01c2265\"}]}',1,'2024-03-07 11:25:04','2024-03-07 13:09:19'),(5200,3,5,'absen hari ini','anak anda berangkat','{\"action\":\"default\",\"module\":\"teacher\\/notif\",\"arguments\":[]}','{\"data\":[{\"status\":\"ok\",\"id\":\"89b2284a-6082-476c-9796-7f11b37da1a0\"}]}',1,'2024-03-07 11:25:19','2024-03-07 13:09:19'),(5201,3,5,'absen hari ini','anak anda berangkat','{\"action\":\"default\",\"module\":\"teacher\\/notif\",\"arguments\":[]}','{\"data\":[{\"status\":\"ok\",\"id\":\"268b4a28-7c1e-458d-8842-5a58d53ab71f\"}]}',1,'2024-03-07 11:26:24','2024-03-07 13:09:19'),(5202,3,5,'absen hari ini','anak anda berangkat','{\"action\":\"default\",\"module\":\"teacher\\/notif\",\"arguments\":[]}','{\"data\":[{\"status\":\"ok\",\"id\":\"0636d244-1c06-4279-8ff0-ffe5cafb4412\"}]}',1,'2024-03-07 11:32:02','2024-03-07 13:09:19'),(5203,3,5,'absen hari ini','anak anda berangkat','{\"action\":\"default\",\"module\":\"teacher\\/notif\",\"arguments\":[]}','{\"data\":[{\"status\":\"ok\",\"id\":\"4c922db3-b6af-46eb-a9e2-08a9c3a95e48\"}]}',1,'2024-03-07 11:45:06','2024-03-07 13:09:19'),(5204,1,6,'absensi hari ini','anak anda berangkat','{\"action\":\"default\",\"module\":\"teacher\\/notif\",\"arguments\":[]}',NULL,0,'2024-03-07 13:09:19','2024-03-07 13:09:19'),(5205,2,6,'absensi hari ini','anak anda berangkat','{\"action\":\"default\",\"module\":\"teacher\\/notif\",\"arguments\":[]}',NULL,0,'2024-03-07 13:09:19','2024-03-07 13:09:19'),(5206,4,6,'absensi hari ini','anak anda berangkat','{\"action\":\"default\",\"module\":\"teacher\\/notif\",\"arguments\":[]}',NULL,0,'2024-03-07 13:09:19','2024-03-07 13:09:19'),(5207,5,6,'absensi hari ini','anak anda berangkat','{\"action\":\"default\",\"module\":\"teacher\\/notif\",\"arguments\":[]}',NULL,0,'2024-03-07 13:09:19','2024-03-07 13:09:19'),(5208,6,6,'absensi hari ini','anak anda berangkat','{\"action\":\"default\",\"module\":\"teacher\\/notif\",\"arguments\":[]}',NULL,0,'2024-03-07 13:09:19','2024-03-07 13:09:19'),(5209,7,6,'absensi hari ini','anak anda berangkat','{\"action\":\"default\",\"module\":\"teacher\\/notif\",\"arguments\":[]}',NULL,0,'2024-03-07 13:09:19','2024-03-07 13:09:19'),(5210,8,6,'absensi hari ini','anak anda berangkat','{\"action\":\"default\",\"module\":\"teacher\\/notif\",\"arguments\":[]}',NULL,0,'2024-03-07 13:09:19','2024-03-07 13:09:19'),(5211,9,6,'absensi hari ini','anak anda berangkat','{\"action\":\"default\",\"module\":\"teacher\\/notif\",\"arguments\":[]}',NULL,0,'2024-03-07 13:09:19','2024-03-07 13:09:19'),(5212,10,6,'absensi hari ini','anak anda berangkat','{\"action\":\"default\",\"module\":\"teacher\\/notif\",\"arguments\":[]}',NULL,0,'2024-03-07 13:09:19','2024-03-07 13:09:19'),(5213,13,6,'absensi hari ini','anak anda berangkat','{\"action\":\"default\",\"module\":\"teacher\\/notif\",\"arguments\":[]}',NULL,0,'2024-03-07 13:09:19','2024-03-07 13:09:19'),(5214,14,6,'absensi hari ini','anak anda berangkat','{\"action\":\"default\",\"module\":\"teacher\\/notif\",\"arguments\":[]}',NULL,0,'2024-03-07 13:09:19','2024-03-07 13:09:19'),(5215,15,6,'absensi hari ini','anak anda berangkat','{\"action\":\"default\",\"module\":\"teacher\\/notif\",\"arguments\":[]}',NULL,0,'2024-03-07 13:09:19','2024-03-07 13:09:19'),(5216,16,6,'absensi hari ini','anak anda berangkat','{\"action\":\"default\",\"module\":\"teacher\\/notif\",\"arguments\":[]}',NULL,0,'2024-03-07 13:09:19','2024-03-07 13:09:19'),(5217,17,6,'absensi hari ini','anak anda berangkat','{\"action\":\"default\",\"module\":\"teacher\\/notif\",\"arguments\":[]}',NULL,0,'2024-03-07 13:09:19','2024-03-07 13:09:19'),(5218,18,6,'absensi hari ini','anak anda berangkat','{\"action\":\"default\",\"module\":\"teacher\\/notif\",\"arguments\":[]}',NULL,0,'2024-03-07 13:09:19','2024-03-07 13:09:19'),(5219,19,6,'absensi hari ini','anak anda berangkat','{\"action\":\"default\",\"module\":\"teacher\\/notif\",\"arguments\":[]}',NULL,0,'2024-03-07 13:09:19','2024-03-07 13:09:19'),(5220,20,6,'absensi hari ini','anak anda berangkat','{\"action\":\"default\",\"module\":\"teacher\\/notif\",\"arguments\":[]}',NULL,0,'2024-03-07 13:09:19','2024-03-07 13:09:19'),(5221,21,6,'absensi hari ini','anak anda berangkat','{\"action\":\"default\",\"module\":\"teacher\\/notif\",\"arguments\":[]}',NULL,0,'2024-03-07 13:09:19','2024-03-07 13:09:19'),(5222,22,6,'absensi hari ini','anak anda berangkat','{\"action\":\"default\",\"module\":\"teacher\\/notif\",\"arguments\":[]}',NULL,0,'2024-03-07 13:09:19','2024-03-07 13:09:19'),(5223,23,6,'absensi hari ini','anak anda berangkat','{\"action\":\"default\",\"module\":\"teacher\\/notif\",\"arguments\":[]}','{\"data\":[{\"status\":\"error\",\"message\":\"Unable to retrieve the FCM server key for the recipient\'s app. Make sure you have provided a server key as directed by the Expo FCM documentation.\",\"details\":{\"error\":\"InvalidCredentials\",\"fault\":\"developer\"}}]}',3,'2024-03-07 13:09:19','2024-03-07 15:12:56'),(5224,24,6,'absensi hari ini','anak anda berangkat','{\"action\":\"default\",\"module\":\"teacher\\/notif\",\"arguments\":[]}',NULL,0,'2024-03-07 13:09:19','2024-03-07 15:12:56'),(5225,25,6,'absensi hari ini','anak anda berangkat','{\"action\":\"default\",\"module\":\"teacher\\/notif\",\"arguments\":[]}',NULL,0,'2024-03-07 13:09:19','2024-03-07 13:09:19'),(5226,26,6,'absensi hari ini','anak anda berangkat','{\"action\":\"default\",\"module\":\"teacher\\/notif\",\"arguments\":[]}',NULL,0,'2024-03-07 13:09:19','2024-03-07 13:09:19'),(5227,27,6,'absensi hari ini','anak anda berangkat','{\"action\":\"default\",\"module\":\"teacher\\/notif\",\"arguments\":[]}',NULL,0,'2024-03-07 13:09:19','2024-03-07 13:09:19'),(5228,28,6,'absensi hari ini','anak anda berangkat','{\"action\":\"default\",\"module\":\"teacher\\/notif\",\"arguments\":[]}',NULL,0,'2024-03-07 13:09:19','2024-03-07 13:09:19'),(5229,29,6,'absensi hari ini','anak anda tidak hadir','{\"action\":\"default\",\"module\":\"teacher\\/notif\",\"arguments\":[]}',NULL,0,'2024-03-07 13:09:19','2024-03-07 15:13:35'),(5230,30,6,'absensi hari ini','anak anda tidak hadir','{\"action\":\"default\",\"module\":\"teacher\\/notif\",\"arguments\":[]}',NULL,0,'2024-03-07 13:09:19','2024-03-07 15:13:35'),(5231,31,6,'absensi hari ini','anak anda berangkat','{\"action\":\"default\",\"module\":\"teacher\\/notif\",\"arguments\":[]}',NULL,0,'2024-03-07 13:09:19','2024-03-07 13:09:19'),(5232,32,6,'absensi hari ini','anak anda berangkat','{\"action\":\"default\",\"module\":\"teacher\\/notif\",\"arguments\":[]}',NULL,0,'2024-03-07 13:09:19','2024-03-07 13:09:19'),(5233,33,6,'absensi hari ini','anak anda berangkat','{\"action\":\"default\",\"module\":\"teacher\\/notif\",\"arguments\":[]}',NULL,0,'2024-03-07 13:09:19','2024-03-07 13:09:19'),(5234,34,6,'absensi hari ini','anak anda berangkat','{\"action\":\"default\",\"module\":\"teacher\\/notif\",\"arguments\":[]}',NULL,0,'2024-03-07 13:09:19','2024-03-07 13:09:19'),(5235,35,6,'absensi hari ini','anak anda berangkat','{\"action\":\"default\",\"module\":\"teacher\\/notif\",\"arguments\":[]}',NULL,0,'2024-03-07 13:09:19','2024-03-07 13:09:19'),(5236,36,6,'absensi hari ini','anak anda berangkat','{\"action\":\"default\",\"module\":\"teacher\\/notif\",\"arguments\":[]}',NULL,0,'2024-03-07 13:09:19','2024-03-07 13:09:19'),(5237,37,6,'absensi hari ini','anak anda berangkat','{\"action\":\"default\",\"module\":\"teacher\\/notif\",\"arguments\":[]}',NULL,0,'2024-03-07 13:09:19','2024-03-07 13:09:19'),(5238,38,6,'absensi hari ini','anak anda berangkat','{\"action\":\"default\",\"module\":\"teacher\\/notif\",\"arguments\":[]}',NULL,0,'2024-03-07 13:09:19','2024-03-07 13:09:19'),(5239,39,6,'absensi hari ini','anak anda berangkat','{\"action\":\"default\",\"module\":\"teacher\\/notif\",\"arguments\":[]}',NULL,0,'2024-03-07 13:09:19','2024-03-07 13:09:19'),(5240,40,6,'absensi hari ini','anak anda berangkat','{\"action\":\"default\",\"module\":\"teacher\\/notif\",\"arguments\":[]}',NULL,0,'2024-03-07 13:09:19','2024-03-07 13:09:19'),(5241,41,6,'absensi hari ini','anak anda berangkat','{\"action\":\"default\",\"module\":\"teacher\\/notif\",\"arguments\":[]}',NULL,0,'2024-03-07 13:09:19','2024-03-07 13:09:19'),(5242,42,6,'absensi hari ini','anak anda berangkat','{\"action\":\"default\",\"module\":\"teacher\\/notif\",\"arguments\":[]}',NULL,0,'2024-03-07 13:09:20','2024-03-07 13:09:20'),(5243,43,6,'absensi hari ini','anak anda berangkat','{\"action\":\"default\",\"module\":\"teacher\\/notif\",\"arguments\":[]}',NULL,0,'2024-03-07 13:09:20','2024-03-07 13:09:20'),(5244,44,6,'absensi hari ini','anak anda berangkat','{\"action\":\"default\",\"module\":\"teacher\\/notif\",\"arguments\":[]}',NULL,0,'2024-03-07 13:09:20','2024-03-07 13:09:20'),(5245,45,6,'absensi hari ini','anak anda berangkat','{\"action\":\"default\",\"module\":\"teacher\\/notif\",\"arguments\":[]}',NULL,0,'2024-03-07 13:09:20','2024-03-07 13:09:20'),(5246,46,6,'absensi hari ini','anak anda berangkat','{\"action\":\"default\",\"module\":\"teacher\\/notif\",\"arguments\":[]}',NULL,0,'2024-03-07 13:09:20','2024-03-07 13:09:20'),(5247,47,6,'absensi hari ini','anak anda berangkat','{\"action\":\"default\",\"module\":\"teacher\\/notif\",\"arguments\":[]}',NULL,0,'2024-03-07 13:09:20','2024-03-07 13:09:20'),(5248,48,6,'absensi hari ini','anak anda berangkat','{\"action\":\"default\",\"module\":\"teacher\\/notif\",\"arguments\":[]}',NULL,0,'2024-03-07 13:09:20','2024-03-07 13:09:20'),(5249,49,6,'absensi hari ini','anak anda berangkat','{\"action\":\"default\",\"module\":\"teacher\\/notif\",\"arguments\":[]}',NULL,0,'2024-03-07 13:09:20','2024-03-07 13:09:20'),(5250,50,6,'absensi hari ini','anak anda berangkat','{\"action\":\"default\",\"module\":\"teacher\\/notif\",\"arguments\":[]}',NULL,0,'2024-03-07 13:09:20','2024-03-07 13:09:20'),(5251,51,6,'absensi hari ini','anak anda berangkat','{\"action\":\"default\",\"module\":\"teacher\\/notif\",\"arguments\":[]}',NULL,0,'2024-03-07 13:09:20','2024-03-07 13:09:20'),(5252,52,6,'absensi hari ini','anak anda berangkat','{\"action\":\"default\",\"module\":\"teacher\\/notif\",\"arguments\":[]}',NULL,0,'2024-03-07 13:09:20','2024-03-07 13:09:20'),(5253,53,6,'absensi hari ini','anak anda berangkat','{\"action\":\"default\",\"module\":\"teacher\\/notif\",\"arguments\":[]}',NULL,0,'2024-03-07 13:09:20','2024-03-07 13:09:20'),(5254,54,6,'absensi hari ini','anak anda berangkat','{\"action\":\"default\",\"module\":\"teacher\\/notif\",\"arguments\":[]}',NULL,0,'2024-03-07 13:09:20','2024-03-07 13:09:20'),(5255,55,6,'absensi hari ini','anak anda berangkat','{\"action\":\"default\",\"module\":\"teacher\\/notif\",\"arguments\":[]}',NULL,0,'2024-03-07 13:09:20','2024-03-07 13:09:20'),(5256,56,6,'absensi hari ini','anak anda berangkat','{\"action\":\"default\",\"module\":\"teacher\\/notif\",\"arguments\":[]}',NULL,0,'2024-03-07 13:09:20','2024-03-07 13:09:20'),(5257,57,6,'absensi hari ini','anak anda berangkat','{\"action\":\"default\",\"module\":\"teacher\\/notif\",\"arguments\":[]}',NULL,0,'2024-03-07 13:09:20','2024-03-07 13:09:20'),(5258,58,6,'absensi hari ini','anak anda berangkat','{\"action\":\"default\",\"module\":\"teacher\\/notif\",\"arguments\":[]}',NULL,0,'2024-03-07 13:09:20','2024-03-07 13:09:20'),(5259,59,6,'absensi hari ini','anak anda berangkat','{\"action\":\"default\",\"module\":\"teacher\\/notif\",\"arguments\":[]}',NULL,0,'2024-03-07 13:09:20','2024-03-07 13:09:20'),(5260,60,6,'absensi hari ini','anak anda berangkat','{\"action\":\"default\",\"module\":\"teacher\\/notif\",\"arguments\":[]}',NULL,0,'2024-03-07 13:09:20','2024-03-07 13:09:20'),(5261,3,5,'absen hari ini','anda lupa absen, di jam 07:00-08:00','{\"action\":\"default\",\"module\":\"teacher\\/notif\",\"arguments\":[]}','{\"data\":[{\"status\":\"ok\",\"id\":\"0ecc6015-daca-4998-b0ae-b6a41911a315\"}]}',1,'2024-03-07 13:41:52','2024-03-07 13:41:53'),(5262,3,5,'absen hari ini','anda lupa absen, di jam 07:00-08:00','{\"action\":\"default\",\"module\":\"teacher\\/notif\",\"arguments\":[]}','{\"data\":[{\"status\":\"ok\",\"id\":\"fdc9d487-2919-42e9-baca-149b39bb015e\"}]}',1,'2024-03-07 13:43:17','2024-03-07 13:43:17'),(5263,3,5,'Absensi','murid anda Sofia Pratama tidak hadir','{\"action\":\"default\",\"module\":\"teacher\\/notif\",\"arguments\":[]}','{\"data\":[{\"status\":\"ok\",\"id\":\"0029cdd8-da57-4faa-ba7e-9d73d7575362\"}]}',1,'2024-03-07 15:12:55','2024-03-07 15:12:56'),(5264,3,5,'Absensi','murid anda Farhan Pratama tidak hadir','{\"action\":\"default\",\"module\":\"teacher\\/notif\",\"arguments\":[]}','{\"data\":[{\"status\":\"ok\",\"id\":\"c58301da-2aca-40a4-bc6c-a3174e89abcd\"}]}',1,'2024-03-07 15:13:35','2024-03-07 15:13:36'),(5265,3,5,'absen hari ini','anda lupa absen, di jam 09:00-10:00','{\"action\":\"default\",\"module\":\"teacher\\/notif\",\"arguments\":[]}','{\"data\":[{\"status\":\"ok\",\"id\":\"8c26c996-17b4-49ab-b34a-a1bbca49692d\"}]}',1,'2024-03-08 10:01:26','2024-03-08 10:01:26'),(5266,3,5,'absen hari ini','anda lupa absen, di jam 09:00-10:00','{\"action\":\"default\",\"module\":\"teacher\\/notif\",\"arguments\":[]}','{\"data\":[{\"status\":\"ok\",\"id\":\"ecec6e9c-3305-4fe2-89e6-c9a0527a1cda\"}]}',1,'2024-03-08 10:13:05','2024-03-08 10:13:06'),(5267,3,5,'absen hari ini','anda lupa absen, di jam 09:00-10:00','{\"action\":\"default\",\"module\":\"teacher\\/notif\",\"arguments\":[]}','{\"data\":[{\"status\":\"ok\",\"id\":\"479c380a-ae21-49ec-b4ad-ac75fb696004\"}]}',1,'2024-03-08 10:13:51','2024-03-08 10:13:52'),(5268,3,5,'absen hari ini','anda lupa absen, di jam 09:00-10:00','{\"action\":\"default\",\"module\":\"teacher\\/notif\",\"arguments\":[]}','{\"data\":[{\"status\":\"ok\",\"id\":\"da5aa9e9-7e8a-4e8a-bfeb-ac44f5954044\"}]}',1,'2024-03-08 10:14:24','2024-03-08 10:14:25'),(5269,3,5,'absen hari ini','anda lupa absen, di jam 09:00-10:00','{\"action\":\"default\",\"module\":\"teacher\\/notif\",\"arguments\":[]}','{\"data\":[{\"status\":\"ok\",\"id\":\"dcd94e0b-7562-4230-b9b0-49bae08581fe\"}]}',1,'2024-03-08 10:23:45','2024-03-08 10:23:46'),(5270,3,5,'absen hari ini','anda lupa absen, di jam 09:00-10:00','{\"action\":\"default\",\"module\":\"teacher\\/notif\",\"arguments\":[]}','{\"data\":[{\"status\":\"ok\",\"id\":\"8bc921d2-d893-4e8c-bdf6-0856b2813e7c\"}]}',1,'2024-03-08 10:25:31','2024-03-08 10:25:32'),(5271,3,5,'absen hari ini','anda lupa absen, di jam 09:00-10:00','{\"action\":\"default\",\"module\":\"teacher\\/notif\",\"arguments\":[]}','{\"data\":[{\"status\":\"ok\",\"id\":\"5c74e274-720a-434e-8e3b-19e27a07d0f3\"}]}',1,'2024-03-08 10:28:01','2024-03-08 10:28:02'),(5272,3,5,'absen hari ini','anda lupa absen, di jam 09:00-10:00','{\"action\":\"default\",\"module\":\"teacher\\/notif\",\"arguments\":[]}','{\"data\":[{\"status\":\"ok\",\"id\":\"218a814a-03f6-418c-8511-ae0aa1ff412a\"}]}',1,'2024-03-08 10:29:06','2024-03-08 10:29:07'),(5273,3,5,'absen hari ini','anda lupa absen, di jam 09:00-10:00','{\"action\":\"default\",\"module\":\"teacher\\/notif\",\"arguments\":[]}','{\"data\":[{\"status\":\"ok\",\"id\":\"e5a76dc1-2956-47c0-af97-b001722c3756\"}]}',1,'2024-03-08 10:29:56','2024-03-08 10:29:57'),(5274,3,5,'absen hari ini','anda lupa absen, di jam 09:00-10:00','{\"action\":\"default\",\"module\":\"teacher\\/notif\",\"arguments\":[]}','{\"data\":[{\"status\":\"ok\",\"id\":\"22c39e46-fe5f-4ed9-bf52-3c127b1ad269\"}]}',1,'2024-03-08 10:31:05','2024-03-08 10:31:06'),(5275,3,5,'absen hari ini','anda lupa absen, di jam 09:00-10:00','{\"action\":\"default\",\"module\":\"teacher\\/notif\",\"arguments\":[]}','{\"data\":[{\"status\":\"ok\",\"id\":\"747ee32b-90ad-4d7e-b529-641f691bba87\"}]}',1,'2024-03-08 10:32:39','2024-03-08 10:32:40'),(5276,3,5,'absen hari ini','anda lupa absen, di jam 09:00-10:00','{\"action\":\"default\",\"module\":\"teacher\\/notif\",\"arguments\":[]}','{\"data\":[{\"status\":\"ok\",\"id\":\"4a8f2ba6-6c58-474f-80f8-c7d5f82afe7d\"}]}',1,'2024-03-08 10:33:04','2024-03-08 10:33:05'),(5277,3,5,'absen hari ini','anda lupa absen, di jam 09:00-10:00','{\"action\":\"default\",\"module\":\"teacher\\/notif\",\"arguments\":[]}','{\"data\":[{\"status\":\"ok\",\"id\":\"dcb9b7d8-3606-4ded-b00f-68ba2821fbeb\"}]}',1,'2024-03-08 10:33:31','2024-03-08 10:33:31'),(5278,3,5,'absen hari ini','anda lupa absen, di jam 09:00-10:00','{\"action\":\"default\",\"module\":\"teacher\\/notif\",\"arguments\":[]}','{\"data\":[{\"status\":\"ok\",\"id\":\"44a16748-c08b-4aa2-a04b-1105dfd5fb20\"}]}',1,'2024-03-08 10:34:05','2024-03-08 10:34:06'),(5279,3,5,'absen hari ini','anda lupa absen, di jam 09:00-10:00','{\"action\":\"default\",\"module\":\"teacher\\/notif\",\"arguments\":[]}','{\"data\":[{\"status\":\"ok\",\"id\":\"504cb93d-325e-4598-99f6-4870373a159e\"}]}',1,'2024-03-08 10:35:08','2024-03-08 10:35:09'),(5280,3,5,'absen hari ini','anda lupa absen, di jam 09:00-10:00','{\"action\":\"default\",\"module\":\"teacher\\/notif\",\"arguments\":[]}','{\"data\":[{\"status\":\"ok\",\"id\":\"19133e09-6a7e-42e4-90ea-c1fe7e91c2b6\"}]}',1,'2024-03-08 10:36:11','2024-03-08 10:36:12'),(5281,3,5,'absen hari ini','anda lupa absen, di jam 09:00-10:00','{\"action\":\"default\",\"module\":\"teacher\\/notif\",\"arguments\":[]}','{\"data\":[{\"status\":\"ok\",\"id\":\"9c25c475-27be-47d5-9fe5-e879e2f7385f\"}]}',1,'2024-03-08 10:38:14','2024-03-08 10:38:15'),(5282,3,5,'absen hari ini','anda lupa absen, di jam 09:00-10:00','{\"action\":\"default\",\"module\":\"teacher\\/notif\",\"arguments\":[]}','{\"data\":[{\"status\":\"ok\",\"id\":\"ee191c7a-f327-422e-98ec-38410064a8c4\"}]}',1,'2024-03-08 10:39:46','2024-03-08 10:39:47'),(5283,3,5,'absen hari ini','anda lupa absen, di jam 09:00-10:00','{\"action\":\"default\",\"module\":\"teacher\\/notif\",\"arguments\":[]}','{\"data\":[{\"status\":\"ok\",\"id\":\"7ec6805e-884a-46eb-bb5f-c31493285350\"}]}',1,'2024-03-08 10:40:53','2024-03-08 10:40:54'),(5284,3,5,'absen hari ini','anda lupa absen, di jam 09:00-10:00','{\"action\":\"default\",\"module\":\"teacher\\/notif\",\"arguments\":[]}','{\"data\":[{\"status\":\"ok\",\"id\":\"c276ea0d-2ddc-49dd-8d69-7e1ee7544b49\"}]}',1,'2024-03-08 10:41:02','2024-03-08 10:41:03'),(5285,3,5,'absen hari ini','anda lupa absen, di jam 12:00-14:00','{\"action\":\"default\",\"module\":\"teacher\\/notif\",\"arguments\":[]}','{\"data\":[{\"status\":\"ok\",\"id\":\"93c1fae9-f34c-4431-b52f-39bfce6a4d15\"}]}',1,'2024-03-08 14:19:57','2024-03-08 14:19:58'),(5286,3,5,'absen hari ini','anda lupa absen, di jam 12:00-14:00','{\"action\":\"default\",\"module\":\"teacher\\/notif\",\"arguments\":[]}','{\"data\":[{\"status\":\"ok\",\"id\":\"eb320113-827f-4760-9692-ea1a1527058a\"}]}',1,'2024-03-08 15:18:15','2024-03-08 15:18:16'),(5287,3,5,'absen hari ini','anda lupa absen, di jam 16:00-17:00','{\"action\":\"default\",\"module\":\"teacher\\/notif\",\"arguments\":[]}','{\"data\":[{\"status\":\"ok\",\"id\":\"47ffbb8c-c4d9-4bfe-bce9-c477230ccd06\"}]}',1,'2024-03-11 18:20:32','2024-03-11 18:20:33'),(5288,3,5,'absen hari ini','anda lupa absen, di jam 10:00-11:00','{\"action\":\"default\",\"module\":\"teacher\\/notif\",\"arguments\":[]}',NULL,0,'2024-03-12 11:05:21','2024-03-12 11:05:21'),(5289,23,6,'Absensi hari ini','anak anda berangkat','{\"action\":\"default\",\"module\":\"parent\\/notif\",\"arguments\":[]}','{\"data\":[{\"status\":\"error\",\"message\":\"Unable to retrieve the FCM server key for the recipient\'s app. Make sure you have provided a server key as directed by the Expo FCM documentation.\",\"details\":{\"error\":\"InvalidCredentials\",\"fault\":\"developer\"}}]}',3,'2024-03-12 11:06:10','2024-03-12 16:53:11'),(5290,24,6,'Absensi hari ini','anak anda berangkat','{\"action\":\"default\",\"module\":\"parent\\/notif\",\"arguments\":[]}',NULL,0,'2024-03-12 11:06:10','2024-03-12 16:53:11'),(5291,3,5,'Absensi','murid anda Sofia Pratama tidak hadir','{\"action\":\"default\",\"module\":\"teacher\\/notif\",\"arguments\":[]}',NULL,0,'2024-03-12 11:06:10','2024-03-12 11:06:10'),(5292,3,5,'absen hari ini','anda lupa absen, di jam 10:00-11:00','{\"action\":\"default\",\"module\":\"teacher\\/notif\",\"arguments\":[]}',NULL,0,'2024-03-12 11:08:07','2024-03-12 11:08:07'),(5293,3,5,'absen hari ini','anda lupa absen, di jam 11:00-11:10','{\"action\":\"default\",\"module\":\"teacher\\/notif\",\"arguments\":[]}',NULL,0,'2024-03-12 11:10:17','2024-03-12 11:10:17'),(5294,29,6,'Absensi hari ini','anak anda sakit','{\"action\":\"default\",\"module\":\"parent\\/notif\",\"arguments\":[]}',NULL,0,'2024-03-12 11:10:29','2024-03-12 16:53:11'),(5295,30,6,'Absensi hari ini','anak anda sakit','{\"action\":\"default\",\"module\":\"parent\\/notif\",\"arguments\":[]}',NULL,0,'2024-03-12 11:10:29','2024-03-12 16:53:11'),(5296,3,5,'Absensi','murid anda Farhan Pratama tidak hadir','{\"action\":\"default\",\"module\":\"teacher\\/notif\",\"arguments\":[]}',NULL,0,'2024-03-12 11:10:29','2024-03-12 11:10:29'),(5297,3,5,'absen hari ini','anda lupa absen, di jam 11:00-11:10','{\"action\":\"default\",\"module\":\"teacher\\/notif\",\"arguments\":[]}',NULL,0,'2024-03-12 11:10:30','2024-03-12 11:10:30'),(5298,3,5,'absen hari ini','anda lupa absen, di jam 11:00-11:10','{\"action\":\"default\",\"module\":\"teacher\\/notif\",\"arguments\":[]}',NULL,0,'2024-03-12 11:12:26','2024-03-12 11:12:26'),(5299,3,5,'absen hari ini','anda lupa absen, di jam 11:00-11:10','{\"action\":\"default\",\"module\":\"teacher\\/notif\",\"arguments\":[]}',NULL,0,'2024-03-12 11:13:23','2024-03-12 11:13:23'),(5300,3,5,'absen hari ini','anda lupa absen, di jam 11:00-11:10','{\"action\":\"default\",\"module\":\"teacher\\/notif\",\"arguments\":[]}',NULL,0,'2024-03-12 11:13:54','2024-03-12 11:13:54'),(5301,3,5,'absen hari ini','anda lupa absen, di jam 11:00-11:10','{\"action\":\"default\",\"module\":\"teacher\\/notif\",\"arguments\":[]}',NULL,0,'2024-03-12 11:14:50','2024-03-12 11:14:50'),(5302,3,5,'absen hari ini','anda lupa absen, di jam 11:00-11:10','{\"action\":\"default\",\"module\":\"teacher\\/notif\",\"arguments\":[]}',NULL,0,'2024-03-12 11:15:06','2024-03-12 11:15:06'),(5303,3,5,'absen hari ini','anda lupa absen, di jam 11:00-11:10','{\"action\":\"default\",\"module\":\"teacher\\/notif\",\"arguments\":[]}',NULL,0,'2024-03-12 11:15:24','2024-03-12 11:15:24'),(5304,3,5,'absen hari ini','anda lupa absen, di jam 11:00-11:10','{\"action\":\"default\",\"module\":\"teacher\\/notif\",\"arguments\":[]}',NULL,0,'2024-03-12 11:16:05','2024-03-12 11:16:05'),(5305,3,5,'absen hari ini','anda lupa absen, di jam 11:00-11:10','{\"action\":\"default\",\"module\":\"teacher\\/notif\",\"arguments\":[]}',NULL,0,'2024-03-12 11:19:52','2024-03-12 11:19:52'),(5306,3,5,'absen hari ini','anda lupa absen, di jam 11:00-11:10','{\"action\":\"default\",\"module\":\"teacher\\/notif\",\"arguments\":[]}',NULL,0,'2024-03-12 11:23:46','2024-03-12 11:23:46'),(5307,3,5,'absen hari ini','anda lupa absen, di jam 11:00-11:10','{\"action\":\"default\",\"module\":\"teacher\\/notif\",\"arguments\":[]}',NULL,0,'2024-03-12 11:25:19','2024-03-12 11:25:19'),(5308,3,5,'absen hari ini','anda lupa absen, di jam 11:00-11:10','{\"action\":\"default\",\"module\":\"teacher\\/notif\",\"arguments\":[]}',NULL,0,'2024-03-12 11:26:54','2024-03-12 11:26:54'),(5309,3,5,'absen hari ini','anda lupa absen, di jam 10:00-11:00','{\"action\":\"default\",\"module\":\"teacher\\/notif\",\"arguments\":[]}',NULL,0,'2024-03-12 11:32:06','2024-03-12 11:32:06'),(5310,3,5,'absen hari ini','anda lupa absen, di jam 10:00-11:00','{\"action\":\"default\",\"module\":\"teacher\\/notif\",\"arguments\":[]}','{\"data\":[{\"status\":\"ok\",\"id\":\"362072ac-087a-4f14-8df3-c3e201c6074c\"}]}',1,'2024-03-12 11:32:19','2024-03-12 11:32:20'),(5311,3,5,'absen hari ini','anda lupa absen, di jam 10:00-11:00','{\"action\":\"default\",\"module\":\"teacher\\/notif\",\"arguments\":[]}','{\"data\":[{\"status\":\"ok\",\"id\":\"9ebd10a8-ff6c-4d7f-b56f-5fafdc080c94\"}]}',1,'2024-03-12 11:32:32','2024-03-12 11:32:33'),(5312,3,5,'absen hari ini','anda lupa absen, di jam 10:00-11:00','{\"action\":\"default\",\"module\":\"teacher\\/notif\",\"arguments\":[]}','{\"data\":[{\"status\":\"ok\",\"id\":\"34d878c6-9d7c-455b-8f5c-50d3448e35f3\"}]}',1,'2024-03-12 11:40:20','2024-03-12 11:40:21'),(5313,3,5,'absen hari ini','anda lupa absen, di jam 10:00-11:00','{\"action\":\"default\",\"module\":\"teacher\\/notif\",\"arguments\":[]}','{\"data\":[{\"status\":\"ok\",\"id\":\"8c813d99-a814-4620-b9a2-f2e6eaaa030d\"}]}',1,'2024-03-12 11:41:00','2024-03-12 11:41:01'),(5314,3,5,'absen hari ini','anda lupa absen, di jam 10:00-11:00','{\"action\":\"default\",\"module\":\"teacher\\/notif\",\"arguments\":[]}','{\"data\":[{\"status\":\"ok\",\"id\":\"cac3cfbe-9c0c-4ae2-8b4b-43cb6ca2a974\"}]}',1,'2024-03-12 11:41:35','2024-03-12 11:41:36'),(5315,3,5,'absen hari ini','anda lupa absen, di jam 10:00-11:00','{\"action\":\"default\",\"module\":\"teacher\\/notif\",\"arguments\":[]}','{\"data\":[{\"status\":\"ok\",\"id\":\"94de5658-1bfe-47e3-86d7-27e7a44ae2c9\"}]}',1,'2024-03-12 11:42:43','2024-03-12 11:42:44'),(5316,3,5,'absen hari ini','anda lupa absen, di jam 10:00-11:00','{\"action\":\"default\",\"module\":\"teacher\\/notif\",\"arguments\":[]}','{\"data\":[{\"status\":\"ok\",\"id\":\"6df2757b-0f6a-4db6-8909-75b0daa05fb3\"}]}',1,'2024-03-12 11:43:21','2024-03-12 11:43:22'),(5317,3,5,'absen hari ini','anda lupa absen, di jam 10:00-11:00','{\"action\":\"default\",\"module\":\"teacher\\/notif\",\"arguments\":[]}','{\"data\":[{\"status\":\"ok\",\"id\":\"e989d682-a63e-431f-9c23-23c0212f45ef\"}]}',1,'2024-03-12 11:44:26','2024-03-12 11:44:27'),(5318,3,5,'absen hari ini','anda lupa absen, di jam 10:00-11:00','{\"action\":\"default\",\"module\":\"teacher\\/notif\",\"arguments\":[]}','{\"data\":[{\"status\":\"ok\",\"id\":\"49ef6f88-bde0-4bb9-a7a6-f1815ac5cac2\"}]}',1,'2024-03-12 11:46:23','2024-03-12 11:46:25'),(5319,3,5,'absen hari ini','anda lupa absen, di jam 10:00-11:00','{\"action\":\"default\",\"module\":\"teacher\\/notif\",\"arguments\":[]}','{\"data\":[{\"status\":\"ok\",\"id\":\"6af4b4e2-9750-441e-9abb-69d79f0635b7\"}]}',1,'2024-03-12 11:47:11','2024-03-12 11:47:12'),(5320,3,5,'absen hari ini','anda lupa absen, di jam 10:00-11:00','{\"action\":\"default\",\"module\":\"teacher\\/notif\",\"arguments\":[]}','{\"data\":[{\"status\":\"ok\",\"id\":\"88f54b0d-e51e-4e82-9015-8638a341fee8\"}]}',1,'2024-03-12 11:57:33','2024-03-12 11:57:33'),(5321,3,5,'absen hari ini','anda lupa absen, di jam 10:00-11:00','{\"action\":\"default\",\"module\":\"teacher\\/notif\",\"arguments\":[]}','{\"data\":[{\"status\":\"ok\",\"id\":\"6baa546e-0011-40d8-b226-8f7d9adc3db6\"}]}',1,'2024-03-12 11:58:05','2024-03-12 11:58:06'),(5322,3,5,'absen hari ini','anda lupa absen, di jam 10:00-11:00','{\"action\":\"default\",\"module\":\"teacher\\/notif\",\"arguments\":[]}','{\"data\":[{\"status\":\"ok\",\"id\":\"6eb131cb-0692-4f1f-9219-c0e7b8a43b69\"}]}',1,'2024-03-12 11:58:07','2024-03-12 11:58:08'),(5323,3,5,'absen hari ini','anda lupa absen, di jam 10:00-11:00','{\"action\":\"default\",\"module\":\"teacher\\/notif\",\"arguments\":[]}','{\"data\":[{\"status\":\"ok\",\"id\":\"a7eec217-a324-4e98-bd1f-c1fac14b37da\"}]}',1,'2024-03-12 11:58:17','2024-03-12 11:58:18'),(5324,203,6,'Absensi hari ini','anak anda tidak hadir','{\"action\":\"default\",\"module\":\"parent\\/notif\",\"arguments\":[]}',NULL,0,'2024-03-12 12:29:19','2024-03-12 14:41:29'),(5325,204,6,'Absensi hari ini','anak anda tidak hadir','{\"action\":\"default\",\"module\":\"parent\\/notif\",\"arguments\":[]}',NULL,0,'2024-03-12 12:29:19','2024-03-12 14:41:29'),(5326,5,5,'Absensi','murid anda Farhan Maharani sakit','{\"action\":\"default\",\"module\":\"teacher\\/notif\",\"arguments\":[]}',NULL,0,'2024-03-12 12:29:19','2024-03-12 12:29:19'),(5327,206,6,'Absensi hari ini','anak anda tidak hadir','{\"action\":\"default\",\"module\":\"parent\\/notif\",\"arguments\":[]}',NULL,0,'2024-03-12 12:45:46','2024-03-12 14:41:29'),(5328,207,6,'Absensi hari ini','anak anda tidak hadir','{\"action\":\"default\",\"module\":\"parent\\/notif\",\"arguments\":[]}',NULL,0,'2024-03-12 12:45:46','2024-03-12 14:41:29'),(5329,5,5,'Absensi','murid anda Alya Pratama sakit','{\"action\":\"default\",\"module\":\"teacher\\/notif\",\"arguments\":[]}',NULL,0,'2024-03-12 12:45:46','2024-03-12 12:45:46'),(5330,209,6,'Absensi hari ini','anak anda tidak hadir','{\"action\":\"default\",\"module\":\"parent\\/notif\",\"arguments\":[]}',NULL,0,'2024-03-12 12:45:46','2024-03-12 14:41:29'),(5331,210,6,'Absensi hari ini','anak anda tidak hadir','{\"action\":\"default\",\"module\":\"parent\\/notif\",\"arguments\":[]}',NULL,0,'2024-03-12 12:45:46','2024-03-12 14:41:30'),(5332,5,5,'Absensi','murid anda Sofia Wardhana ijin','{\"action\":\"default\",\"module\":\"teacher\\/notif\",\"arguments\":[]}',NULL,0,'2024-03-12 12:45:46','2024-03-12 12:45:46'),(5333,212,6,'Absensi hari ini','anak anda tidak hadir','{\"action\":\"default\",\"module\":\"parent\\/notif\",\"arguments\":[]}',NULL,0,'2024-03-12 12:45:46','2024-03-12 12:45:46'),(5334,213,6,'Absensi hari ini','anak anda tidak hadir','{\"action\":\"default\",\"module\":\"parent\\/notif\",\"arguments\":[]}',NULL,0,'2024-03-12 12:45:46','2024-03-12 12:45:46'),(5335,5,5,'Absensi','murid anda Rafa Cahaya tidak hadir','{\"action\":\"default\",\"module\":\"teacher\\/notif\",\"arguments\":[]}',NULL,0,'2024-03-12 12:45:46','2024-03-12 12:45:46'),(5336,295,6,'Absensi hari ini','anak anda sakit','{\"action\":\"default\",\"module\":\"parent\\/notif\",\"arguments\":[]}',NULL,0,'2024-03-12 12:58:14','2024-03-12 12:58:14'),(5337,296,6,'Absensi hari ini','anak anda sakit','{\"action\":\"default\",\"module\":\"parent\\/notif\",\"arguments\":[]}',NULL,0,'2024-03-12 12:58:14','2024-03-12 12:58:14'),(5338,7,5,'Absensi','murid anda Rizky Cahaya sakit','{\"action\":\"default\",\"module\":\"teacher\\/notif\",\"arguments\":[]}',NULL,0,'2024-03-12 12:58:14','2024-03-12 12:58:14'),(5339,26,6,'Absensi hari ini','anak anda berangkat','{\"action\":\"default\",\"module\":\"parent\\/notif\",\"arguments\":[]}',NULL,0,'2024-03-12 13:12:33','2024-03-12 14:43:32'),(5340,27,6,'Absensi hari ini','anak anda berangkat','{\"action\":\"default\",\"module\":\"parent\\/notif\",\"arguments\":[]}',NULL,0,'2024-03-12 13:12:33','2024-03-12 14:43:32'),(5341,3,5,'Absensi','murid anda Alya Maharani sakit','{\"action\":\"default\",\"module\":\"teacher\\/notif\",\"arguments\":[]}','{\"data\":[{\"status\":\"ok\",\"id\":\"e4984cbc-3d57-4831-91d5-c785d11c6cd5\"}]}',1,'2024-03-12 13:12:33','2024-03-12 13:12:34'),(5342,3,5,'Absensi','murid anda Farhan Pratama ijin','{\"action\":\"default\",\"module\":\"teacher\\/notif\",\"arguments\":[]}','{\"data\":[{\"status\":\"ok\",\"id\":\"6d51e472-6e3d-46c0-8fd7-494494ee4c25\"}]}',1,'2024-03-12 13:12:33','2024-03-12 13:12:35'),(5343,3,5,'Absensi','murid anda Farhan Pratama sakit','{\"action\":\"default\",\"module\":\"teacher\\/notif\",\"arguments\":[]}','{\"data\":[{\"status\":\"ok\",\"id\":\"4dc7681f-a8fc-4177-aa65-9756c9b7f35e\"}]}',1,'2024-03-12 14:33:51','2024-03-12 14:33:52'),(5344,5,5,'Absensi','murid anda Farhan Maharani tidak hadir','{\"action\":\"default\",\"module\":\"teacher\\/notif\",\"arguments\":[]}',NULL,0,'2024-03-12 14:41:29','2024-03-12 14:41:29'),(5345,5,5,'Absensi','murid anda Alya Pratama tidak hadir','{\"action\":\"default\",\"module\":\"teacher\\/notif\",\"arguments\":[]}',NULL,0,'2024-03-12 14:41:29','2024-03-12 14:41:29'),(5346,5,5,'Absensi','murid anda Sofia Wardhana tidak hadir','{\"action\":\"default\",\"module\":\"teacher\\/notif\",\"arguments\":[]}',NULL,0,'2024-03-12 14:41:30','2024-03-12 14:41:30'),(5347,215,6,'Absensi hari ini','anak anda tidak hadir','{\"action\":\"default\",\"module\":\"parent\\/notif\",\"arguments\":[]}',NULL,0,'2024-03-12 14:41:30','2024-03-12 14:41:30'),(5348,216,6,'Absensi hari ini','anak anda tidak hadir','{\"action\":\"default\",\"module\":\"parent\\/notif\",\"arguments\":[]}',NULL,0,'2024-03-12 14:41:30','2024-03-12 14:41:30'),(5349,218,6,'Absensi hari ini','anak anda tidak hadir','{\"action\":\"default\",\"module\":\"parent\\/notif\",\"arguments\":[]}',NULL,0,'2024-03-12 14:41:30','2024-03-12 14:41:30'),(5350,219,6,'Absensi hari ini','anak anda tidak hadir','{\"action\":\"default\",\"module\":\"parent\\/notif\",\"arguments\":[]}',NULL,0,'2024-03-12 14:41:30','2024-03-12 14:41:30'),(5351,5,5,'Absensi','murid anda Farhan Pratama tidak hadir','{\"action\":\"default\",\"module\":\"teacher\\/notif\",\"arguments\":[]}',NULL,0,'2024-03-12 14:41:30','2024-03-12 14:41:30'),(5352,221,6,'Absensi hari ini','anak anda tidak hadir','{\"action\":\"default\",\"module\":\"parent\\/notif\",\"arguments\":[]}',NULL,0,'2024-03-12 14:41:30','2024-03-12 14:41:30'),(5353,222,6,'Absensi hari ini','anak anda tidak hadir','{\"action\":\"default\",\"module\":\"parent\\/notif\",\"arguments\":[]}',NULL,0,'2024-03-12 14:41:30','2024-03-12 14:41:30'),(5354,5,5,'Absensi','murid anda Sofia Putra tidak hadir','{\"action\":\"default\",\"module\":\"teacher\\/notif\",\"arguments\":[]}',NULL,0,'2024-03-12 14:41:30','2024-03-12 14:41:30'),(5355,224,6,'Absensi hari ini','anak anda tidak hadir','{\"action\":\"default\",\"module\":\"parent\\/notif\",\"arguments\":[]}',NULL,0,'2024-03-12 14:41:30','2024-03-12 14:41:30'),(5356,225,6,'Absensi hari ini','anak anda tidak hadir','{\"action\":\"default\",\"module\":\"parent\\/notif\",\"arguments\":[]}',NULL,0,'2024-03-12 14:41:30','2024-03-12 14:41:30'),(5357,5,5,'Absensi','murid anda Rafa Pratama tidak hadir','{\"action\":\"default\",\"module\":\"teacher\\/notif\",\"arguments\":[]}',NULL,0,'2024-03-12 14:41:30','2024-03-12 14:41:30'),(5358,227,6,'Absensi hari ini','anak anda tidak hadir','{\"action\":\"default\",\"module\":\"parent\\/notif\",\"arguments\":[]}',NULL,0,'2024-03-12 14:41:30','2024-03-12 14:41:30'),(5359,228,6,'Absensi hari ini','anak anda tidak hadir','{\"action\":\"default\",\"module\":\"parent\\/notif\",\"arguments\":[]}',NULL,0,'2024-03-12 14:41:30','2024-03-12 14:41:30'),(5360,230,6,'Absensi hari ini','anak anda tidak hadir','{\"action\":\"default\",\"module\":\"parent\\/notif\",\"arguments\":[]}',NULL,0,'2024-03-12 14:41:30','2024-03-12 14:41:30'),(5361,231,6,'Absensi hari ini','anak anda tidak hadir','{\"action\":\"default\",\"module\":\"parent\\/notif\",\"arguments\":[]}',NULL,0,'2024-03-12 14:41:30','2024-03-12 14:41:30'),(5362,5,5,'Absensi','murid anda Alya Putra tidak hadir','{\"action\":\"default\",\"module\":\"teacher\\/notif\",\"arguments\":[]}',NULL,0,'2024-03-12 14:41:30','2024-03-12 14:41:30'),(5363,3,5,'Absensi','murid anda Sofia Pratama sakit','{\"action\":\"default\",\"module\":\"teacher\\/notif\",\"arguments\":[]}','{\"data\":[{\"status\":\"ok\",\"id\":\"74a64bee-6e0c-4de4-b2fe-08bf8a7f379c\"}]}',1,'2024-03-12 14:41:44','2024-03-12 14:41:45'),(5364,3,5,'Absensi','murid anda Sofia Pratama ijin','{\"action\":\"default\",\"module\":\"teacher\\/notif\",\"arguments\":[]}','{\"data\":[{\"status\":\"ok\",\"id\":\"05ca62ba-f404-4bcb-984c-5b647df8961a\"}]}',1,'2024-03-12 14:41:49','2024-03-12 14:41:51'),(5365,3,5,'absen hari ini','anda lupa absen, di jam 05:00-07:00','{\"action\":\"default\",\"module\":\"teacher\\/notif\",\"arguments\":[]}','{\"data\":[{\"status\":\"ok\",\"id\":\"bd475199-3382-4e17-a700-7d694e0c5545\"}]}',1,'2024-03-12 14:59:44','2024-03-12 14:59:45'),(5366,3,5,'absen hari ini','anda lupa absen, di jam 05:00-07:00','{\"action\":\"default\",\"module\":\"teacher\\/notif\",\"arguments\":[]}','{\"data\":[{\"status\":\"ok\",\"id\":\"759acb60-18fa-412c-a3c7-805dd008d980\"}]}',1,'2024-03-12 15:28:59','2024-03-12 15:29:00'),(5367,3,5,'absen hari ini','anda lupa absen, di jam 05:00-07:00','{\"action\":\"default\",\"module\":\"teacher\\/notif\",\"arguments\":[]}','{\"data\":[{\"status\":\"ok\",\"id\":\"e94c8196-ad08-4fc7-92e6-8e1ed5da31bb\"}]}',1,'2024-03-12 15:45:08','2024-03-12 15:45:09'),(5368,3,5,'absen hari ini','anda lupa absen, di jam 05:00-07:00','{\"action\":\"default\",\"module\":\"teacher\\/notif\",\"arguments\":[]}','{\"data\":[{\"status\":\"ok\",\"id\":\"1c16686c-97df-4015-85ad-6c54e0ac0783\"}]}',1,'2024-03-12 15:45:43','2024-03-12 15:45:44'),(5369,3,5,'absen hari ini','anda lupa absen, di jam 05:00-07:00','{\"action\":\"default\",\"module\":\"teacher\\/notif\",\"arguments\":[]}','{\"data\":[{\"status\":\"ok\",\"id\":\"b1ec3277-6851-4300-a385-3dca8584567e\"}]}',1,'2024-03-12 16:11:05','2024-03-12 16:11:05'),(5370,3,5,'absen hari ini','anda lupa absen, di jam 05:00-07:00','{\"action\":\"default\",\"module\":\"teacher\\/notif\",\"arguments\":[]}',NULL,0,'2024-03-12 16:11:10','2024-03-12 16:11:10'),(5371,3,5,'absen hari ini','anda lupa absen, di jam 05:00-07:00','{\"action\":\"default\",\"module\":\"teacher\\/notif\",\"arguments\":[]}','{\"data\":[{\"status\":\"ok\",\"id\":\"696eb035-d9eb-40f5-b188-71950612ec7a\"}]}',1,'2024-03-12 16:17:00','2024-03-12 16:17:00'),(5372,3,5,'absen hari ini','anda lupa absen, di jam 05:00-07:00','{\"action\":\"default\",\"module\":\"teacher\\/notif\",\"arguments\":[]}','{\"data\":[{\"status\":\"ok\",\"id\":\"4b4c7a00-aa32-451d-81ce-3f537e0029e4\"}]}',1,'2024-03-12 16:20:12','2024-03-12 16:20:13'),(5373,3,5,'absen hari ini','anda lupa absen, di jam 05:00-07:00','{\"action\":\"default\",\"module\":\"teacher\\/notif\",\"arguments\":[]}','{\"data\":[{\"status\":\"ok\",\"id\":\"0577f84d-3a45-4fd2-99a0-7e00a11fb44b\"}]}',1,'2024-03-12 16:20:44','2024-03-12 16:20:45'),(5374,3,5,'absen hari ini','anda lupa absen, di jam 05:00-07:00','{\"action\":\"default\",\"module\":\"teacher\\/notif\",\"arguments\":[]}','{\"data\":[{\"status\":\"ok\",\"id\":\"bf9815e0-5ab0-4068-af2b-2fd7dadf4562\"}]}',1,'2024-03-12 16:38:29','2024-03-12 16:38:30'),(5375,3,5,'absen hari ini','anda lupa absen, di jam 05:00-07:00','{\"action\":\"default\",\"module\":\"teacher\\/notif\",\"arguments\":[]}','{\"data\":[{\"status\":\"ok\",\"id\":\"29789095-c6c8-4e4f-8129-20645eac0915\"}]}',1,'2024-03-12 16:39:16','2024-03-12 16:39:17'),(5376,3,5,'absen hari ini','anda lupa absen, di jam 05:00-07:00','{\"action\":\"default\",\"module\":\"teacher\\/notif\",\"arguments\":[]}','{\"data\":[{\"status\":\"ok\",\"id\":\"becdb6ab-713a-4b0c-87ae-fe7f464a1fe9\"}]}',1,'2024-03-13 08:42:09','2024-03-13 08:42:10'),(5377,3,5,'absen hari ini','anda lupa absen, di jam 05:00-06:00','{\"action\":\"default\",\"module\":\"teacher\\/notif\",\"arguments\":[]}','{\"data\":[{\"status\":\"ok\",\"id\":\"0573d317-725c-4d52-aeb3-91c370e23e5a\"}]}',1,'2024-03-13 08:44:47','2024-03-13 08:44:48'),(5378,3,5,'absen hari ini','anda lupa absen, di jam 07:00-08:00','{\"action\":\"default\",\"module\":\"teacher\\/notif\",\"arguments\":[]}','{\"data\":[{\"status\":\"ok\",\"id\":\"33812c87-3916-47b8-a1c8-d93db3f78f27\"}]}',1,'2024-03-13 08:52:11','2024-03-13 08:52:12'),(5379,3,5,'absen hari ini','anda lupa absen, di jam 08:00-09:00','{\"action\":\"default\",\"module\":\"teacher\\/notif\",\"arguments\":[]}','{\"data\":[{\"status\":\"ok\",\"id\":\"0ea33ccc-3268-496b-ad85-6a1e8c53d195\"}]}',1,'2024-03-13 09:04:10','2024-03-13 09:04:11'),(5380,292,6,'Absensi hari ini','anak anda tidak hadir','{\"action\":\"default\",\"module\":\"parent\\/notif\",\"arguments\":[]}',NULL,0,'2024-03-13 09:07:37','2024-03-13 09:33:35'),(5381,293,6,'Absensi hari ini','anak anda tidak hadir','{\"action\":\"default\",\"module\":\"parent\\/notif\",\"arguments\":[]}',NULL,0,'2024-03-13 09:07:37','2024-03-13 09:33:35'),(5382,7,5,'Absensi','murid anda Sofia Pratama tidak hadir','{\"action\":\"default\",\"module\":\"teacher\\/notif\",\"arguments\":[]}',NULL,0,'2024-03-13 09:07:37','2024-03-13 09:07:37'),(5383,295,6,'Absensi hari ini','anak anda berangkat','{\"action\":\"default\",\"module\":\"parent\\/notif\",\"arguments\":[]}',NULL,0,'2024-03-13 09:07:37','2024-03-13 09:08:18'),(5384,296,6,'Absensi hari ini','anak anda berangkat','{\"action\":\"default\",\"module\":\"parent\\/notif\",\"arguments\":[]}',NULL,0,'2024-03-13 09:07:37','2024-03-13 09:08:18'),(5385,7,5,'Absensi','murid anda Rizky Cahaya tidak hadir','{\"action\":\"default\",\"module\":\"teacher\\/notif\",\"arguments\":[]}',NULL,0,'2024-03-13 09:07:37','2024-03-13 09:07:37'),(5386,298,6,'Absensi hari ini','anak anda berangkat','{\"action\":\"default\",\"module\":\"parent\\/notif\",\"arguments\":[]}',NULL,0,'2024-03-13 09:07:37','2024-03-13 09:08:18'),(5387,299,6,'Absensi hari ini','anak anda berangkat','{\"action\":\"default\",\"module\":\"parent\\/notif\",\"arguments\":[]}',NULL,0,'2024-03-13 09:07:37','2024-03-13 09:08:18'),(5388,7,5,'Absensi','murid anda Rafa Maharani tidak hadir','{\"action\":\"default\",\"module\":\"teacher\\/notif\",\"arguments\":[]}',NULL,0,'2024-03-13 09:07:37','2024-03-13 09:07:37'),(5389,301,6,'Absensi hari ini','anak anda berangkat','{\"action\":\"default\",\"module\":\"parent\\/notif\",\"arguments\":[]}',NULL,0,'2024-03-13 09:07:37','2024-03-13 09:08:18'),(5390,302,6,'Absensi hari ini','anak anda berangkat','{\"action\":\"default\",\"module\":\"parent\\/notif\",\"arguments\":[]}',NULL,0,'2024-03-13 09:07:37','2024-03-13 09:08:18'),(5391,7,5,'Absensi','murid anda Farhan Pratama tidak hadir','{\"action\":\"default\",\"module\":\"teacher\\/notif\",\"arguments\":[]}',NULL,0,'2024-03-13 09:07:37','2024-03-13 09:07:37'),(5392,304,6,'Absensi hari ini','anak anda berangkat','{\"action\":\"default\",\"module\":\"parent\\/notif\",\"arguments\":[]}',NULL,0,'2024-03-13 09:07:37','2024-03-13 09:08:18'),(5393,305,6,'Absensi hari ini','anak anda berangkat','{\"action\":\"default\",\"module\":\"parent\\/notif\",\"arguments\":[]}',NULL,0,'2024-03-13 09:07:37','2024-03-13 09:08:18'),(5394,29,6,'Absensi hari ini','anak anda tidak hadir','{\"action\":\"default\",\"module\":\"parent\\/notif\",\"arguments\":[]}',NULL,0,'2024-03-13 10:56:36','2024-03-13 16:46:25'),(5395,30,6,'Absensi hari ini','anak anda tidak hadir','{\"action\":\"default\",\"module\":\"parent\\/notif\",\"arguments\":[]}',NULL,0,'2024-03-13 10:56:36','2024-03-13 16:46:25'),(5396,3,5,'Absensi','murid anda Farhan Pratama ijin','{\"action\":\"default\",\"module\":\"teacher\\/notif\",\"arguments\":[]}','{\"data\":[{\"status\":\"ok\",\"id\":\"953ca0b1-fef9-4751-9b0d-a8d92d375b87\"}]}',1,'2024-03-13 10:56:36','2024-03-13 10:56:37'),(5397,32,6,'Absensi hari ini','anak anda berangkat','{\"action\":\"default\",\"module\":\"parent\\/notif\",\"arguments\":[]}',NULL,0,'2024-03-13 10:57:08','2024-03-13 13:56:01'),(5398,33,6,'Absensi hari ini','anak anda berangkat','{\"action\":\"default\",\"module\":\"parent\\/notif\",\"arguments\":[]}',NULL,0,'2024-03-13 10:57:08','2024-03-13 13:56:01'),(5399,3,5,'Absensi','murid anda Alya Cahaya ijin','{\"action\":\"default\",\"module\":\"teacher\\/notif\",\"arguments\":[]}','{\"data\":[{\"status\":\"ok\",\"id\":\"52d243c3-caa0-4033-b40d-cdf56bbfe3c3\"}]}',1,'2024-03-13 10:57:08','2024-03-13 10:57:09'),(5400,3,5,'Absensi','murid anda Alya Cahaya sakit','{\"action\":\"default\",\"module\":\"teacher\\/notif\",\"arguments\":[]}','{\"data\":[{\"status\":\"ok\",\"id\":\"ac5a2301-8a5d-41dd-a362-93b9e7e09a13\"}]}',1,'2024-03-13 11:05:01','2024-03-13 11:05:03'),(5401,23,6,'Absensi hari ini','anak anda tidak hadir','{\"action\":\"default\",\"module\":\"parent\\/notif\",\"arguments\":[]}',NULL,0,'2024-03-13 12:54:56','2024-03-13 16:46:25'),(5402,24,6,'Absensi hari ini','anak anda tidak hadir','{\"action\":\"default\",\"module\":\"parent\\/notif\",\"arguments\":[]}',NULL,0,'2024-03-13 12:54:56','2024-03-13 16:46:25'),(5403,3,5,'Absensi','murid anda Sofia Pratama tidak hadir','{\"action\":\"default\",\"module\":\"teacher\\/notif\",\"arguments\":[]}','{\"data\":[{\"status\":\"ok\",\"id\":\"f8c07319-fa5a-488e-9d38-4e4d3985ff6c\"}]}',1,'2024-03-13 12:54:56','2024-03-13 12:54:58'),(5404,26,6,'Absensi hari ini','anak anda berangkat','{\"action\":\"default\",\"module\":\"parent\\/notif\",\"arguments\":[]}',NULL,0,'2024-03-13 12:55:03','2024-03-13 14:32:58'),(5405,27,6,'Absensi hari ini','anak anda berangkat','{\"action\":\"default\",\"module\":\"parent\\/notif\",\"arguments\":[]}',NULL,0,'2024-03-13 12:55:03','2024-03-13 14:32:58'),(5406,3,5,'Absensi','murid anda Alya Maharani ijin','{\"action\":\"default\",\"module\":\"teacher\\/notif\",\"arguments\":[]}','{\"data\":[{\"status\":\"ok\",\"id\":\"08bda8ad-d617-4a1d-9297-126072dffc2a\"}]}',1,'2024-03-13 12:55:03','2024-03-13 12:55:04'),(5407,3,5,'Absensi','murid anda hananta afgan tidak hadir','{\"action\":\"default\",\"module\":\"teacher\\/notif\",\"arguments\":[]}','{\"data\":[{\"status\":\"ok\",\"id\":\"751b48fa-c772-4f19-98b0-f6eba6dbaa76\"}]}',1,'2024-03-13 14:32:59','2024-03-13 14:33:00'),(5408,41,6,'Absensi hari ini','anak anda ijin','{\"action\":\"default\",\"module\":\"parent\\/notif\",\"arguments\":[]}',NULL,0,'2024-03-13 14:34:27','2024-03-13 14:34:27'),(5409,42,6,'Absensi hari ini','anak anda ijin','{\"action\":\"default\",\"module\":\"parent\\/notif\",\"arguments\":[]}',NULL,0,'2024-03-13 14:34:27','2024-03-13 14:34:27'),(5410,3,5,'Absensi','murid anda Farhan Pratama tidak hadir','{\"action\":\"default\",\"module\":\"teacher\\/notif\",\"arguments\":[]}',NULL,0,'2024-03-13 16:46:25','2024-03-13 16:46:25'),(5411,3,5,'absen hari ini','anda lupa absen, di jam 08:00-09:00','{\"action\":\"default\",\"module\":\"teacher\\/notif\",\"arguments\":[]}',NULL,0,'2024-03-14 09:12:58','2024-03-14 09:12:58'),(5412,3,5,'absen hari ini','anda lupa absen, di jam 09:00-09:15','{\"action\":\"default\",\"module\":\"teacher\\/notif\",\"arguments\":[]}',NULL,0,'2024-03-14 09:46:26','2024-03-14 09:46:26'),(5413,32,6,'Absensi hari ini','anak anda berangkat','{\"action\":\"default\",\"module\":\"parent\\/notif\",\"arguments\":[]}',NULL,0,'2024-03-14 12:15:54','2024-03-14 15:03:10'),(5414,33,6,'Absensi hari ini','anak anda berangkat','{\"action\":\"default\",\"module\":\"parent\\/notif\",\"arguments\":[]}',NULL,0,'2024-03-14 12:15:54','2024-03-14 15:03:10'),(5415,3,5,'Absensi','murid anda Alya Cahaya sakit','{\"action\":\"default\",\"module\":\"teacher\\/notif\",\"arguments\":[]}',NULL,0,'2024-03-14 12:15:54','2024-03-14 12:15:54'),(5416,35,6,'Absensi hari ini','anak anda tidak hadir','{\"action\":\"default\",\"module\":\"parent\\/notif\",\"arguments\":[]}',NULL,0,'2024-03-14 12:15:54','2024-03-14 15:03:20'),(5417,36,6,'Absensi hari ini','anak anda tidak hadir','{\"action\":\"default\",\"module\":\"parent\\/notif\",\"arguments\":[]}',NULL,0,'2024-03-14 12:15:54','2024-03-14 15:03:20'),(5418,3,5,'Absensi','murid anda Farhan Cahaya sakit','{\"action\":\"default\",\"module\":\"teacher\\/notif\",\"arguments\":[]}',NULL,0,'2024-03-14 12:15:54','2024-03-14 12:15:54'),(5419,29,6,'Absensi hari ini','anak anda ijin','{\"action\":\"default\",\"module\":\"parent\\/notif\",\"arguments\":[]}',NULL,0,'2024-03-14 12:29:25','2024-03-14 14:51:59'),(5420,30,6,'Absensi hari ini','anak anda ijin','{\"action\":\"default\",\"module\":\"parent\\/notif\",\"arguments\":[]}',NULL,0,'2024-03-14 12:29:25','2024-03-14 14:51:59'),(5421,3,5,'Absensi','murid anda Farhan Pratama sakit','{\"action\":\"default\",\"module\":\"teacher\\/notif\",\"arguments\":[]}',NULL,0,'2024-03-14 12:29:25','2024-03-14 12:29:25'),(5422,44,6,'Absensi hari ini','anak anda berangkat','{\"action\":\"default\",\"module\":\"parent\\/notif\",\"arguments\":[]}',NULL,0,'2024-03-14 12:34:24','2024-03-14 14:48:37'),(5423,45,6,'Absensi hari ini','anak anda berangkat','{\"action\":\"default\",\"module\":\"parent\\/notif\",\"arguments\":[]}',NULL,0,'2024-03-14 12:34:24','2024-03-14 14:48:37'),(5424,3,5,'Absensi','murid anda Rafa Maharani tidak hadir','{\"action\":\"default\",\"module\":\"teacher\\/notif\",\"arguments\":[]}',NULL,0,'2024-03-14 12:34:24','2024-03-14 12:34:24'),(5425,3,5,'Presensi 1Bahasa Indonesia','27, 0, 0, 0','{\"action\":\"default\",\"module\":\"teacher\\/notif\",\"arguments\":[]}',NULL,0,'2024-03-14 14:48:40','2024-03-14 14:48:40'),(5426,23,6,'Absensi hari ini','anak anda ijin','{\"action\":\"default\",\"module\":\"parent\\/notif\",\"arguments\":[]}','{\"data\":[{\"status\":\"error\",\"message\":\"Unable to retrieve the FCM server key for the recipient\'s app. Make sure you have provided a server key as directed by the Expo FCM documentation.\",\"details\":{\"error\":\"InvalidCredentials\",\"fault\":\"developer\"}}]}',3,'2024-03-14 14:48:50','2024-03-14 15:30:45'),(5427,24,6,'Absensi hari ini','anak anda ijin','{\"action\":\"default\",\"module\":\"parent\\/notif\",\"arguments\":[]}',NULL,0,'2024-03-14 14:48:50','2024-03-14 15:30:45'),(5428,3,5,'Presensi 1Bahasa Indonesia','26, 1, 0, 0','{\"action\":\"default\",\"module\":\"teacher\\/notif\",\"arguments\":[]}',NULL,0,'2024-03-14 14:48:50','2024-03-14 14:48:50'),(5429,3,5,'Presensi 10 RPL 2 Bahasa Indonesia','Berangkat 25, Sakit 1, Ijin 1, Alfa 0','{\"action\":\"default\",\"module\":\"teacher\\/notif\",\"arguments\":[]}',NULL,0,'2024-03-14 14:51:59','2024-03-14 14:51:59'),(5430,3,5,'ArrayPresensi 10 RPL 2 Bahasa Indonesia','Berangkat 24, Sakit 1, Ijin 1, Alfa 1','{\"action\":\"default\",\"module\":\"teacher\\/notif\",\"arguments\":[]}',NULL,0,'2024-03-14 15:02:10','2024-03-14 15:02:10'),(5431,50,6,'Absensi hari ini','anak anda tidak hadir','{\"action\":\"default\",\"module\":\"parent\\/notif\",\"arguments\":[]}',NULL,0,'2024-03-14 15:03:32','2024-03-14 15:03:32'),(5432,51,6,'Absensi hari ini','anak anda tidak hadir','{\"action\":\"default\",\"module\":\"parent\\/notif\",\"arguments\":[]}',NULL,0,'2024-03-14 15:03:32','2024-03-14 15:03:32'),(5433,3,5,'Presensi 10 RPL 2 Bahasa Indonesia','Berangkat 23, Sakit 1, Ijin 1, Alfa 2','{\"action\":\"default\",\"module\":\"teacher\\/notif\",\"arguments\":[]}',NULL,0,'2024-03-14 15:03:32','2024-03-14 15:03:32'),(5434,47,6,'Absensi hari ini','anak anda tidak hadir','{\"action\":\"default\",\"module\":\"parent\\/notif\",\"arguments\":[]}',NULL,0,'2024-03-14 15:26:32','2024-03-14 15:26:32'),(5435,48,6,'Absensi hari ini','anak anda tidak hadir','{\"action\":\"default\",\"module\":\"parent\\/notif\",\"arguments\":[]}',NULL,0,'2024-03-14 15:26:32','2024-03-14 15:26:32'),(5436,110,6,'Absensi hari ini','anak anda tidak hadir','{\"action\":\"default\",\"module\":\"parent\\/notif\",\"arguments\":[]}',NULL,0,'2024-03-14 15:26:50','2024-03-14 15:26:50'),(5437,111,6,'Absensi hari ini','anak anda tidak hadir','{\"action\":\"default\",\"module\":\"parent\\/notif\",\"arguments\":[]}',NULL,0,'2024-03-14 15:26:50','2024-03-14 15:26:50'),(5438,107,6,'Absensi hari ini','anak anda tidak hadir','{\"action\":\"default\",\"module\":\"parent\\/notif\",\"arguments\":[]}',NULL,0,'2024-03-14 15:27:47','2024-03-14 15:27:47'),(5439,108,6,'Absensi hari ini','anak anda tidak hadir','{\"action\":\"default\",\"module\":\"parent\\/notif\",\"arguments\":[]}',NULL,0,'2024-03-14 15:27:47','2024-03-14 15:27:47'),(5440,104,6,'Absensi hari ini','anak anda sakit','{\"action\":\"default\",\"module\":\"parent\\/notif\",\"arguments\":[]}',NULL,0,'2024-03-14 15:28:18','2024-03-14 15:28:18'),(5441,105,6,'Absensi hari ini','anak anda sakit','{\"action\":\"default\",\"module\":\"parent\\/notif\",\"arguments\":[]}',NULL,0,'2024-03-14 15:28:18','2024-03-14 15:28:18'),(5442,101,6,'Absensi hari ini','anak anda tidak hadir','{\"action\":\"default\",\"module\":\"parent\\/notif\",\"arguments\":[]}',NULL,0,'2024-03-14 15:30:12','2024-03-14 15:30:12'),(5443,102,6,'Absensi hari ini','anak anda tidak hadir','{\"action\":\"default\",\"module\":\"parent\\/notif\",\"arguments\":[]}',NULL,0,'2024-03-14 15:30:12','2024-03-14 15:30:12'),(5444,98,6,'Absensi hari ini','anak anda sakit','{\"action\":\"default\",\"module\":\"parent\\/notif\",\"arguments\":[]}',NULL,0,'2024-03-14 15:30:45','2024-03-14 15:30:45'),(5445,99,6,'Absensi hari ini','anak anda sakit','{\"action\":\"default\",\"module\":\"parent\\/notif\",\"arguments\":[]}',NULL,0,'2024-03-14 15:30:45','2024-03-14 15:30:45');
DROP TABLE IF EXISTS `contact`;
CREATE TABLE `contact` (
  `id` int(255) NOT NULL AUTO_INCREMENT,
  `name` varchar(255) DEFAULT NULL,
  `email` varchar(255) DEFAULT NULL,
  `params` text,
  `message` text,
  `answer` text,
  `post_date` datetime DEFAULT NULL,
  `answer_date` datetime DEFAULT NULL,
  `followed` tinyint(1) NOT NULL DEFAULT '0',
  PRIMARY KEY (`id`),
  KEY `followed` (`followed`) USING BTREE,
  FULLTEXT KEY `name` (`name`,`email`,`params`,`message`,`answer`)
) ENGINE=InnoDB DEFAULT CHARSET=utf8;

DROP TABLE IF EXISTS `contact_field`;
CREATE TABLE `contact_field` (
  `id` int(11) NOT NULL AUTO_INCREMENT,
  `type` varchar(255) NOT NULL,
  `checked` enum('any','email','url','phone','number') DEFAULT 'any',
  `title` varchar(255) NOT NULL,
  `tips` varchar(255) NOT NULL,
  `attr` varchar(255) NOT NULL,
  `default` text NOT NULL,
  `option` text NOT NULL,
  `orderby` int(255) NOT NULL DEFAULT '1',
  `mandatory` tinyint(1) NOT NULL DEFAULT '0',
  `active` tinyint(1) NOT NULL DEFAULT '0',
  PRIMARY KEY (`id`),
  KEY `active` (`active`) USING BTREE
) ENGINE=InnoDB AUTO_INCREMENT=6 DEFAULT CHARSET=utf8;

INSERT INTO `contact_field` VALUES (1,'textarea','any','Address','','','','',1,0,1),(2,'text','any','City','','','','',2,0,1),(3,'text','any','State','','','','',3,0,1),(4,'text','number','Post Code','','','','',4,0,1),(5,'text','phone','Phone','','','','',6,0,1);
DROP TABLE IF EXISTS `contact_messenger`;
CREATE TABLE `contact_messenger` (
  `id` int(255) NOT NULL AUTO_INCREMENT,
  `name` varchar(255) DEFAULT NULL,
  `username` varchar(255) DEFAULT NULL,
  `code` text,
  `online` tinyint(1) NOT NULL DEFAULT '0',
  `orderby` int(11) DEFAULT NULL,
  `publish` tinyint(1) NOT NULL DEFAULT '0',
  PRIMARY KEY (`id`),
  KEY `online` (`online`) USING BTREE,
  KEY `publish` (`publish`) USING BTREE
) ENGINE=InnoDB AUTO_INCREMENT=2 DEFAULT CHARSET=utf8;

INSERT INTO `contact_messenger` VALUES (1,'Cust.Support','bbc_danang','',1,1,1);
DROP TABLE IF EXISTS `guestbook`;
CREATE TABLE `guestbook` (
  `id` int(255) NOT NULL AUTO_INCREMENT,
  `name` varchar(255) DEFAULT NULL,
  `email` varchar(255) DEFAULT NULL,
  `params` text,
  `message` text,
  `date` datetime DEFAULT NULL,
  `publish` tinyint(1) NOT NULL DEFAULT '0',
  PRIMARY KEY (`id`),
  KEY `publish` (`publish`) USING BTREE,
  FULLTEXT KEY `name` (`name`,`email`,`params`,`message`)
) ENGINE=InnoDB DEFAULT CHARSET=utf8;

DROP TABLE IF EXISTS `guestbook_field`;
CREATE TABLE `guestbook_field` (
  `id` int(11) NOT NULL AUTO_INCREMENT,
  `type` varchar(255) NOT NULL,
  `checked` enum('any','email','url','phone','number') DEFAULT 'any',
  `title` varchar(255) NOT NULL,
  `tips` varchar(255) NOT NULL,
  `attr` varchar(255) NOT NULL,
  `default` text NOT NULL,
  `option` text NOT NULL,
  `orderby` int(255) NOT NULL DEFAULT '1',
  `mandatory` tinyint(1) NOT NULL DEFAULT '0',
  `active` tinyint(1) NOT NULL DEFAULT '0',
  PRIMARY KEY (`id`),
  KEY `active` (`active`) USING BTREE
) ENGINE=InnoDB AUTO_INCREMENT=3 DEFAULT CHARSET=utf8;

INSERT INTO `guestbook_field` VALUES (1,'textarea','any','Address','','rows=3 cols=34','','',2,0,1),(2,'text','any','Company','','size=34','','',1,0,1);
DROP TABLE IF EXISTS `imageslider`;
CREATE TABLE `imageslider` (
  `id` int(255) NOT NULL AUTO_INCREMENT,
  `cat_id` int(255) NOT NULL DEFAULT '0',
  `image` varchar(255) DEFAULT NULL,
  `link` varchar(255) DEFAULT NULL,
  `orderby` int(11) DEFAULT NULL,
  `publish` tinyint(1) NOT NULL DEFAULT '1',
  PRIMARY KEY (`id`),
  KEY `cat_id` (`cat_id`) USING BTREE,
  KEY `publish` (`publish`) USING BTREE,
  FULLTEXT KEY `image` (`image`,`link`)
) ENGINE=InnoDB AUTO_INCREMENT=13 DEFAULT CHARSET=utf8;

INSERT INTO `imageslider` VALUES (1,1,'4c4c675c0b71e.jpg','',10,1),(2,1,'4c4c677194c62.jpg','',9,0),(3,1,'4c4c678e57bd3.jpg','',8,0),(4,1,'4c4c679a89547.jpg','',7,0),(5,1,'4c4c67c972711.jpg','',6,0),(6,1,'4c4c67e41e84b.jpg','',5,0),(7,1,'4c4c67ffca2e0.jpg','',4,0),(8,1,'4c4c681035682.jpg','',3,0),(9,1,'4c4c681f6ea08.jpg','',2,0),(10,1,'4c4c682aaf7a1.jpg','',1,1),(11,1,'','',11,1),(12,1,'','',12,1);
DROP TABLE IF EXISTS `imageslider_cat`;
CREATE TABLE `imageslider_cat` (
  `id` int(255) NOT NULL AUTO_INCREMENT,
  `title` varchar(255) DEFAULT NULL,
  `width` int(11) NOT NULL,
  `height` int(11) NOT NULL,
  PRIMARY KEY (`id`)
) ENGINE=InnoDB AUTO_INCREMENT=2 DEFAULT CHARSET=utf8;

INSERT INTO `imageslider_cat` VALUES (1,'Header',500,150);
DROP TABLE IF EXISTS `imageslider_text`;
CREATE TABLE `imageslider_text` (
  `imageslider_id` int(255) NOT NULL,
  `title` varchar(255) NOT NULL,
  `lang_id` int(255) NOT NULL DEFAULT '0',
  KEY `imageslider_id` (`imageslider_id`,`lang_id`) USING BTREE
) ENGINE=InnoDB DEFAULT CHARSET=utf8;

INSERT INTO `imageslider_text` VALUES (1,'Gedung',1),(2,'Praktikum',1),(3,'Kelas',1),(4,'Laboratorium',1),(5,'Praktek',1),(6,'Penyerahan Hadiah',1),(7,'Pengajaran',1),(8,'Belajar Kelompok',1),(9,'Perpustakaan',1),(10,'Wisuda',1),(11,'phs',1),(12,'lookism',1);
DROP TABLE IF EXISTS `links`;
CREATE TABLE `links` (
  `id` int(255) NOT NULL AUTO_INCREMENT,
  `title` varchar(255) DEFAULT NULL,
  `link` varchar(255) DEFAULT NULL,
  `image` varchar(25) DEFAULT NULL,
  `orderby` int(255) DEFAULT NULL,
  `publish` tinyint(1) NOT NULL DEFAULT '1',
  PRIMARY KEY (`id`),
  KEY `publish` (`publish`) USING BTREE
) ENGINE=InnoDB AUTO_INCREMENT=6 DEFAULT CHARSET=utf8;

INSERT INTO `links` VALUES (1,'Dirjen Pendidikan Tinggi','http://dikti.go.id/','',1,1),(2,'Departemen Kesehatan RI','http://depkes.go.id/','',4,1),(3,'Pusat Informasi dan Konseling Kesehatan Reproduksi (PIKKR)','http://pikkr.wordpress.com/','',2,1),(4,'Dinas Kesehatan Provinsi DIY','http://fisip.net/','',3,1),(5,'Download','http://www.ifwdb.com/','',5,1);
DROP TABLE IF EXISTS `links_ad`;
CREATE TABLE `links_ad` (
  `id` int(11) NOT NULL AUTO_INCREMENT,
  `name` varchar(80) NOT NULL,
  `content` text NOT NULL,
  `javascript` text NOT NULL,
  `publish` tinyint(1) NOT NULL,
  PRIMARY KEY (`id`),
  UNIQUE KEY `name` (`name`),
  KEY `publish` (`publish`) USING BTREE
) ENGINE=InnoDB DEFAULT CHARSET=utf8;

DROP TABLE IF EXISTS `links_share`;
CREATE TABLE `links_share` (
  `id` int(11) unsigned NOT NULL AUTO_INCREMENT,
  `title` varchar(150) DEFAULT NULL,
  `description` text,
  `image` varchar(255) DEFAULT NULL,
  `link` varchar(255) DEFAULT NULL,
  `total` bigint(20) DEFAULT '0',
  `publish` tinyint(1) DEFAULT '1',
  `created` datetime DEFAULT CURRENT_TIMESTAMP,
  `updated` datetime DEFAULT CURRENT_TIMESTAMP ON UPDATE CURRENT_TIMESTAMP,
  PRIMARY KEY (`id`),
  KEY `publish` (`publish`) USING BTREE,
  KEY `total` (`total`) USING BTREE
) ENGINE=InnoDB DEFAULT CHARSET=utf8;

DROP TABLE IF EXISTS `member`;
CREATE TABLE `member` (
  `id` int(11) unsigned NOT NULL AUTO_INCREMENT,
  `user_id` int(11) unsigned NOT NULL,
  `name` varchar(255) DEFAULT NULL,
  PRIMARY KEY (`id`),
  KEY `user_id` (`user_id`) USING BTREE
) ENGINE=InnoDB AUTO_INCREMENT=737 DEFAULT CHARSET=utf8 COMMENT='tabel untuk menyimpan data member';

INSERT INTO `member` VALUES (1,3,'surya'),(2,4,'agung'),(3,5,'ilham'),(4,6,'yasin'),(5,7,'vito'),(6,8,'sumanto'),(7,9,'sumanti'),(8,10,'intan'),(9,11,'zamal'),(10,12,'nabila'),(11,13,'dina'),(12,14,'sumanto'),(13,15,'sumanti'),(14,16,'surya'),(15,17,'alex'),(16,18,'nana'),(17,19,'sutejo'),(18,20,'naufal'),(19,21,'noor'),(20,22,'tarjo'),(21,23,'tugimin'),(22,24,'ida'),(23,25,'agus'),(24,26,'owo'),(25,27,'owi'),(26,28,'uwu'),(27,29,'Sarah Jones'),(28,30,'David Miller'),(29,31,'Emily Garcia'),(30,32,'Daniel Hernandez'),(31,33,'Olivia Johnson'),(32,34,'Budi'),(33,35,'Ani'),(34,36,'Cici'),(35,37,'Doni'),(36,38,'Eko'),(37,39,'Fanny'),(38,40,'Gita'),(39,41,'Haris'),(40,8,'Bapak Arief Maharani'),(41,9,'Bu Lina Maharani'),(42,10,'Ibu Sri Susanto'),(43,11,'Ibu Sri Maharani'),(44,12,'Bapak Yanto Susanto'),(45,13,'Bu Lina Susanto'),(46,14,'Bapak Arief Susanto'),(47,15,'Pak Adi Susanto'),(48,16,'Ibu Sri Cahyono'),(49,17,'Bu Lina Susanto'),(50,18,'Pak Adi Cahyono'),(51,19,'Bapak Yanto Widodo'),(52,20,'Bu Lina Cahyono'),(53,21,'Bapak Arief Susanto'),(54,22,'Ibu Sri Prabowo'),(55,23,'Joko Saputra'),(56,24,'Ratna Fitri'),(57,25,'Sofia Pratama'),(58,26,'Iwan Saputra'),(59,27,'Maria Kusuma'),(60,28,'Alya Maharani'),(61,29,'Budi Prabowo'),(62,30,'Ratna Fitri'),(63,31,'Farhan Pratama'),(64,32,'Budi Prabowo'),(65,33,'Linda Sari'),(66,34,'Alya Cahaya'),(67,35,'Iwan Saputra'),(68,36,'Ayu Fitri'),(69,37,'Farhan Cahaya'),(70,38,'Hendro Saputra'),(71,39,'Ratna Wati'),(72,40,'Farhan Cahaya'),(73,41,'Agus Santoso'),(74,42,'Siti Kusuma'),(75,43,'Alya Maharani'),(76,44,'Iwan Nugroho'),(77,45,'Maria Fitri'),(78,46,'Rafa Maharani'),(79,47,'Agus Santoso'),(80,48,'Maria Wati'),(81,49,'Alya Wardhana'),(82,50,'Agus Prabowo'),(83,51,'Siti Sari'),(84,52,'Rizky Wardhana'),(85,53,'Hendro Santoso'),(86,54,'Ratna Kusuma'),(87,55,'Sofia Wardhana'),(88,56,'Hendro Nugroho'),(89,57,'Ayu Sari'),(90,58,'Sofia Putra'),(91,59,'Hendro Prabowo'),(92,60,'Siti Kusuma'),(93,61,'Farhan Cahaya'),(94,62,'Joko Santoso'),(95,63,'Ayu Fitri'),(96,64,'Sofia Putra'),(97,65,'Budi Nugroho'),(98,66,'Siti Sari'),(99,67,'Farhan Wardhana'),(100,68,'Agus Nugroho'),(101,69,'Maria Fitri'),(102,70,'Alya Maharani'),(103,71,'Joko Saputra'),(104,72,'Ratna Sari'),(105,73,'Rafa Pratama'),(106,74,'Iwan Santoso'),(107,75,'Linda Kusuma'),(108,76,'Alya Pratama'),(109,77,'Budi Wijaya'),(110,78,'Siti Wati'),(111,79,'Alya Pratama'),(112,80,'Joko Nugroho'),(113,81,'Siti Sari'),(114,82,'Rafa Cahaya'),(115,83,'Agus Santoso'),(116,84,'Linda Wati'),(117,85,'Sofia Maharani'),(118,86,'Hendro Santoso'),(119,87,'Maria Lestari'),(120,88,'Rafa Pratama'),(121,89,'Joko Nugroho'),(122,90,'Ratna Kusuma'),(123,91,'Rafa Wardhana'),(124,92,'Joko Prabowo'),(125,93,'Siti Fitri'),(126,94,'Rizky Maharani'),(127,95,'Agus Wijaya'),(128,96,'Linda Kusuma'),(129,97,'Rafa Wardhana'),(130,98,'Iwan Prabowo'),(131,99,'Siti Wati'),(132,100,'Rafa Putra'),(133,101,'Budi Prabowo'),(134,102,'Maria Lestari'),(135,103,'Sofia Wardhana'),(136,104,'Iwan Nugroho'),(137,105,'Linda Kusuma'),(138,106,'Farhan Pratama'),(139,107,'Joko Wijaya'),(140,108,'Linda Wati'),(141,109,'Sofia Putra'),(142,110,'Agus Wijaya'),(143,111,'Maria Sari'),(144,112,'Sofia Putra'),(145,113,'Iwan Saputra'),(146,114,'Siti Lestari'),(147,115,'Rizky Maharani'),(148,116,'Iwan Nugroho'),(149,117,'Maria Fitri'),(150,118,'Alya Putra'),(151,119,'Budi Santoso'),(152,120,'Siti Fitri'),(153,121,'Sofia Cahaya'),(154,122,'Iwan Prabowo'),(155,123,'Maria Sari'),(156,124,'Farhan Putra'),(157,125,'Iwan Santoso'),(158,126,'Siti Wati'),(159,127,'Sofia Cahaya'),(160,128,'Iwan Saputra'),(161,129,'Ratna Kusuma'),(162,130,'Rafa Pratama'),(163,131,'Budi Saputra'),(164,132,'Linda Kusuma'),(165,133,'Rafa Cahaya'),(166,134,'Hendro Nugroho'),(167,135,'Ratna Wati'),(168,136,'Rizky Pratama'),(169,137,'Joko Prabowo'),(170,138,'Maria Fitri'),(171,139,'Sofia Cahaya'),(172,140,'Budi Saputra'),(173,141,'Linda Sari'),(174,142,'Sofia Pratama'),(175,143,'Joko Wijaya'),(176,144,'Ayu Kusuma'),(177,145,'Rizky Pratama'),(178,146,'Budi Prabowo'),(179,147,'Siti Sari'),(180,148,'Rafa Wardhana'),(181,149,'Joko Prabowo'),(182,150,'Ayu Kusuma'),(183,151,'Farhan Maharani'),(184,152,'Budi Wijaya'),(185,153,'Linda Fitri'),(186,154,'Alya Cahaya'),(187,155,'Agus Santoso'),(188,156,'Maria Lestari'),(189,157,'Alya Pratama'),(190,158,'Budi Nugroho'),(191,159,'Linda Sari'),(192,160,'Rafa Wardhana'),(193,161,'Iwan Prabowo'),(194,162,'Ayu Fitri'),(195,163,'Alya Cahaya'),(196,164,'Iwan Prabowo'),(197,165,'Ayu Lestari'),(198,166,'Rizky Cahaya'),(199,167,'Joko Prabowo'),(200,168,'Ayu Wati'),(201,169,'Rizky Pratama'),(202,170,'Joko Wijaya'),(203,171,'Maria Wati'),(204,172,'Alya Maharani'),(205,173,'Budi Wijaya'),(206,174,'Siti Fitri'),(207,175,'Sofia Maharani'),(208,176,'Budi Nugroho'),(209,177,'Maria Wati'),(210,178,'Sofia Wardhana'),(211,179,'Iwan Prabowo'),(212,180,'Maria Kusuma'),(213,181,'Rizky Wardhana'),(214,182,'Agus Nugroho'),(215,183,'Ratna Kusuma'),(216,184,'Alya Wardhana'),(217,185,'Agus Prabowo'),(218,186,'Siti Fitri'),(219,187,'Rafa Putra'),(220,188,'Joko Santoso'),(221,189,'Ayu Sari'),(222,190,'Alya Pratama'),(223,191,'Budi Prabowo'),(224,192,'Ayu Sari'),(225,193,'Farhan Wardhana'),(226,194,'Joko Nugroho'),(227,195,'Maria Kusuma'),(228,196,'Rafa Wardhana'),(229,197,'Agus Prabowo'),(230,198,'Siti Sari'),(231,199,'Alya Wardhana'),(232,200,'Hendro Nugroho'),(233,201,'Maria Kusuma'),(234,202,'Alya Wardhana'),(235,203,'Agus Wijaya'),(236,204,'Ratna Fitri'),(237,205,'Farhan Maharani'),(238,206,'Agus Nugroho'),(239,207,'Ratna Lestari'),(240,208,'Alya Pratama'),(241,209,'Budi Nugroho'),(242,210,'Siti Fitri'),(243,211,'Sofia Wardhana'),(244,212,'Budi Nugroho'),(245,213,'Siti Sari'),(246,214,'Rafa Cahaya'),(247,215,'Budi Wijaya'),(248,216,'Siti Wati'),(249,217,'Alya Pratama'),(250,218,'Budi Wijaya'),(251,219,'Siti Sari'),(252,220,'Farhan Pratama'),(253,221,'Joko Santoso'),(254,222,'Maria Fitri'),(255,223,'Sofia Putra'),(256,224,'Hendro Santoso'),(257,225,'Ayu Sari'),(258,226,'Rafa Pratama'),(259,227,'Budi Saputra'),(260,228,'Siti Kusuma'),(261,229,'Farhan Pratama'),(262,230,'Joko Prabowo'),(263,231,'Ayu Sari'),(264,232,'Alya Putra'),(265,233,'Agus Saputra'),(266,234,'Maria Sari'),(267,234,'Alya Putra'),(268,235,'Hendro Nugroho'),(269,236,'Ratna Fitri'),(270,237,'Rafa Pratama'),(271,238,'Hendro Nugroho'),(272,239,'Linda Wati'),(273,240,'Rafa Putra'),(274,241,'Agus Nugroho'),(275,242,'Ratna Wati'),(276,243,'Rizky Cahaya'),(277,244,'Iwan Santoso'),(278,245,'Maria Wati'),(279,246,'Rizky Putra'),(280,247,'Budi Santoso'),(281,248,'Linda Fitri'),(282,249,'Farhan Wardhana'),(283,250,'Joko Prabowo'),(284,251,'Maria Wati'),(285,252,'Sofia Putra'),(286,253,'Budi Prabowo'),(287,254,'Linda Lestari'),(288,255,'Sofia Wardhana'),(289,256,'Iwan Saputra'),(290,257,'Siti Fitri'),(291,258,'Farhan Putra'),(292,259,'Agus Prabowo'),(293,260,'Siti Wati'),(294,261,'Farhan Pratama'),(295,262,'Hendro Prabowo'),(296,263,'Ayu Sari'),(297,264,'Rafa Pratama'),(298,265,'Hendro Saputra'),(299,266,'Maria Kusuma'),(300,267,'Sofia Maharani'),(301,268,'Joko Santoso'),(302,269,'Ayu Kusuma'),(303,270,'Rizky Cahaya'),(304,271,'Iwan Wijaya'),(305,272,'Linda Kusuma'),(306,273,'Farhan Maharani'),(307,274,'Iwan Saputra'),(308,275,'Maria Kusuma'),(309,276,'Rizky Pratama'),(310,277,'Joko Wijaya'),(311,278,'Ratna Kusuma'),(312,279,'Rizky Maharani'),(313,280,'Iwan Santoso'),(314,281,'Ayu Fitri'),(315,282,'Farhan Maharani'),(316,283,'Budi Santoso'),(317,284,'Ayu Fitri'),(318,285,'Alya Putra'),(319,286,'Agus Prabowo'),(320,287,'Ratna Sari'),(321,288,'Rizky Pratama'),(322,289,'Agus Saputra'),(323,290,'Siti Lestari'),(324,291,'Alya Cahaya'),(325,292,'Joko Wijaya'),(326,293,'Ratna Kusuma'),(327,294,'Sofia Pratama'),(328,295,'Agus Prabowo'),(329,296,'Ratna Wati'),(330,297,'Rizky Cahaya'),(331,298,'Agus Nugroho'),(332,299,'Ratna Wati'),(333,300,'Rafa Maharani'),(334,301,'Agus Prabowo'),(335,302,'Ayu Kusuma'),(336,303,'Farhan Pratama'),(337,304,'Agus Nugroho'),(338,305,'Siti Sari'),(339,306,'Farhan Pratama'),(340,307,'Budi Prabowo'),(341,308,'Linda Kusuma'),(342,309,'Alya Wardhana'),(343,310,'Joko Nugroho'),(344,311,'Ayu Wati'),(345,312,'Farhan Putra'),(346,313,'Budi Prabowo'),(347,314,'Ayu Wati'),(348,315,'Alya Wardhana'),(349,316,'Agus Nugroho'),(350,317,'Siti Kusuma'),(351,318,'Alya Pratama'),(352,319,'Hendro Nugroho'),(353,320,'Maria Wati'),(354,321,'Rizky Maharani'),(355,322,'Joko Nugroho'),(356,323,'Ratna Wati'),(357,324,'Sofia Wardhana'),(358,325,'Hendro Wijaya'),(359,326,'Siti Sari'),(360,327,'Rafa Putra'),(361,328,'Hendro Nugroho'),(362,329,'Ayu Fitri'),(363,330,'Alya Pratama'),(364,331,'Iwan Santoso'),(365,332,'Linda Fitri'),(366,333,'Rafa Cahaya'),(367,334,'Joko Saputra'),(368,335,'Maria Fitri'),(369,335,'Rizky Putra'),(370,336,'Budi Santoso'),(371,337,'Maria Kusuma'),(372,338,'Farhan Wardhana'),(373,339,'Joko Prabowo'),(374,340,'Ratna Wati'),(375,341,'Rizky Wardhana'),(376,342,'Agus Prabowo'),(377,343,'Maria Fitri'),(378,344,'Rafa Wardhana'),(379,345,'Agus Prabowo'),(380,346,'Linda Lestari'),(381,347,'Sofia Cahaya'),(382,348,'Joko Nugroho'),(383,349,'Siti Wati'),(384,350,'Farhan Cahaya'),(385,351,'Agus Nugroho'),(386,352,'Siti Fitri'),(387,353,'Farhan Putra'),(388,354,'Iwan Nugroho'),(389,355,'Ratna Kusuma'),(390,356,'Sofia Pratama'),(391,357,'Hendro Saputra'),(392,358,'Ayu Sari'),(393,359,'Rizky Pratama'),(394,360,'Budi Saputra'),(395,361,'Linda Wati'),(396,362,'Farhan Wardhana'),(397,363,'Iwan Prabowo'),(398,364,'Maria Kusuma'),(399,365,'Rafa Maharani'),(400,366,'Joko Nugroho'),(401,367,'Ratna Wati'),(402,368,'Rafa Wardhana'),(403,369,'Agus Prabowo'),(404,370,'Maria Kusuma'),(405,371,'Alya Cahaya'),(406,372,'Joko Santoso'),(407,373,'Maria Fitri'),(408,374,'Rafa Putra'),(409,375,'Iwan Santoso'),(410,376,'Ratna Sari'),(411,377,'Sofia Wardhana'),(412,378,'Hendro Prabowo'),(413,379,'Linda Sari'),(414,380,'Farhan Cahaya'),(415,381,'Iwan Saputra'),(416,382,'Ayu Sari'),(417,383,'Alya Cahaya'),(418,384,'Budi Wijaya'),(419,385,'Siti Sari'),(420,386,'Rizky Maharani'),(421,387,'hananta afgan'),(422,388,'Guru'),(423,389,'Guru'),(424,390,'Asep 3'),(425,391,'Guru'),(426,0,'Guru'),(427,392,'agung'),(428,393,'nabila queen hamrarose'),(429,394,'mahmudi'),(430,395,'sumini'),(431,396,'happy asmara'),(432,397,'haryanto'),(433,398,'ahmad '),(434,399,'kusnan'),(435,400,'endang sukaisih'),(436,401,'iskandar'),(437,402,'879'),(438,403,'654'),(439,404,'5'),(440,405,'546'),(441,405,'465'),(442,407,'79879'),(443,408,'BBBBBBBB'),(444,409,'CCCCCCC'),(445,410,'AAAAAAAAAAA'),(446,0,'AAAAAAAAAAA'),(447,0,'AAAAAAAAAAA'),(448,0,'Guru'),(449,411,'Asep 4'),(450,0,'Asep 4'),(451,0,'Asep 4'),(452,0,'Asep 4'),(453,0,'Asep 4'),(454,0,'Asep 4'),(456,0,''),(457,0,''),(458,0,''),(459,0,''),(460,0,''),(461,0,''),(462,0,''),(463,0,''),(464,412,'Budi Santoso'),(465,413,'Muhammad Fikri Ramadhan'),(466,414,'Iwan Setiawan'),(467,415,'Dewi Rahayu'),(468,416,'Putri Aulia Zahra'),(469,417,'Ahmad Fauzi'),(470,418,'Siti Fatimah'),(471,419,'Rizky Pratama Utama'),(472,420,'Hendra Pratama'),(473,421,'Yuliana Pratiwi'),(474,422,'Nurul Fitriani Sari'),(475,423,'Surya Wijaya'),(476,424,'Eka Suryani'),(477,425,'Aditya Kurniawan'),(478,426,'Rudi Hartono'),(479,427,'Fitri Indah'),(480,428,'Anisa Putri Rahayu'),(481,429,'Dedi Maulana'),(482,430,'Tri Utami'),(483,431,'Rafi Pratama Nugraha'),(484,432,'Agus Nugroho'),(485,433,'Ani Wijayanti'),(486,434,'Siti Nur Hidayah'),(487,435,'Joko Susanto'),(488,436,'Ratna Sari'),(489,437,'Arya Wijaya Kusuma'),(490,438,'Hadi Purnomo'),(491,439,'Desi Handayani'),(492,440,'Dian Pratiwi Anggraini'),(493,441,'Slamet Riyadi'),(494,442,'Lina Novita'),(495,443,'Ilham Akbar Putra'),(496,444,'Sigit Wahyudi'),(497,445,'Retno Widayanti'),(498,446,'Melati Puspita Sari'),(499,447,'Dwi Santoso'),(500,448,'Yanti Kusuma'),(501,449,'Yoga Wahyu Pratama'),(502,450,'Samsul Arifin'),(503,451,'Nia Susanti'),(504,452,'Citra Amelia Dewi'),(505,453,'Herry Sutanto'),(506,454,'Mega Astuti'),(507,455,'Fahri Ramadhani'),(508,456,'Agung Prabowo'),(509,457,'Rina Agustina'),(510,458,'Dinda Permata Sari'),(511,459,'Yudi Kurniawan'),(512,460,'Nani Kartika'),(513,461,'Bagus Adi Prakoso'),(514,462,'Triyono Wibowo'),(515,463,'Euis Rohayati'),(516,464,'Rara Amanda Putri'),(517,465,'Wahyu Hidayat'),(518,466,'Tuti Hermawati'),(519,467,'Rizki Prabowo Nugroho'),(520,468,'Andi Saputra'),(521,469,'Sri Puji Lestari'),(522,470,'Bella Nurul Hikmah'),(523,471,'Hadi Saputro'),(524,472,'Nina Suprapti'),(525,473,'Arief Budiman'),(526,474,'Slamet Raharjo'),(527,475,'Ida Ayu Made'),(528,476,'Farida Rizky Pratiwi'),(529,477,'Supriyanto Utomo'),(530,478,'Anisa Fitria'),(531,479,'Dito Saputra'),(532,480,'Slamet Widodo'),(533,481,'Joko Rukmi'),(534,482,'Rina Agustina'),(535,483,'Edi Santoso'),(536,484,'Rini Sulistiani'),(537,485,'Aldi Prasetyo'),(538,486,'Wawan Setiawan'),(539,487,'Arum Yulianti'),(540,488,'Maya Indah Lestari'),(541,489,'Ibu Sri Susanto'),(542,490,'Ibu Sri Cahyono'),(543,491,'Bu Lina Widodo'),(544,492,'Bapak Yanto Prabowo'),(545,493,'Bapak Yanto Widodo'),(546,494,'Bapak Yanto Widodo'),(547,495,'Pak Adi Susanto'),(548,496,'Bapak Arief Maharani'),(549,497,'Pak Adi Cahyono'),(550,498,'Ibu Sri Maharani'),(551,499,'Pak Adi Cahyono'),(552,500,'Bu Lina Prabowo'),(553,501,'Bapak Arief Widodo'),(554,502,'Bu Lina Widodo'),(555,503,'Bu Lina Cahyono'),(557,505,'Hendro Wijaya'),(558,506,'Linda Sari'),(559,507,'Alya Wardhana'),(560,508,'Agus Saputra'),(561,509,'Maria Lestari'),(562,510,'Alya Wardhana'),(563,511,'Hendro Saputra'),(564,512,'Maria Lestari'),(565,513,'Rizky Maharani'),(566,514,'Budi Santoso'),(567,515,'Ratna Fitri'),(568,516,'Sofia Cahaya'),(569,517,'Budi Santoso'),(570,518,'Siti Lestari'),(571,519,'Rafa Wardhana'),(572,520,'Agus Nugroho'),(573,521,'Ayu Fitri'),(574,522,'Alya Putra'),(575,523,'Agus Saputra'),(576,524,'Ayu Wati'),(577,525,'Alya Pratama'),(578,526,'Agus Wijaya'),(579,527,'Siti Wati'),(580,528,'Alya Putra'),(581,529,'Budi Prabowo'),(582,530,'Siti Kusuma'),(583,531,'Alya Putra'),(584,532,'Hendro Wijaya'),(585,533,'Ayu Sari'),(586,534,'Farhan Maharani'),(587,535,'Iwan Wijaya'),(588,536,'Linda Sari'),(589,537,'Alya Maharani'),(590,538,'Hendro Wijaya'),(591,539,'Ayu Sari'),(592,540,'Rafa Cahaya'),(593,541,'Iwan Prabowo'),(594,542,'Ayu Wati'),(595,543,'Rizky Cahaya'),(596,544,'Joko Wijaya'),(597,545,'Maria Lestari'),(598,546,'Rafa Putra'),(599,547,'Agus Nugroho'),(600,548,'Siti Lestari'),(601,549,'Rizky Maharani'),(602,550,'Joko Prabowo'),(603,551,'Maria Kusuma'),(604,552,'Rizky Pratama'),(605,553,'Agus Prabowo'),(606,554,'Siti Sari'),(607,555,'Rafa Wardhana'),(608,556,'Hendro Nugroho'),(609,557,'Maria Wati'),(610,558,'Alya Maharani'),(611,559,'Budi Wijaya'),(612,560,'Linda Lestari'),(613,561,'Farhan Wardhana'),(614,562,'Iwan Saputra'),(615,563,'Ayu Fitri'),(616,564,'Rafa Cahaya'),(617,565,'Hendro Saputra'),(618,566,'Linda Wati'),(619,567,'Alya Wardhana'),(620,568,'Iwan Saputra'),(621,569,'Ratna Kusuma'),(622,570,'Sofia Wardhana'),(623,571,'Budi Wijaya'),(624,572,'Ayu Fitri'),(625,573,'Rizky Pratama'),(626,574,'Hendro Wijaya'),(627,575,'Siti Wati'),(628,576,'Farhan Putra'),(629,577,'Joko Saputra'),(630,578,'Linda Kusuma'),(631,579,'Sofia Wardhana'),(632,580,'Budi Saputra'),(633,581,'Maria Fitri'),(634,582,'Rizky Cahaya'),(635,583,'Joko Prabowo'),(636,584,'Linda Fitri'),(637,585,'Rafa Putra'),(638,586,'Joko Santoso'),(639,587,'Ayu Lestari'),(640,588,'Sofia Maharani'),(641,589,'Iwan Santoso'),(642,590,'Maria Sari'),(643,591,'Alya Cahaya'),(644,592,'Budi Wijaya'),(645,593,'Siti Fitri'),(646,594,'Rafa Cahaya'),(647,595,'Iwan Santoso'),(648,596,'Ayu Sari'),(649,597,'Rafa Maharani'),(650,598,'Joko Prabowo'),(651,599,'Siti Fitri'),(652,600,'Rafa Putra'),(653,601,'Agus Nugroho'),(654,602,'Ayu Fitri'),(655,603,'Farhan Wardhana'),(656,604,'Budi Prabowo'),(657,605,'Maria Sari'),(658,606,'Farhan Pratama'),(659,607,'Agus Nugroho'),(660,608,'Linda Lestari'),(661,609,'Rizky Cahaya'),(662,610,'Iwan Prabowo'),(663,611,'Ayu Sari'),(664,612,'Rafa Cahaya'),(665,613,'Iwan Nugroho'),(666,614,'Linda Fitri'),(667,615,'Rizky Maharani'),(668,616,'Joko Prabowo'),(669,617,'Linda Fitri'),(670,618,'Rizky Putra'),(671,619,'Agus Santoso'),(672,620,'Maria Fitri'),(673,621,'Alya Cahaya'),(674,622,'Agus Prabowo'),(675,623,'Ratna Kusuma'),(676,624,'Alya Maharani'),(677,625,'Joko Prabowo'),(678,626,'Ratna Kusuma'),(679,627,'Rafa Maharani'),(680,628,'Budi Saputra'),(681,629,'Maria Sari'),(682,630,'Farhan Wardhana'),(683,631,'Joko Santoso'),(684,632,'Siti Lestari'),(685,633,'Farhan Putra'),(686,634,'Budi Wijaya'),(687,635,'Siti Kusuma'),(688,636,'Rizky Maharani'),(689,637,'Hendro Santoso'),(690,638,'Linda Kusuma'),(691,639,'Rizky Maharani'),(692,640,'Budi Santoso'),(693,641,'Maria Wati'),(694,642,'Rafa Cahaya'),(695,643,'Agus Saputra'),(696,644,'Ratna Fitri'),(697,645,'Sofia Maharani'),(698,646,'Hendro Saputra'),(699,647,'Siti Kusuma'),(700,648,'Alya Cahaya'),(701,649,'Joko Nugroho'),(702,650,'Siti Sari'),(703,651,'Rafa Wardhana'),(704,652,'Joko Prabowo'),(705,653,'Maria Fitri'),(706,654,'Rafa Maharani'),(707,655,'Agus Prabowo'),(708,656,'Siti Wati'),(709,657,'Farhan Cahaya'),(710,658,'Agus Prabowo'),(711,659,'Ayu Kusuma'),(712,660,'Farhan Wardhana'),(713,661,'Budi Wijaya'),(714,662,'Siti Sari'),(715,663,'Rafa Maharani'),(716,664,'Joko Nugroho'),(717,665,'Ratna Wati'),(718,666,'Rizky Putra'),(719,667,'Agus Saputra'),(720,668,'Linda Fitri'),(721,669,'Farhan Cahaya'),(722,670,'Iwan Prabowo'),(723,671,'Maria Lestari'),(724,672,'Farhan Wardhana'),(725,673,'Joko Saputra'),(726,674,'Ratna Kusuma'),(727,675,'Rizky Cahaya'),(728,676,'Agus Saputra'),(729,677,'Ratna Wati'),(730,678,'Rafa Wardhana'),(731,679,'Joko Wijaya'),(732,680,'Maria Fitri'),(733,681,'Alya Pratama'),(734,682,'Budi Saputra'),(735,683,'Siti Lestari'),(736,684,'Sofia Maharani');
DROP TABLE IF EXISTS `member_device`;
CREATE TABLE `member_device` (
  `id` int(11) unsigned NOT NULL AUTO_INCREMENT,
  `user_id` int(11) unsigned NOT NULL,
  `member_id` int(11) unsigned NOT NULL,
  `installation_id` varchar(255) DEFAULT NULL,
  `key` varchar(50) DEFAULT NULL,
  `last_login` datetime DEFAULT NULL,
  `created` datetime DEFAULT CURRENT_TIMESTAMP,
  `updated` datetime DEFAULT NULL ON UPDATE CURRENT_TIMESTAMP,
  PRIMARY KEY (`id`),
  UNIQUE KEY `installation_id` (`installation_id`),
  KEY `key` (`key`) USING BTREE,
  KEY `member_id` (`member_id`) USING BTREE,
  KEY `user_id` (`user_id`) USING BTREE,
  CONSTRAINT `member_device_ibfk_1` FOREIGN KEY (`member_id`) REFERENCES `member` (`id`) ON DELETE CASCADE ON UPDATE CASCADE
) ENGINE=InnoDB AUTO_INCREMENT=118 DEFAULT CHARSET=utf8 COMMENT='tabel untuk menyimpan data device yang login';

INSERT INTO `member_device` VALUES (109,3,1,'2dcfbfd005f17230','_gqlfGoJvmsSBDjX_H1jxcl5R1eQ_xyj','2024-03-13 14:52:05','2024-03-06 10:54:02','2024-03-13 14:52:05'),(110,23,21,'undefined','V8dQSyLy0HHJ7GnhGs2svo2tk-b7cv4w','2024-03-06 14:36:25','2024-03-06 10:57:53','2024-03-06 14:36:25'),(111,3,1,'1df7c0fca1302e6a','MGnaexg7xW0L7n3wcyP3StthO-f34AJr','2024-03-13 16:41:10','2024-03-06 11:16:53','2024-03-13 16:41:10'),(115,3,1,'f7db1ad39a6ed562','y_fEEcW0lFg7zGWYJ7aADbYxUt_v_h34','2024-03-11 18:20:31','2024-03-11 18:20:31',NULL),(116,3,1,'9f5b3b342541acae','fd1evBv57Yja2rfqj60VECcPhlGsvH8U','2024-03-13 09:33:47','2024-03-12 11:40:19','2024-03-13 09:33:47'),(117,23,21,'5a62c267409d51cc','eioLCNDXcJGxWT48OJmmK2ky7Xu-I-4O','2024-03-13 16:15:19','2024-03-13 16:15:19',NULL);
DROP TABLE IF EXISTS `school`;
CREATE TABLE `school` (
  `id` int(11) unsigned NOT NULL AUTO_INCREMENT,
  `name` varchar(255) DEFAULT NULL,
  `address` text,
  `image` varchar(255) DEFAULT NULL,
  `email` varchar(100) DEFAULT NULL,
  `phone` varchar(50) DEFAULT NULL,
  `created` datetime DEFAULT CURRENT_TIMESTAMP,
  `updated` datetime DEFAULT NULL ON UPDATE CURRENT_TIMESTAMP,
  `active` tinyint(1) DEFAULT '1',
  PRIMARY KEY (`id`)
) ENGINE=InnoDB DEFAULT CHARSET=utf8 COMMENT='menyimpan data sekolah';

DROP TABLE IF EXISTS `school_attendance`;
CREATE TABLE `school_attendance` (
  `id` int(11) unsigned NOT NULL AUTO_INCREMENT,
  `student_id` int(11) unsigned DEFAULT NULL,
  `schedule_id` int(11) unsigned DEFAULT NULL,
  `presence` tinyint(1) DEFAULT '1' COMMENT '1=hadir, 2=sakit, 3=ijin, 4=tidak hadir',
  `notes` varchar(255) DEFAULT NULL COMMENT 'ini adalah keterangan dari field sebelumnya',
  `created` datetime DEFAULT CURRENT_TIMESTAMP,
  `updated` datetime DEFAULT NULL ON UPDATE CURRENT_TIMESTAMP,
  PRIMARY KEY (`id`),
  KEY `attendance_schedule` (`schedule_id`) USING BTREE,
  KEY `attendance_student` (`student_id`) USING BTREE
) ENGINE=InnoDB AUTO_INCREMENT=4236 DEFAULT CHARSET=utf8 COMMENT='daftar kehadiran';

INSERT INTO `school_attendance` VALUES (1,1,1,1,'','2024-02-02 10:41:35','2024-02-02 10:41:54'),(3,3,1,1,'','2024-02-02 10:41:35','2024-02-02 10:41:54'),(4,4,1,1,'','2024-02-02 10:41:35',NULL),(5,5,1,1,'','2024-02-02 10:41:35',NULL),(8,8,1,1,'','2024-02-02 10:41:35',NULL),(9,9,1,1,'','2024-02-02 10:41:35',NULL),(10,10,1,1,'','2024-02-02 10:41:35',NULL),(11,11,1,1,'','2024-02-02 10:41:35',NULL),(12,12,1,1,'','2024-02-02 10:41:35',NULL),(13,13,1,1,'','2024-02-02 10:41:35',NULL),(14,14,1,1,'','2024-02-02 10:41:35',NULL),(15,15,1,1,'','2024-02-02 10:41:35',NULL),(17,17,1,1,'','2024-02-02 10:41:35',NULL),(18,18,1,1,'','2024-02-02 10:41:35',NULL),(19,19,1,1,'','2024-02-02 10:41:35',NULL),(20,20,1,1,'','2024-02-02 10:41:35',NULL),(21,21,1,1,'','2024-02-02 10:41:35',NULL),(22,22,1,1,'','2024-02-02 10:41:35',NULL),(23,23,1,1,'','2024-02-02 10:41:35',NULL),(24,24,1,1,'','2024-02-02 10:41:35',NULL),(25,25,1,1,'','2024-02-02 10:41:35',NULL),(26,26,1,1,'','2024-02-02 10:41:35',NULL),(27,27,1,1,'','2024-02-02 10:41:35','2024-02-02 10:45:12'),(28,28,1,1,'','2024-02-02 10:41:35','2024-02-02 11:02:59'),(29,29,1,4,'','2024-02-02 10:41:35','2024-02-02 11:03:14'),(31,1,15,1,'','2024-02-02 11:18:03',NULL),(33,3,15,1,'','2024-02-02 11:18:03',NULL),(34,4,15,1,'','2024-02-02 11:18:03',NULL),(35,5,15,1,'','2024-02-02 11:18:03',NULL),(38,8,15,1,'','2024-02-02 11:18:03',NULL),(39,9,15,1,'','2024-02-02 11:18:03',NULL),(40,10,15,1,'','2024-02-02 11:18:03',NULL),(41,11,15,1,'','2024-02-02 11:18:03',NULL),(42,12,15,1,'','2024-02-02 11:18:04',NULL),(43,13,15,1,'','2024-02-02 11:18:04',NULL),(44,14,15,1,'','2024-02-02 11:18:04',NULL),(45,15,15,1,'','2024-02-02 11:18:04',NULL),(47,17,15,1,'','2024-02-02 11:18:04',NULL),(48,18,15,1,'','2024-02-02 11:18:04',NULL),(49,19,15,1,'','2024-02-02 11:18:04',NULL),(50,20,15,1,'','2024-02-02 11:18:04',NULL),(51,21,15,1,'','2024-02-02 11:18:04',NULL),(52,22,15,1,'','2024-02-02 11:18:04',NULL),(53,23,15,1,'','2024-02-02 11:18:04',NULL),(54,24,15,1,'','2024-02-02 11:18:04',NULL),(55,25,15,1,'','2024-02-02 11:18:04',NULL),(56,26,15,1,'','2024-02-02 11:18:04',NULL),(57,27,15,1,'','2024-02-02 11:18:04',NULL),(58,28,15,1,'','2024-02-02 11:18:04',NULL),(59,29,15,4,'','2024-02-02 11:18:04',NULL),(60,30,15,4,'','2024-02-02 11:18:04',NULL),(61,1,1,2,'','2024-02-05 10:02:43','2024-02-05 11:11:57'),(63,3,1,1,'','2024-02-05 10:02:43','2024-02-05 10:09:29'),(64,4,1,1,'','2024-02-05 10:02:43',NULL),(65,5,1,1,'','2024-02-05 10:02:43',NULL),(68,8,1,1,'','2024-02-05 10:02:43',NULL),(69,9,1,1,'','2024-02-05 10:02:43',NULL),(70,10,1,1,'','2024-02-05 10:02:43',NULL),(71,11,1,1,'','2024-02-05 10:02:43',NULL),(72,12,1,1,'','2024-02-05 10:02:43',NULL),(73,13,1,1,'','2024-02-05 10:02:43',NULL),(74,14,1,1,'','2024-02-05 10:02:43',NULL),(75,15,1,1,'','2024-02-05 10:02:43',NULL),(77,17,1,1,'','2024-02-05 10:02:43',NULL),(78,18,1,1,'','2024-02-05 10:02:43',NULL),(79,19,1,1,'','2024-02-05 10:02:43',NULL),(80,20,1,1,'','2024-02-05 10:02:43',NULL),(81,21,1,1,'','2024-02-05 10:02:43',NULL),(82,22,1,1,'','2024-02-05 10:02:43',NULL),(83,23,1,1,'','2024-02-05 10:02:43',NULL),(84,24,1,1,'','2024-02-05 10:02:43',NULL),(85,25,1,1,'','2024-02-05 10:02:43',NULL),(86,26,1,1,'','2024-02-05 10:02:43',NULL),(87,27,1,1,'','2024-02-05 10:02:43',NULL),(88,28,1,1,'','2024-02-05 10:02:43','2024-02-05 10:51:43'),(89,29,1,1,'','2024-02-05 10:02:43','2024-02-05 10:51:43'),(90,30,1,1,'','2024-02-05 10:02:43','2024-02-05 10:51:43'),(91,61,6,2,'','2024-02-05 11:10:29','2024-02-05 12:18:26'),(92,62,6,2,'','2024-02-05 11:11:22','2024-02-05 12:18:26'),(93,63,6,2,'','2024-02-05 11:11:22','2024-02-05 11:47:35'),(94,64,6,2,'','2024-02-05 11:11:22','2024-02-05 11:47:35'),(95,65,6,1,'','2024-02-05 11:11:22',NULL),(96,66,6,1,'','2024-02-05 11:11:22',NULL),(97,67,6,1,'','2024-02-05 11:11:22',NULL),(98,68,6,1,'','2024-02-05 11:11:22',NULL),(99,69,6,1,'','2024-02-05 11:11:22',NULL),(100,70,6,1,'','2024-02-05 11:11:22',NULL),(101,71,6,1,'','2024-02-05 11:11:22',NULL),(102,72,6,1,'','2024-02-05 11:11:22',NULL),(103,73,6,1,'','2024-02-05 11:11:22',NULL),(104,74,6,1,'','2024-02-05 11:11:22',NULL),(105,75,6,1,'','2024-02-05 11:11:22',NULL),(106,76,6,1,'','2024-02-05 11:11:22',NULL),(107,77,6,1,'','2024-02-05 11:11:22',NULL),(108,78,6,1,'','2024-02-05 11:11:22',NULL),(109,79,6,1,'','2024-02-05 11:11:22',NULL),(110,80,6,1,'','2024-02-05 11:11:22',NULL),(111,81,6,1,'','2024-02-05 11:11:22',NULL),(112,82,6,1,'','2024-02-05 11:11:22',NULL),(113,83,6,1,'','2024-02-05 11:11:22',NULL),(114,84,6,1,'','2024-02-05 11:11:22',NULL),(115,85,6,1,'','2024-02-05 11:11:22',NULL),(116,86,6,1,'','2024-02-05 11:11:22',NULL),(117,87,6,1,'','2024-02-05 11:11:22',NULL),(118,88,6,1,'','2024-02-05 11:11:22',NULL),(119,89,6,1,'','2024-02-05 11:11:22',NULL),(120,90,6,1,'','2024-02-05 11:11:22',NULL),(121,91,11,4,'','2024-02-05 12:22:11',NULL),(122,92,11,4,'','2024-02-05 12:22:11',NULL),(123,93,11,1,'','2024-02-05 12:22:11',NULL),(124,94,11,1,'','2024-02-05 12:22:11',NULL),(125,95,11,1,'','2024-02-05 12:22:11',NULL),(126,96,11,1,'','2024-02-05 12:22:11',NULL),(127,97,11,1,'','2024-02-05 12:22:11',NULL),(128,98,11,1,'','2024-02-05 12:22:11',NULL),(129,99,11,1,'','2024-02-05 12:22:11',NULL),(130,100,11,1,'','2024-02-05 12:22:11',NULL),(131,101,11,1,'','2024-02-05 12:22:11',NULL),(132,102,11,1,'','2024-02-05 12:22:11',NULL),(133,103,11,1,'','2024-02-05 12:22:11',NULL),(134,104,11,1,'','2024-02-05 12:22:11',NULL),(135,105,11,1,'','2024-02-05 12:22:11',NULL),(136,106,11,1,'','2024-02-05 12:22:11',NULL),(137,107,11,1,'','2024-02-05 12:22:11',NULL),(138,108,11,1,'','2024-02-05 12:22:11',NULL),(139,109,11,1,'','2024-02-05 12:22:11',NULL),(140,110,11,1,'','2024-02-05 12:22:11',NULL),(141,111,11,1,'','2024-02-05 12:22:11',NULL),(142,112,11,1,'','2024-02-05 12:22:11',NULL),(143,113,11,1,'','2024-02-05 12:22:11',NULL),(144,114,11,1,'','2024-02-05 12:22:11',NULL),(145,115,11,1,'','2024-02-05 12:22:11',NULL),(146,116,11,1,'','2024-02-05 12:22:11',NULL),(147,117,11,1,'','2024-02-05 12:22:11',NULL),(148,118,11,1,'','2024-02-05 12:22:11',NULL),(149,119,11,1,'','2024-02-05 12:22:11',NULL),(150,120,11,1,'','2024-02-05 12:22:11',NULL),(151,1,17,2,'','2024-02-05 15:55:33','2024-02-05 15:56:56'),(153,3,17,1,'','2024-02-05 15:55:33',NULL),(154,4,17,1,'','2024-02-05 15:55:33',NULL),(155,5,17,1,'','2024-02-05 15:55:33',NULL),(158,8,17,1,'','2024-02-05 15:55:33',NULL),(159,9,17,1,'','2024-02-05 15:55:33',NULL),(160,10,17,1,'','2024-02-05 15:55:33',NULL),(161,11,17,1,'','2024-02-05 15:55:33',NULL),(162,12,17,1,'','2024-02-05 15:55:33',NULL),(163,13,17,1,'','2024-02-05 15:55:33',NULL),(164,14,17,1,'','2024-02-05 15:55:33',NULL),(165,15,17,1,'','2024-02-05 15:55:33',NULL),(167,17,17,1,'','2024-02-05 15:55:33',NULL),(168,18,17,1,'','2024-02-05 15:55:33',NULL),(169,19,17,1,'','2024-02-05 15:55:33',NULL),(170,20,17,1,'','2024-02-05 15:55:33',NULL),(171,21,17,1,'','2024-02-05 15:55:33',NULL),(172,22,17,1,'','2024-02-05 15:55:33',NULL),(173,23,17,1,'','2024-02-05 15:55:33',NULL),(174,24,17,1,'','2024-02-05 15:55:33',NULL),(175,25,17,1,'','2024-02-05 15:55:33',NULL),(176,26,17,1,'','2024-02-05 15:55:33',NULL),(177,27,17,1,'','2024-02-05 15:55:33',NULL),(178,28,17,1,'','2024-02-05 15:55:33',NULL),(179,29,17,1,'','2024-02-05 15:55:33',NULL),(180,30,17,1,'','2024-02-05 15:55:33',NULL),(181,1,31,2,'','2024-02-06 10:50:38','2024-02-06 10:51:25'),(183,3,31,1,'','2024-02-06 10:50:38',NULL),(184,4,31,1,'','2024-02-06 10:50:38',NULL),(185,5,31,1,'','2024-02-06 10:50:38',NULL),(188,8,31,1,'','2024-02-06 10:50:38',NULL),(189,9,31,1,'','2024-02-06 10:50:38',NULL),(190,10,31,1,'','2024-02-06 10:50:38',NULL),(191,11,31,1,'','2024-02-06 10:50:38',NULL),(192,12,31,1,'','2024-02-06 10:50:38',NULL),(193,13,31,1,'','2024-02-06 10:50:38',NULL),(194,14,31,1,'','2024-02-06 10:50:38',NULL),(195,15,31,1,'','2024-02-06 10:50:38',NULL),(197,17,31,1,'','2024-02-06 10:50:38',NULL),(198,18,31,1,'','2024-02-06 10:50:38',NULL),(199,19,31,1,'','2024-02-06 10:50:38',NULL),(200,20,31,1,'','2024-02-06 10:50:38',NULL),(201,21,31,1,'','2024-02-06 10:50:38',NULL),(202,22,31,1,'','2024-02-06 10:50:38',NULL),(203,23,31,1,'','2024-02-06 10:50:38',NULL),(204,24,31,1,'','2024-02-06 10:50:38',NULL),(205,25,31,1,'','2024-02-06 10:50:38',NULL),(206,26,31,1,'','2024-02-06 10:50:38',NULL),(207,27,31,1,'','2024-02-06 10:50:38',NULL),(208,28,31,1,'','2024-02-06 10:50:38',NULL),(209,29,31,1,'','2024-02-06 10:50:38',NULL),(210,30,31,1,'','2024-02-06 10:50:38',NULL),(211,1,19,1,'','2024-02-06 12:13:07',NULL),(213,3,19,1,'','2024-02-06 12:13:07',NULL),(214,4,19,1,'','2024-02-06 12:13:07',NULL),(215,5,19,1,'','2024-02-06 12:13:07',NULL),(218,8,19,1,'','2024-02-06 12:13:07',NULL),(219,9,19,1,'','2024-02-06 12:13:07',NULL),(220,10,19,1,'','2024-02-06 12:13:07',NULL),(221,11,19,1,'','2024-02-06 12:13:07',NULL),(222,12,19,1,'','2024-02-06 12:13:07',NULL),(223,13,19,1,'','2024-02-06 12:13:07',NULL),(224,14,19,1,'','2024-02-06 12:13:07',NULL),(225,15,19,1,'','2024-02-06 12:13:07',NULL),(227,17,19,1,'','2024-02-06 12:13:07',NULL),(228,18,19,1,'','2024-02-06 12:13:07',NULL),(229,19,19,1,'','2024-02-06 12:13:07',NULL),(230,20,19,1,'','2024-02-06 12:13:07',NULL),(231,21,19,1,'','2024-02-06 12:13:07',NULL),(232,22,19,1,'','2024-02-06 12:13:07',NULL),(233,23,19,1,'','2024-02-06 12:13:07',NULL),(234,24,19,1,'','2024-02-06 12:13:07',NULL),(235,25,19,1,'','2024-02-06 12:13:07',NULL),(236,26,19,1,'','2024-02-06 12:13:07',NULL),(237,27,19,1,'','2024-02-06 12:13:07',NULL),(238,28,19,1,'','2024-02-06 12:13:07',NULL),(239,29,19,1,'','2024-02-06 12:13:07',NULL),(240,30,19,1,'','2024-02-06 12:13:07',NULL),(241,61,6,2,'','2024-02-06 13:55:41',NULL),(242,62,6,2,'','2024-02-06 13:55:41',NULL),(243,63,6,2,'','2024-02-06 13:55:41',NULL),(244,64,6,2,'','2024-02-06 13:55:41',NULL),(245,65,6,1,'','2024-02-06 13:55:41',NULL),(246,66,6,1,'','2024-02-06 13:55:41',NULL),(247,67,6,1,'','2024-02-06 13:55:41',NULL),(248,68,6,1,'','2024-02-06 13:55:41',NULL),(249,69,6,1,'','2024-02-06 13:55:41',NULL),(250,70,6,1,'','2024-02-06 13:55:41',NULL),(251,71,6,1,'','2024-02-06 13:55:41',NULL),(252,72,6,1,'','2024-02-06 13:55:41',NULL),(253,73,6,1,'','2024-02-06 13:55:41',NULL),(254,74,6,1,'','2024-02-06 13:55:41',NULL),(255,75,6,1,'','2024-02-06 13:55:41',NULL),(256,76,6,1,'','2024-02-06 13:55:41',NULL),(257,77,6,1,'','2024-02-06 13:55:41',NULL),(258,78,6,1,'','2024-02-06 13:55:41',NULL),(259,79,6,1,'','2024-02-06 13:55:41',NULL),(260,80,6,1,'','2024-02-06 13:55:41',NULL),(261,81,6,1,'','2024-02-06 13:55:41',NULL),(262,82,6,1,'','2024-02-06 13:55:41',NULL),(263,83,6,1,'','2024-02-06 13:55:41',NULL),(264,84,6,1,'','2024-02-06 13:55:41',NULL),(265,85,6,1,'','2024-02-06 13:55:41',NULL),(266,86,6,1,'','2024-02-06 13:55:41',NULL),(267,87,6,1,'','2024-02-06 13:55:41',NULL),(268,88,6,1,'','2024-02-06 13:55:41',NULL),(269,89,6,1,'','2024-02-06 13:55:41',NULL),(270,90,6,1,'','2024-02-06 13:55:41',NULL),(271,1,20,3,'kerumah paman coki','2024-02-07 11:23:07',NULL),(273,3,20,1,'','2024-02-07 11:23:07',NULL),(274,4,20,1,'','2024-02-07 11:23:07',NULL),(275,5,20,1,'','2024-02-07 11:23:07',NULL),(278,8,20,1,'','2024-02-07 11:23:07',NULL),(279,9,20,1,'','2024-02-07 11:23:07',NULL),(280,10,20,1,'','2024-02-07 11:23:07',NULL),(281,11,20,1,'','2024-02-07 11:23:07',NULL),(282,12,20,1,'','2024-02-07 11:23:07',NULL),(283,13,20,1,'','2024-02-07 11:23:07',NULL),(284,14,20,1,'','2024-02-07 11:23:07',NULL),(285,15,20,1,'','2024-02-07 11:23:07',NULL),(287,17,20,1,'','2024-02-07 11:23:07',NULL),(288,18,20,1,'','2024-02-07 11:23:07',NULL),(289,19,20,1,'','2024-02-07 11:23:07',NULL),(290,20,20,1,'','2024-02-07 11:23:07',NULL),(291,21,20,1,'','2024-02-07 11:23:07',NULL),(292,22,20,1,'','2024-02-07 11:23:07',NULL),(293,23,20,1,'','2024-02-07 11:23:07',NULL),(294,24,20,1,'','2024-02-07 11:23:07',NULL),(295,25,20,1,'','2024-02-07 11:23:07',NULL),(296,26,20,1,'','2024-02-07 11:23:07',NULL),(297,27,20,1,'','2024-02-07 11:23:07',NULL),(298,28,20,1,'','2024-02-07 11:23:07',NULL),(299,29,20,1,'','2024-02-07 11:23:07',NULL),(300,30,20,1,'','2024-02-07 11:23:07',NULL),(301,1,25,2,'','2024-02-07 15:44:00',NULL),(303,3,25,1,'','2024-02-07 15:44:00',NULL),(304,4,25,1,'','2024-02-07 15:44:00',NULL),(305,5,25,1,'','2024-02-07 15:44:00',NULL),(308,8,25,1,'','2024-02-07 15:44:00',NULL),(309,9,25,1,'','2024-02-07 15:44:00',NULL),(310,10,25,1,'','2024-02-07 15:44:00',NULL),(311,11,25,1,'','2024-02-07 15:44:00',NULL),(312,12,25,1,'','2024-02-07 15:44:00',NULL),(313,13,25,1,'','2024-02-07 15:44:00',NULL),(314,14,25,1,'','2024-02-07 15:44:00',NULL),(315,15,25,1,'','2024-02-07 15:44:00',NULL),(317,17,25,1,'','2024-02-07 15:44:00',NULL),(318,18,25,1,'','2024-02-07 15:44:00',NULL),(319,19,25,1,'','2024-02-07 15:44:00',NULL),(320,20,25,1,'','2024-02-07 15:44:00',NULL),(321,21,25,1,'','2024-02-07 15:44:00',NULL),(322,22,25,1,'','2024-02-07 15:44:00',NULL),(323,23,25,1,'','2024-02-07 15:44:00',NULL),(324,24,25,1,'','2024-02-07 15:44:00',NULL),(325,25,25,1,'','2024-02-07 15:44:00',NULL),(326,26,25,1,'','2024-02-07 15:44:00',NULL),(327,27,25,1,'','2024-02-07 15:44:00',NULL),(328,28,25,1,'','2024-02-07 15:44:00',NULL),(329,29,25,1,'','2024-02-07 15:44:00',NULL),(330,30,25,1,'','2024-02-07 15:44:00',NULL),(331,1,21,3,'','2024-02-15 11:38:38',NULL),(333,3,21,1,'','2024-02-15 11:38:38',NULL),(334,4,21,1,'','2024-02-15 11:38:38',NULL),(335,5,21,1,'','2024-02-15 11:38:38',NULL),(337,8,21,1,'','2024-02-15 11:38:38',NULL),(338,9,21,1,'','2024-02-15 11:38:38',NULL),(339,10,21,1,'','2024-02-15 11:38:38',NULL),(340,11,21,1,'','2024-02-15 11:38:38',NULL),(341,12,21,1,'','2024-02-15 11:38:38',NULL),(342,13,21,1,'','2024-02-15 11:38:38',NULL),(343,14,21,1,'','2024-02-15 11:38:38',NULL),(344,15,21,1,'','2024-02-15 11:38:38',NULL),(346,17,21,1,'','2024-02-15 11:38:38',NULL),(347,18,21,1,'','2024-02-15 11:38:38',NULL),(348,19,21,1,'','2024-02-15 11:38:38',NULL),(349,20,21,1,'','2024-02-15 11:38:38',NULL),(350,21,21,1,'','2024-02-15 11:38:38',NULL),(351,22,21,1,'','2024-02-15 11:38:38',NULL),(352,23,21,1,'','2024-02-15 11:38:38',NULL),(353,24,21,1,'','2024-02-15 11:38:38',NULL),(354,25,21,1,'','2024-02-15 11:38:38',NULL),(355,26,21,1,'','2024-02-15 11:38:38',NULL),(356,27,21,1,'','2024-02-15 11:38:39',NULL),(357,28,21,1,'','2024-02-15 11:38:39',NULL),(358,29,21,1,'','2024-02-15 11:38:39',NULL),(359,30,21,1,'','2024-02-15 11:38:39',NULL),(360,1,32,1,'','2024-02-15 12:15:11',NULL),(362,3,32,1,'','2024-02-15 12:15:11',NULL),(363,4,32,1,'','2024-02-15 12:15:11',NULL),(364,5,32,1,'','2024-02-15 12:15:11',NULL),(366,8,32,1,'','2024-02-15 12:15:11',NULL),(367,9,32,1,'','2024-02-15 12:15:11',NULL),(368,10,32,1,'','2024-02-15 12:15:11',NULL),(369,11,32,1,'','2024-02-15 12:15:11',NULL),(370,12,32,1,'','2024-02-15 12:15:11',NULL),(371,13,32,1,'','2024-02-15 12:15:11',NULL),(372,14,32,1,'','2024-02-15 12:15:11',NULL),(373,15,32,1,'','2024-02-15 12:15:11',NULL),(375,17,32,1,'','2024-02-15 12:15:11',NULL),(376,18,32,1,'','2024-02-15 12:15:11',NULL),(377,19,32,1,'','2024-02-15 12:15:11',NULL),(378,20,32,1,'','2024-02-15 12:15:11',NULL),(379,21,32,1,'','2024-02-15 12:15:11',NULL),(380,22,32,1,'','2024-02-15 12:15:11',NULL),(381,23,32,1,'','2024-02-15 12:15:11',NULL),(382,24,32,1,'','2024-02-15 12:15:11',NULL),(383,25,32,1,'','2024-02-15 12:15:11',NULL),(384,26,32,1,'','2024-02-15 12:15:11',NULL),(385,27,32,1,'','2024-02-15 12:15:11',NULL),(386,28,32,1,'','2024-02-15 12:15:11',NULL),(387,29,32,1,'','2024-02-15 12:15:11',NULL),(388,30,32,1,'','2024-02-15 12:15:11',NULL),(389,1,24,1,'','2024-02-15 15:25:03',NULL),(391,3,24,1,'','2024-02-15 15:25:03',NULL),(392,4,24,1,'','2024-02-15 15:25:03',NULL),(393,5,24,1,'','2024-02-15 15:25:03',NULL),(395,8,24,1,'','2024-02-15 15:25:03',NULL),(396,9,24,1,'','2024-02-15 15:25:03',NULL),(397,10,24,1,'','2024-02-15 15:25:03',NULL),(398,11,24,1,'','2024-02-15 15:25:03',NULL),(399,12,24,1,'','2024-02-15 15:25:03',NULL),(400,13,24,1,'','2024-02-15 15:25:03',NULL),(401,14,24,1,'','2024-02-15 15:25:03',NULL),(402,15,24,1,'','2024-02-15 15:25:03',NULL),(404,17,24,1,'','2024-02-15 15:25:03',NULL),(405,18,24,1,'','2024-02-15 15:25:03',NULL),(406,19,24,1,'','2024-02-15 15:25:03',NULL),(407,20,24,1,'','2024-02-15 15:25:03',NULL),(408,21,24,1,'','2024-02-15 15:25:03',NULL),(409,22,24,1,'','2024-02-15 15:25:03',NULL),(410,23,24,1,'','2024-02-15 15:25:03',NULL),(411,24,24,1,'','2024-02-15 15:25:03',NULL),(412,25,24,1,'','2024-02-15 15:25:03',NULL),(413,26,24,1,'','2024-02-15 15:25:03',NULL),(414,27,24,1,'','2024-02-15 15:25:03',NULL),(415,28,24,1,'','2024-02-15 15:25:03',NULL),(416,29,24,1,'','2024-02-15 15:25:03',NULL),(417,30,24,1,'','2024-02-15 15:25:03',NULL),(418,1,15,1,'','2024-02-16 11:24:28',NULL),(420,3,15,1,'','2024-02-16 11:24:28',NULL),(421,4,15,1,'','2024-02-16 11:24:28',NULL),(422,5,15,1,'','2024-02-16 11:24:28',NULL),(424,8,15,1,'','2024-02-16 11:24:28',NULL),(425,9,15,1,'','2024-02-16 11:24:28',NULL),(426,10,15,1,'','2024-02-16 11:24:29',NULL),(427,11,15,1,'','2024-02-16 11:24:29',NULL),(428,12,15,1,'','2024-02-16 11:24:29',NULL),(429,13,15,1,'','2024-02-16 11:24:29',NULL),(430,14,15,1,'','2024-02-16 11:24:29',NULL),(431,15,15,1,'','2024-02-16 11:24:29',NULL),(433,17,15,1,'','2024-02-16 11:24:29',NULL),(434,18,15,1,'','2024-02-16 11:24:29',NULL),(435,19,15,1,'','2024-02-16 11:24:29',NULL),(436,20,15,1,'','2024-02-16 11:24:29',NULL),(437,21,15,1,'','2024-02-16 11:24:29',NULL),(438,22,15,1,'','2024-02-16 11:24:29',NULL),(439,23,15,1,'','2024-02-16 11:24:29',NULL),(440,24,15,1,'','2024-02-16 11:24:29',NULL),(441,25,15,1,'','2024-02-16 11:24:29',NULL),(442,26,15,1,'','2024-02-16 11:24:29',NULL),(443,27,15,1,'','2024-02-16 11:24:29',NULL),(444,28,15,1,'','2024-02-16 11:24:29',NULL),(445,29,15,1,'','2024-02-16 11:24:29',NULL),(446,30,15,1,'','2024-02-16 11:24:29',NULL),(447,1,37,1,'','2024-02-16 11:50:43','2024-02-16 14:23:22'),(449,3,37,1,'','2024-02-16 11:50:43','2024-02-16 14:47:56'),(450,4,37,1,'','2024-02-16 11:50:43',NULL),(451,5,37,1,'','2024-02-16 11:50:43',NULL),(453,8,37,1,'','2024-02-16 11:50:43',NULL),(454,9,37,1,'','2024-02-16 11:50:43',NULL),(455,10,37,1,'','2024-02-16 11:50:43',NULL),(456,11,37,1,'','2024-02-16 11:50:43',NULL),(457,12,37,1,'','2024-02-16 11:50:43',NULL),(458,13,37,1,'','2024-02-16 11:50:43',NULL),(459,14,37,1,'','2024-02-16 11:50:43',NULL),(460,15,37,1,'','2024-02-16 11:50:43',NULL),(462,17,37,1,'','2024-02-16 11:50:44',NULL),(463,18,37,1,'','2024-02-16 11:50:44',NULL),(464,19,37,1,'','2024-02-16 11:50:44',NULL),(465,20,37,1,'','2024-02-16 11:50:44',NULL),(466,21,37,1,'','2024-02-16 11:50:44',NULL),(467,22,37,1,'','2024-02-16 11:50:44',NULL),(468,23,37,1,'','2024-02-16 11:50:44',NULL),(469,24,37,1,'','2024-02-16 11:50:44',NULL),(470,25,37,1,'','2024-02-16 11:50:44',NULL),(471,26,37,1,'','2024-02-16 11:50:44',NULL),(472,27,37,1,'','2024-02-16 11:50:44',NULL),(473,28,37,1,'','2024-02-16 11:50:44',NULL),(474,29,37,1,'','2024-02-16 11:50:44',NULL),(475,30,37,1,'','2024-02-16 11:50:44',NULL),(476,1,14,1,'','2024-02-16 11:50:46',NULL),(478,3,14,1,'','2024-02-16 11:50:46',NULL),(479,4,14,1,'','2024-02-16 11:50:46',NULL),(480,5,14,1,'','2024-02-16 11:50:46',NULL),(482,8,14,1,'','2024-02-16 11:50:46',NULL),(483,9,14,1,'','2024-02-16 11:50:46',NULL),(484,10,14,1,'','2024-02-16 11:50:46',NULL),(485,11,14,1,'','2024-02-16 11:50:46',NULL),(486,12,14,1,'','2024-02-16 11:50:46',NULL),(487,13,14,1,'','2024-02-16 11:50:46',NULL),(488,14,14,1,'','2024-02-16 11:50:46',NULL),(489,15,14,1,'','2024-02-16 11:50:46',NULL),(491,17,14,1,'','2024-02-16 11:50:46',NULL),(492,18,14,1,'','2024-02-16 11:50:46',NULL),(493,19,14,1,'','2024-02-16 11:50:46',NULL),(494,20,14,1,'','2024-02-16 11:50:46',NULL),(495,21,14,1,'','2024-02-16 11:50:46',NULL),(496,22,14,1,'','2024-02-16 11:50:46',NULL),(497,23,14,1,'','2024-02-16 11:50:46',NULL),(498,24,14,1,'','2024-02-16 11:50:46',NULL),(499,25,14,1,'','2024-02-16 11:50:46',NULL),(500,26,14,1,'','2024-02-16 11:50:46',NULL),(501,27,14,1,'','2024-02-16 11:50:46',NULL),(502,28,14,1,'','2024-02-16 11:50:46',NULL),(503,29,14,1,'','2024-02-16 11:50:46',NULL),(504,30,14,1,'','2024-02-16 11:50:46',NULL),(592,1,35,1,'','2024-02-16 14:23:27',NULL),(594,3,35,1,'','2024-02-16 14:23:27',NULL),(595,4,35,1,'','2024-02-16 14:23:27',NULL),(596,5,35,1,'','2024-02-16 14:23:27',NULL),(598,8,35,1,'','2024-02-16 14:23:27',NULL),(599,9,35,1,'','2024-02-16 14:23:27',NULL),(600,10,35,1,'','2024-02-16 14:23:27',NULL),(601,11,35,1,'','2024-02-16 14:23:27',NULL),(602,12,35,1,'','2024-02-16 14:23:27',NULL),(603,13,35,1,'','2024-02-16 14:23:27',NULL),(604,14,35,1,'','2024-02-16 14:23:27',NULL),(605,15,35,1,'','2024-02-16 14:23:27',NULL),(607,17,35,1,'','2024-02-16 14:23:27',NULL),(608,18,35,1,'','2024-02-16 14:23:27',NULL),(609,19,35,1,'','2024-02-16 14:23:27',NULL),(610,20,35,1,'','2024-02-16 14:23:27',NULL),(611,21,35,1,'','2024-02-16 14:23:27',NULL),(612,22,35,1,'','2024-02-16 14:23:27',NULL),(613,23,35,1,'','2024-02-16 14:23:27',NULL),(614,24,35,1,'','2024-02-16 14:23:27',NULL),(615,25,35,1,'','2024-02-16 14:23:27',NULL),(616,26,35,1,'','2024-02-16 14:23:27',NULL),(617,27,35,1,'','2024-02-16 14:23:27',NULL),(618,28,35,1,'','2024-02-16 14:23:27',NULL),(619,29,35,1,'','2024-02-16 14:23:27',NULL),(620,30,35,1,'','2024-02-16 14:23:27',NULL),(621,1,28,1,'','2024-02-17 13:32:23',NULL),(623,3,28,1,'','2024-02-17 13:32:23',NULL),(624,4,28,1,'','2024-02-17 13:32:23',NULL),(625,5,28,1,'','2024-02-17 13:32:23',NULL),(627,8,28,1,'','2024-02-17 13:32:24',NULL),(628,9,28,1,'','2024-02-17 13:32:24',NULL),(629,10,28,1,'','2024-02-17 13:32:24',NULL),(630,11,28,1,'','2024-02-17 13:32:24',NULL),(631,12,28,1,'','2024-02-17 13:32:24',NULL),(632,13,28,1,'','2024-02-17 13:32:24',NULL),(633,14,28,1,'','2024-02-17 13:32:24',NULL),(634,15,28,1,'','2024-02-17 13:32:24',NULL),(636,17,28,1,'','2024-02-17 13:32:24',NULL),(637,18,28,1,'','2024-02-17 13:32:24',NULL),(638,19,28,1,'','2024-02-17 13:32:24',NULL),(639,20,28,1,'','2024-02-17 13:32:24',NULL),(640,21,28,1,'','2024-02-17 13:32:24',NULL),(641,22,28,1,'','2024-02-17 13:32:24',NULL),(642,23,28,1,'','2024-02-17 13:32:24',NULL),(643,24,28,1,'','2024-02-17 13:32:24',NULL),(644,25,28,1,'','2024-02-17 13:32:24',NULL),(645,26,28,1,'','2024-02-17 13:32:24',NULL),(646,27,28,1,'','2024-02-17 13:32:24',NULL),(647,28,28,1,'','2024-02-17 13:32:24',NULL),(648,29,28,1,'','2024-02-17 13:32:24',NULL),(649,30,28,1,'','2024-02-17 13:32:24',NULL),(650,1,22,1,'','2024-02-17 13:36:45',NULL),(652,3,22,1,'','2024-02-17 13:36:45',NULL),(653,4,22,1,'','2024-02-17 13:36:45',NULL),(654,5,22,1,'','2024-02-17 13:36:45',NULL),(656,8,22,1,'','2024-02-17 13:36:45',NULL),(657,9,22,1,'','2024-02-17 13:36:45',NULL),(658,10,22,1,'','2024-02-17 13:36:45',NULL),(659,11,22,1,'','2024-02-17 13:36:45',NULL),(660,12,22,1,'','2024-02-17 13:36:45',NULL),(661,13,22,1,'','2024-02-17 13:36:45',NULL),(662,14,22,1,'','2024-02-17 13:36:45',NULL),(663,15,22,1,'','2024-02-17 13:36:45',NULL),(665,17,22,1,'','2024-02-17 13:36:45',NULL),(666,18,22,1,'','2024-02-17 13:36:45',NULL),(667,19,22,1,'','2024-02-17 13:36:45',NULL),(668,20,22,1,'','2024-02-17 13:36:45',NULL),(669,21,22,1,'','2024-02-17 13:36:45',NULL),(670,22,22,1,'','2024-02-17 13:36:45',NULL),(671,23,22,1,'','2024-02-17 13:36:45',NULL),(672,24,22,1,'','2024-02-17 13:36:45',NULL),(673,25,22,1,'','2024-02-17 13:36:45',NULL),(674,26,22,1,'','2024-02-17 13:36:45',NULL),(675,27,22,1,'','2024-02-17 13:36:45',NULL),(676,28,22,1,'','2024-02-17 13:36:45',NULL),(677,29,22,1,'','2024-02-17 13:36:45',NULL),(678,30,22,1,'','2024-02-17 13:36:45',NULL),(679,1,1,1,'','2024-02-19 10:34:37',NULL),(681,3,1,1,'','2024-02-19 10:34:37',NULL),(682,4,1,1,'','2024-02-19 10:34:37',NULL),(683,5,1,1,'','2024-02-19 10:34:37',NULL),(685,8,1,1,'','2024-02-19 10:34:37',NULL),(686,9,1,1,'','2024-02-19 10:34:37',NULL),(687,10,1,1,'','2024-02-19 10:34:37',NULL),(688,11,1,1,'','2024-02-19 10:34:38',NULL),(689,12,1,1,'','2024-02-19 10:34:38',NULL),(690,13,1,1,'','2024-02-19 10:34:38',NULL),(691,14,1,1,'','2024-02-19 10:34:38',NULL),(692,15,1,1,'','2024-02-19 10:34:38',NULL),(694,17,1,1,'','2024-02-19 10:34:38',NULL),(695,18,1,1,'','2024-02-19 10:34:38',NULL),(696,19,1,1,'','2024-02-19 10:34:38',NULL),(697,20,1,1,'','2024-02-19 10:34:38',NULL),(698,21,1,1,'','2024-02-19 10:34:38',NULL),(699,22,1,1,'','2024-02-19 10:34:38',NULL),(700,23,1,1,'','2024-02-19 10:34:38',NULL),(701,24,1,1,'','2024-02-19 10:34:38',NULL),(702,25,1,1,'','2024-02-19 10:34:38',NULL),(703,26,1,1,'','2024-02-19 10:34:38',NULL),(704,27,1,1,'','2024-02-19 10:34:38',NULL),(705,28,1,1,'','2024-02-19 10:34:38',NULL),(706,29,1,1,'','2024-02-19 10:34:38',NULL),(707,30,1,1,'','2024-02-19 10:34:38',NULL),(708,1,18,2,'','2024-02-19 10:36:42','2024-02-19 13:27:03'),(710,3,18,4,'','2024-02-19 10:36:42','2024-02-19 13:26:03'),(711,4,18,1,'','2024-02-19 10:36:42',NULL),(712,5,18,1,'','2024-02-19 10:36:42',NULL),(714,8,18,1,'','2024-02-19 10:36:42',NULL),(715,9,18,1,'','2024-02-19 10:36:42',NULL),(716,10,18,1,'','2024-02-19 10:36:42',NULL),(717,11,18,1,'','2024-02-19 10:36:42',NULL),(718,12,18,1,'','2024-02-19 10:36:42',NULL),(719,13,18,1,'','2024-02-19 10:36:42',NULL),(720,14,18,1,'','2024-02-19 10:36:42',NULL),(721,15,18,1,'','2024-02-19 10:36:42',NULL),(723,17,18,1,'','2024-02-19 10:36:42',NULL),(724,18,18,1,'','2024-02-19 10:36:42',NULL),(725,19,18,1,'','2024-02-19 10:36:42',NULL),(726,20,18,1,'','2024-02-19 10:36:42',NULL),(727,21,18,1,'','2024-02-19 10:36:42',NULL),(728,22,18,1,'','2024-02-19 10:36:42',NULL),(729,23,18,1,'','2024-02-19 10:36:42',NULL),(730,24,18,1,'','2024-02-19 10:36:42',NULL),(731,25,18,1,'','2024-02-19 10:36:42',NULL),(732,26,18,1,'','2024-02-19 10:36:42',NULL),(733,27,18,1,'','2024-02-19 10:36:42',NULL),(734,28,18,1,'','2024-02-19 10:36:42',NULL),(735,29,18,1,'','2024-02-19 10:36:42',NULL),(736,30,18,1,'','2024-02-19 10:36:42',NULL),(737,61,6,1,'','2024-02-19 12:00:27',NULL),(738,62,6,1,'','2024-02-19 12:00:27',NULL),(739,63,6,2,'','2024-02-19 12:00:27',NULL),(740,64,6,1,'','2024-02-19 12:00:27',NULL),(741,65,6,1,'','2024-02-19 12:00:27',NULL),(742,66,6,1,'','2024-02-19 12:00:27',NULL),(743,67,6,1,'','2024-02-19 12:00:27',NULL),(744,68,6,1,'','2024-02-19 12:00:27',NULL),(745,69,6,1,'','2024-02-19 12:00:27',NULL),(746,70,6,1,'','2024-02-19 12:00:27',NULL),(747,71,6,1,'','2024-02-19 12:00:27',NULL),(748,72,6,1,'','2024-02-19 12:00:27',NULL),(749,73,6,1,'','2024-02-19 12:00:27',NULL),(750,74,6,1,'','2024-02-19 12:00:27',NULL),(751,75,6,1,'','2024-02-19 12:00:27',NULL),(752,76,6,1,'','2024-02-19 12:00:27',NULL),(753,77,6,1,'','2024-02-19 12:00:27',NULL),(754,78,6,1,'','2024-02-19 12:00:27',NULL),(755,79,6,1,'','2024-02-19 12:00:27',NULL),(756,80,6,1,'','2024-02-19 12:00:27',NULL),(757,81,6,1,'','2024-02-19 12:00:27',NULL),(758,82,6,1,'','2024-02-19 12:00:27',NULL),(759,83,6,1,'','2024-02-19 12:00:27',NULL),(760,84,6,1,'','2024-02-19 12:00:27',NULL),(761,85,6,1,'','2024-02-19 12:00:27',NULL),(762,86,6,1,'','2024-02-19 12:00:27',NULL),(763,87,6,1,'','2024-02-19 12:00:27',NULL),(764,88,6,1,'','2024-02-19 12:00:27',NULL),(765,89,6,1,'','2024-02-19 12:00:28',NULL),(766,90,6,1,'','2024-02-19 12:00:28',NULL),(767,91,11,1,'','2024-02-19 17:31:15',NULL),(768,92,11,1,'','2024-02-19 17:31:15',NULL),(769,93,11,1,'','2024-02-19 17:31:15',NULL),(770,94,11,1,'','2024-02-19 17:31:15',NULL),(771,95,11,1,'','2024-02-19 17:31:15',NULL),(772,96,11,1,'','2024-02-19 17:31:16',NULL),(773,97,11,1,'','2024-02-19 17:31:16',NULL),(774,98,11,1,'','2024-02-19 17:31:16',NULL),(775,99,11,1,'','2024-02-19 17:31:16',NULL),(776,100,11,1,'','2024-02-19 17:31:16',NULL),(777,101,11,1,'','2024-02-19 17:31:16',NULL),(778,102,11,1,'','2024-02-19 17:31:16',NULL),(779,103,11,1,'','2024-02-19 17:31:16',NULL),(780,104,11,1,'','2024-02-19 17:31:16',NULL),(781,105,11,1,'','2024-02-19 17:31:16',NULL),(782,106,11,1,'','2024-02-19 17:31:16',NULL),(783,107,11,1,'','2024-02-19 17:31:16',NULL),(784,108,11,1,'','2024-02-19 17:31:16',NULL),(785,109,11,1,'','2024-02-19 17:31:16',NULL),(786,110,11,1,'','2024-02-19 17:31:16',NULL),(787,111,11,1,'','2024-02-19 17:31:16',NULL),(788,112,11,1,'','2024-02-19 17:31:16',NULL),(789,113,11,1,'','2024-02-19 17:31:16',NULL),(790,114,11,1,'','2024-02-19 17:31:16',NULL),(791,115,11,1,'','2024-02-19 17:31:16',NULL),(792,116,11,1,'','2024-02-19 17:31:16',NULL),(793,117,11,1,'','2024-02-19 17:31:16',NULL),(794,118,11,1,'','2024-02-19 17:31:16',NULL),(795,119,11,1,'','2024-02-19 17:31:16',NULL),(796,120,11,1,'','2024-02-19 17:31:16',NULL),(797,1,17,1,'','2024-02-19 17:48:18',NULL),(799,3,17,1,'','2024-02-19 17:48:18',NULL),(800,4,17,1,'','2024-02-19 17:48:18',NULL),(801,5,17,1,'','2024-02-19 17:48:18',NULL),(803,8,17,1,'','2024-02-19 17:48:18',NULL),(804,9,17,1,'','2024-02-19 17:48:18',NULL),(805,10,17,1,'','2024-02-19 17:48:18',NULL),(806,11,17,1,'','2024-02-19 17:48:18',NULL),(807,12,17,1,'','2024-02-19 17:48:18',NULL),(808,13,17,1,'','2024-02-19 17:48:18',NULL),(809,14,17,1,'','2024-02-19 17:48:18',NULL),(810,15,17,1,'','2024-02-19 17:48:18',NULL),(812,17,17,1,'','2024-02-19 17:48:18',NULL),(813,18,17,1,'','2024-02-19 17:48:18',NULL),(814,19,17,1,'','2024-02-19 17:48:18',NULL),(815,20,17,1,'','2024-02-19 17:48:18',NULL),(816,21,17,1,'','2024-02-19 17:48:18',NULL),(817,22,17,1,'','2024-02-19 17:48:18',NULL),(818,23,17,1,'','2024-02-19 17:48:18',NULL),(819,24,17,1,'','2024-02-19 17:48:18',NULL),(820,25,17,1,'','2024-02-19 17:48:18',NULL),(821,26,17,1,'','2024-02-19 17:48:18',NULL),(822,27,17,1,'','2024-02-19 17:48:18',NULL),(823,28,17,1,'','2024-02-19 17:48:18',NULL),(824,29,17,1,'','2024-02-19 17:48:18',NULL),(825,30,17,1,'','2024-02-19 17:48:18',NULL),(826,61,7,1,'','2024-02-19 17:48:22',NULL),(827,62,7,1,'','2024-02-19 17:48:22',NULL),(828,63,7,1,'','2024-02-19 17:48:22',NULL),(829,64,7,1,'','2024-02-19 17:48:22',NULL),(830,65,7,1,'','2024-02-19 17:48:22',NULL),(831,66,7,1,'','2024-02-19 17:48:22',NULL),(832,67,7,1,'','2024-02-19 17:48:22',NULL),(833,68,7,1,'','2024-02-19 17:48:22',NULL),(834,69,7,1,'','2024-02-19 17:48:22',NULL),(835,70,7,1,'','2024-02-19 17:48:22',NULL),(836,71,7,1,'','2024-02-19 17:48:22',NULL),(837,72,7,1,'','2024-02-19 17:48:22',NULL),(838,73,7,1,'','2024-02-19 17:48:22',NULL),(839,74,7,1,'','2024-02-19 17:48:22',NULL),(840,75,7,1,'','2024-02-19 17:48:22',NULL),(841,76,7,1,'','2024-02-19 17:48:22',NULL),(842,77,7,1,'','2024-02-19 17:48:22',NULL),(843,78,7,1,'','2024-02-19 17:48:22',NULL),(844,79,7,1,'','2024-02-19 17:48:22',NULL),(845,80,7,1,'','2024-02-19 17:48:22',NULL),(846,81,7,1,'','2024-02-19 17:48:22',NULL),(847,82,7,1,'','2024-02-19 17:48:22',NULL),(848,83,7,1,'','2024-02-19 17:48:22',NULL),(849,84,7,1,'','2024-02-19 17:48:22',NULL),(850,85,7,1,'','2024-02-19 17:48:22',NULL),(851,86,7,1,'','2024-02-19 17:48:22',NULL),(852,87,7,1,'','2024-02-19 17:48:22',NULL),(853,88,7,1,'','2024-02-19 17:48:22',NULL),(854,89,7,1,'','2024-02-19 17:48:22',NULL),(855,90,7,1,'','2024-02-19 17:48:22',NULL),(856,1,16,1,'','2024-02-19 17:48:31',NULL),(858,3,16,1,'','2024-02-19 17:48:31',NULL),(859,4,16,1,'','2024-02-19 17:48:31',NULL),(860,5,16,1,'','2024-02-19 17:48:31',NULL),(862,8,16,1,'','2024-02-19 17:48:31',NULL),(863,9,16,1,'','2024-02-19 17:48:31',NULL),(864,10,16,1,'','2024-02-19 17:48:31',NULL),(865,11,16,1,'','2024-02-19 17:48:31',NULL),(866,12,16,1,'','2024-02-19 17:48:31',NULL),(867,13,16,1,'','2024-02-19 17:48:31',NULL),(868,14,16,1,'','2024-02-19 17:48:31',NULL),(869,15,16,1,'','2024-02-19 17:48:31',NULL),(871,17,16,1,'','2024-02-19 17:48:31',NULL),(872,18,16,1,'','2024-02-19 17:48:31',NULL),(873,19,16,1,'','2024-02-19 17:48:31',NULL),(874,20,16,1,'','2024-02-19 17:48:31',NULL),(875,21,16,1,'','2024-02-19 17:48:31',NULL),(876,22,16,1,'','2024-02-19 17:48:31',NULL),(877,23,16,1,'','2024-02-19 17:48:31',NULL),(878,24,16,1,'','2024-02-19 17:48:31',NULL),(879,25,16,1,'','2024-02-19 17:48:31',NULL),(880,26,16,1,'','2024-02-19 17:48:31',NULL),(881,27,16,1,'','2024-02-19 17:48:31',NULL),(882,28,16,1,'','2024-02-19 17:48:31',NULL),(883,29,16,1,'','2024-02-19 17:48:31',NULL),(884,30,16,1,'','2024-02-19 17:48:31',NULL),(885,1,19,1,'','2024-02-20 11:33:51',NULL),(887,3,19,1,'','2024-02-20 11:33:51',NULL),(888,4,19,1,'','2024-02-20 11:33:51',NULL),(889,5,19,1,'','2024-02-20 11:33:51',NULL),(891,8,19,1,'','2024-02-20 11:33:51',NULL),(892,9,19,1,'','2024-02-20 11:33:52',NULL),(893,10,19,1,'','2024-02-20 11:33:52',NULL),(894,11,19,1,'','2024-02-20 11:33:52',NULL),(895,12,19,1,'','2024-02-20 11:33:52',NULL),(896,13,19,1,'','2024-02-20 11:33:52',NULL),(897,14,19,1,'','2024-02-20 11:33:52',NULL),(898,15,19,1,'','2024-02-20 11:33:52',NULL),(900,17,19,1,'','2024-02-20 11:33:52',NULL),(901,18,19,1,'','2024-02-20 11:33:52',NULL),(902,19,19,1,'','2024-02-20 11:33:52',NULL),(903,20,19,1,'','2024-02-20 11:33:52',NULL),(904,21,19,1,'','2024-02-20 11:33:52',NULL),(905,22,19,1,'','2024-02-20 11:33:52',NULL),(906,23,19,1,'','2024-02-20 11:33:52',NULL),(907,24,19,1,'','2024-02-20 11:33:52',NULL),(908,25,19,1,'','2024-02-20 11:33:52',NULL),(909,26,19,1,'','2024-02-20 11:33:52',NULL),(910,27,19,1,'','2024-02-20 11:33:52',NULL),(911,28,19,1,'','2024-02-20 11:33:52',NULL),(912,29,19,1,'','2024-02-20 11:33:52',NULL),(913,30,19,1,'','2024-02-20 11:33:52',NULL),(914,1,26,1,'','2024-02-20 12:39:22',NULL),(916,3,26,1,'','2024-02-20 12:39:22',NULL),(917,4,26,1,'','2024-02-20 12:39:22',NULL),(918,5,26,1,'','2024-02-20 12:39:22',NULL),(920,8,26,1,'','2024-02-20 12:39:22',NULL),(921,9,26,1,'','2024-02-20 12:39:22',NULL),(922,10,26,1,'','2024-02-20 12:39:23',NULL),(923,11,26,1,'','2024-02-20 12:39:23',NULL),(924,12,26,1,'','2024-02-20 12:39:23',NULL),(925,13,26,1,'','2024-02-20 12:39:23',NULL),(926,14,26,1,'','2024-02-20 12:39:23',NULL),(927,15,26,1,'','2024-02-20 12:39:23',NULL),(929,17,26,1,'','2024-02-20 12:39:23',NULL),(930,18,26,1,'','2024-02-20 12:39:23',NULL),(931,19,26,1,'','2024-02-20 12:39:23',NULL),(932,20,26,1,'','2024-02-20 12:39:23',NULL),(933,21,26,1,'','2024-02-20 12:39:23',NULL),(934,22,26,1,'','2024-02-20 12:39:23',NULL),(935,23,26,1,'','2024-02-20 12:39:23',NULL),(936,24,26,1,'','2024-02-20 12:39:23',NULL),(937,25,26,1,'','2024-02-20 12:39:23',NULL),(938,26,26,1,'','2024-02-20 12:39:23',NULL),(939,27,26,1,'','2024-02-20 12:39:23',NULL),(940,28,26,1,'','2024-02-20 12:39:23',NULL),(941,29,26,1,'','2024-02-20 12:39:23',NULL),(942,30,26,1,'','2024-02-20 12:39:23',NULL),(943,1,31,1,'','2024-02-20 12:39:24',NULL),(945,3,31,1,'','2024-02-20 12:39:25',NULL),(946,4,31,1,'','2024-02-20 12:39:25',NULL),(947,5,31,1,'','2024-02-20 12:39:25',NULL),(949,8,31,1,'','2024-02-20 12:39:25',NULL),(950,9,31,1,'','2024-02-20 12:39:25',NULL),(951,10,31,1,'','2024-02-20 12:39:25',NULL),(952,11,31,1,'','2024-02-20 12:39:25',NULL),(953,12,31,1,'','2024-02-20 12:39:25',NULL),(954,13,31,1,'','2024-02-20 12:39:25',NULL),(955,14,31,1,'','2024-02-20 12:39:25',NULL),(956,15,31,1,'','2024-02-20 12:39:25',NULL),(958,17,31,1,'','2024-02-20 12:39:25',NULL),(959,18,31,1,'','2024-02-20 12:39:25',NULL),(960,19,31,1,'','2024-02-20 12:39:25',NULL),(961,20,31,1,'','2024-02-20 12:39:25',NULL),(962,21,31,1,'','2024-02-20 12:39:25',NULL),(963,22,31,1,'','2024-02-20 12:39:25',NULL),(964,23,31,1,'','2024-02-20 12:39:25',NULL),(965,24,31,1,'','2024-02-20 12:39:25',NULL),(966,25,31,1,'','2024-02-20 12:39:25',NULL),(967,26,31,1,'','2024-02-20 12:39:25',NULL),(968,27,31,1,'','2024-02-20 12:39:25',NULL),(969,28,31,1,'','2024-02-20 12:39:25',NULL),(970,29,31,1,'','2024-02-20 12:39:25',NULL),(971,30,31,1,'','2024-02-20 12:39:25',NULL),(972,1,29,2,'','2024-02-20 12:39:31',NULL),(974,3,29,1,'','2024-02-20 12:39:31',NULL),(975,4,29,1,'','2024-02-20 12:39:31',NULL),(976,5,29,1,'','2024-02-20 12:39:31',NULL),(978,8,29,1,'','2024-02-20 12:39:31',NULL),(979,9,29,1,'','2024-02-20 12:39:31',NULL),(980,10,29,1,'','2024-02-20 12:39:31',NULL),(981,11,29,1,'','2024-02-20 12:39:31',NULL),(982,12,29,1,'','2024-02-20 12:39:31',NULL),(983,13,29,1,'','2024-02-20 12:39:31',NULL),(984,14,29,1,'','2024-02-20 12:39:31',NULL),(985,15,29,1,'','2024-02-20 12:39:31',NULL),(987,17,29,1,'','2024-02-20 12:39:31',NULL),(988,18,29,1,'','2024-02-20 12:39:31',NULL),(989,19,29,1,'','2024-02-20 12:39:31',NULL),(990,20,29,1,'','2024-02-20 12:39:31',NULL),(991,21,29,1,'','2024-02-20 12:39:31',NULL),(992,22,29,1,'','2024-02-20 12:39:31',NULL),(993,23,29,1,'','2024-02-20 12:39:31',NULL),(994,24,29,1,'','2024-02-20 12:39:31',NULL),(995,25,29,1,'','2024-02-20 12:39:31',NULL),(996,26,29,1,'','2024-02-20 12:39:31',NULL),(997,27,29,1,'','2024-02-20 12:39:31',NULL),(998,28,29,1,'','2024-02-20 12:39:31',NULL),(999,29,29,1,'','2024-02-20 12:39:31',NULL),(1000,30,29,1,'','2024-02-20 12:39:31',NULL),(1001,1,20,4,'','2024-02-21 11:21:39','2024-02-21 17:02:53'),(1003,3,20,1,'','2024-02-21 11:21:39','2024-02-21 13:41:59'),(1004,4,20,1,'','2024-02-21 11:21:39','2024-02-21 13:41:59'),(1005,5,20,1,'','2024-02-21 11:21:39',NULL),(1007,8,20,1,'','2024-02-21 11:21:39',NULL),(1008,9,20,1,'','2024-02-21 11:21:39',NULL),(1009,10,20,1,'','2024-02-21 11:21:39','2024-02-21 13:41:59'),(1010,11,20,1,'','2024-02-21 11:21:39',NULL),(1011,12,20,1,'','2024-02-21 11:21:39',NULL),(1012,13,20,1,'','2024-02-21 11:21:39',NULL),(1013,14,20,1,'','2024-02-21 11:21:39',NULL),(1014,15,20,1,'','2024-02-21 11:21:39',NULL),(1016,17,20,1,'','2024-02-21 11:21:39',NULL),(1017,18,20,1,'','2024-02-21 11:21:40',NULL),(1018,19,20,1,'','2024-02-21 11:21:40',NULL),(1019,20,20,1,'','2024-02-21 11:21:40',NULL),(1020,21,20,1,'','2024-02-21 11:21:40',NULL),(1021,22,20,1,'','2024-02-21 11:21:40',NULL),(1022,23,20,1,'','2024-02-21 11:21:40',NULL),(1023,24,20,1,'','2024-02-21 11:21:40',NULL),(1024,25,20,1,'','2024-02-21 11:21:40',NULL),(1025,26,20,1,'','2024-02-21 11:21:40',NULL),(1026,27,20,1,'','2024-02-21 11:21:40',NULL),(1027,28,20,1,'','2024-02-21 11:21:40',NULL),(1028,29,20,1,'','2024-02-21 11:21:40',NULL),(1029,30,20,1,'','2024-02-21 11:21:40',NULL),(1030,1,25,1,'','2024-02-21 11:22:55','2024-02-21 14:48:46'),(1032,3,25,4,'','2024-02-21 11:22:55','2024-02-21 14:43:15'),(1033,4,25,4,'','2024-02-21 11:22:55','2024-02-21 14:44:47'),(1034,5,25,1,'','2024-02-21 11:22:55','2024-02-21 13:33:23'),(1036,8,25,1,'','2024-02-21 11:22:55',NULL),(1037,9,25,1,'','2024-02-21 11:22:55',NULL),(1038,10,25,1,'','2024-02-21 11:22:55',NULL),(1039,11,25,1,'','2024-02-21 11:22:55',NULL),(1040,12,25,1,'','2024-02-21 11:22:55',NULL),(1041,13,25,1,'','2024-02-21 11:22:55',NULL),(1042,14,25,1,'','2024-02-21 11:22:55',NULL),(1043,15,25,1,'','2024-02-21 11:22:55',NULL),(1045,17,25,1,'','2024-02-21 11:22:55',NULL),(1046,18,25,1,'','2024-02-21 11:22:55',NULL),(1047,19,25,1,'','2024-02-21 11:22:55',NULL),(1048,20,25,1,'','2024-02-21 11:22:55',NULL),(1049,21,25,1,'','2024-02-21 11:22:55',NULL),(1050,22,25,1,'','2024-02-21 11:22:55',NULL),(1051,23,25,1,'','2024-02-21 11:22:55',NULL),(1052,24,25,1,'','2024-02-21 11:22:55',NULL),(1053,25,25,1,'','2024-02-21 11:22:55',NULL),(1054,26,25,1,'','2024-02-21 11:22:55',NULL),(1055,27,25,1,'','2024-02-21 11:22:55',NULL),(1056,28,25,1,'','2024-02-21 11:22:55',NULL),(1057,29,25,1,'','2024-02-21 11:22:55',NULL),(1058,30,25,1,'','2024-02-21 11:22:55',NULL),(1059,1,21,1,'','2024-02-22 11:09:55',NULL),(1061,3,21,4,'','2024-02-22 11:09:55',NULL),(1062,4,21,1,'','2024-02-22 11:09:55',NULL),(1063,5,21,1,'','2024-02-22 11:09:55',NULL),(1065,8,21,1,'','2024-02-22 11:09:55',NULL),(1066,9,21,1,'','2024-02-22 11:09:55',NULL),(1067,10,21,1,'','2024-02-22 11:09:55',NULL),(1068,11,21,1,'','2024-02-22 11:09:55',NULL),(1069,12,21,1,'','2024-02-22 11:09:55',NULL),(1070,13,21,1,'','2024-02-22 11:09:55',NULL),(1071,14,21,1,'','2024-02-22 11:09:55',NULL),(1072,15,21,1,'','2024-02-22 11:09:55',NULL),(1074,17,21,1,'','2024-02-22 11:09:55',NULL),(1075,18,21,1,'','2024-02-22 11:09:55',NULL),(1076,19,21,1,'','2024-02-22 11:09:55',NULL),(1077,20,21,1,'','2024-02-22 11:09:55',NULL),(1078,21,21,1,'','2024-02-22 11:09:55',NULL),(1079,22,21,1,'','2024-02-22 11:09:55',NULL),(1080,23,21,1,'','2024-02-22 11:09:55',NULL),(1081,24,21,1,'','2024-02-22 11:09:55',NULL),(1082,25,21,1,'','2024-02-22 11:09:55',NULL),(1083,26,21,1,'','2024-02-22 11:09:55',NULL),(1084,27,21,1,'','2024-02-22 11:09:56',NULL),(1085,28,21,1,'','2024-02-22 11:09:56',NULL),(1086,29,21,1,'','2024-02-22 11:09:56',NULL),(1087,30,21,1,'','2024-02-22 11:09:56',NULL),(1088,1,24,1,'','2024-02-22 11:51:37',NULL),(1090,3,24,1,'','2024-02-22 11:51:37',NULL),(1091,4,24,2,'','2024-02-22 11:51:37',NULL),(1092,5,24,1,'','2024-02-22 11:51:37',NULL),(1094,8,24,1,'','2024-02-22 11:51:37',NULL),(1095,9,24,1,'','2024-02-22 11:51:37',NULL),(1096,10,24,1,'','2024-02-22 11:51:37',NULL),(1097,11,24,1,'','2024-02-22 11:51:37',NULL),(1098,12,24,1,'','2024-02-22 11:51:37',NULL),(1099,13,24,1,'','2024-02-22 11:51:37',NULL),(1100,14,24,1,'','2024-02-22 11:51:37',NULL),(1101,15,24,1,'','2024-02-22 11:51:37',NULL),(1103,17,24,1,'','2024-02-22 11:51:37',NULL),(1104,18,24,1,'','2024-02-22 11:51:37',NULL),(1105,19,24,1,'','2024-02-22 11:51:37',NULL),(1106,20,24,1,'','2024-02-22 11:51:37',NULL),(1107,21,24,1,'','2024-02-22 11:51:37',NULL),(1108,22,24,1,'','2024-02-22 11:51:37',NULL),(1109,23,24,1,'','2024-02-22 11:51:37',NULL),(1110,24,24,1,'','2024-02-22 11:51:37',NULL),(1111,25,24,1,'','2024-02-22 11:51:37',NULL),(1112,26,24,1,'','2024-02-22 11:51:37',NULL),(1113,27,24,1,'','2024-02-22 11:51:37',NULL),(1114,28,24,1,'','2024-02-22 11:51:37',NULL),(1115,29,24,1,'','2024-02-22 11:51:37',NULL),(1116,30,24,1,'','2024-02-22 11:51:37',NULL),(1117,1,32,2,'','2024-02-22 12:45:02',NULL),(1119,3,32,1,'','2024-02-22 12:45:02',NULL),(1120,4,32,1,'','2024-02-22 12:45:02',NULL),(1121,5,32,1,'','2024-02-22 12:45:02',NULL),(1123,8,32,1,'','2024-02-22 12:45:02',NULL),(1124,9,32,1,'','2024-02-22 12:45:02',NULL),(1125,10,32,1,'','2024-02-22 12:45:02',NULL),(1126,11,32,1,'','2024-02-22 12:45:02',NULL),(1127,12,32,1,'','2024-02-22 12:45:02',NULL),(1128,13,32,1,'','2024-02-22 12:45:02',NULL),(1129,14,32,1,'','2024-02-22 12:45:02',NULL),(1130,15,32,1,'','2024-02-22 12:45:02',NULL),(1132,17,32,1,'','2024-02-22 12:45:02',NULL),(1133,18,32,1,'','2024-02-22 12:45:02',NULL),(1134,19,32,1,'','2024-02-22 12:45:02',NULL),(1135,20,32,1,'','2024-02-22 12:45:02',NULL),(1136,21,32,1,'','2024-02-22 12:45:02',NULL),(1137,22,32,1,'','2024-02-22 12:45:02',NULL),(1138,23,32,1,'','2024-02-22 12:45:03',NULL),(1139,24,32,1,'','2024-02-22 12:45:03',NULL),(1140,25,32,1,'','2024-02-22 12:45:03',NULL),(1141,26,32,1,'','2024-02-22 12:45:03',NULL),(1142,27,32,1,'','2024-02-22 12:45:03',NULL),(1143,28,32,1,'','2024-02-22 12:45:03',NULL),(1144,29,32,1,'','2024-02-22 12:45:03',NULL),(1145,30,32,1,'','2024-02-22 12:45:03',NULL),(1146,1,37,1,'','2024-02-23 10:19:49',NULL),(1148,3,37,1,'','2024-02-23 10:19:49',NULL),(1149,4,37,1,'','2024-02-23 10:19:49',NULL),(1150,5,37,1,'','2024-02-23 10:19:49',NULL),(1152,8,37,1,'','2024-02-23 10:19:49',NULL),(1153,9,37,1,'','2024-02-23 10:19:49',NULL),(1154,10,37,1,'','2024-02-23 10:19:49',NULL),(1155,11,37,1,'','2024-02-23 10:19:49',NULL),(1156,12,37,1,'','2024-02-23 10:19:49',NULL),(1157,13,37,1,'','2024-02-23 10:19:49',NULL),(1158,14,37,1,'','2024-02-23 10:19:49',NULL),(1159,15,37,1,'','2024-02-23 10:19:49',NULL),(1161,17,37,1,'','2024-02-23 10:19:49',NULL),(1162,18,37,1,'','2024-02-23 10:19:49',NULL),(1163,19,37,1,'','2024-02-23 10:19:50',NULL),(1164,20,37,1,'','2024-02-23 10:19:50',NULL),(1165,21,37,1,'','2024-02-23 10:19:50',NULL),(1166,22,37,1,'','2024-02-23 10:19:50',NULL),(1167,23,37,1,'','2024-02-23 10:19:50',NULL),(1168,24,37,1,'','2024-02-23 10:19:50',NULL),(1169,25,37,1,'','2024-02-23 10:19:50',NULL),(1170,26,37,1,'','2024-02-23 10:19:50',NULL),(1171,27,37,1,'','2024-02-23 10:19:50',NULL),(1172,28,37,1,'','2024-02-23 10:19:50',NULL),(1173,29,37,1,'','2024-02-23 10:19:50',NULL),(1174,30,37,1,'','2024-02-23 10:19:50',NULL),(1175,1,14,1,'','2024-02-23 13:01:56',NULL),(1177,3,14,1,'','2024-02-23 13:01:56',NULL),(1178,4,14,1,'','2024-02-23 13:01:56',NULL),(1179,5,14,1,'','2024-02-23 13:01:56',NULL),(1181,8,14,1,'','2024-02-23 13:01:56',NULL),(1182,9,14,1,'','2024-02-23 13:01:56',NULL),(1183,10,14,1,'','2024-02-23 13:01:56',NULL),(1184,11,14,1,'','2024-02-23 13:01:56',NULL),(1185,12,14,1,'','2024-02-23 13:01:56',NULL),(1186,13,14,1,'','2024-02-23 13:01:56',NULL),(1187,14,14,1,'','2024-02-23 13:01:56',NULL),(1188,15,14,1,'','2024-02-23 13:01:56',NULL),(1190,17,14,1,'','2024-02-23 13:01:56',NULL),(1191,18,14,1,'','2024-02-23 13:01:56',NULL),(1192,19,14,1,'','2024-02-23 13:01:56',NULL),(1193,20,14,1,'','2024-02-23 13:01:56',NULL),(1194,21,14,1,'','2024-02-23 13:01:56',NULL),(1195,22,14,1,'','2024-02-23 13:01:56',NULL),(1196,23,14,1,'','2024-02-23 13:01:56',NULL),(1197,24,14,1,'','2024-02-23 13:01:56',NULL),(1198,25,14,1,'','2024-02-23 13:01:56',NULL),(1199,26,14,1,'','2024-02-23 13:01:56',NULL),(1200,27,14,1,'','2024-02-23 13:01:56',NULL),(1201,28,14,1,'','2024-02-23 13:01:56',NULL),(1202,29,14,1,'','2024-02-23 13:01:56',NULL),(1203,30,14,1,'','2024-02-23 13:01:56',NULL),(1204,1,35,4,'','2024-02-23 13:02:52',NULL),(1206,3,35,1,'','2024-02-23 13:02:52',NULL),(1207,4,35,4,'','2024-02-23 13:02:52','2024-02-23 13:08:34'),(1208,5,35,1,'','2024-02-23 13:02:52',NULL),(1210,8,35,1,'','2024-02-23 13:02:52',NULL),(1211,9,35,1,'','2024-02-23 13:02:52',NULL),(1212,10,35,1,'','2024-02-23 13:02:52',NULL),(1213,11,35,1,'','2024-02-23 13:02:52',NULL),(1214,12,35,1,'','2024-02-23 13:02:52',NULL),(1215,13,35,1,'','2024-02-23 13:02:52',NULL),(1216,14,35,1,'','2024-02-23 13:02:52',NULL),(1217,15,35,1,'','2024-02-23 13:02:52',NULL),(1219,17,35,1,'','2024-02-23 13:02:52',NULL),(1220,18,35,1,'','2024-02-23 13:02:52',NULL),(1221,19,35,1,'','2024-02-23 13:02:52',NULL),(1222,20,35,1,'','2024-02-23 13:02:52',NULL),(1223,21,35,1,'','2024-02-23 13:02:52',NULL),(1224,22,35,1,'','2024-02-23 13:02:52',NULL),(1225,23,35,1,'','2024-02-23 13:02:52',NULL),(1226,24,35,1,'','2024-02-23 13:02:52',NULL),(1227,25,35,1,'','2024-02-23 13:02:52',NULL),(1228,26,35,1,'','2024-02-23 13:02:52',NULL),(1229,27,35,1,'','2024-02-23 13:02:52',NULL),(1230,28,35,1,'','2024-02-23 13:02:52',NULL),(1231,29,35,1,'','2024-02-23 13:02:52',NULL),(1232,30,35,1,'','2024-02-23 13:02:52',NULL),(1233,1,15,1,'','2024-02-23 15:28:42',NULL),(1235,3,15,1,'','2024-02-23 15:28:42','2024-02-23 20:24:40'),(1236,4,15,1,'','2024-02-23 15:28:42','2024-02-23 20:52:42'),(1237,5,15,1,'','2024-02-23 15:28:42','2024-02-23 20:56:29'),(1239,8,15,1,'','2024-02-23 15:28:42',NULL),(1240,9,15,1,'','2024-02-23 15:28:42',NULL),(1241,10,15,1,'','2024-02-23 15:28:42',NULL),(1242,11,15,1,'','2024-02-23 15:28:42',NULL),(1243,12,15,1,'','2024-02-23 15:28:42',NULL),(1244,13,15,1,'','2024-02-23 15:28:42',NULL),(1245,14,15,1,'','2024-02-23 15:28:42',NULL),(1246,15,15,1,'','2024-02-23 15:28:42',NULL),(1248,17,15,1,'','2024-02-23 15:28:42',NULL),(1249,18,15,1,'','2024-02-23 15:28:42',NULL),(1250,19,15,1,'','2024-02-23 15:28:42',NULL),(1251,20,15,1,'','2024-02-23 15:28:42',NULL),(1252,21,15,1,'','2024-02-23 15:28:42',NULL),(1253,22,15,1,'','2024-02-23 15:28:42',NULL),(1254,23,15,1,'','2024-02-23 15:28:42',NULL),(1255,24,15,1,'','2024-02-23 15:28:42',NULL),(1256,25,15,1,'','2024-02-23 15:28:42',NULL),(1257,26,15,1,'','2024-02-23 15:28:42',NULL),(1258,27,15,1,'','2024-02-23 15:28:42',NULL),(1259,28,15,1,'','2024-02-23 15:28:42',NULL),(1260,29,15,1,'','2024-02-23 15:28:42',NULL),(1261,30,15,1,'','2024-02-23 15:28:43',NULL),(1262,1,18,2,'sakir','2024-02-26 10:37:59','2024-02-26 12:01:05'),(1264,3,18,1,'','2024-02-26 10:37:59',NULL),(1265,4,18,4,'','2024-02-26 10:37:59','2024-02-26 15:01:21'),(1266,5,18,1,'','2024-02-26 10:37:59',NULL),(1268,8,18,1,'','2024-02-26 10:37:59',NULL),(1269,9,18,1,'','2024-02-26 10:37:59',NULL),(1270,10,18,1,'','2024-02-26 10:37:59',NULL),(1271,11,18,1,'','2024-02-26 10:37:59',NULL),(1272,12,18,1,'','2024-02-26 10:37:59',NULL),(1273,13,18,1,'','2024-02-26 10:37:59',NULL),(1274,14,18,1,'','2024-02-26 10:37:59',NULL),(1275,15,18,1,'','2024-02-26 10:37:59',NULL),(1277,17,18,1,'','2024-02-26 10:37:59',NULL),(1278,18,18,1,'','2024-02-26 10:37:59',NULL),(1279,19,18,1,'','2024-02-26 10:37:59',NULL),(1280,20,18,1,'','2024-02-26 10:38:00',NULL),(1281,21,18,1,'','2024-02-26 10:38:00',NULL),(1282,22,18,1,'','2024-02-26 10:38:00',NULL),(1283,23,18,1,'','2024-02-26 10:38:00',NULL),(1284,24,18,1,'','2024-02-26 10:38:00',NULL),(1285,25,18,1,'','2024-02-26 10:38:00',NULL),(1286,26,18,1,'','2024-02-26 10:38:00',NULL),(1287,27,18,1,'','2024-02-26 10:38:00',NULL),(1288,28,18,1,'','2024-02-26 10:38:00',NULL),(1289,29,18,1,'','2024-02-26 10:38:00',NULL),(1290,30,18,1,'','2024-02-26 10:38:00',NULL),(1291,61,6,1,'','2024-02-26 10:42:30',NULL),(1292,62,6,1,'','2024-02-26 10:42:30','2024-02-26 11:40:59'),(1293,63,6,1,'','2024-02-26 10:42:30','2024-02-26 11:42:07'),(1294,64,6,1,'','2024-02-26 10:42:31',NULL),(1295,65,6,1,'','2024-02-26 10:42:31',NULL),(1296,66,6,1,'','2024-02-26 10:42:31',NULL),(1297,67,6,1,'','2024-02-26 10:42:31',NULL),(1298,68,6,1,'','2024-02-26 10:42:31',NULL),(1299,69,6,1,'','2024-02-26 10:42:31',NULL),(1300,70,6,1,'','2024-02-26 10:42:31',NULL),(1301,71,6,1,'','2024-02-26 10:42:31',NULL),(1302,72,6,1,'','2024-02-26 10:42:31',NULL),(1303,73,6,1,'','2024-02-26 10:42:31',NULL),(1304,74,6,1,'','2024-02-26 10:42:31',NULL),(1305,75,6,1,'','2024-02-26 10:42:31',NULL),(1306,76,6,1,'','2024-02-26 10:42:31',NULL),(1307,77,6,1,'','2024-02-26 10:42:31',NULL),(1308,78,6,1,'','2024-02-26 10:42:31',NULL),(1309,79,6,1,'','2024-02-26 10:42:31',NULL),(1310,80,6,1,'','2024-02-26 10:42:31',NULL),(1311,81,6,1,'','2024-02-26 10:42:31',NULL),(1312,82,6,1,'','2024-02-26 10:42:31',NULL),(1313,83,6,1,'','2024-02-26 10:42:31',NULL),(1314,84,6,1,'','2024-02-26 10:42:31',NULL),(1315,85,6,1,'','2024-02-26 10:42:31',NULL),(1316,86,6,1,'','2024-02-26 10:42:31',NULL),(1317,87,6,1,'','2024-02-26 10:42:31',NULL),(1318,88,6,1,'','2024-02-26 10:42:31',NULL),(1319,89,6,1,'','2024-02-26 10:42:31',NULL),(1320,90,6,1,'','2024-02-26 10:42:31',NULL),(1321,1,16,1,'','2024-02-26 11:41:47',NULL),(1323,3,16,1,'','2024-02-26 11:41:47',NULL),(1324,4,16,1,'','2024-02-26 11:41:47',NULL),(1325,5,16,1,'','2024-02-26 11:41:47',NULL),(1327,8,16,1,'','2024-02-26 11:41:47',NULL),(1328,9,16,1,'','2024-02-26 11:41:47',NULL),(1329,10,16,1,'','2024-02-26 11:41:47',NULL),(1330,11,16,1,'','2024-02-26 11:41:47',NULL),(1331,12,16,1,'','2024-02-26 11:41:47',NULL),(1332,13,16,1,'','2024-02-26 11:41:47',NULL),(1333,14,16,1,'','2024-02-26 11:41:47',NULL),(1334,15,16,1,'','2024-02-26 11:41:47',NULL),(1336,17,16,1,'','2024-02-26 11:41:47',NULL),(1337,18,16,1,'','2024-02-26 11:41:47',NULL),(1338,19,16,1,'','2024-02-26 11:41:47',NULL),(1339,20,16,1,'','2024-02-26 11:41:47',NULL),(1340,21,16,1,'','2024-02-26 11:41:47',NULL),(1341,22,16,1,'','2024-02-26 11:41:47',NULL),(1342,23,16,1,'','2024-02-26 11:41:47',NULL),(1343,24,16,1,'','2024-02-26 11:41:47',NULL),(1344,25,16,1,'','2024-02-26 11:41:47',NULL),(1345,26,16,1,'','2024-02-26 11:41:47',NULL),(1346,27,16,1,'','2024-02-26 11:41:47',NULL),(1347,28,16,1,'','2024-02-26 11:41:47',NULL),(1348,29,16,1,'','2024-02-26 11:41:47',NULL),(1349,30,16,1,'','2024-02-26 11:41:47',NULL),(1350,91,6,1,'','2024-02-26 11:51:10','2024-02-26 11:56:12'),(1351,92,6,1,'','2024-02-26 11:51:10','2024-02-26 11:56:12'),(1352,93,6,1,'','2024-02-26 11:51:10','2024-02-26 11:56:12'),(1353,94,6,1,'','2024-02-26 11:51:10',NULL),(1354,95,6,1,'','2024-02-26 11:51:10',NULL),(1355,96,6,1,'','2024-02-26 11:51:10',NULL),(1356,97,6,1,'','2024-02-26 11:51:10',NULL),(1357,98,6,1,'','2024-02-26 11:51:10',NULL),(1358,99,6,1,'','2024-02-26 11:51:10',NULL),(1359,100,6,1,'','2024-02-26 11:51:10',NULL),(1360,101,6,1,'','2024-02-26 11:51:10',NULL),(1361,102,6,1,'','2024-02-26 11:51:10',NULL),(1362,103,6,1,'','2024-02-26 11:51:10',NULL),(1363,104,6,1,'','2024-02-26 11:51:10',NULL),(1364,105,6,1,'','2024-02-26 11:51:10',NULL),(1365,106,6,1,'','2024-02-26 11:51:10',NULL),(1366,107,6,1,'','2024-02-26 11:51:10',NULL),(1367,108,6,1,'','2024-02-26 11:51:10',NULL),(1368,109,6,1,'','2024-02-26 11:51:10',NULL),(1369,110,6,1,'','2024-02-26 11:51:10',NULL),(1370,111,6,1,'','2024-02-26 11:51:10',NULL),(1371,112,6,1,'','2024-02-26 11:51:10',NULL),(1372,113,6,1,'','2024-02-26 11:51:10',NULL),(1373,114,6,1,'','2024-02-26 11:51:11',NULL),(1374,115,6,1,'','2024-02-26 11:51:11',NULL),(1375,116,6,1,'','2024-02-26 11:51:11',NULL),(1376,117,6,1,'','2024-02-26 11:51:11',NULL),(1377,118,6,1,'','2024-02-26 11:51:11',NULL),(1378,119,6,1,'','2024-02-26 11:51:11',NULL),(1379,120,6,1,'','2024-02-26 11:51:11',NULL),(1380,61,7,1,'','2024-02-26 15:43:43',NULL),(1381,62,7,2,'Asma','2024-02-26 15:43:43','2024-02-26 16:31:24'),(1382,63,7,1,'','2024-02-26 15:43:43',NULL),(1383,64,7,1,'','2024-02-26 15:43:43',NULL),(1384,65,7,1,'','2024-02-26 15:43:43',NULL),(1385,66,7,1,'','2024-02-26 15:43:43',NULL),(1386,67,7,1,'','2024-02-26 15:43:43',NULL),(1387,68,7,1,'','2024-02-26 15:43:43',NULL),(1388,69,7,1,'','2024-02-26 15:43:43',NULL),(1389,70,7,1,'','2024-02-26 15:43:43',NULL),(1390,71,7,1,'','2024-02-26 15:43:43',NULL),(1391,72,7,1,'','2024-02-26 15:43:43',NULL),(1392,73,7,1,'','2024-02-26 15:43:43',NULL),(1393,74,7,1,'','2024-02-26 15:43:43',NULL),(1394,75,7,1,'','2024-02-26 15:43:43',NULL),(1395,76,7,1,'','2024-02-26 15:43:43',NULL),(1396,77,7,1,'','2024-02-26 15:43:43',NULL),(1397,78,7,1,'','2024-02-26 15:43:43',NULL),(1398,79,7,1,'','2024-02-26 15:43:43',NULL),(1399,80,7,1,'','2024-02-26 15:43:43',NULL),(1400,81,7,1,'','2024-02-26 15:43:43',NULL),(1401,82,7,1,'','2024-02-26 15:43:43',NULL),(1402,83,7,1,'','2024-02-26 15:43:43',NULL),(1403,84,7,1,'','2024-02-26 15:43:43',NULL),(1404,85,7,1,'','2024-02-26 15:43:43',NULL),(1405,86,7,1,'','2024-02-26 15:43:43',NULL),(1406,87,7,1,'','2024-02-26 15:43:43',NULL),(1407,88,7,1,'','2024-02-26 15:43:43',NULL),(1408,89,7,1,'','2024-02-26 15:43:43',NULL),(1409,90,7,1,'','2024-02-26 15:43:43',NULL),(1410,1,19,2,'Tipes','2024-02-27 09:59:44',NULL),(1412,3,19,4,'','2024-02-27 09:59:44','2024-02-27 12:35:19'),(1413,4,19,1,'','2024-02-27 09:59:44',NULL),(1414,5,19,1,'','2024-02-27 09:59:44',NULL),(1416,8,19,1,'','2024-02-27 09:59:44',NULL),(1417,9,19,1,'','2024-02-27 09:59:44',NULL),(1418,10,19,1,'','2024-02-27 09:59:44',NULL),(1419,11,19,1,'','2024-02-27 09:59:44',NULL),(1420,12,19,1,'','2024-02-27 09:59:44',NULL),(1421,13,19,1,'','2024-02-27 09:59:44',NULL),(1422,14,19,1,'','2024-02-27 09:59:44',NULL),(1423,15,19,1,'','2024-02-27 09:59:44',NULL),(1425,17,19,1,'','2024-02-27 09:59:44',NULL),(1426,18,19,1,'','2024-02-27 09:59:44',NULL),(1427,19,19,1,'','2024-02-27 09:59:44',NULL),(1428,20,19,1,'','2024-02-27 09:59:44',NULL),(1429,21,19,1,'','2024-02-27 09:59:45',NULL),(1430,22,19,1,'','2024-02-27 09:59:45',NULL),(1431,23,19,1,'','2024-02-27 09:59:45',NULL),(1432,24,19,1,'','2024-02-27 09:59:45',NULL),(1433,25,19,1,'','2024-02-27 09:59:45',NULL),(1434,26,19,1,'','2024-02-27 09:59:45',NULL),(1435,27,19,1,'','2024-02-27 09:59:45',NULL),(1436,28,19,1,'','2024-02-27 09:59:45',NULL),(1437,29,19,1,'','2024-02-27 09:59:45',NULL),(1438,30,19,1,'','2024-02-27 09:59:45',NULL),(1439,91,31,4,'','2024-02-27 10:24:38','2024-02-27 11:09:27'),(1440,92,31,1,'','2024-02-27 10:24:38',NULL),(1441,93,31,1,'','2024-02-27 10:24:38',NULL),(1442,94,31,1,'','2024-02-27 10:24:38',NULL),(1443,95,31,1,'','2024-02-27 10:24:38',NULL),(1444,96,31,1,'','2024-02-27 10:24:39',NULL),(1445,97,31,1,'','2024-02-27 10:24:39',NULL),(1446,98,31,1,'','2024-02-27 10:24:39',NULL),(1447,99,31,1,'','2024-02-27 10:24:39',NULL),(1448,100,31,1,'','2024-02-27 10:24:39',NULL),(1449,101,31,1,'','2024-02-27 10:24:39',NULL),(1450,102,31,1,'','2024-02-27 10:24:39',NULL),(1451,103,31,1,'','2024-02-27 10:24:39',NULL),(1452,104,31,1,'','2024-02-27 10:24:39',NULL),(1453,105,31,1,'','2024-02-27 10:24:39',NULL),(1454,106,31,1,'','2024-02-27 10:24:39',NULL),(1455,107,31,1,'','2024-02-27 10:24:39',NULL),(1456,108,31,1,'','2024-02-27 10:24:39',NULL),(1457,109,31,1,'','2024-02-27 10:24:39',NULL),(1458,110,31,1,'','2024-02-27 10:24:39',NULL),(1459,111,31,1,'','2024-02-27 10:24:39',NULL),(1460,112,31,1,'','2024-02-27 10:24:39',NULL),(1461,113,31,1,'','2024-02-27 10:24:39',NULL),(1462,114,31,1,'','2024-02-27 10:24:39',NULL),(1463,115,31,1,'','2024-02-27 10:24:39',NULL),(1464,116,31,1,'','2024-02-27 10:24:40',NULL),(1465,117,31,1,'','2024-02-27 10:24:40',NULL),(1466,118,31,1,'','2024-02-27 10:24:40',NULL),(1467,119,31,1,'','2024-02-27 10:24:40',NULL),(1468,120,31,1,'','2024-02-27 10:24:40',NULL),(1469,1,41,1,'','2024-02-27 11:25:57',NULL),(1471,3,41,1,'','2024-02-27 11:25:57',NULL),(1472,4,41,1,'','2024-02-27 11:25:57',NULL),(1473,5,41,1,'','2024-02-27 11:25:57',NULL),(1475,8,41,1,'','2024-02-27 11:25:57',NULL),(1476,9,41,1,'','2024-02-27 11:25:57',NULL),(1477,10,41,1,'','2024-02-27 11:25:57',NULL),(1478,11,41,1,'','2024-02-27 11:25:57',NULL),(1479,12,41,1,'','2024-02-27 11:25:57',NULL),(1480,13,41,1,'','2024-02-27 11:25:57',NULL),(1481,14,41,1,'','2024-02-27 11:25:57',NULL),(1482,15,41,1,'','2024-02-27 11:25:57',NULL),(1484,17,41,1,'','2024-02-27 11:25:57',NULL),(1485,18,41,1,'','2024-02-27 11:25:57',NULL),(1486,19,41,1,'','2024-02-27 11:25:57',NULL),(1487,20,41,1,'','2024-02-27 11:25:57',NULL),(1488,21,41,1,'','2024-02-27 11:25:57',NULL),(1489,22,41,1,'','2024-02-27 11:25:57',NULL),(1490,23,41,1,'','2024-02-27 11:25:57',NULL),(1491,24,41,1,'','2024-02-27 11:25:57',NULL),(1492,25,41,1,'','2024-02-27 11:25:57',NULL),(1493,26,41,1,'','2024-02-27 11:25:57',NULL),(1494,27,41,1,'','2024-02-27 11:25:57',NULL),(1495,28,41,1,'','2024-02-27 11:25:57',NULL),(1496,29,41,1,'','2024-02-27 11:25:57',NULL),(1497,30,41,1,'','2024-02-27 11:25:57',NULL),(1498,1,26,2,'Tipes','2024-02-27 12:33:10',NULL),(1500,3,26,4,'','2024-02-27 12:33:10','2024-02-27 12:35:19'),(1501,4,26,1,'','2024-02-27 12:33:10',NULL),(1502,5,26,1,'','2024-02-27 12:33:10',NULL),(1504,8,26,1,'','2024-02-27 12:33:10',NULL),(1505,9,26,1,'','2024-02-27 12:33:10',NULL),(1506,10,26,1,'','2024-02-27 12:33:10',NULL),(1507,11,26,1,'','2024-02-27 12:33:10',NULL),(1508,12,26,1,'','2024-02-27 12:33:10',NULL),(1509,13,26,1,'','2024-02-27 12:33:10',NULL),(1510,14,26,1,'','2024-02-27 12:33:10',NULL),(1511,15,26,1,'','2024-02-27 12:33:10',NULL),(1513,17,26,1,'','2024-02-27 12:33:10',NULL),(1514,18,26,1,'','2024-02-27 12:33:10',NULL),(1515,19,26,1,'','2024-02-27 12:33:10',NULL),(1516,20,26,1,'','2024-02-27 12:33:10',NULL),(1517,21,26,1,'','2024-02-27 12:33:10',NULL),(1518,22,26,1,'','2024-02-27 12:33:10',NULL),(1519,23,26,1,'','2024-02-27 12:33:10',NULL),(1520,24,26,1,'','2024-02-27 12:33:10',NULL),(1521,25,26,1,'','2024-02-27 12:33:10',NULL),(1522,26,26,1,'','2024-02-27 12:33:10',NULL),(1523,27,26,1,'','2024-02-27 12:33:11',NULL),(1524,28,26,1,'','2024-02-27 12:33:11',NULL),(1525,29,26,1,'','2024-02-27 12:33:11',NULL),(1526,30,26,1,'','2024-02-27 12:33:11',NULL),(1527,1,29,2,'Tipes','2024-02-27 12:33:11',NULL),(1529,3,29,4,'','2024-02-27 12:33:11','2024-02-27 12:35:20'),(1530,4,29,1,'','2024-02-27 12:33:11',NULL),(1531,5,29,1,'','2024-02-27 12:33:11',NULL),(1533,8,29,1,'','2024-02-27 12:33:11',NULL),(1534,9,29,1,'','2024-02-27 12:33:11',NULL),(1535,10,29,1,'','2024-02-27 12:33:11',NULL),(1536,11,29,1,'','2024-02-27 12:33:11',NULL),(1537,12,29,1,'','2024-02-27 12:33:11',NULL),(1538,13,29,1,'','2024-02-27 12:33:11',NULL),(1539,14,29,1,'','2024-02-27 12:33:11',NULL),(1540,15,29,1,'','2024-02-27 12:33:11',NULL),(1542,17,29,1,'','2024-02-27 12:33:11',NULL),(1543,18,29,1,'','2024-02-27 12:33:11',NULL),(1544,19,29,1,'','2024-02-27 12:33:11',NULL),(1545,20,29,1,'','2024-02-27 12:33:11',NULL),(1546,21,29,1,'','2024-02-27 12:33:11',NULL),(1547,22,29,1,'','2024-02-27 12:33:11',NULL),(1548,23,29,1,'','2024-02-27 12:33:11',NULL),(1549,24,29,1,'','2024-02-27 12:33:11',NULL),(1550,25,29,1,'','2024-02-27 12:33:11',NULL),(1551,26,29,1,'','2024-02-27 12:33:11',NULL),(1552,27,29,1,'','2024-02-27 12:33:11',NULL),(1553,28,29,1,'','2024-02-27 12:33:11',NULL),(1554,29,29,1,'','2024-02-27 12:33:11',NULL),(1555,30,29,1,'','2024-02-27 12:33:11',NULL),(1556,91,43,4,'','2024-02-28 12:47:13','2024-02-28 13:02:57'),(1557,92,43,1,'','2024-02-28 12:47:13',NULL),(1558,93,43,1,'','2024-02-28 12:47:13',NULL),(1559,94,43,1,'','2024-02-28 12:47:13',NULL),(1560,95,43,1,'','2024-02-28 12:47:13',NULL),(1561,96,43,1,'','2024-02-28 12:47:13',NULL),(1562,97,43,1,'','2024-02-28 12:47:13',NULL),(1563,98,43,1,'','2024-02-28 12:47:13',NULL),(1564,99,43,1,'','2024-02-28 12:47:13',NULL),(1565,100,43,1,'','2024-02-28 12:47:13',NULL),(1566,101,43,1,'','2024-02-28 12:47:13',NULL),(1567,102,43,1,'','2024-02-28 12:47:13',NULL),(1568,103,43,1,'','2024-02-28 12:47:13',NULL),(1569,104,43,1,'','2024-02-28 12:47:14',NULL),(1570,105,43,1,'','2024-02-28 12:47:14',NULL),(1571,106,43,1,'','2024-02-28 12:47:14',NULL),(1572,107,43,1,'','2024-02-28 12:47:14',NULL),(1573,108,43,1,'','2024-02-28 12:47:14',NULL),(1574,109,43,1,'','2024-02-28 12:47:14',NULL),(1575,110,43,1,'','2024-02-28 12:47:14',NULL),(1576,111,43,1,'','2024-02-28 12:47:14',NULL),(1577,112,43,1,'','2024-02-28 12:47:14',NULL),(1578,113,43,1,'','2024-02-28 12:47:14',NULL),(1579,114,43,1,'','2024-02-28 12:47:14',NULL),(1580,115,43,1,'','2024-02-28 12:47:14',NULL),(1581,116,43,1,'','2024-02-28 12:47:14',NULL),(1582,117,43,1,'','2024-02-28 12:47:14',NULL),(1583,118,43,1,'','2024-02-28 12:47:14',NULL),(1584,119,43,1,'','2024-02-28 12:47:14',NULL),(1585,120,43,1,'','2024-02-28 12:47:14',NULL),(1586,1,20,1,'','2024-02-28 13:07:35',NULL),(1588,3,20,1,'','2024-02-28 13:07:35',NULL),(1589,4,20,1,'','2024-02-28 13:07:35',NULL),(1590,5,20,1,'','2024-02-28 13:07:35',NULL),(1592,8,20,1,'','2024-02-28 13:07:36',NULL),(1593,9,20,1,'','2024-02-28 13:07:36',NULL),(1594,10,20,1,'','2024-02-28 13:07:36',NULL),(1595,11,20,1,'','2024-02-28 13:07:36',NULL),(1596,12,20,1,'','2024-02-28 13:07:36',NULL),(1597,13,20,1,'','2024-02-28 13:07:36',NULL),(1598,14,20,1,'','2024-02-28 13:07:36',NULL),(1599,15,20,1,'','2024-02-28 13:07:36',NULL),(1601,17,20,1,'','2024-02-28 13:07:36',NULL),(1602,18,20,1,'','2024-02-28 13:07:36',NULL),(1603,19,20,1,'','2024-02-28 13:07:36',NULL),(1604,20,20,1,'','2024-02-28 13:07:36',NULL),(1605,21,20,1,'','2024-02-28 13:07:36',NULL),(1606,22,20,1,'','2024-02-28 13:07:36',NULL),(1607,23,20,1,'','2024-02-28 13:07:36',NULL),(1608,24,20,1,'','2024-02-28 13:07:36',NULL),(1609,25,20,1,'','2024-02-28 13:07:36',NULL),(1610,26,20,1,'','2024-02-28 13:07:36',NULL),(1611,27,20,1,'','2024-02-28 13:07:36',NULL),(1612,28,20,1,'','2024-02-28 13:07:36',NULL),(1613,29,20,1,'','2024-02-28 13:07:36',NULL),(1614,30,20,1,'','2024-02-28 13:07:36',NULL),(1615,1,25,1,'','2024-02-28 17:34:39',NULL),(1617,3,25,1,'','2024-02-28 17:34:39',NULL),(1618,4,25,1,'','2024-02-28 17:34:39',NULL),(1619,5,25,1,'','2024-02-28 17:34:39',NULL),(1621,8,25,1,'','2024-02-28 17:34:39',NULL),(1622,9,25,1,'','2024-02-28 17:34:39',NULL),(1623,10,25,1,'','2024-02-28 17:34:39',NULL),(1624,11,25,1,'','2024-02-28 17:34:39',NULL),(1625,12,25,1,'','2024-02-28 17:34:39',NULL),(1626,13,25,1,'','2024-02-28 17:34:39',NULL),(1627,14,25,1,'','2024-02-28 17:34:39',NULL),(1628,15,25,1,'','2024-02-28 17:34:39',NULL),(1630,17,25,1,'','2024-02-28 17:34:39',NULL),(1631,18,25,1,'','2024-02-28 17:34:39',NULL),(1632,19,25,1,'','2024-02-28 17:34:39',NULL),(1633,20,25,1,'','2024-02-28 17:34:39',NULL),(1634,21,25,1,'','2024-02-28 17:34:39',NULL),(1635,22,25,1,'','2024-02-28 17:34:39',NULL),(1636,23,25,1,'','2024-02-28 17:34:39',NULL),(1637,24,25,1,'','2024-02-28 17:34:39',NULL),(1638,25,25,1,'','2024-02-28 17:34:39',NULL),(1639,26,25,1,'','2024-02-28 17:34:39',NULL),(1640,27,25,1,'','2024-02-28 17:34:39',NULL),(1641,28,25,1,'','2024-02-28 17:34:39',NULL),(1642,29,25,1,'','2024-02-28 17:34:39',NULL),(1643,30,25,1,'','2024-02-28 17:34:39',NULL),(1644,1,44,1,'','2024-02-28 17:34:39',NULL),(1646,3,44,1,'','2024-02-28 17:34:39',NULL),(1647,4,44,1,'','2024-02-28 17:34:39',NULL),(1648,5,44,1,'','2024-02-28 17:34:39',NULL),(1650,8,44,1,'','2024-02-28 17:34:39',NULL),(1651,9,44,1,'','2024-02-28 17:34:39',NULL),(1652,10,44,1,'','2024-02-28 17:34:39',NULL),(1653,11,44,1,'','2024-02-28 17:34:39',NULL),(1654,12,44,1,'','2024-02-28 17:34:39',NULL),(1655,13,44,1,'','2024-02-28 17:34:39',NULL),(1656,14,44,1,'','2024-02-28 17:34:39',NULL),(1657,15,44,1,'','2024-02-28 17:34:39',NULL),(1659,17,44,1,'','2024-02-28 17:34:39',NULL),(1660,18,44,1,'','2024-02-28 17:34:39',NULL),(1661,19,44,1,'','2024-02-28 17:34:39',NULL),(1662,20,44,1,'','2024-02-28 17:34:39',NULL),(1663,21,44,1,'','2024-02-28 17:34:39',NULL),(1664,22,44,1,'','2024-02-28 17:34:39',NULL),(1665,23,44,1,'','2024-02-28 17:34:39',NULL),(1666,24,44,1,'','2024-02-28 17:34:39',NULL),(1667,25,44,1,'','2024-02-28 17:34:39',NULL),(1668,26,44,1,'','2024-02-28 17:34:39',NULL),(1669,27,44,1,'','2024-02-28 17:34:39',NULL),(1670,28,44,1,'','2024-02-28 17:34:39',NULL),(1671,29,44,1,'','2024-02-28 17:34:39',NULL),(1672,30,44,1,'','2024-02-28 17:34:39',NULL),(1673,1,21,4,'','2024-02-29 10:36:40','2024-02-29 13:41:06'),(1675,3,21,4,'','2024-02-29 10:36:41','2024-02-29 13:44:57'),(1676,4,21,4,'','2024-02-29 10:36:41','2024-02-29 13:46:06'),(1677,5,21,4,'','2024-02-29 10:36:41','2024-02-29 13:46:06'),(1679,8,21,1,'','2024-02-29 10:36:41',NULL),(1680,9,21,1,'','2024-02-29 10:36:41',NULL),(1681,10,21,1,'','2024-02-29 10:36:41',NULL),(1682,11,21,1,'','2024-02-29 10:36:41',NULL),(1683,12,21,1,'','2024-02-29 10:36:41',NULL),(1684,13,21,1,'','2024-02-29 10:36:41',NULL),(1685,14,21,1,'','2024-02-29 10:36:41',NULL),(1686,15,21,1,'','2024-02-29 10:36:41',NULL),(1688,17,21,1,'','2024-02-29 10:36:41',NULL),(1689,18,21,1,'','2024-02-29 10:36:41',NULL),(1690,19,21,1,'','2024-02-29 10:36:41',NULL),(1691,20,21,1,'','2024-02-29 10:36:41',NULL),(1692,21,21,1,'','2024-02-29 10:36:41',NULL),(1693,22,21,1,'','2024-02-29 10:36:41',NULL),(1694,23,21,1,'','2024-02-29 10:36:41',NULL),(1695,24,21,1,'','2024-02-29 10:36:41',NULL),(1696,25,21,1,'','2024-02-29 10:36:41',NULL),(1697,26,21,1,'','2024-02-29 10:36:41',NULL),(1698,27,21,1,'','2024-02-29 10:36:41',NULL),(1699,28,21,1,'','2024-02-29 10:36:41',NULL),(1700,29,21,1,'','2024-02-29 10:36:42',NULL),(1701,30,21,1,'','2024-02-29 10:36:42',NULL),(1702,1,24,4,'','2024-02-29 10:36:42','2024-02-29 13:41:07'),(1704,3,24,4,'','2024-02-29 10:36:42','2024-02-29 13:44:57'),(1705,4,24,4,'','2024-02-29 10:36:42','2024-02-29 13:46:06'),(1706,5,24,4,'','2024-02-29 10:36:42','2024-02-29 13:46:06'),(1708,8,24,1,'','2024-02-29 10:36:42',NULL),(1709,9,24,1,'','2024-02-29 10:36:42',NULL),(1710,10,24,1,'','2024-02-29 10:36:42',NULL),(1711,11,24,1,'','2024-02-29 10:36:42',NULL),(1712,12,24,1,'','2024-02-29 10:36:42',NULL),(1713,13,24,1,'','2024-02-29 10:36:42',NULL),(1714,14,24,1,'','2024-02-29 10:36:42',NULL),(1715,15,24,1,'','2024-02-29 10:36:42',NULL),(1717,17,24,1,'','2024-02-29 10:36:42',NULL),(1718,18,24,1,'','2024-02-29 10:36:42',NULL),(1719,19,24,1,'','2024-02-29 10:36:42',NULL),(1720,20,24,1,'','2024-02-29 10:36:42',NULL),(1721,21,24,1,'','2024-02-29 10:36:42',NULL),(1722,22,24,1,'','2024-02-29 10:36:42',NULL),(1723,23,24,1,'','2024-02-29 10:36:42',NULL),(1724,24,24,1,'','2024-02-29 10:36:42',NULL),(1725,25,24,1,'','2024-02-29 10:36:42',NULL),(1726,26,24,1,'','2024-02-29 10:36:42',NULL),(1727,27,24,1,'','2024-02-29 10:36:42',NULL),(1728,28,24,1,'','2024-02-29 10:36:42',NULL),(1729,29,24,1,'','2024-02-29 10:36:42',NULL),(1730,30,24,1,'','2024-02-29 10:36:42',NULL),(1731,1,32,4,'','2024-02-29 10:36:42','2024-02-29 13:41:07'),(1733,3,32,4,'','2024-02-29 10:36:42','2024-02-29 13:44:58'),(1734,4,32,4,'','2024-02-29 10:36:42','2024-02-29 13:46:06'),(1735,5,32,4,'','2024-02-29 10:36:42','2024-02-29 13:46:06'),(1737,8,32,1,'','2024-02-29 10:36:42',NULL),(1738,9,32,1,'','2024-02-29 10:36:42',NULL),(1739,10,32,1,'','2024-02-29 10:36:42',NULL),(1740,11,32,1,'','2024-02-29 10:36:42',NULL),(1741,12,32,1,'','2024-02-29 10:36:42',NULL),(1742,13,32,1,'','2024-02-29 10:36:42',NULL),(1743,14,32,1,'','2024-02-29 10:36:42',NULL),(1744,15,32,1,'','2024-02-29 10:36:42',NULL),(1746,17,32,1,'','2024-02-29 10:36:42',NULL),(1747,18,32,1,'','2024-02-29 10:36:42',NULL),(1748,19,32,1,'','2024-02-29 10:36:42',NULL),(1749,20,32,1,'','2024-02-29 10:36:42',NULL),(1750,21,32,1,'','2024-02-29 10:36:42',NULL),(1751,22,32,1,'','2024-02-29 10:36:42',NULL),(1752,23,32,1,'','2024-02-29 10:36:42',NULL),(1753,24,32,1,'','2024-02-29 10:36:42',NULL),(1754,25,32,1,'','2024-02-29 10:36:42',NULL),(1755,26,32,1,'','2024-02-29 10:36:42',NULL),(1756,27,32,1,'','2024-02-29 10:36:42',NULL),(1757,28,32,1,'','2024-02-29 10:36:42',NULL),(1758,29,32,1,'','2024-02-29 10:36:42',NULL),(1759,30,32,1,'','2024-02-29 10:36:42',NULL),(1856,1,21,3,'','2024-02-29 14:31:37',NULL),(1857,1,24,3,'','2024-02-29 14:31:37',NULL),(1858,1,32,3,'','2024-02-29 14:31:37',NULL),(1862,3,21,4,'','2024-02-29 14:31:37',NULL),(1863,3,24,4,'','2024-02-29 14:31:37',NULL),(1864,3,32,4,'','2024-02-29 14:31:37',NULL),(1865,4,21,4,'','2024-02-29 14:31:37',NULL),(1866,4,24,4,'','2024-02-29 14:31:37',NULL),(1867,4,32,4,'','2024-02-29 14:31:37',NULL),(1868,5,21,4,'','2024-02-29 14:31:38',NULL),(1869,5,24,4,'','2024-02-29 14:31:38',NULL),(1870,5,32,4,'','2024-02-29 14:31:38',NULL),(1874,8,21,1,'','2024-02-29 14:31:38',NULL),(1875,8,24,1,'','2024-02-29 14:31:38',NULL),(1876,8,32,1,'','2024-02-29 14:31:38',NULL),(1877,9,21,1,'','2024-02-29 14:31:38',NULL),(1878,9,24,1,'','2024-02-29 14:31:38',NULL),(1879,9,32,1,'','2024-02-29 14:31:38',NULL),(1880,10,21,1,'','2024-02-29 14:31:38',NULL),(1881,10,24,1,'','2024-02-29 14:31:38',NULL),(1882,10,32,1,'','2024-02-29 14:31:38',NULL),(1883,11,21,1,'','2024-02-29 14:31:38',NULL),(1884,11,24,1,'','2024-02-29 14:31:38',NULL),(1885,11,32,1,'','2024-02-29 14:31:38',NULL),(1886,12,21,1,'','2024-02-29 14:31:38',NULL),(1887,12,24,1,'','2024-02-29 14:31:38',NULL),(1888,12,32,1,'','2024-02-29 14:31:38',NULL),(1889,13,21,1,'','2024-02-29 14:31:38',NULL),(1890,13,24,1,'','2024-02-29 14:31:38',NULL),(1891,13,32,1,'','2024-02-29 14:31:38',NULL),(1892,14,21,1,'','2024-02-29 14:31:38',NULL),(1893,14,24,1,'','2024-02-29 14:31:38',NULL),(1894,14,32,1,'','2024-02-29 14:31:38',NULL),(1895,15,21,1,'','2024-02-29 14:31:38',NULL),(1896,15,24,1,'','2024-02-29 14:31:38',NULL),(1897,15,32,1,'','2024-02-29 14:31:38',NULL),(1901,17,21,1,'','2024-02-29 14:31:38',NULL),(1902,17,24,1,'','2024-02-29 14:31:38',NULL),(1903,17,32,1,'','2024-02-29 14:31:38',NULL),(1904,18,21,1,'','2024-02-29 14:31:38',NULL),(1905,18,24,1,'','2024-02-29 14:31:38',NULL),(1906,18,32,1,'','2024-02-29 14:31:38',NULL),(1907,19,21,1,'','2024-02-29 14:31:38',NULL),(1908,19,24,1,'','2024-02-29 14:31:38',NULL),(1909,19,32,1,'','2024-02-29 14:31:38',NULL),(1910,20,21,1,'','2024-02-29 14:31:38',NULL),(1911,20,24,1,'','2024-02-29 14:31:38',NULL),(1912,20,32,1,'','2024-02-29 14:31:38',NULL),(1913,21,21,1,'','2024-02-29 14:31:38',NULL),(1914,21,24,1,'','2024-02-29 14:31:38',NULL),(1915,21,32,1,'','2024-02-29 14:31:38',NULL),(1916,22,21,1,'','2024-02-29 14:31:38',NULL),(1917,22,24,1,'','2024-02-29 14:31:38',NULL),(1918,22,32,1,'','2024-02-29 14:31:38',NULL),(1919,23,21,1,'','2024-02-29 14:31:38',NULL),(1920,23,24,1,'','2024-02-29 14:31:38',NULL),(1921,23,32,1,'','2024-02-29 14:31:38',NULL),(1922,24,21,1,'','2024-02-29 14:31:38',NULL),(1923,24,24,1,'','2024-02-29 14:31:38',NULL),(1924,24,32,1,'','2024-02-29 14:31:38',NULL),(1925,25,21,1,'','2024-02-29 14:31:38',NULL),(1926,25,24,1,'','2024-02-29 14:31:38',NULL),(1927,25,32,1,'','2024-02-29 14:31:38',NULL),(1928,26,21,1,'','2024-02-29 14:31:38',NULL),(1929,26,24,1,'','2024-02-29 14:31:38',NULL),(1930,26,32,1,'','2024-02-29 14:31:38',NULL),(1931,27,21,1,'','2024-02-29 14:31:38',NULL),(1932,27,24,1,'','2024-02-29 14:31:38',NULL),(1933,27,32,1,'','2024-02-29 14:31:38',NULL),(1934,28,21,1,'','2024-02-29 14:31:38',NULL),(1935,28,24,1,'','2024-02-29 14:31:38',NULL),(1936,28,32,1,'','2024-02-29 14:31:38',NULL),(1937,29,21,1,'','2024-02-29 14:31:38',NULL),(1938,29,24,1,'','2024-02-29 14:31:38',NULL),(1939,29,32,1,'','2024-02-29 14:31:38',NULL),(1940,30,21,1,'','2024-02-29 14:31:38',NULL),(1941,30,24,1,'','2024-02-29 14:31:38',NULL),(1942,30,32,1,'','2024-02-29 14:31:38',NULL),(1943,1,21,3,'','2024-02-29 14:37:35',NULL),(1944,1,24,3,'','2024-02-29 14:37:35',NULL),(1945,1,32,3,'','2024-02-29 14:37:35',NULL),(1949,3,21,4,'','2024-02-29 14:37:35',NULL),(1950,3,24,4,'','2024-02-29 14:37:35',NULL),(1951,3,32,4,'','2024-02-29 14:37:35',NULL),(1952,4,21,4,'','2024-02-29 14:37:35',NULL),(1953,4,24,4,'','2024-02-29 14:37:35',NULL),(1954,4,32,4,'','2024-02-29 14:37:35',NULL),(1955,5,21,4,'','2024-02-29 14:37:35',NULL),(1956,5,24,4,'','2024-02-29 14:37:35',NULL),(1957,5,32,4,'','2024-02-29 14:37:35',NULL),(1961,8,21,1,'','2024-02-29 14:37:36',NULL),(1962,8,24,1,'','2024-02-29 14:37:36',NULL),(1963,8,32,1,'','2024-02-29 14:37:36',NULL),(1964,9,21,1,'','2024-02-29 14:37:36',NULL),(1965,9,24,1,'','2024-02-29 14:37:36',NULL),(1966,9,32,1,'','2024-02-29 14:37:36',NULL),(1967,10,21,1,'','2024-02-29 14:37:36',NULL),(1968,10,24,1,'','2024-02-29 14:37:36',NULL),(1969,10,32,1,'','2024-02-29 14:37:36',NULL),(1970,11,21,1,'','2024-02-29 14:37:36',NULL),(1971,11,24,1,'','2024-02-29 14:37:36',NULL),(1972,11,32,1,'','2024-02-29 14:37:36',NULL),(1973,12,21,1,'','2024-02-29 14:37:36',NULL),(1974,12,24,1,'','2024-02-29 14:37:36',NULL),(1975,12,32,1,'','2024-02-29 14:37:36',NULL),(1976,13,21,1,'','2024-02-29 14:37:36',NULL),(1977,13,24,1,'','2024-02-29 14:37:36',NULL),(1978,13,32,1,'','2024-02-29 14:37:36',NULL),(1979,14,21,1,'','2024-02-29 14:37:36',NULL),(1980,14,24,1,'','2024-02-29 14:37:36',NULL),(1981,14,32,1,'','2024-02-29 14:37:36',NULL),(1982,15,21,1,'','2024-02-29 14:37:36',NULL),(1983,15,24,1,'','2024-02-29 14:37:36',NULL),(1984,15,32,1,'','2024-02-29 14:37:36',NULL),(1988,17,21,1,'','2024-02-29 14:37:36',NULL),(1989,17,24,1,'','2024-02-29 14:37:36',NULL),(1990,17,32,1,'','2024-02-29 14:37:36',NULL),(1991,18,21,1,'','2024-02-29 14:37:36',NULL),(1992,18,24,1,'','2024-02-29 14:37:36',NULL),(1993,18,32,1,'','2024-02-29 14:37:36',NULL),(1994,19,21,1,'','2024-02-29 14:37:36',NULL),(1995,19,24,1,'','2024-02-29 14:37:36',NULL),(1996,19,32,1,'','2024-02-29 14:37:36',NULL),(1997,20,21,1,'','2024-02-29 14:37:36',NULL),(1998,20,24,1,'','2024-02-29 14:37:36',NULL),(1999,20,32,1,'','2024-02-29 14:37:36',NULL),(2000,21,21,1,'','2024-02-29 14:37:36',NULL),(2001,21,24,1,'','2024-02-29 14:37:36',NULL),(2002,21,32,1,'','2024-02-29 14:37:36',NULL),(2003,22,21,1,'','2024-02-29 14:37:36',NULL),(2004,22,24,1,'','2024-02-29 14:37:36',NULL),(2005,22,32,1,'','2024-02-29 14:37:36',NULL),(2006,23,21,1,'','2024-02-29 14:37:36',NULL),(2007,23,24,1,'','2024-02-29 14:37:36',NULL),(2008,23,32,1,'','2024-02-29 14:37:36',NULL),(2009,24,21,1,'','2024-02-29 14:37:36',NULL),(2010,24,24,1,'','2024-02-29 14:37:36',NULL),(2011,24,32,1,'','2024-02-29 14:37:36',NULL),(2012,25,21,1,'','2024-02-29 14:37:36',NULL),(2013,25,24,1,'','2024-02-29 14:37:36',NULL),(2014,25,32,1,'','2024-02-29 14:37:36',NULL),(2015,26,21,1,'','2024-02-29 14:37:36',NULL),(2016,26,24,1,'','2024-02-29 14:37:36',NULL),(2017,26,32,1,'','2024-02-29 14:37:36',NULL),(2018,27,21,1,'','2024-02-29 14:37:36',NULL),(2019,27,24,1,'','2024-02-29 14:37:36',NULL),(2020,27,32,1,'','2024-02-29 14:37:36',NULL),(2021,28,21,1,'','2024-02-29 14:37:36',NULL),(2022,28,24,1,'','2024-02-29 14:37:36',NULL),(2023,28,32,1,'','2024-02-29 14:37:36',NULL),(2024,29,21,1,'','2024-02-29 14:37:36',NULL),(2025,29,24,1,'','2024-02-29 14:37:36',NULL),(2026,29,32,1,'','2024-02-29 14:37:36',NULL),(2027,30,21,1,'','2024-02-29 14:37:36',NULL),(2028,30,24,1,'','2024-02-29 14:37:36',NULL),(2029,30,32,1,'','2024-02-29 14:37:36',NULL),(2030,1,21,4,'','2024-02-29 14:40:29',NULL),(2031,1,24,4,'','2024-02-29 14:40:29',NULL),(2032,1,32,4,'','2024-02-29 14:40:29',NULL),(2036,3,21,4,'','2024-02-29 14:40:29',NULL),(2037,3,24,4,'','2024-02-29 14:40:29',NULL),(2038,3,32,4,'','2024-02-29 14:40:29',NULL),(2039,4,21,4,'','2024-02-29 14:40:29',NULL),(2040,4,24,4,'','2024-02-29 14:40:29',NULL),(2041,4,32,4,'','2024-02-29 14:40:29',NULL),(2042,5,21,4,'','2024-02-29 14:40:29',NULL),(2043,5,24,4,'','2024-02-29 14:40:29',NULL),(2044,5,32,4,'','2024-02-29 14:40:29',NULL),(2048,8,21,1,'','2024-02-29 14:40:29',NULL),(2049,8,24,1,'','2024-02-29 14:40:29',NULL),(2050,8,32,1,'','2024-02-29 14:40:29',NULL),(2051,9,21,1,'','2024-02-29 14:40:29',NULL),(2052,9,24,1,'','2024-02-29 14:40:29',NULL),(2053,9,32,1,'','2024-02-29 14:40:29',NULL),(2054,10,21,1,'','2024-02-29 14:40:29',NULL),(2055,10,24,1,'','2024-02-29 14:40:29',NULL),(2056,10,32,1,'','2024-02-29 14:40:29',NULL),(2057,11,21,1,'','2024-02-29 14:40:29',NULL),(2058,11,24,1,'','2024-02-29 14:40:29',NULL),(2059,11,32,1,'','2024-02-29 14:40:29',NULL),(2060,12,21,1,'','2024-02-29 14:40:29',NULL),(2061,12,24,1,'','2024-02-29 14:40:29',NULL),(2062,12,32,1,'','2024-02-29 14:40:29',NULL),(2063,13,21,1,'','2024-02-29 14:40:29',NULL),(2064,13,24,1,'','2024-02-29 14:40:29',NULL),(2065,13,32,1,'','2024-02-29 14:40:30',NULL),(2066,14,21,1,'','2024-02-29 14:40:30',NULL),(2067,14,24,1,'','2024-02-29 14:40:30',NULL),(2068,14,32,1,'','2024-02-29 14:40:30',NULL),(2069,15,21,1,'','2024-02-29 14:40:30',NULL),(2070,15,24,1,'','2024-02-29 14:40:30',NULL),(2071,15,32,1,'','2024-02-29 14:40:30',NULL),(2075,17,21,1,'','2024-02-29 14:40:30',NULL),(2076,17,24,1,'','2024-02-29 14:40:30',NULL),(2077,17,32,1,'','2024-02-29 14:40:30',NULL),(2078,18,21,1,'','2024-02-29 14:40:30',NULL),(2079,18,24,1,'','2024-02-29 14:40:30',NULL),(2080,18,32,1,'','2024-02-29 14:40:30',NULL),(2081,19,21,1,'','2024-02-29 14:40:30',NULL),(2082,19,24,1,'','2024-02-29 14:40:30',NULL),(2083,19,32,1,'','2024-02-29 14:40:30',NULL),(2084,20,21,1,'','2024-02-29 14:40:30',NULL),(2085,20,24,1,'','2024-02-29 14:40:30',NULL),(2086,20,32,1,'','2024-02-29 14:40:30',NULL),(2087,21,21,1,'','2024-02-29 14:40:30',NULL),(2088,21,24,1,'','2024-02-29 14:40:30',NULL),(2089,21,32,1,'','2024-02-29 14:40:30',NULL),(2090,22,21,1,'','2024-02-29 14:40:30',NULL),(2091,22,24,1,'','2024-02-29 14:40:30',NULL),(2092,22,32,1,'','2024-02-29 14:40:30',NULL),(2093,23,21,1,'','2024-02-29 14:40:30',NULL),(2094,23,24,1,'','2024-02-29 14:40:30',NULL),(2095,23,32,1,'','2024-02-29 14:40:30',NULL),(2096,24,21,1,'','2024-02-29 14:40:30',NULL),(2097,24,24,1,'','2024-02-29 14:40:30',NULL),(2098,24,32,1,'','2024-02-29 14:40:30',NULL),(2099,25,21,1,'','2024-02-29 14:40:30',NULL),(2100,25,24,1,'','2024-02-29 14:40:30',NULL),(2101,25,32,1,'','2024-02-29 14:40:30',NULL),(2102,26,21,1,'','2024-02-29 14:40:30',NULL),(2103,26,24,1,'','2024-02-29 14:40:30',NULL),(2104,26,32,1,'','2024-02-29 14:40:30',NULL),(2105,27,21,1,'','2024-02-29 14:40:30',NULL),(2106,27,24,1,'','2024-02-29 14:40:30',NULL),(2107,27,32,1,'','2024-02-29 14:40:30',NULL),(2108,28,21,1,'','2024-02-29 14:40:30',NULL),(2109,28,24,1,'','2024-02-29 14:40:30',NULL),(2110,28,32,1,'','2024-02-29 14:40:30',NULL),(2111,29,21,1,'','2024-02-29 14:40:30',NULL),(2112,29,24,1,'','2024-02-29 14:40:30',NULL),(2113,29,32,1,'','2024-02-29 14:40:30',NULL),(2114,30,21,1,'','2024-02-29 14:40:30',NULL),(2115,30,24,1,'','2024-02-29 14:40:30',NULL),(2116,30,32,1,'','2024-02-29 14:40:30',NULL),(2117,1,21,4,'','2024-02-29 16:09:22',NULL),(2118,1,24,4,'','2024-02-29 16:09:22',NULL),(2119,1,32,4,'','2024-02-29 16:09:22',NULL),(2123,3,21,4,'','2024-02-29 16:09:22',NULL),(2124,3,24,4,'','2024-02-29 16:09:22',NULL),(2125,3,32,4,'','2024-02-29 16:09:22',NULL),(2126,4,21,4,'','2024-02-29 16:09:22',NULL),(2127,4,24,4,'','2024-02-29 16:09:22',NULL),(2128,4,32,4,'','2024-02-29 16:09:22',NULL),(2129,5,21,4,'','2024-02-29 16:09:22',NULL),(2130,5,24,4,'','2024-02-29 16:09:22',NULL),(2131,5,32,4,'','2024-02-29 16:09:22',NULL),(2135,8,21,1,'','2024-02-29 16:09:22',NULL),(2136,8,24,1,'','2024-02-29 16:09:22',NULL),(2137,8,32,1,'','2024-02-29 16:09:22',NULL),(2138,9,21,1,'','2024-02-29 16:09:22',NULL),(2139,9,24,1,'','2024-02-29 16:09:22',NULL),(2140,9,32,1,'','2024-02-29 16:09:22',NULL),(2141,10,21,1,'','2024-02-29 16:09:22',NULL),(2142,10,24,1,'','2024-02-29 16:09:22',NULL),(2143,10,32,1,'','2024-02-29 16:09:22',NULL),(2144,11,21,4,'','2024-02-29 16:09:22',NULL),(2145,11,24,4,'','2024-02-29 16:09:22',NULL),(2146,11,32,4,'','2024-02-29 16:09:22',NULL),(2147,12,21,4,'','2024-02-29 16:09:22',NULL),(2148,12,24,4,'','2024-02-29 16:09:22',NULL),(2149,12,32,4,'','2024-02-29 16:09:22',NULL),(2150,13,21,4,'','2024-02-29 16:09:22',NULL),(2151,13,24,4,'','2024-02-29 16:09:22',NULL),(2152,13,32,4,'','2024-02-29 16:09:22',NULL),(2153,14,21,4,'','2024-02-29 16:09:22',NULL),(2154,14,24,4,'','2024-02-29 16:09:22',NULL),(2155,14,32,4,'','2024-02-29 16:09:22',NULL),(2156,15,21,4,'','2024-02-29 16:09:22',NULL),(2157,15,24,4,'','2024-02-29 16:09:22',NULL),(2158,15,32,4,'','2024-02-29 16:09:22',NULL),(2162,17,21,1,'','2024-02-29 16:09:22',NULL),(2163,17,24,1,'','2024-02-29 16:09:22',NULL),(2164,17,32,1,'','2024-02-29 16:09:22',NULL),(2165,18,21,1,'','2024-02-29 16:09:22',NULL),(2166,18,24,1,'','2024-02-29 16:09:22',NULL),(2167,18,32,1,'','2024-02-29 16:09:22',NULL),(2168,19,21,1,'','2024-02-29 16:09:22',NULL),(2169,19,24,1,'','2024-02-29 16:09:22',NULL),(2170,19,32,1,'','2024-02-29 16:09:22',NULL),(2171,20,21,1,'','2024-02-29 16:09:22',NULL),(2172,20,24,1,'','2024-02-29 16:09:22',NULL),(2173,20,32,1,'','2024-02-29 16:09:22',NULL),(2174,21,21,1,'','2024-02-29 16:09:22',NULL),(2175,21,24,1,'','2024-02-29 16:09:22',NULL),(2176,21,32,1,'','2024-02-29 16:09:22',NULL),(2177,22,21,1,'','2024-02-29 16:09:22',NULL),(2178,22,24,1,'','2024-02-29 16:09:22',NULL),(2179,22,32,1,'','2024-02-29 16:09:22',NULL),(2180,23,21,1,'','2024-02-29 16:09:22',NULL),(2181,23,24,1,'','2024-02-29 16:09:22',NULL),(2182,23,32,1,'','2024-02-29 16:09:22',NULL),(2183,24,21,1,'','2024-02-29 16:09:22',NULL),(2184,24,24,1,'','2024-02-29 16:09:22',NULL),(2185,24,32,1,'','2024-02-29 16:09:22',NULL),(2186,25,21,1,'','2024-02-29 16:09:22',NULL),(2187,25,24,1,'','2024-02-29 16:09:22',NULL),(2188,25,32,1,'','2024-02-29 16:09:22',NULL),(2189,26,21,1,'','2024-02-29 16:09:22',NULL),(2190,26,24,1,'','2024-02-29 16:09:22',NULL),(2191,26,32,1,'','2024-02-29 16:09:22',NULL),(2192,27,21,1,'','2024-02-29 16:09:22',NULL),(2193,27,24,1,'','2024-02-29 16:09:23',NULL),(2194,27,32,1,'','2024-02-29 16:09:23',NULL),(2195,28,21,1,'','2024-02-29 16:09:23',NULL),(2196,28,24,1,'','2024-02-29 16:09:23',NULL),(2197,28,32,1,'','2024-02-29 16:09:23',NULL),(2198,29,21,1,'','2024-02-29 16:09:23',NULL),(2199,29,24,1,'','2024-02-29 16:09:23',NULL),(2200,29,32,1,'','2024-02-29 16:09:23',NULL),(2201,30,21,1,'','2024-02-29 16:09:23',NULL),(2202,30,24,1,'','2024-02-29 16:09:23',NULL),(2203,30,32,1,'','2024-02-29 16:09:23',NULL),(2204,1,21,4,'','2024-02-29 16:13:24',NULL),(2205,1,24,4,'','2024-02-29 16:13:24',NULL),(2206,1,32,4,'','2024-02-29 16:13:24',NULL),(2210,3,21,4,'','2024-02-29 16:13:24',NULL),(2211,3,24,4,'','2024-02-29 16:13:24',NULL),(2212,3,32,4,'','2024-02-29 16:13:24',NULL),(2213,4,21,4,'','2024-02-29 16:13:24',NULL),(2214,4,24,4,'','2024-02-29 16:13:24',NULL),(2215,4,32,4,'','2024-02-29 16:13:24',NULL),(2216,5,21,4,'','2024-02-29 16:13:24',NULL),(2217,5,24,4,'','2024-02-29 16:13:24',NULL),(2218,5,32,4,'','2024-02-29 16:13:24',NULL),(2222,8,21,4,'','2024-02-29 16:13:25',NULL),(2223,8,24,4,'','2024-02-29 16:13:25',NULL),(2224,8,32,4,'','2024-02-29 16:13:25',NULL),(2225,9,21,4,'','2024-02-29 16:13:25',NULL),(2226,9,24,4,'','2024-02-29 16:13:25',NULL),(2227,9,32,4,'','2024-02-29 16:13:25',NULL),(2228,10,21,4,'','2024-02-29 16:13:25',NULL),(2229,10,24,4,'','2024-02-29 16:13:25',NULL),(2230,10,32,4,'','2024-02-29 16:13:25',NULL),(2231,11,21,1,'','2024-02-29 16:13:25',NULL),(2232,11,24,1,'','2024-02-29 16:13:25',NULL),(2233,11,32,1,'','2024-02-29 16:13:25',NULL),(2234,12,21,1,'','2024-02-29 16:13:25',NULL),(2235,12,24,1,'','2024-02-29 16:13:25',NULL),(2236,12,32,1,'','2024-02-29 16:13:25',NULL),(2237,13,21,1,'','2024-02-29 16:13:25',NULL),(2238,13,24,1,'','2024-02-29 16:13:25',NULL),(2239,13,32,1,'','2024-02-29 16:13:25',NULL),(2240,14,21,1,'','2024-02-29 16:13:25',NULL),(2241,14,24,1,'','2024-02-29 16:13:25',NULL),(2242,14,32,1,'','2024-02-29 16:13:25',NULL),(2243,15,21,1,'','2024-02-29 16:13:25',NULL),(2244,15,24,1,'','2024-02-29 16:13:25',NULL),(2245,15,32,1,'','2024-02-29 16:13:25',NULL),(2249,17,21,1,'','2024-02-29 16:13:25',NULL),(2250,17,24,1,'','2024-02-29 16:13:25',NULL),(2251,17,32,1,'','2024-02-29 16:13:25',NULL),(2252,18,21,1,'','2024-02-29 16:13:25',NULL),(2253,18,24,1,'','2024-02-29 16:13:25',NULL),(2254,18,32,1,'','2024-02-29 16:13:25',NULL),(2255,19,21,1,'','2024-02-29 16:13:25',NULL),(2256,19,24,1,'','2024-02-29 16:13:25',NULL),(2257,19,32,1,'','2024-02-29 16:13:25',NULL),(2258,20,21,1,'','2024-02-29 16:13:25',NULL),(2259,20,24,1,'','2024-02-29 16:13:25',NULL),(2260,20,32,1,'','2024-02-29 16:13:25',NULL),(2261,21,21,1,'','2024-02-29 16:13:25',NULL),(2262,21,24,1,'','2024-02-29 16:13:25',NULL),(2263,21,32,1,'','2024-02-29 16:13:25',NULL),(2264,22,21,1,'','2024-02-29 16:13:25',NULL),(2265,22,24,1,'','2024-02-29 16:13:25',NULL),(2266,22,32,1,'','2024-02-29 16:13:25',NULL),(2267,23,21,1,'','2024-02-29 16:13:25',NULL),(2268,23,24,1,'','2024-02-29 16:13:25',NULL),(2269,23,32,1,'','2024-02-29 16:13:25',NULL),(2270,24,21,1,'','2024-02-29 16:13:25',NULL),(2271,24,24,1,'','2024-02-29 16:13:25',NULL),(2272,24,32,1,'','2024-02-29 16:13:25',NULL),(2273,25,21,1,'','2024-02-29 16:13:25',NULL),(2274,25,24,1,'','2024-02-29 16:13:25',NULL),(2275,25,32,1,'','2024-02-29 16:13:25',NULL),(2276,26,21,1,'','2024-02-29 16:13:25',NULL),(2277,26,24,1,'','2024-02-29 16:13:25',NULL),(2278,26,32,1,'','2024-02-29 16:13:25',NULL),(2279,27,21,1,'','2024-02-29 16:13:25',NULL),(2280,27,24,1,'','2024-02-29 16:13:25',NULL),(2281,27,32,1,'','2024-02-29 16:13:25',NULL),(2282,28,21,1,'','2024-02-29 16:13:25',NULL),(2283,28,24,1,'','2024-02-29 16:13:25',NULL),(2284,28,32,1,'','2024-02-29 16:13:25',NULL),(2285,29,21,1,'','2024-02-29 16:13:25',NULL),(2286,29,24,1,'','2024-02-29 16:13:25',NULL),(2287,29,32,1,'','2024-02-29 16:13:25',NULL),(2288,30,21,1,'','2024-02-29 16:13:25',NULL),(2289,30,24,1,'','2024-02-29 16:13:25',NULL),(2290,30,32,1,'','2024-02-29 16:13:25',NULL),(2291,1,21,4,'','2024-02-29 16:22:13',NULL),(2292,1,24,4,'','2024-02-29 16:22:13',NULL),(2293,1,32,4,'','2024-02-29 16:22:13',NULL),(2297,3,21,4,'','2024-02-29 16:22:13',NULL),(2298,3,24,4,'','2024-02-29 16:22:13',NULL),(2299,3,32,4,'','2024-02-29 16:22:13',NULL),(2300,4,21,4,'','2024-02-29 16:22:13',NULL),(2301,4,24,4,'','2024-02-29 16:22:13',NULL),(2302,4,32,4,'','2024-02-29 16:22:13',NULL),(2303,5,21,4,'','2024-02-29 16:22:13',NULL),(2304,5,24,4,'','2024-02-29 16:22:13',NULL),(2305,5,32,4,'','2024-02-29 16:22:13',NULL),(2309,8,21,4,'','2024-02-29 16:22:13',NULL),(2310,8,24,4,'','2024-02-29 16:22:13',NULL),(2311,8,32,4,'','2024-02-29 16:22:13',NULL),(2312,9,21,4,'','2024-02-29 16:22:13',NULL),(2313,9,24,4,'','2024-02-29 16:22:13',NULL),(2314,9,32,4,'','2024-02-29 16:22:13',NULL),(2315,10,21,4,'','2024-02-29 16:22:13',NULL),(2316,10,24,4,'','2024-02-29 16:22:13',NULL),(2317,10,32,4,'','2024-02-29 16:22:13',NULL),(2318,11,21,4,'','2024-02-29 16:22:13',NULL),(2319,11,24,4,'','2024-02-29 16:22:13',NULL),(2320,11,32,4,'','2024-02-29 16:22:13',NULL),(2321,12,21,1,'','2024-02-29 16:22:13',NULL),(2322,12,24,1,'','2024-02-29 16:22:13',NULL),(2323,12,32,1,'','2024-02-29 16:22:13',NULL),(2324,13,21,1,'','2024-02-29 16:22:13',NULL),(2325,13,24,1,'','2024-02-29 16:22:13',NULL),(2326,13,32,1,'','2024-02-29 16:22:13',NULL),(2327,14,21,1,'','2024-02-29 16:22:13',NULL),(2328,14,24,1,'','2024-02-29 16:22:13',NULL),(2329,14,32,1,'','2024-02-29 16:22:13',NULL),(2330,15,21,1,'','2024-02-29 16:22:14',NULL),(2331,15,24,1,'','2024-02-29 16:22:14',NULL),(2332,15,32,1,'','2024-02-29 16:22:14',NULL),(2336,17,21,1,'','2024-02-29 16:22:14',NULL),(2337,17,24,1,'','2024-02-29 16:22:14',NULL),(2338,17,32,1,'','2024-02-29 16:22:14',NULL),(2339,18,21,1,'','2024-02-29 16:22:14',NULL),(2340,18,24,1,'','2024-02-29 16:22:14',NULL),(2341,18,32,1,'','2024-02-29 16:22:14',NULL),(2342,19,21,1,'','2024-02-29 16:22:14',NULL),(2343,19,24,1,'','2024-02-29 16:22:14',NULL),(2344,19,32,1,'','2024-02-29 16:22:14',NULL),(2345,20,21,1,'','2024-02-29 16:22:14',NULL),(2346,20,24,1,'','2024-02-29 16:22:14',NULL),(2347,20,32,1,'','2024-02-29 16:22:14',NULL),(2348,21,21,1,'','2024-02-29 16:22:14',NULL),(2349,21,24,1,'','2024-02-29 16:22:14',NULL),(2350,21,32,1,'','2024-02-29 16:22:14',NULL),(2351,22,21,1,'','2024-02-29 16:22:14',NULL),(2352,22,24,1,'','2024-02-29 16:22:14',NULL),(2353,22,32,1,'','2024-02-29 16:22:14',NULL),(2354,23,21,1,'','2024-02-29 16:22:14',NULL),(2355,23,24,1,'','2024-02-29 16:22:14',NULL),(2356,23,32,1,'','2024-02-29 16:22:14',NULL),(2357,24,21,1,'','2024-02-29 16:22:14',NULL),(2358,24,24,1,'','2024-02-29 16:22:14',NULL),(2359,24,32,1,'','2024-02-29 16:22:14',NULL),(2360,25,21,1,'','2024-02-29 16:22:14',NULL),(2361,25,24,1,'','2024-02-29 16:22:14',NULL),(2362,25,32,1,'','2024-02-29 16:22:14',NULL),(2363,26,21,1,'','2024-02-29 16:22:14',NULL),(2364,26,24,1,'','2024-02-29 16:22:14',NULL),(2365,26,32,1,'','2024-02-29 16:22:14',NULL),(2366,27,21,1,'','2024-02-29 16:22:14',NULL),(2367,27,24,1,'','2024-02-29 16:22:14',NULL),(2368,27,32,1,'','2024-02-29 16:22:14',NULL),(2369,28,21,1,'','2024-02-29 16:22:14',NULL),(2370,28,24,1,'','2024-02-29 16:22:14',NULL),(2371,28,32,1,'','2024-02-29 16:22:14',NULL),(2372,29,21,1,'','2024-02-29 16:22:14',NULL),(2373,29,24,1,'','2024-02-29 16:22:14',NULL),(2374,29,32,1,'','2024-02-29 16:22:14',NULL),(2375,30,21,1,'','2024-02-29 16:22:14',NULL),(2376,30,24,1,'','2024-02-29 16:22:14',NULL),(2377,30,32,1,'','2024-02-29 16:22:14',NULL),(2999,1,2,1,'','2024-03-01 13:34:34',NULL),(3001,3,2,2,'','2024-03-01 13:34:34',NULL),(3002,4,2,2,'','2024-03-01 13:34:34',NULL),(3003,5,2,1,'','2024-03-01 13:34:34',NULL),(3005,8,2,1,'','2024-03-01 13:34:34',NULL),(3006,9,2,1,'','2024-03-01 13:34:34',NULL),(3007,10,2,1,'','2024-03-01 13:34:34',NULL),(3008,11,2,1,'','2024-03-01 13:34:34',NULL),(3009,12,2,1,'','2024-03-01 13:34:34',NULL),(3010,13,2,1,'','2024-03-01 13:34:34',NULL),(3011,14,2,1,'','2024-03-01 13:34:34',NULL),(3012,15,2,1,'','2024-03-01 13:34:34',NULL),(3014,17,2,1,'','2024-03-01 13:34:34',NULL),(3015,18,2,1,'','2024-03-01 13:34:34',NULL),(3016,19,2,1,'','2024-03-01 13:34:34',NULL),(3017,20,2,1,'','2024-03-01 13:34:34',NULL),(3018,21,2,1,'','2024-03-01 13:34:34',NULL),(3019,22,2,1,'','2024-03-01 13:34:34',NULL),(3020,23,2,1,'','2024-03-01 13:34:34',NULL),(3021,24,2,1,'','2024-03-01 13:34:34',NULL),(3022,25,2,1,'','2024-03-01 13:34:34',NULL),(3023,26,2,1,'','2024-03-01 13:34:34',NULL),(3024,27,2,1,'','2024-03-01 13:34:34',NULL),(3025,28,2,1,'','2024-03-01 13:34:34',NULL),(3026,29,2,1,'','2024-03-01 13:34:34',NULL),(3027,30,2,1,'','2024-03-01 13:34:34',NULL),(3028,1,32,1,'','2024-03-01 13:35:10',NULL),(3030,3,32,2,'','2024-03-01 13:35:10',NULL),(3031,4,32,2,'','2024-03-01 13:35:10',NULL),(3032,5,32,1,'','2024-03-01 13:35:10',NULL),(3034,8,32,1,'','2024-03-01 13:35:10',NULL),(3035,9,32,1,'','2024-03-01 13:35:10',NULL),(3036,10,32,1,'','2024-03-01 13:35:10',NULL),(3037,11,32,1,'','2024-03-01 13:35:10',NULL),(3038,12,32,1,'','2024-03-01 13:35:10',NULL),(3039,13,32,1,'','2024-03-01 13:35:10',NULL),(3040,14,32,1,'','2024-03-01 13:35:10',NULL),(3041,15,32,1,'','2024-03-01 13:35:10',NULL),(3043,17,32,1,'','2024-03-01 13:35:11',NULL),(3044,18,32,1,'','2024-03-01 13:35:11',NULL),(3045,19,32,1,'','2024-03-01 13:35:11',NULL),(3046,20,32,1,'','2024-03-01 13:35:11',NULL),(3047,21,32,1,'','2024-03-01 13:35:11',NULL),(3048,22,32,1,'','2024-03-01 13:35:11',NULL),(3049,23,32,1,'','2024-03-01 13:35:11',NULL),(3050,24,32,1,'','2024-03-01 13:35:11',NULL),(3051,25,32,1,'','2024-03-01 13:35:11',NULL),(3052,26,32,1,'','2024-03-01 13:35:11',NULL),(3053,27,32,1,'','2024-03-01 13:35:11',NULL),(3054,28,32,1,'','2024-03-01 13:35:11',NULL),(3055,29,32,1,'','2024-03-01 13:35:11',NULL),(3056,30,32,1,'','2024-03-01 13:35:11',NULL),(3057,1,37,4,'','2024-03-01 13:44:13',NULL),(3059,3,37,1,'','2024-03-01 13:44:13',NULL),(3060,4,37,2,'asam sulfat','2014-03-01 20:44:14','2024-03-01 06:49:12'),(3061,5,37,1,'','2024-03-01 13:44:14',NULL),(3063,8,37,1,'','2024-03-01 13:44:14',NULL),(3064,9,37,1,'','2024-03-01 13:44:14',NULL),(3065,10,37,1,'','2024-03-01 13:44:14',NULL),(3066,11,37,1,'','2024-03-01 13:44:14',NULL),(3067,12,37,4,'','2024-03-01 13:44:14','2024-03-01 14:31:18'),(3068,13,37,4,'','2024-03-01 13:44:14','2024-03-01 14:31:18'),(3069,14,37,1,'','2024-03-01 13:44:14',NULL),(3070,15,37,1,'','2024-03-01 13:44:14',NULL),(3072,17,37,1,'','2024-03-01 13:44:14',NULL),(3073,18,37,1,'','2024-03-01 13:44:14',NULL),(3074,19,37,1,'','2024-03-01 13:44:14',NULL),(3075,20,37,1,'','2024-03-01 13:44:14',NULL),(3076,21,37,1,'','2024-03-01 13:44:14',NULL),(3077,22,37,1,'','2024-03-01 13:44:14',NULL),(3078,23,37,1,'','2024-03-01 13:44:14',NULL),(3079,24,37,1,'','2024-03-01 13:44:14',NULL),(3080,25,37,1,'','2024-03-01 13:44:14',NULL),(3081,26,37,1,'','2024-03-01 13:44:14',NULL),(3082,27,37,1,'','2024-03-01 13:44:14',NULL),(3083,28,37,1,'','2024-03-01 13:44:14',NULL),(3084,29,37,1,'','2024-03-01 13:44:14',NULL),(3085,30,37,1,'','2024-03-01 13:44:14',NULL),(3086,4,37,1,'','2024-03-01 13:51:33','2024-03-01 13:51:56'),(3087,1,14,4,'','2024-03-01 13:53:38',NULL),(3089,3,14,4,'','2024-03-01 13:53:39','2024-03-01 13:53:56'),(3090,4,14,4,'','2024-03-01 13:53:39','2024-03-01 13:53:56'),(3091,5,14,4,'','2024-03-01 13:53:39','2024-03-01 13:53:56'),(3093,8,14,1,'','2024-03-01 13:53:39',NULL),(3094,9,14,4,'','2024-03-01 13:53:39','2024-03-01 14:37:52'),(3095,10,14,1,'','2024-03-01 13:53:39',NULL),(3096,11,14,1,'','2024-03-01 13:53:39',NULL),(3097,12,14,1,'','2024-03-01 13:53:39',NULL),(3098,13,14,1,'','2024-03-01 13:53:39',NULL),(3099,14,14,1,'','2024-03-01 13:53:39',NULL),(3100,15,14,1,'','2024-03-01 13:53:39',NULL),(3102,17,14,1,'','2024-03-01 13:53:39',NULL),(3103,18,14,1,'','2024-03-01 13:53:39',NULL),(3104,19,14,1,'','2024-03-01 13:53:39',NULL),(3105,20,14,1,'','2024-03-01 13:53:39',NULL),(3106,21,14,1,'','2024-03-01 13:53:39',NULL),(3107,22,14,1,'','2024-03-01 13:53:39',NULL),(3108,23,14,1,'','2024-03-01 13:53:39',NULL),(3109,24,14,1,'','2024-03-01 13:53:39',NULL),(3110,25,14,1,'','2024-03-01 13:53:39',NULL),(3111,26,14,1,'','2024-03-01 13:53:39',NULL),(3112,27,14,1,'','2024-03-01 13:53:39',NULL),(3113,28,14,1,'','2024-03-01 13:53:39',NULL),(3114,29,14,1,'','2024-03-01 13:53:39',NULL),(3115,30,14,4,'','2024-03-01 13:53:39','2024-03-01 14:46:25'),(3116,1,15,1,'','2024-03-01 14:27:22',NULL),(3118,3,15,1,'','2024-03-01 14:27:22',NULL),(3119,4,15,1,'','2024-03-01 14:27:22',NULL),(3120,5,15,1,'','2024-03-01 14:27:22',NULL),(3122,8,15,1,'','2024-03-01 14:27:22',NULL),(3123,9,15,1,'','2024-03-01 14:27:22',NULL),(3124,10,15,1,'','2024-03-01 14:27:22',NULL),(3125,11,15,1,'','2024-03-01 14:27:22',NULL),(3126,12,15,1,'','2024-03-01 14:27:22',NULL),(3127,13,15,1,'','2024-03-01 14:27:22',NULL),(3128,14,15,1,'','2024-03-01 14:27:22',NULL),(3129,15,15,1,'','2024-03-01 14:27:22',NULL),(3131,17,15,1,'','2024-03-01 14:27:22',NULL),(3132,18,15,1,'','2024-03-01 14:27:22',NULL),(3133,19,15,1,'','2024-03-01 14:27:22',NULL),(3134,20,15,1,'','2024-03-01 14:27:22',NULL),(3135,21,15,1,'','2024-03-01 14:27:22',NULL),(3136,22,15,1,'','2024-03-01 14:27:22',NULL),(3137,23,15,1,'','2024-03-01 14:27:22',NULL),(3138,24,15,1,'','2024-03-01 14:27:22',NULL),(3139,25,15,1,'','2024-03-01 14:27:22',NULL),(3140,26,15,1,'','2024-03-01 14:27:22',NULL),(3141,27,15,1,'','2024-03-01 14:27:22',NULL),(3142,28,15,4,'','2024-03-01 14:27:22',NULL),(3143,29,15,4,'','2024-03-01 14:27:22',NULL),(3144,30,15,4,'','2024-03-01 14:27:22',NULL),(3145,1,35,4,'','2024-03-01 14:28:33','2024-03-01 14:45:39'),(3147,3,35,4,'','2024-03-01 14:28:33','2024-03-01 14:31:07'),(3148,4,35,4,'','2024-03-01 14:28:33','2024-03-01 14:30:58'),(3149,5,35,4,'','2024-03-01 14:28:33','2024-03-01 14:31:07'),(3151,8,35,4,'','2024-03-01 14:28:33','2024-03-01 14:45:51'),(3152,9,35,4,'','2024-03-01 14:28:33','2024-03-01 14:31:49'),(3153,10,35,4,'','2024-03-01 14:28:33','2024-03-01 14:46:53'),(3154,11,35,4,'','2024-03-01 14:28:33','2024-03-01 14:46:54'),(3155,12,35,4,'','2024-03-01 14:28:33','2024-03-01 14:46:54'),(3156,13,35,4,'','2024-03-01 14:28:33','2024-03-01 14:45:21'),(3157,14,35,4,'','2024-03-01 14:28:33','2024-03-01 14:44:43'),(3158,15,35,4,'','2024-03-01 14:28:33','2024-03-01 14:44:43'),(3160,17,35,4,'','2024-03-01 14:28:33','2024-03-01 14:29:51'),(3161,18,35,4,'','2024-03-01 14:28:33','2024-03-01 14:38:00'),(3162,19,35,4,'','2024-03-01 14:28:33','2024-03-01 14:45:32'),(3163,20,35,4,'','2024-03-01 14:28:33','2024-03-01 14:45:32'),(3164,21,35,4,'','2024-03-01 14:28:33',NULL),(3165,22,35,4,'','2024-03-01 14:28:33',NULL),(3166,23,35,4,'','2024-03-01 14:28:33','2024-03-01 14:46:54'),(3167,24,35,4,'','2024-03-01 14:28:33','2024-03-01 14:46:54'),(3168,25,35,4,'','2024-03-01 14:28:33','2024-03-01 14:30:21'),(3169,26,35,4,'','2024-03-01 14:28:33','2024-03-01 14:30:21'),(3170,27,35,4,'','2024-03-01 14:28:34','2024-03-01 14:46:54'),(3171,28,35,4,'','2024-03-01 14:28:34','2024-03-01 14:45:14'),(3172,29,35,4,'','2024-03-01 14:28:34','2024-03-01 14:31:35'),(3173,30,35,4,'','2024-03-01 14:28:34','2024-03-01 14:44:32'),(3174,1,38,4,'','2024-03-03 10:38:28',NULL),(3176,3,38,1,'','2024-03-03 10:38:28',NULL),(3177,4,38,1,'','2024-03-03 10:38:28',NULL),(3178,5,38,1,'','2024-03-03 10:38:28',NULL),(3180,8,38,1,'','2024-03-03 10:38:28',NULL),(3181,9,38,1,'','2024-03-03 10:38:28',NULL),(3182,10,38,1,'','2024-03-03 10:38:28',NULL),(3183,11,38,1,'','2024-03-03 10:38:28',NULL),(3184,12,38,1,'','2024-03-03 10:38:28',NULL),(3185,13,38,1,'','2024-03-03 10:38:28',NULL),(3186,14,38,1,'','2024-03-03 10:38:28',NULL),(3187,15,38,1,'','2024-03-03 10:38:28',NULL),(3189,17,38,1,'','2024-03-03 10:38:28',NULL),(3190,18,38,1,'','2024-03-03 10:38:28',NULL),(3191,19,38,1,'','2024-03-03 10:38:28',NULL),(3192,20,38,1,'','2024-03-03 10:38:28',NULL),(3193,21,38,1,'','2024-03-03 10:38:28',NULL),(3194,22,38,1,'','2024-03-03 10:38:28',NULL),(3195,23,38,1,'','2024-03-03 10:38:28',NULL),(3196,24,38,1,'','2024-03-03 10:38:28',NULL),(3197,25,38,1,'','2024-03-03 10:38:28',NULL),(3198,26,38,1,'','2024-03-03 10:38:28',NULL),(3199,27,38,1,'','2024-03-03 10:38:28',NULL),(3200,28,38,1,'','2024-03-03 10:38:28',NULL),(3201,29,38,1,'','2024-03-03 10:38:28',NULL),(3202,30,38,1,'','2024-03-03 10:38:28',NULL),(3203,1,39,1,'','2024-03-03 11:27:19',NULL),(3205,3,39,1,'','2024-03-03 11:27:19',NULL),(3206,4,39,1,'','2024-03-03 11:27:19',NULL),(3207,5,39,1,'','2024-03-03 11:27:19',NULL),(3209,8,39,1,'','2024-03-03 11:27:19',NULL),(3210,9,39,1,'','2024-03-03 11:27:19',NULL),(3211,10,39,1,'','2024-03-03 11:27:19',NULL),(3212,11,39,1,'','2024-03-03 11:27:19',NULL),(3213,12,39,1,'','2024-03-03 11:27:19',NULL),(3214,13,39,1,'','2024-03-03 11:27:19',NULL),(3215,14,39,1,'','2024-03-03 11:27:19',NULL),(3216,15,39,1,'','2024-03-03 11:27:19',NULL),(3218,17,39,1,'','2024-03-03 11:27:19',NULL),(3219,18,39,1,'','2024-03-03 11:27:19',NULL),(3220,19,39,1,'','2024-03-03 11:27:19',NULL),(3221,20,39,1,'','2024-03-03 11:27:19',NULL),(3222,21,39,1,'','2024-03-03 11:27:19',NULL),(3223,22,39,1,'','2024-03-03 11:27:19',NULL),(3224,23,39,1,'','2024-03-03 11:27:19',NULL),(3225,24,39,1,'','2024-03-03 11:27:19',NULL),(3226,25,39,1,'','2024-03-03 11:27:19',NULL),(3227,26,39,1,'','2024-03-03 11:27:19',NULL),(3228,27,39,1,'','2024-03-03 11:27:19',NULL),(3229,28,39,1,'','2024-03-03 11:27:19',NULL),(3230,29,39,1,'','2024-03-03 11:27:19',NULL),(3231,30,39,1,'','2024-03-03 11:27:19',NULL),(3232,1,16,1,'','2024-03-04 12:40:19','2024-03-04 13:29:40'),(3234,3,16,1,'','2024-03-04 12:40:19',NULL),(3235,4,16,1,'','2024-03-04 12:40:19','2024-03-04 13:29:40'),(3236,5,16,1,'','2024-03-04 12:40:19',NULL),(3238,8,16,1,'','2024-03-04 12:40:19',NULL),(3239,9,16,1,'','2024-03-04 12:40:19',NULL),(3240,10,16,1,'','2024-03-04 12:40:19',NULL),(3241,11,16,1,'','2024-03-04 12:40:19','2024-03-04 13:29:40'),(3242,12,16,1,'','2024-03-04 12:40:19','2024-03-04 13:29:40'),(3243,13,16,1,'','2024-03-04 12:40:19',NULL),(3244,14,16,1,'','2024-03-04 12:40:19',NULL),(3245,15,16,1,'','2024-03-04 12:40:19',NULL),(3247,17,16,1,'','2024-03-04 12:40:19',NULL),(3248,18,16,1,'','2024-03-04 12:40:19',NULL),(3249,19,16,1,'','2024-03-04 12:40:19',NULL),(3250,20,16,1,'','2024-03-04 12:40:19',NULL),(3251,21,16,1,'','2024-03-04 12:40:19',NULL),(3252,22,16,1,'','2024-03-04 12:40:19',NULL),(3253,23,16,1,'','2024-03-04 12:40:19',NULL),(3254,24,16,1,'','2024-03-04 12:40:19',NULL),(3255,25,16,1,'','2024-03-04 12:40:19',NULL),(3256,26,16,1,'','2024-03-04 12:40:19',NULL),(3257,27,16,1,'','2024-03-04 12:40:19',NULL),(3258,28,16,1,'','2024-03-04 12:40:19',NULL),(3259,29,16,1,'','2024-03-04 12:40:19',NULL),(3260,30,16,1,'','2024-03-04 12:40:19',NULL),(3261,1,18,1,'','2024-03-04 13:30:37',NULL),(3263,3,18,1,'','2024-03-04 13:30:37',NULL),(3264,4,18,1,'','2024-03-04 13:30:37',NULL),(3265,5,18,1,'','2024-03-04 13:30:37',NULL),(3267,8,18,1,'','2024-03-04 13:30:37',NULL),(3268,9,18,1,'','2024-03-04 13:30:37',NULL),(3269,10,18,1,'','2024-03-04 13:30:37',NULL),(3270,11,18,1,'','2024-03-04 13:30:37',NULL),(3271,12,18,1,'','2024-03-04 13:30:37',NULL),(3272,13,18,1,'','2024-03-04 13:30:37',NULL),(3273,14,18,1,'','2024-03-04 13:30:37',NULL),(3274,15,18,1,'','2024-03-04 13:30:37',NULL),(3276,17,18,1,'','2024-03-04 13:30:37',NULL),(3277,18,18,1,'','2024-03-04 13:30:37',NULL),(3278,19,18,1,'','2024-03-04 13:30:37',NULL),(3279,20,18,1,'','2024-03-04 13:30:37',NULL),(3280,21,18,1,'','2024-03-04 13:30:37',NULL),(3281,22,18,1,'','2024-03-04 13:30:37',NULL),(3282,23,18,1,'','2024-03-04 13:30:37',NULL),(3283,24,18,1,'','2024-03-04 13:30:37',NULL),(3284,25,18,1,'','2024-03-04 13:30:37',NULL),(3285,26,18,1,'','2024-03-04 13:30:37',NULL),(3286,27,18,1,'','2024-03-04 13:30:37',NULL),(3287,28,18,1,'','2024-03-04 13:30:37',NULL),(3288,29,18,1,'','2024-03-04 13:30:37',NULL),(3289,30,18,1,'','2024-03-04 13:30:37',NULL),(3290,1,17,3,'Acara keluarga','2024-03-04 13:40:05',NULL),(3292,3,17,1,'','2024-03-04 13:40:05',NULL),(3293,4,17,1,'','2024-03-04 13:40:05',NULL),(3294,5,17,1,'','2024-03-04 13:40:05',NULL),(3296,8,17,1,'','2024-03-04 13:40:05',NULL),(3297,9,17,1,'','2024-03-04 13:40:05',NULL),(3298,10,17,1,'','2024-03-04 13:40:05',NULL),(3299,11,17,1,'','2024-03-04 13:40:05',NULL),(3300,12,17,1,'','2024-03-04 13:40:05',NULL),(3301,13,17,1,'','2024-03-04 13:40:05',NULL),(3302,14,17,1,'','2024-03-04 13:40:05',NULL),(3303,15,17,1,'','2024-03-04 13:40:05',NULL),(3305,17,17,1,'','2024-03-04 13:40:05',NULL),(3306,18,17,1,'','2024-03-04 13:40:05',NULL),(3307,19,17,1,'','2024-03-04 13:40:05',NULL),(3308,20,17,1,'','2024-03-04 13:40:05',NULL),(3309,21,17,1,'','2024-03-04 13:40:05',NULL),(3310,22,17,1,'','2024-03-04 13:40:05',NULL),(3311,23,17,1,'','2024-03-04 13:40:05',NULL),(3312,24,17,1,'','2024-03-04 13:40:05',NULL),(3313,25,17,1,'','2024-03-04 13:40:05',NULL),(3314,26,17,1,'','2024-03-04 13:40:05',NULL),(3315,27,17,1,'','2024-03-04 13:40:05',NULL),(3316,28,17,1,'','2024-03-04 13:40:05',NULL),(3317,29,17,1,'','2024-03-04 13:40:05',NULL),(3318,30,17,1,'','2024-03-04 13:40:05',NULL),(3319,91,6,1,'','2024-03-04 13:50:38',NULL),(3320,92,6,1,'','2024-03-04 13:50:38',NULL),(3321,93,6,1,'','2024-03-04 13:50:38',NULL),(3322,94,6,1,'','2024-03-04 13:50:38',NULL),(3323,95,6,1,'','2024-03-04 13:50:38',NULL),(3324,96,6,1,'','2024-03-04 13:50:38',NULL),(3325,97,6,1,'','2024-03-04 13:50:38',NULL),(3326,98,6,1,'','2024-03-04 13:50:38',NULL),(3327,99,6,1,'','2024-03-04 13:50:38',NULL),(3328,100,6,1,'','2024-03-04 13:50:38',NULL),(3329,101,6,1,'','2024-03-04 13:50:38',NULL),(3330,102,6,1,'','2024-03-04 13:50:38',NULL),(3331,103,6,1,'','2024-03-04 13:50:38',NULL),(3332,104,6,1,'','2024-03-04 13:50:38',NULL),(3333,105,6,1,'','2024-03-04 13:50:38',NULL),(3334,106,6,1,'','2024-03-04 13:50:38',NULL),(3335,107,6,1,'','2024-03-04 13:50:38',NULL),(3336,108,6,1,'','2024-03-04 13:50:38',NULL),(3337,109,6,1,'','2024-03-04 13:50:38',NULL),(3338,110,6,1,'','2024-03-04 13:50:38',NULL),(3339,111,6,1,'','2024-03-04 13:50:38',NULL),(3340,112,6,1,'','2024-03-04 13:50:38',NULL),(3341,113,6,1,'','2024-03-04 13:50:38',NULL),(3342,114,6,1,'','2024-03-04 13:50:38',NULL),(3343,115,6,1,'','2024-03-04 13:50:38',NULL),(3344,116,6,1,'','2024-03-04 13:50:38',NULL),(3345,117,6,1,'','2024-03-04 13:50:38',NULL),(3346,118,6,1,'','2024-03-04 13:50:38',NULL),(3347,119,6,1,'','2024-03-04 13:50:38',NULL),(3348,120,6,1,'','2024-03-04 13:50:38',NULL),(3349,91,11,1,'','2024-03-04 13:50:44',NULL),(3350,92,11,1,'','2024-03-04 13:50:44',NULL),(3351,93,11,1,'','2024-03-04 13:50:44',NULL),(3352,94,11,1,'','2024-03-04 13:50:44',NULL),(3353,95,11,1,'','2024-03-04 13:50:44',NULL),(3354,96,11,1,'','2024-03-04 13:50:44',NULL),(3355,97,11,1,'','2024-03-04 13:50:44',NULL),(3356,98,11,1,'','2024-03-04 13:50:44',NULL),(3357,99,11,1,'','2024-03-04 13:50:44',NULL),(3358,100,11,1,'','2024-03-04 13:50:44',NULL),(3359,101,11,1,'','2024-03-04 13:50:44',NULL),(3360,102,11,1,'','2024-03-04 13:50:44',NULL),(3361,103,11,1,'','2024-03-04 13:50:44',NULL),(3362,104,11,1,'','2024-03-04 13:50:44',NULL),(3363,105,11,1,'','2024-03-04 13:50:44',NULL),(3364,106,11,1,'','2024-03-04 13:50:44',NULL),(3365,107,11,1,'','2024-03-04 13:50:44',NULL),(3366,108,11,1,'','2024-03-04 13:50:44',NULL),(3367,109,11,1,'','2024-03-04 13:50:44',NULL),(3368,110,11,1,'','2024-03-04 13:50:44',NULL),(3369,111,11,1,'','2024-03-04 13:50:44',NULL),(3370,112,11,1,'','2024-03-04 13:50:44',NULL),(3371,113,11,1,'','2024-03-04 13:50:44',NULL),(3372,114,11,1,'','2024-03-04 13:50:44',NULL),(3373,115,11,1,'','2024-03-04 13:50:44',NULL),(3374,116,11,1,'','2024-03-04 13:50:44',NULL),(3375,117,11,1,'','2024-03-04 13:50:44',NULL),(3376,118,11,1,'','2024-03-04 13:50:44',NULL),(3377,119,11,1,'','2024-03-04 13:50:44',NULL),(3378,120,11,1,'','2024-03-04 13:50:44',NULL),(3379,1,1,1,'','2024-03-04 14:19:01',NULL),(3381,3,1,1,'','2024-03-04 14:19:01',NULL),(3382,4,1,1,'','2024-03-04 14:19:01',NULL),(3383,5,1,1,'','2024-03-04 14:19:01',NULL),(3385,8,1,1,'','2024-03-04 14:19:01',NULL),(3386,9,1,1,'','2024-03-04 14:19:01',NULL),(3387,10,1,1,'','2024-03-04 14:19:01',NULL),(3388,11,1,1,'','2024-03-04 14:19:01',NULL),(3389,12,1,1,'','2024-03-04 14:19:01',NULL),(3390,13,1,1,'','2024-03-04 14:19:01',NULL),(3391,14,1,1,'','2024-03-04 14:19:01',NULL),(3392,15,1,1,'','2024-03-04 14:19:01',NULL),(3394,17,1,1,'','2024-03-04 14:19:01',NULL),(3395,18,1,1,'','2024-03-04 14:19:01',NULL),(3396,19,1,1,'','2024-03-04 14:19:01',NULL),(3397,20,1,1,'','2024-03-04 14:19:01',NULL),(3398,21,1,1,'','2024-03-04 14:19:01',NULL),(3399,22,1,1,'','2024-03-04 14:19:01',NULL),(3400,23,1,1,'','2024-03-04 14:19:01',NULL),(3401,24,1,1,'','2024-03-04 14:19:01',NULL),(3402,25,1,1,'','2024-03-04 14:19:01',NULL),(3403,26,1,1,'','2024-03-04 14:19:01',NULL),(3404,27,1,1,'','2024-03-04 14:19:01',NULL),(3405,28,1,1,'','2024-03-04 14:19:01',NULL),(3406,29,1,1,'','2024-03-04 14:19:01',NULL),(3407,30,1,1,'','2024-03-04 14:19:01',NULL),(3408,91,31,2,'demam','2024-03-05 10:18:43','2024-03-05 10:19:27'),(3409,92,31,3,'','2024-03-05 10:18:43','2024-03-05 10:19:27'),(3410,93,31,3,'','2024-03-05 10:18:43','2024-03-05 10:19:27'),(3411,94,31,1,'','2024-03-05 10:18:43',NULL),(3412,95,31,1,'','2024-03-05 10:18:43',NULL),(3413,96,31,1,'','2024-03-05 10:18:43',NULL),(3414,97,31,1,'','2024-03-05 10:18:43',NULL),(3415,98,31,1,'','2024-03-05 10:18:43',NULL),(3416,99,31,1,'','2024-03-05 10:18:43',NULL),(3417,100,31,1,'','2024-03-05 10:18:43',NULL),(3418,101,31,1,'','2024-03-05 10:18:43',NULL),(3419,102,31,1,'','2024-03-05 10:18:43',NULL),(3420,103,31,1,'','2024-03-05 10:18:43',NULL),(3421,104,31,1,'','2024-03-05 10:18:43',NULL),(3422,105,31,1,'','2024-03-05 10:18:43',NULL),(3423,106,31,1,'','2024-03-05 10:18:43',NULL),(3424,107,31,1,'','2024-03-05 10:18:43',NULL),(3425,108,31,1,'','2024-03-05 10:18:43',NULL),(3426,109,31,1,'','2024-03-05 10:18:43',NULL),(3427,110,31,1,'','2024-03-05 10:18:43',NULL),(3428,111,31,1,'','2024-03-05 10:18:43',NULL),(3429,112,31,1,'','2024-03-05 10:18:43',NULL),(3430,113,31,1,'','2024-03-05 10:18:43',NULL),(3431,114,31,1,'','2024-03-05 10:18:43',NULL),(3432,115,31,1,'','2024-03-05 10:18:43',NULL),(3433,116,31,1,'','2024-03-05 10:18:43',NULL),(3434,117,31,1,'','2024-03-05 10:18:43',NULL),(3435,118,31,1,'','2024-03-05 10:18:43',NULL),(3436,119,31,1,'','2024-03-05 10:18:43',NULL),(3437,120,31,2,'','2024-03-05 10:18:43',NULL),(3438,1,29,1,'','2024-03-05 10:41:01',NULL),(3440,3,29,1,'','2024-03-05 10:41:01',NULL),(3441,4,29,1,'','2024-03-05 10:41:01',NULL),(3442,5,29,1,'','2024-03-05 10:41:01',NULL),(3444,8,29,1,'','2024-03-05 10:41:01',NULL),(3445,9,29,1,'','2024-03-05 10:41:01',NULL),(3446,10,29,1,'','2024-03-05 10:41:01',NULL),(3447,11,29,1,'','2024-03-05 10:41:01',NULL),(3448,12,29,1,'','2024-03-05 10:41:01',NULL),(3449,13,29,1,'','2024-03-05 10:41:01',NULL),(3450,14,29,1,'','2024-03-05 10:41:01',NULL),(3451,15,29,1,'','2024-03-05 10:41:01',NULL),(3453,17,29,1,'','2024-03-05 10:41:01',NULL),(3454,18,29,1,'','2024-03-05 10:41:01',NULL),(3455,19,29,1,'','2024-03-05 10:41:01',NULL),(3456,20,29,1,'','2024-03-05 10:41:01',NULL),(3457,21,29,1,'','2024-03-05 10:41:01',NULL),(3458,22,29,1,'','2024-03-05 10:41:01',NULL),(3459,23,29,1,'','2024-03-05 10:41:01',NULL),(3460,24,29,1,'','2024-03-05 10:41:01',NULL),(3461,25,29,1,'','2024-03-05 10:41:01',NULL),(3462,26,29,1,'','2024-03-05 10:41:01',NULL),(3463,27,29,1,'','2024-03-05 10:41:01',NULL),(3464,28,29,1,'','2024-03-05 10:41:01',NULL),(3465,29,29,1,'','2024-03-05 10:41:01',NULL),(3466,30,29,1,'','2024-03-05 10:41:01',NULL),(3467,1,19,1,'','2024-03-05 10:41:08',NULL),(3469,3,19,1,'','2024-03-05 10:41:08',NULL),(3470,4,19,1,'','2024-03-05 10:41:08',NULL),(3471,5,19,1,'','2024-03-05 10:41:08',NULL),(3473,8,19,1,'','2024-03-05 10:41:08',NULL),(3474,9,19,1,'','2024-03-05 10:41:08',NULL),(3475,10,19,1,'','2024-03-05 10:41:08',NULL),(3476,11,19,1,'','2024-03-05 10:41:08',NULL),(3477,12,19,1,'','2024-03-05 10:41:08',NULL),(3478,13,19,1,'','2024-03-05 10:41:08',NULL),(3479,14,19,1,'','2024-03-05 10:41:08',NULL),(3480,15,19,1,'','2024-03-05 10:41:08',NULL),(3482,17,19,1,'','2024-03-05 10:41:08',NULL),(3483,18,19,1,'','2024-03-05 10:41:08',NULL),(3484,19,19,1,'','2024-03-05 10:41:08',NULL),(3485,20,19,1,'','2024-03-05 10:41:08',NULL),(3486,21,19,1,'','2024-03-05 10:41:08',NULL),(3487,22,19,1,'','2024-03-05 10:41:08',NULL),(3488,23,19,1,'','2024-03-05 10:41:08',NULL),(3489,24,19,1,'','2024-03-05 10:41:08',NULL),(3490,25,19,1,'','2024-03-05 10:41:08',NULL),(3491,26,19,1,'','2024-03-05 10:41:08',NULL),(3492,27,19,1,'','2024-03-05 10:41:08',NULL),(3493,28,19,1,'','2024-03-05 10:41:08',NULL),(3494,29,19,1,'','2024-03-05 10:41:08',NULL),(3495,30,19,1,'','2024-03-05 10:41:08',NULL),(3496,1,26,1,'','2024-03-05 10:41:17',NULL),(3498,3,26,1,'','2024-03-05 10:41:17',NULL),(3499,4,26,1,'','2024-03-05 10:41:17',NULL),(3500,5,26,1,'','2024-03-05 10:41:17',NULL),(3502,8,26,1,'','2024-03-05 10:41:17',NULL),(3503,9,26,1,'','2024-03-05 10:41:17',NULL),(3504,10,26,1,'','2024-03-05 10:41:17',NULL),(3505,11,26,1,'','2024-03-05 10:41:17',NULL),(3506,12,26,1,'','2024-03-05 10:41:17',NULL),(3507,13,26,1,'','2024-03-05 10:41:17',NULL),(3508,14,26,1,'','2024-03-05 10:41:17',NULL),(3509,15,26,1,'','2024-03-05 10:41:17',NULL),(3511,17,26,1,'','2024-03-05 10:41:17',NULL),(3512,18,26,1,'','2024-03-05 10:41:17',NULL),(3513,19,26,1,'','2024-03-05 10:41:17',NULL),(3514,20,26,1,'','2024-03-05 10:41:17',NULL),(3515,21,26,1,'','2024-03-05 10:41:17',NULL),(3516,22,26,1,'','2024-03-05 10:41:17',NULL),(3517,23,26,1,'','2024-03-05 10:41:17',NULL),(3518,24,26,1,'','2024-03-05 10:41:17',NULL),(3519,25,26,1,'','2024-03-05 10:41:17',NULL),(3520,26,26,1,'','2024-03-05 10:41:17',NULL),(3521,27,26,1,'','2024-03-05 10:41:17',NULL),(3522,28,26,1,'','2024-03-05 10:41:17',NULL),(3523,29,26,1,'','2024-03-05 10:41:17',NULL),(3524,30,26,1,'','2024-03-05 10:41:17',NULL),(3525,91,43,2,'','2024-03-06 10:11:32','2024-03-06 11:19:38'),(3526,92,43,1,'','2024-03-06 10:11:32',NULL),(3527,93,43,1,'','2024-03-06 10:11:32',NULL),(3528,94,43,1,'','2024-03-06 10:11:32',NULL),(3529,95,43,1,'','2024-03-06 10:11:32',NULL),(3530,96,43,1,'','2024-03-06 10:11:32',NULL),(3531,97,43,1,'','2024-03-06 10:11:32',NULL),(3532,98,43,1,'','2024-03-06 10:11:32',NULL),(3533,99,43,1,'','2024-03-06 10:11:32',NULL),(3534,100,43,1,'','2024-03-06 10:11:32',NULL),(3535,101,43,1,'','2024-03-06 10:11:32',NULL),(3536,102,43,1,'','2024-03-06 10:11:32',NULL),(3537,103,43,1,'','2024-03-06 10:11:32',NULL),(3538,104,43,1,'','2024-03-06 10:11:32',NULL),(3539,105,43,1,'','2024-03-06 10:11:32',NULL),(3540,106,43,1,'','2024-03-06 10:11:32',NULL),(3541,107,43,1,'','2024-03-06 10:11:32',NULL),(3542,108,43,1,'','2024-03-06 10:11:32',NULL),(3543,109,43,1,'','2024-03-06 10:11:32',NULL),(3544,110,43,1,'','2024-03-06 10:11:32',NULL),(3545,111,43,1,'','2024-03-06 10:11:32',NULL),(3546,112,43,1,'','2024-03-06 10:11:32',NULL),(3547,113,43,1,'','2024-03-06 10:11:32',NULL),(3548,114,43,1,'','2024-03-06 10:11:32',NULL),(3549,115,43,1,'','2024-03-06 10:11:32',NULL),(3550,116,43,1,'','2024-03-06 10:11:32',NULL),(3551,117,43,1,'','2024-03-06 10:11:32',NULL),(3552,118,43,1,'','2024-03-06 10:11:32',NULL),(3553,119,43,1,'','2024-03-06 10:11:32',NULL),(3554,120,43,1,'','2024-03-06 10:11:32',NULL),(3555,1,25,2,'','2024-03-06 12:01:27','2024-03-06 12:09:55'),(3557,3,25,1,'','2024-03-06 12:01:27',NULL),(3558,4,25,1,'','2024-03-06 12:01:27',NULL),(3559,5,25,1,'','2024-03-06 12:01:27',NULL),(3561,8,25,1,'','2024-03-06 12:01:27',NULL),(3562,9,25,1,'','2024-03-06 12:01:27',NULL),(3563,10,25,1,'','2024-03-06 12:01:27',NULL),(3564,11,25,1,'','2024-03-06 12:01:27',NULL),(3565,12,25,1,'','2024-03-06 12:01:27',NULL),(3566,13,25,1,'','2024-03-06 12:01:27',NULL),(3567,14,25,1,'','2024-03-06 12:01:27',NULL),(3568,15,25,1,'','2024-03-06 12:01:27',NULL),(3570,17,25,1,'','2024-03-06 12:01:27',NULL),(3571,18,25,1,'','2024-03-06 12:01:27',NULL),(3572,19,25,1,'','2024-03-06 12:01:27',NULL),(3573,20,25,1,'','2024-03-06 12:01:27',NULL),(3574,21,25,1,'','2024-03-06 12:01:27',NULL),(3575,22,25,1,'','2024-03-06 12:01:27',NULL),(3576,23,25,1,'','2024-03-06 12:01:27',NULL),(3577,24,25,1,'','2024-03-06 12:01:27',NULL),(3578,25,25,1,'','2024-03-06 12:01:27',NULL),(3579,26,25,1,'','2024-03-06 12:01:27',NULL),(3580,27,25,1,'','2024-03-06 12:01:27',NULL),(3581,28,25,1,'','2024-03-06 12:01:27',NULL),(3582,29,25,1,'','2024-03-06 12:01:27',NULL),(3583,30,25,1,'','2024-03-06 12:01:27',NULL),(3584,121,25,4,'','2024-03-06 12:01:27','2024-03-06 12:14:16'),(3585,1,20,2,'','2024-03-06 12:16:24','2024-03-06 12:21:32'),(3587,3,20,1,'','2024-03-06 12:16:24',NULL),(3588,4,20,1,'','2024-03-06 12:16:24',NULL),(3589,5,20,1,'','2024-03-06 12:16:24',NULL),(3591,8,20,1,'','2024-03-06 12:16:24',NULL),(3592,9,20,1,'','2024-03-06 12:16:24',NULL),(3593,10,20,1,'','2024-03-06 12:16:24',NULL),(3594,11,20,1,'','2024-03-06 12:16:24',NULL),(3595,12,20,1,'','2024-03-06 12:16:24',NULL),(3596,13,20,1,'','2024-03-06 12:16:24',NULL),(3597,14,20,1,'','2024-03-06 12:16:24',NULL),(3598,15,20,1,'','2024-03-06 12:16:24',NULL),(3600,17,20,1,'','2024-03-06 12:16:24',NULL),(3601,18,20,1,'','2024-03-06 12:16:24',NULL),(3602,19,20,1,'','2024-03-06 12:16:24',NULL),(3603,20,20,1,'','2024-03-06 12:16:24',NULL),(3604,21,20,1,'','2024-03-06 12:16:24',NULL),(3605,22,20,1,'','2024-03-06 12:16:24',NULL),(3606,23,20,1,'','2024-03-06 12:16:24',NULL),(3607,24,20,1,'','2024-03-06 12:16:24',NULL),(3608,25,20,1,'','2024-03-06 12:16:24',NULL),(3609,26,20,1,'','2024-03-06 12:16:24',NULL),(3610,27,20,1,'','2024-03-06 12:16:24',NULL),(3611,28,20,1,'','2024-03-06 12:16:24',NULL),(3612,29,20,1,'','2024-03-06 12:16:24',NULL),(3613,30,20,1,'','2024-03-06 12:16:24',NULL),(3614,121,20,4,'','2024-03-06 12:16:24','2024-03-06 12:20:47'),(3615,1,24,1,'','2024-03-07 11:45:09',NULL),(3617,3,24,4,'','2024-03-07 11:45:10','2024-03-07 15:13:35'),(3618,4,24,1,'','2024-03-07 11:45:10',NULL),(3619,5,24,1,'','2024-03-07 11:45:10',NULL),(3621,8,24,1,'','2024-03-07 11:45:10',NULL),(3622,9,24,1,'','2024-03-07 11:45:10',NULL),(3623,10,24,1,'','2024-03-07 11:45:10',NULL),(3624,11,24,1,'','2024-03-07 11:45:10',NULL),(3625,12,24,1,'','2024-03-07 11:45:10',NULL),(3626,13,24,1,'','2024-03-07 11:45:10',NULL),(3627,14,24,1,'','2024-03-07 11:45:10',NULL),(3628,15,24,1,'','2024-03-07 11:45:10',NULL),(3630,17,24,1,'','2024-03-07 11:45:10',NULL),(3631,18,24,1,'','2024-03-07 11:45:10',NULL),(3632,19,24,1,'','2024-03-07 11:45:10',NULL),(3633,20,24,1,'','2024-03-07 11:45:10',NULL),(3634,21,24,1,'','2024-03-07 11:45:10',NULL),(3635,22,24,1,'','2024-03-07 11:45:10',NULL),(3636,23,24,1,'','2024-03-07 11:45:10',NULL),(3637,24,24,1,'','2024-03-07 11:45:10',NULL),(3638,25,24,1,'','2024-03-07 11:45:10',NULL),(3639,26,24,1,'','2024-03-07 11:45:10',NULL),(3640,27,24,1,'','2024-03-07 11:45:10',NULL),(3641,28,24,1,'','2024-03-07 11:45:10',NULL),(3642,29,24,1,'','2024-03-07 11:45:10',NULL),(3643,30,24,1,'','2024-03-07 11:45:10',NULL),(3644,121,24,1,'','2024-03-07 11:45:10',NULL),(3645,1,32,1,'','2024-03-07 13:09:19',NULL),(3647,3,32,1,'','2024-03-07 13:09:19',NULL),(3648,4,32,1,'','2024-03-07 13:09:19',NULL),(3649,5,32,1,'','2024-03-07 13:09:19',NULL),(3651,8,32,1,'','2024-03-07 13:09:19',NULL),(3652,9,32,1,'','2024-03-07 13:09:19',NULL),(3653,10,32,1,'','2024-03-07 13:09:19',NULL),(3654,11,32,1,'','2024-03-07 13:09:19',NULL),(3655,12,32,1,'','2024-03-07 13:09:19',NULL),(3656,13,32,1,'','2024-03-07 13:09:19',NULL),(3657,14,32,1,'','2024-03-07 13:09:19',NULL),(3658,15,32,1,'','2024-03-07 13:09:19',NULL),(3660,17,32,1,'','2024-03-07 13:09:19',NULL),(3661,18,32,1,'','2024-03-07 13:09:19',NULL),(3662,19,32,1,'','2024-03-07 13:09:19',NULL),(3663,20,32,1,'','2024-03-07 13:09:19',NULL),(3664,21,32,1,'','2024-03-07 13:09:19',NULL),(3665,22,32,1,'','2024-03-07 13:09:20',NULL),(3666,23,32,1,'','2024-03-07 13:09:20',NULL),(3667,24,32,1,'','2024-03-07 13:09:20',NULL),(3668,25,32,1,'','2024-03-07 13:09:20',NULL),(3669,26,32,1,'','2024-03-07 13:09:20',NULL),(3670,27,32,1,'','2024-03-07 13:09:20',NULL),(3671,28,32,1,'','2024-03-07 13:09:20',NULL),(3672,29,32,1,'','2024-03-07 13:09:20',NULL),(3673,30,32,1,'','2024-03-07 13:09:20',NULL),(3674,121,32,1,'','2024-03-07 13:09:20',NULL),(3675,1,21,4,'','2024-03-07 13:09:27','2024-03-07 15:12:55'),(3677,3,21,1,'','2024-03-07 13:09:27',NULL),(3678,4,21,1,'','2024-03-07 13:09:27',NULL),(3679,5,21,1,'','2024-03-07 13:09:27',NULL),(3681,8,21,1,'','2024-03-07 13:09:27',NULL),(3682,9,21,1,'','2024-03-07 13:09:27',NULL),(3683,10,21,1,'','2024-03-07 13:09:27',NULL),(3684,11,21,1,'','2024-03-07 13:09:27',NULL),(3685,12,21,1,'','2024-03-07 13:09:27',NULL),(3686,13,21,1,'','2024-03-07 13:09:27',NULL),(3687,14,21,1,'','2024-03-07 13:09:27',NULL),(3688,15,21,1,'','2024-03-07 13:09:27',NULL),(3690,17,21,1,'','2024-03-07 13:09:27',NULL),(3691,18,21,1,'','2024-03-07 13:09:27',NULL),(3692,19,21,1,'','2024-03-07 13:09:27',NULL),(3693,20,21,1,'','2024-03-07 13:09:27',NULL),(3694,21,21,1,'','2024-03-07 13:09:27',NULL),(3695,22,21,1,'','2024-03-07 13:09:27',NULL),(3696,23,21,1,'','2024-03-07 13:09:27',NULL),(3697,24,21,1,'','2024-03-07 13:09:27',NULL),(3698,25,21,1,'','2024-03-07 13:09:27',NULL),(3699,26,21,1,'','2024-03-07 13:09:27',NULL),(3700,27,21,1,'','2024-03-07 13:09:27',NULL),(3701,28,21,1,'','2024-03-07 13:09:27',NULL),(3702,29,21,1,'','2024-03-07 13:09:27',NULL),(3703,30,21,1,'','2024-03-07 13:09:27',NULL),(3704,121,21,1,'','2024-03-07 13:09:27',NULL),(3705,1,14,1,'','2024-03-08 10:41:07',NULL),(3707,3,14,1,'','2024-03-08 10:41:07',NULL),(3708,4,14,1,'','2024-03-08 10:41:07',NULL),(3709,5,14,1,'','2024-03-08 10:41:07',NULL),(3711,8,14,1,'','2024-03-08 10:41:07',NULL),(3712,9,14,1,'','2024-03-08 10:41:07',NULL),(3713,10,14,1,'','2024-03-08 10:41:07',NULL),(3714,11,14,1,'','2024-03-08 10:41:07',NULL),(3715,12,14,1,'','2024-03-08 10:41:07',NULL),(3716,13,14,1,'','2024-03-08 10:41:07',NULL),(3717,14,14,1,'','2024-03-08 10:41:07',NULL),(3718,15,14,1,'','2024-03-08 10:41:07',NULL),(3720,17,14,1,'','2024-03-08 10:41:07',NULL),(3721,18,14,1,'','2024-03-08 10:41:07',NULL),(3722,19,14,1,'','2024-03-08 10:41:07',NULL),(3723,20,14,1,'','2024-03-08 10:41:07',NULL),(3724,21,14,1,'','2024-03-08 10:41:07',NULL),(3725,22,14,1,'','2024-03-08 10:41:07',NULL),(3726,23,14,1,'','2024-03-08 10:41:07',NULL),(3727,24,14,1,'','2024-03-08 10:41:07',NULL),(3728,25,14,1,'','2024-03-08 10:41:07',NULL),(3729,26,14,1,'','2024-03-08 10:41:07',NULL),(3730,27,14,1,'','2024-03-08 10:41:07',NULL),(3731,28,14,1,'','2024-03-08 10:41:07',NULL),(3732,29,14,1,'','2024-03-08 10:41:07',NULL),(3733,30,14,1,'','2024-03-08 10:41:07',NULL),(3734,121,14,1,'','2024-03-08 10:41:07',NULL),(3735,1,37,1,'','2024-03-08 10:41:09',NULL),(3737,3,37,1,'','2024-03-08 10:41:09',NULL),(3738,4,37,1,'','2024-03-08 10:41:09',NULL),(3739,5,37,1,'','2024-03-08 10:41:09',NULL),(3741,8,37,1,'','2024-03-08 10:41:09',NULL),(3742,9,37,1,'','2024-03-08 10:41:09',NULL),(3743,10,37,1,'','2024-03-08 10:41:09',NULL),(3744,11,37,1,'','2024-03-08 10:41:09',NULL),(3745,12,37,1,'','2024-03-08 10:41:09',NULL),(3746,13,37,1,'','2024-03-08 10:41:09',NULL),(3747,14,37,1,'','2024-03-08 10:41:09',NULL),(3748,15,37,1,'','2024-03-08 10:41:09',NULL),(3750,17,37,1,'','2024-03-08 10:41:09',NULL),(3751,18,37,1,'','2024-03-08 10:41:09',NULL),(3752,19,37,1,'','2024-03-08 10:41:09',NULL),(3753,20,37,1,'','2024-03-08 10:41:09',NULL),(3754,21,37,1,'','2024-03-08 10:41:09',NULL),(3755,22,37,1,'','2024-03-08 10:41:09',NULL),(3756,23,37,1,'','2024-03-08 10:41:09',NULL),(3757,24,37,1,'','2024-03-08 10:41:09',NULL),(3758,25,37,1,'','2024-03-08 10:41:09',NULL),(3759,26,37,1,'','2024-03-08 10:41:09',NULL),(3760,27,37,1,'','2024-03-08 10:41:09',NULL),(3761,28,37,1,'','2024-03-08 10:41:09',NULL),(3762,29,37,1,'','2024-03-08 10:41:09',NULL),(3763,30,37,1,'','2024-03-08 10:41:09',NULL),(3764,121,37,1,'','2024-03-08 10:41:10',NULL),(3765,1,15,1,'','2024-03-08 10:41:11',NULL),(3767,3,15,1,'','2024-03-08 10:41:11',NULL),(3768,4,15,1,'','2024-03-08 10:41:11',NULL),(3769,5,15,1,'','2024-03-08 10:41:11',NULL),(3771,8,15,1,'','2024-03-08 10:41:11',NULL),(3772,9,15,1,'','2024-03-08 10:41:11',NULL),(3773,10,15,1,'','2024-03-08 10:41:11',NULL),(3774,11,15,1,'','2024-03-08 10:41:11',NULL),(3775,12,15,1,'','2024-03-08 10:41:11',NULL),(3776,13,15,1,'','2024-03-08 10:41:11',NULL),(3777,14,15,1,'','2024-03-08 10:41:11',NULL),(3778,15,15,1,'','2024-03-08 10:41:11',NULL),(3780,17,15,1,'','2024-03-08 10:41:11',NULL),(3781,18,15,1,'','2024-03-08 10:41:11',NULL),(3782,19,15,1,'','2024-03-08 10:41:11',NULL),(3783,20,15,1,'','2024-03-08 10:41:11',NULL),(3784,21,15,1,'','2024-03-08 10:41:11',NULL),(3785,22,15,1,'','2024-03-08 10:41:11',NULL),(3786,23,15,1,'','2024-03-08 10:41:11',NULL),(3787,24,15,1,'','2024-03-08 10:41:11',NULL),(3788,25,15,1,'','2024-03-08 10:41:11',NULL),(3789,26,15,1,'','2024-03-08 10:41:11',NULL),(3790,27,15,1,'','2024-03-08 10:41:11',NULL),(3791,28,15,1,'','2024-03-08 10:41:11',NULL),(3792,29,15,1,'','2024-03-08 10:41:11',NULL),(3793,30,15,1,'','2024-03-08 10:41:11',NULL),(3794,121,15,1,'','2024-03-08 10:41:11',NULL),(3795,1,19,1,'','2024-03-12 11:06:10','2024-03-12 14:43:46'),(3797,3,19,1,'','2024-03-12 11:06:10',NULL),(3798,4,19,1,'','2024-03-12 11:06:10',NULL),(3799,5,19,1,'','2024-03-12 11:06:10',NULL),(3801,8,19,1,'','2024-03-12 11:06:10',NULL),(3802,9,19,1,'','2024-03-12 11:06:10',NULL),(3803,10,19,1,'','2024-03-12 11:06:10',NULL),(3804,11,19,1,'','2024-03-12 11:06:10',NULL),(3805,12,19,1,'','2024-03-12 11:06:10',NULL),(3806,13,19,1,'','2024-03-12 11:06:10',NULL),(3807,14,19,1,'','2024-03-12 11:06:10',NULL),(3808,15,19,1,'','2024-03-12 11:06:10',NULL),(3810,17,19,1,'','2024-03-12 11:06:10',NULL),(3811,18,19,1,'','2024-03-12 11:06:10',NULL),(3812,19,19,1,'','2024-03-12 11:06:10',NULL),(3813,20,19,1,'','2024-03-12 11:06:10',NULL),(3814,21,19,1,'','2024-03-12 11:06:10',NULL),(3815,22,19,1,'','2024-03-12 11:06:10',NULL),(3816,23,19,1,'','2024-03-12 11:06:10',NULL),(3817,24,19,1,'','2024-03-12 11:06:10',NULL),(3818,25,19,1,'','2024-03-12 11:06:10',NULL),(3819,26,19,1,'','2024-03-12 11:06:10',NULL),(3820,27,19,1,'','2024-03-12 11:06:10',NULL),(3821,28,19,1,'','2024-03-12 11:06:10',NULL),(3822,29,19,1,'','2024-03-12 11:06:10',NULL),(3823,30,19,1,'','2024-03-12 11:06:10',NULL),(3824,121,19,1,'','2024-03-12 11:06:10',NULL),(3825,1,26,2,'','2024-03-12 11:10:29','2024-03-12 14:41:44'),(3827,3,26,3,'Ikut pergi haji','2024-03-12 11:10:29','2024-03-12 13:12:33'),(3828,4,26,1,'','2024-03-12 11:10:29',NULL),(3829,5,26,1,'','2024-03-12 11:10:29',NULL),(3831,8,26,1,'','2024-03-12 11:10:29',NULL),(3832,9,26,1,'','2024-03-12 11:10:29',NULL),(3833,10,26,1,'','2024-03-12 11:10:29',NULL),(3834,11,26,1,'','2024-03-12 11:10:29',NULL),(3835,12,26,1,'','2024-03-12 11:10:30',NULL),(3836,13,26,1,'','2024-03-12 11:10:30',NULL),(3837,14,26,1,'','2024-03-12 11:10:30',NULL),(3838,15,26,1,'','2024-03-12 11:10:30',NULL),(3840,17,26,1,'','2024-03-12 11:10:30',NULL),(3841,18,26,1,'','2024-03-12 11:10:30',NULL),(3842,19,26,1,'','2024-03-12 11:10:30',NULL),(3843,20,26,1,'','2024-03-12 11:10:30',NULL),(3844,21,26,1,'','2024-03-12 11:10:30',NULL),(3845,22,26,1,'','2024-03-12 11:10:30',NULL),(3846,23,26,1,'','2024-03-12 11:10:30',NULL),(3847,24,26,1,'','2024-03-12 11:10:30',NULL),(3848,25,26,1,'','2024-03-12 11:10:30',NULL),(3849,26,26,1,'','2024-03-12 11:10:30',NULL),(3850,27,26,1,'','2024-03-12 11:10:30',NULL),(3851,28,26,1,'','2024-03-12 11:10:30',NULL),(3852,29,26,1,'','2024-03-12 11:10:30',NULL),(3853,30,26,1,'','2024-03-12 11:10:30',NULL),(3854,121,26,1,'','2024-03-12 11:10:30',NULL),(3855,1,41,4,'','2024-03-12 11:57:56','2024-03-12 14:41:55'),(3857,3,41,1,'','2024-03-12 11:57:56',NULL),(3858,4,41,1,'','2024-03-12 11:57:56',NULL),(3859,5,41,1,'','2024-03-12 11:57:56',NULL),(3861,8,41,1,'','2024-03-12 11:57:56',NULL),(3862,9,41,1,'','2024-03-12 11:57:56',NULL),(3863,10,41,1,'','2024-03-12 11:57:56',NULL),(3864,11,41,1,'','2024-03-12 11:57:56',NULL),(3865,12,41,1,'','2024-03-12 11:57:56',NULL),(3866,13,41,1,'','2024-03-12 11:57:56',NULL),(3867,14,41,1,'','2024-03-12 11:57:56',NULL),(3868,15,41,1,'','2024-03-12 11:57:56',NULL),(3870,17,41,1,'','2024-03-12 11:57:56',NULL),(3871,18,41,1,'','2024-03-12 11:57:56',NULL),(3872,19,41,1,'','2024-03-12 11:57:56',NULL),(3873,20,41,1,'','2024-03-12 11:57:56',NULL),(3874,21,41,1,'','2024-03-12 11:57:56',NULL),(3875,22,41,1,'','2024-03-12 11:57:56',NULL),(3876,23,41,1,'','2024-03-12 11:57:56',NULL),(3877,24,41,1,'','2024-03-12 11:57:56',NULL),(3878,25,41,1,'','2024-03-12 11:57:56',NULL),(3879,26,41,1,'','2024-03-12 11:57:56',NULL),(3880,27,41,1,'','2024-03-12 11:57:56',NULL),(3881,28,41,1,'','2024-03-12 11:57:56',NULL),(3882,29,41,1,'','2024-03-12 11:57:56',NULL),(3883,30,41,1,'','2024-03-12 11:57:56',NULL),(3884,121,41,1,'','2024-03-12 11:57:56',NULL),(3885,61,42,4,'','2024-03-12 12:29:19','2024-03-12 14:41:29'),(3886,62,42,4,'','2024-03-12 12:29:19','2024-03-12 14:41:29'),(3887,63,42,4,'','2024-03-12 12:29:19','2024-03-12 14:41:29'),(3888,64,42,4,'','2024-03-12 12:29:19','2024-03-12 12:45:46'),(3889,65,42,4,'','2024-03-12 12:29:19','2024-03-12 14:41:30'),(3890,66,42,4,'','2024-03-12 12:29:19','2024-03-12 14:41:30'),(3891,67,42,4,'','2024-03-12 12:29:19','2024-03-12 14:41:30'),(3892,68,42,4,'','2024-03-12 12:29:19','2024-03-12 14:41:30'),(3893,69,42,4,'','2024-03-12 12:29:19','2024-03-12 14:41:30'),(3894,70,42,4,'','2024-03-12 12:29:19','2024-03-12 14:41:30'),(3895,71,42,1,'','2024-03-12 12:29:19',NULL),(3896,72,42,1,'','2024-03-12 12:29:19',NULL),(3897,73,42,1,'','2024-03-12 12:29:19',NULL),(3898,74,42,1,'','2024-03-12 12:29:19',NULL),(3899,75,42,1,'','2024-03-12 12:29:19',NULL),(3900,76,42,1,'','2024-03-12 12:29:19',NULL),(3901,77,42,1,'','2024-03-12 12:29:20',NULL),(3902,78,42,1,'','2024-03-12 12:29:20',NULL),(3903,79,42,1,'','2024-03-12 12:29:20',NULL),(3904,80,42,1,'','2024-03-12 12:29:20',NULL),(3905,81,42,1,'','2024-03-12 12:29:20',NULL),(3906,82,42,1,'','2024-03-12 12:29:20',NULL),(3907,83,42,1,'','2024-03-12 12:29:20',NULL),(3908,84,42,1,'','2024-03-12 12:29:20',NULL),(3909,85,42,1,'','2024-03-12 12:29:20',NULL),(3910,86,42,1,'','2024-03-12 12:29:20',NULL),(3911,87,42,1,'','2024-03-12 12:29:20',NULL),(3912,88,42,1,'','2024-03-12 12:29:20',NULL),(3913,89,42,1,'','2024-03-12 12:29:20',NULL),(3914,90,42,1,'','2024-03-12 12:29:20',NULL),(3915,1,29,3,'','2024-03-12 12:46:08','2024-03-12 14:41:49'),(3917,3,29,2,'Flu','2024-03-12 12:46:08','2024-03-12 14:33:51'),(3918,4,29,1,'','2024-03-12 12:46:08',NULL),(3919,5,29,1,'','2024-03-12 12:46:08',NULL),(3921,8,29,1,'','2024-03-12 12:46:08',NULL),(3922,9,29,1,'','2024-03-12 12:46:08',NULL),(3923,10,29,1,'','2024-03-12 12:46:08',NULL),(3924,11,29,1,'','2024-03-12 12:46:08',NULL),(3925,12,29,1,'','2024-03-12 12:46:08',NULL),(3926,13,29,1,'','2024-03-12 12:46:08',NULL),(3927,14,29,1,'','2024-03-12 12:46:08',NULL),(3928,15,29,1,'','2024-03-12 12:46:08',NULL),(3930,17,29,1,'','2024-03-12 12:46:08',NULL),(3931,18,29,1,'','2024-03-12 12:46:08',NULL),(3932,19,29,1,'','2024-03-12 12:46:08',NULL),(3933,20,29,1,'','2024-03-12 12:46:08',NULL),(3934,21,29,1,'','2024-03-12 12:46:08',NULL),(3935,22,29,1,'','2024-03-12 12:46:08',NULL),(3936,23,29,1,'','2024-03-12 12:46:08',NULL),(3937,24,29,1,'','2024-03-12 12:46:08',NULL),(3938,25,29,1,'','2024-03-12 12:46:08',NULL),(3939,26,29,1,'','2024-03-12 12:46:08',NULL),(3940,27,29,1,'','2024-03-12 12:46:08',NULL),(3941,28,29,1,'','2024-03-12 12:46:08',NULL),(3942,29,29,1,'','2024-03-12 12:46:08',NULL),(3943,30,29,1,'','2024-03-12 12:46:08',NULL),(3944,121,29,1,'','2024-03-12 12:46:08',NULL),(3945,91,31,1,'','2024-03-12 12:58:14',NULL),(3946,92,31,2,'Jantung','2024-03-12 12:58:14','2024-03-12 12:58:42'),(3947,93,31,1,'','2024-03-12 12:58:14',NULL),(3948,94,31,1,'','2024-03-12 12:58:14',NULL),(3949,95,31,1,'','2024-03-12 12:58:14',NULL),(3950,96,31,1,'','2024-03-12 12:58:14',NULL),(3951,97,31,1,'','2024-03-12 12:58:14',NULL),(3952,98,31,1,'','2024-03-12 12:58:14',NULL),(3953,99,31,1,'','2024-03-12 12:58:14',NULL),(3954,100,31,1,'','2024-03-12 12:58:14',NULL),(3955,101,31,1,'','2024-03-12 12:58:14',NULL),(3956,102,31,1,'','2024-03-12 12:58:14',NULL),(3957,103,31,1,'','2024-03-12 12:58:14',NULL),(3958,104,31,1,'','2024-03-12 12:58:14',NULL),(3959,105,31,1,'','2024-03-12 12:58:14',NULL),(3960,106,31,1,'','2024-03-12 12:58:14',NULL),(3961,107,31,1,'','2024-03-12 12:58:14',NULL),(3962,108,31,1,'','2024-03-12 12:58:14',NULL),(3963,109,31,1,'','2024-03-12 12:58:14',NULL),(3964,110,31,1,'','2024-03-12 12:58:14',NULL),(3965,111,31,1,'','2024-03-12 12:58:14',NULL),(3966,112,31,1,'','2024-03-12 12:58:14',NULL),(3967,113,31,1,'','2024-03-12 12:58:14',NULL),(3968,114,31,1,'','2024-03-12 12:58:14',NULL),(3969,115,31,1,'','2024-03-12 12:58:14',NULL),(3970,116,31,1,'','2024-03-12 12:58:14',NULL),(3971,117,31,1,'','2024-03-12 12:58:14',NULL),(3972,118,31,1,'','2024-03-12 12:58:14',NULL),(3973,119,31,1,'','2024-03-12 12:58:14',NULL),(3974,120,31,1,'','2024-03-12 12:58:14',NULL),(3975,91,43,4,'','2024-03-13 09:07:37','2024-03-13 09:33:35'),(3976,92,43,1,'','2024-03-13 09:07:37','2024-03-13 09:08:18'),(3977,93,43,1,'','2024-03-13 09:07:37','2024-03-13 09:08:18'),(3978,94,43,1,'','2024-03-13 09:07:37','2024-03-13 09:08:18'),(3979,95,43,1,'','2024-03-13 09:07:37','2024-03-13 09:08:18'),(3980,96,43,1,'','2024-03-13 09:07:37',NULL),(3981,97,43,1,'','2024-03-13 09:07:37',NULL),(3982,98,43,1,'','2024-03-13 09:07:37',NULL),(3983,99,43,1,'','2024-03-13 09:07:37',NULL),(3984,100,43,1,'','2024-03-13 09:07:37',NULL),(3985,101,43,1,'','2024-03-13 09:07:37',NULL),(3986,102,43,1,'','2024-03-13 09:07:37',NULL),(3987,103,43,1,'','2024-03-13 09:07:37',NULL),(3988,104,43,1,'','2024-03-13 09:07:37',NULL),(3989,105,43,1,'','2024-03-13 09:07:37',NULL),(3990,106,43,1,'','2024-03-13 09:07:37',NULL),(3991,107,43,1,'','2024-03-13 09:07:37',NULL),(3992,108,43,1,'','2024-03-13 09:07:37',NULL),(3993,109,43,1,'','2024-03-13 09:07:37',NULL),(3994,110,43,1,'','2024-03-13 09:07:38',NULL),(3995,111,43,1,'','2024-03-13 09:07:38',NULL),(3996,112,43,1,'','2024-03-13 09:07:38',NULL),(3997,113,43,1,'','2024-03-13 09:07:38',NULL),(3998,114,43,1,'','2024-03-13 09:07:38',NULL),(3999,115,43,1,'','2024-03-13 09:07:38',NULL),(4000,116,43,1,'','2024-03-13 09:07:38',NULL),(4001,117,43,1,'','2024-03-13 09:07:38',NULL),(4002,118,43,1,'','2024-03-13 09:07:38',NULL),(4003,119,43,1,'','2024-03-13 09:07:38',NULL),(4004,120,43,1,'','2024-03-13 09:07:38',NULL),(4005,1,46,1,'','2024-03-13 10:56:36',NULL),(4007,3,46,3,'Kegiatan osis','2024-03-13 10:56:36',NULL),(4008,4,46,2,'Asma','2024-03-13 10:56:36','2024-03-13 11:05:01'),(4009,5,46,1,'','2024-03-13 10:56:36',NULL),(4011,8,46,1,'','2024-03-13 10:56:36',NULL),(4012,9,46,1,'','2024-03-13 10:56:36',NULL),(4013,10,46,1,'','2024-03-13 10:56:36',NULL),(4014,11,46,1,'','2024-03-13 10:56:36',NULL),(4015,12,46,1,'','2024-03-13 10:56:36',NULL),(4016,13,46,1,'','2024-03-13 10:56:36',NULL),(4017,14,46,1,'','2024-03-13 10:56:36',NULL),(4018,15,46,1,'','2024-03-13 10:56:36',NULL),(4020,17,46,1,'','2024-03-13 10:56:36',NULL),(4021,18,46,1,'','2024-03-13 10:56:36',NULL),(4022,19,46,1,'','2024-03-13 10:56:36',NULL),(4023,20,46,1,'','2024-03-13 10:56:36',NULL),(4024,21,46,1,'','2024-03-13 10:56:36',NULL),(4025,22,46,1,'','2024-03-13 10:56:36',NULL),(4026,23,46,1,'','2024-03-13 10:56:36',NULL),(4027,24,46,1,'','2024-03-13 10:56:36',NULL),(4028,25,46,1,'','2024-03-13 10:56:36',NULL),(4029,26,46,1,'','2024-03-13 10:56:36',NULL),(4030,27,46,1,'','2024-03-13 10:56:36',NULL),(4031,28,46,1,'','2024-03-13 10:56:36',NULL),(4032,29,46,1,'','2024-03-13 10:56:36',NULL),(4033,30,46,1,'','2024-03-13 10:56:36',NULL),(4034,121,46,1,'','2024-03-13 10:56:36',NULL),(4035,1,20,1,'','2024-03-13 10:57:08',NULL),(4037,3,20,1,'','2024-03-13 10:57:08',NULL),(4038,4,20,3,'Kegiatan pramuka','2024-03-13 10:57:08',NULL),(4039,5,20,1,'','2024-03-13 10:57:08',NULL),(4041,8,20,1,'','2024-03-13 10:57:08',NULL),(4042,9,20,1,'','2024-03-13 10:57:08',NULL),(4043,10,20,1,'','2024-03-13 10:57:08',NULL),(4044,11,20,1,'','2024-03-13 10:57:08',NULL),(4045,12,20,1,'','2024-03-13 10:57:08',NULL),(4046,13,20,1,'','2024-03-13 10:57:08',NULL),(4047,14,20,1,'','2024-03-13 10:57:08',NULL),(4048,15,20,1,'','2024-03-13 10:57:08',NULL),(4050,17,20,1,'','2024-03-13 10:57:08',NULL),(4051,18,20,1,'','2024-03-13 10:57:08',NULL),(4052,19,20,1,'','2024-03-13 10:57:08',NULL),(4053,20,20,1,'','2024-03-13 10:57:08',NULL),(4054,21,20,1,'','2024-03-13 10:57:08',NULL),(4055,22,20,1,'','2024-03-13 10:57:08',NULL),(4056,23,20,1,'','2024-03-13 10:57:08',NULL),(4057,24,20,1,'','2024-03-13 10:57:09',NULL),(4058,25,20,1,'','2024-03-13 10:57:09',NULL),(4059,26,20,1,'','2024-03-13 10:57:09',NULL),(4060,27,20,1,'','2024-03-13 10:57:09',NULL),(4061,28,20,1,'','2024-03-13 10:57:09',NULL),(4062,29,20,1,'','2024-03-13 10:57:09',NULL),(4063,30,20,1,'','2024-03-13 10:57:09',NULL),(4064,121,20,1,'','2024-03-13 10:57:09',NULL),(4065,1,25,4,'','2024-03-13 12:54:56',NULL),(4067,3,25,1,'','2024-03-13 12:54:56',NULL),(4068,4,25,1,'','2024-03-13 12:54:56',NULL),(4069,5,25,1,'','2024-03-13 12:54:56',NULL),(4071,8,25,1,'','2024-03-13 12:54:56',NULL),(4072,9,25,1,'','2024-03-13 12:54:56',NULL),(4073,10,25,1,'','2024-03-13 12:54:56',NULL),(4074,11,25,1,'','2024-03-13 12:54:56',NULL),(4075,12,25,1,'','2024-03-13 12:54:56',NULL),(4076,13,25,1,'','2024-03-13 12:54:56',NULL),(4077,14,25,1,'','2024-03-13 12:54:56',NULL),(4078,15,25,1,'','2024-03-13 12:54:56',NULL),(4080,17,25,1,'','2024-03-13 12:54:56',NULL),(4081,18,25,1,'','2024-03-13 12:54:56',NULL),(4082,19,25,1,'','2024-03-13 12:54:56',NULL),(4083,20,25,1,'','2024-03-13 12:54:56',NULL),(4084,21,25,1,'','2024-03-13 12:54:56',NULL),(4085,22,25,1,'','2024-03-13 12:54:56',NULL),(4086,23,25,1,'','2024-03-13 12:54:56',NULL),(4087,24,25,1,'','2024-03-13 12:54:56',NULL),(4088,25,25,1,'','2024-03-13 12:54:56',NULL),(4089,26,25,1,'','2024-03-13 12:54:56',NULL),(4090,27,25,1,'','2024-03-13 12:54:56',NULL),(4091,28,25,1,'','2024-03-13 12:54:56',NULL),(4092,29,25,1,'','2024-03-13 12:54:56',NULL),(4093,30,25,1,'','2024-03-13 12:54:56',NULL),(4094,121,25,1,'','2024-03-13 12:54:56',NULL),(4095,1,47,1,'','2024-03-13 13:37:25',NULL),(4097,3,47,1,'','2024-03-13 13:37:25',NULL),(4098,4,47,1,'','2024-03-13 13:37:25',NULL),(4099,5,47,1,'','2024-03-13 13:37:25',NULL),(4101,8,47,1,'','2024-03-13 13:37:25',NULL),(4102,9,47,1,'','2024-03-13 13:37:25',NULL),(4103,10,47,1,'','2024-03-13 13:37:25',NULL),(4104,11,47,1,'','2024-03-13 13:37:25',NULL),(4105,12,47,1,'','2024-03-13 13:37:25',NULL),(4106,13,47,1,'','2024-03-13 13:37:26',NULL),(4107,14,47,1,'','2024-03-13 13:37:26',NULL),(4108,15,47,1,'','2024-03-13 13:37:26',NULL),(4110,17,47,1,'','2024-03-13 13:37:26',NULL),(4111,18,47,1,'','2024-03-13 13:37:26',NULL),(4112,19,47,1,'','2024-03-13 13:37:26',NULL),(4113,20,47,1,'','2024-03-13 13:37:26',NULL),(4114,21,47,1,'','2024-03-13 13:37:26',NULL),(4115,22,47,1,'','2024-03-13 13:37:26',NULL),(4116,23,47,1,'','2024-03-13 13:37:26',NULL),(4117,24,47,1,'','2024-03-13 13:37:26',NULL),(4118,25,47,1,'','2024-03-13 13:37:26',NULL),(4119,26,47,1,'','2024-03-13 13:37:26',NULL),(4120,27,47,1,'','2024-03-13 13:37:26',NULL),(4121,28,47,1,'','2024-03-13 13:37:26',NULL),(4122,29,47,1,'','2024-03-13 13:37:26',NULL),(4123,30,47,1,'','2024-03-13 13:37:26',NULL),(4124,121,47,1,'','2024-03-13 13:37:26',NULL),(4125,1,44,1,'','2024-03-13 14:32:58',NULL),(4127,3,44,4,'','2024-03-13 14:32:58','2024-03-13 16:46:25'),(4128,4,44,1,'','2024-03-13 14:32:58',NULL),(4129,5,44,1,'','2024-03-13 14:32:58',NULL),(4131,8,44,1,'','2024-03-13 14:32:58',NULL),(4132,9,44,1,'','2024-03-13 14:32:58',NULL),(4133,10,44,1,'','2024-03-13 14:32:58',NULL),(4134,11,44,1,'','2024-03-13 14:32:58',NULL),(4135,12,44,1,'','2024-03-13 14:32:58',NULL),(4136,13,44,1,'','2024-03-13 14:32:58',NULL),(4137,14,44,1,'','2024-03-13 14:32:58',NULL),(4138,15,44,1,'','2024-03-13 14:32:58',NULL),(4140,17,44,1,'','2024-03-13 14:32:58',NULL),(4141,18,44,1,'','2024-03-13 14:32:58',NULL),(4142,19,44,1,'','2024-03-13 14:32:58',NULL),(4143,20,44,1,'','2024-03-13 14:32:58',NULL),(4144,21,44,1,'','2024-03-13 14:32:58',NULL),(4145,22,44,1,'','2024-03-13 14:32:59',NULL),(4146,23,44,1,'','2024-03-13 14:32:59',NULL),(4147,24,44,1,'','2024-03-13 14:32:59',NULL),(4148,25,44,1,'','2024-03-13 14:32:59',NULL),(4149,26,44,1,'','2024-03-13 14:32:59',NULL),(4150,27,44,1,'','2024-03-13 14:32:59',NULL),(4151,28,44,1,'','2024-03-13 14:32:59',NULL),(4152,29,44,1,'','2024-03-13 14:32:59',NULL),(4153,30,44,1,'','2024-03-13 14:32:59',NULL),(4154,121,44,4,'','2024-03-13 14:32:59',NULL),(4155,1,21,1,'','2024-03-14 09:15:17',NULL),(4156,3,21,1,'','2024-03-14 09:15:17',NULL),(4157,4,21,1,'','2024-03-14 09:15:17',NULL),(4158,5,21,1,'','2024-03-14 09:15:17',NULL),(4159,8,21,1,'','2024-03-14 09:15:17',NULL),(4160,9,21,1,'','2024-03-14 09:15:17',NULL),(4161,10,21,1,'','2024-03-14 09:15:17',NULL),(4162,11,21,1,'','2024-03-14 09:15:17',NULL),(4163,12,21,1,'','2024-03-14 09:15:17',NULL),(4164,13,21,1,'','2024-03-14 09:15:17',NULL),(4165,14,21,1,'','2024-03-14 09:15:17',NULL),(4166,15,21,1,'','2024-03-14 09:15:17',NULL),(4167,17,21,1,'','2024-03-14 09:15:17',NULL),(4168,18,21,1,'','2024-03-14 09:15:17',NULL),(4169,19,21,1,'','2024-03-14 09:15:17',NULL),(4170,20,21,1,'','2024-03-14 09:15:17',NULL),(4171,21,21,1,'','2024-03-14 09:15:17',NULL),(4172,22,21,1,'','2024-03-14 09:15:17',NULL),(4173,23,21,1,'','2024-03-14 09:15:17',NULL),(4174,24,21,1,'','2024-03-14 09:15:17',NULL),(4175,25,21,1,'','2024-03-14 09:15:17',NULL),(4176,26,21,1,'','2024-03-14 09:15:17',NULL),(4177,27,21,1,'','2024-03-14 09:15:17',NULL),(4178,28,21,1,'','2024-03-14 09:15:17',NULL),(4179,29,21,1,'','2024-03-14 09:15:17',NULL),(4180,30,21,1,'','2024-03-14 09:15:17',NULL),(4181,121,21,1,'','2024-03-14 09:15:17',NULL),(4182,1,33,1,'','2024-03-14 12:15:54',NULL),(4183,3,33,2,'Asma','2024-03-14 12:15:54','2024-03-14 12:29:25'),(4184,4,33,2,'Asma','2024-03-14 12:15:54',NULL),(4185,5,33,2,'Jantung','2024-03-14 12:15:54',NULL),(4186,8,33,4,'','2024-03-14 12:15:54','2024-03-14 12:34:24'),(4187,9,33,1,'','2024-03-14 12:15:54',NULL),(4188,10,33,1,'','2024-03-14 12:15:54',NULL),(4189,11,33,1,'','2024-03-14 12:15:54',NULL),(4190,12,33,1,'','2024-03-14 12:15:54',NULL),(4191,13,33,1,'','2024-03-14 12:15:54',NULL),(4192,14,33,1,'','2024-03-14 12:15:54',NULL),(4193,15,33,1,'','2024-03-14 12:15:54',NULL),(4194,17,33,1,'','2024-03-14 12:15:54',NULL),(4195,18,33,1,'','2024-03-14 12:15:54',NULL),(4196,19,33,1,'','2024-03-14 12:15:54',NULL),(4197,20,33,1,'','2024-03-14 12:15:54',NULL),(4198,21,33,1,'','2024-03-14 12:15:54',NULL),(4199,22,33,1,'','2024-03-14 12:15:54',NULL),(4200,23,33,1,'','2024-03-14 12:15:54',NULL),(4201,24,33,1,'','2024-03-14 12:15:54',NULL),(4202,25,33,1,'','2024-03-14 12:15:54',NULL),(4203,26,33,1,'','2024-03-14 12:15:54',NULL),(4204,27,33,1,'','2024-03-14 12:15:54',NULL),(4205,28,33,1,'','2024-03-14 12:15:54',NULL),(4206,29,33,1,'','2024-03-14 12:15:54',NULL),(4207,30,33,1,'','2024-03-14 12:15:54',NULL),(4208,121,33,1,'','2024-03-14 12:15:54',NULL),(4209,1,32,2,'sa','2024-03-14 14:48:37','2024-03-14 14:48:50'),(4210,3,32,3,'y','2024-03-14 14:48:37','2024-03-14 14:51:59'),(4211,4,32,1,'','2024-03-14 14:48:37','2024-03-14 15:03:10'),(4212,5,32,4,'','2024-03-14 14:48:37','2024-03-14 15:03:20'),(4213,8,32,1,'','2024-03-14 14:48:37',NULL),(4214,9,32,4,'','2024-03-14 14:48:37','2024-03-14 15:26:32'),(4215,10,32,4,'','2024-03-14 14:48:37','2024-03-14 15:03:32'),(4216,11,32,1,'','2024-03-14 14:48:37',NULL),(4217,12,32,1,'','2024-03-14 14:48:37',NULL),(4218,13,32,1,'','2024-03-14 14:48:37',NULL),(4219,14,32,1,'','2024-03-14 14:48:37',NULL),(4220,15,32,1,'','2024-03-14 14:48:37',NULL),(4221,17,32,1,'','2024-03-14 14:48:37',NULL),(4222,18,32,1,'','2024-03-14 14:48:37',NULL),(4223,19,32,1,'','2024-03-14 14:48:37',NULL),(4224,20,32,1,'','2024-03-14 14:48:37',NULL),(4225,21,32,1,'','2024-03-14 14:48:37',NULL),(4226,22,32,1,'','2024-03-14 14:48:37',NULL),(4227,23,32,1,'','2024-03-14 14:48:37',NULL),(4228,24,32,1,'','2024-03-14 14:48:37',NULL),(4229,25,32,1,'','2024-03-14 14:48:37',NULL),(4230,26,32,2,'a','2024-03-14 14:48:37','2024-03-14 15:30:45'),(4231,27,32,4,'','2024-03-14 14:48:37','2024-03-14 15:30:12'),(4232,28,32,2,'s','2024-03-14 14:48:37','2024-03-14 15:28:18'),(4233,29,32,4,'','2024-03-14 14:48:37','2024-03-14 15:27:47'),(4234,30,32,4,'','2024-03-14 14:48:37','2024-03-14 15:26:50'),(4235,121,32,3,'keluarga','2024-03-14 14:48:37','2024-03-14 15:27:11');
DROP TABLE IF EXISTS `school_attendance_report`;
CREATE TABLE `school_attendance_report` (
  `id` int(11) unsigned NOT NULL AUTO_INCREMENT,
  `teacher_id` int(11) unsigned DEFAULT NULL,
  `course_id` int(11) unsigned DEFAULT NULL,
  `class_id` int(11) unsigned DEFAULT NULL,
  `schedule_id` int(11) unsigned DEFAULT NULL,
  `status` tinyint(1) unsigned DEFAULT NULL COMMENT '1=completed, 2=finished, 3=late',
  `total_present` int(11) unsigned DEFAULT NULL COMMENT 'total kehadiran',
  `total_s` int(11) unsigned DEFAULT NULL COMMENT 'total sakit',
  `total_i` int(11) unsigned DEFAULT NULL COMMENT 'total ijin',
  `total_a` int(11) unsigned DEFAULT NULL COMMENT 'total tidak hadir',
  `date_day` tinyint(1) DEFAULT NULL,
  `date_week` tinyint(1) DEFAULT NULL,
  `date_month` tinyint(1) DEFAULT NULL,
  `date_year` tinyint(1) DEFAULT NULL,
  `created` datetime DEFAULT CURRENT_TIMESTAMP,
  `updated` datetime DEFAULT NULL ON UPDATE CURRENT_TIMESTAMP,
  PRIMARY KEY (`id`),
  KEY `course_id` (`course_id`) USING BTREE,
  KEY `schedule_id` (`schedule_id`) USING BTREE,
  CONSTRAINT `report_schedule` FOREIGN KEY (`schedule_id`) REFERENCES `school_schedule` (`id`) ON DELETE CASCADE ON UPDATE CASCADE
) ENGINE=InnoDB AUTO_INCREMENT=128 DEFAULT CHARSET=utf8 COMMENT='hasil laporan kehadiran';

INSERT INTO `school_attendance_report` VALUES (1,NULL,1,1,1,NULL,28,0,0,2,2,5,2,127,'2024-02-02 10:41:35','2024-02-02 11:03:14'),(2,NULL,0,1,15,NULL,28,0,0,2,2,1,2,127,'2024-02-02 11:18:04',NULL),(3,NULL,1,1,1,NULL,28,2,0,0,5,1,2,127,'2024-02-05 10:02:43','2024-02-05 11:11:57'),(4,NULL,4,3,6,NULL,26,4,0,0,5,1,2,127,'2024-02-05 11:11:22','2024-02-05 12:18:26'),(5,NULL,5,4,11,NULL,28,0,0,2,5,1,2,127,'2024-02-05 12:22:11',NULL),(6,NULL,1,1,17,NULL,28,2,0,0,5,1,2,24,'2024-02-05 15:55:33','2024-02-05 15:56:56'),(7,NULL,1,1,31,NULL,29,1,0,0,6,1,2,24,'2024-02-06 10:50:38','2024-02-06 10:51:25'),(8,NULL,1,1,19,0,29,0,0,1,6,1,2,24,'2024-02-06 12:13:07',NULL),(9,NULL,4,3,6,3,26,4,0,0,6,2,2,24,'2024-02-06 13:55:41',NULL),(10,NULL,1,1,20,3,29,0,1,0,7,2,2,24,'2024-02-07 11:23:07',NULL),(11,NULL,1,1,25,3,29,1,0,0,7,2,2,24,'2024-02-07 15:44:00',NULL),(12,NULL,1,1,21,3,27,0,1,1,15,3,2,24,'2024-02-15 11:38:39',NULL),(13,NULL,1,1,32,3,29,0,0,0,15,3,2,24,'2024-02-15 12:15:11',NULL),(14,NULL,1,1,24,3,29,0,0,0,15,3,2,24,'2024-02-15 15:25:03',NULL),(15,NULL,1,1,15,3,29,0,0,0,16,3,2,24,'2024-02-16 11:24:29',NULL),(16,NULL,1,1,37,3,28,1,0,0,16,3,2,24,'2024-02-16 11:50:44','2024-02-16 14:48:12'),(17,NULL,1,1,14,3,29,0,0,0,16,3,2,24,'2024-02-16 11:50:46',NULL),(21,NULL,1,1,35,3,29,0,0,0,16,3,2,24,'2024-02-16 14:23:27',NULL),(22,NULL,1,1,28,3,29,0,0,0,17,3,2,24,'2024-02-17 13:32:24',NULL),(23,NULL,1,1,22,3,29,0,0,0,17,3,2,24,'2024-02-17 13:36:45',NULL),(24,NULL,1,1,1,3,29,0,0,0,19,4,2,24,'2024-02-19 10:34:38',NULL),(25,NULL,1,1,18,3,26,1,0,2,19,4,2,24,'2024-02-19 10:36:42','2024-02-19 13:27:03'),(26,NULL,4,3,6,3,29,1,0,0,19,4,2,24,'2024-02-19 12:00:28',NULL),(27,NULL,5,4,11,3,30,0,0,0,19,4,2,24,'2024-02-19 17:31:16',NULL),(28,NULL,1,1,17,3,29,0,0,0,19,4,2,24,'2024-02-19 17:48:18',NULL),(29,NULL,1,3,7,3,30,0,0,0,19,4,2,24,'2024-02-19 17:48:22',NULL),(30,NULL,1,1,16,3,29,0,0,0,19,4,2,24,'2024-02-19 17:48:31',NULL),(31,NULL,1,1,19,3,28,1,0,0,20,4,2,24,'2024-02-20 11:33:52',NULL),(32,NULL,1,1,26,3,29,0,0,0,20,4,2,24,'2024-02-20 12:39:23',NULL),(33,NULL,1,1,31,3,29,0,0,0,20,4,2,24,'2024-02-20 12:39:25',NULL),(34,NULL,1,1,29,3,28,1,0,0,20,4,2,24,'2024-02-20 12:39:31',NULL),(35,NULL,1,1,20,3,28,0,0,1,21,4,2,24,'2024-02-21 11:21:40','2024-02-21 17:02:53'),(36,NULL,1,1,25,3,27,0,0,2,21,4,2,24,'2024-02-21 11:22:55','2024-02-21 14:48:47'),(37,NULL,1,1,21,3,28,0,0,1,22,4,2,24,'2024-02-22 11:09:56',NULL),(38,NULL,1,1,24,3,28,1,0,0,22,4,2,24,'2024-02-22 11:51:37',NULL),(39,NULL,1,1,32,3,28,1,0,0,22,4,2,24,'2024-02-22 12:45:03',NULL),(40,NULL,1,1,37,3,29,0,0,0,23,4,2,24,'2024-02-23 10:19:50','2024-02-23 18:29:32'),(41,NULL,1,1,14,3,28,0,0,1,23,4,2,24,'2024-02-23 13:01:56',NULL),(42,NULL,1,1,35,3,27,0,0,2,23,4,2,24,'2024-02-23 13:02:52','2024-02-23 13:08:34'),(43,NULL,1,1,15,3,28,0,1,0,23,4,2,24,'2024-02-23 15:28:43','2024-02-23 20:56:30'),(44,NULL,1,1,18,3,27,1,0,1,26,5,2,24,'2024-02-26 10:38:00','2024-02-26 15:01:21'),(45,NULL,4,3,6,3,30,0,0,0,26,5,2,24,'2024-02-26 10:42:31','2024-02-26 11:42:07'),(46,NULL,1,1,16,3,29,0,0,0,26,5,2,24,'2024-02-26 11:41:47',NULL),(47,NULL,5,4,6,3,30,0,0,0,26,5,2,24,'2024-02-26 11:51:11','2024-02-26 11:56:12'),(48,NULL,1,3,7,3,29,1,0,0,26,5,2,24,'2024-02-26 15:43:43','2024-02-26 16:31:25'),(51,NULL,1,1,41,3,29,0,0,0,27,5,2,24,'2024-02-27 11:25:57',NULL),(52,NULL,1,1,19,3,26,1,0,2,27,5,2,24,'2024-02-27 12:33:10','2024-02-27 12:35:19'),(53,NULL,1,1,26,3,26,1,0,2,27,5,2,24,'2024-02-27 12:33:11','2024-02-27 12:35:20'),(54,NULL,1,1,29,3,26,1,0,2,27,5,2,24,'2024-02-27 12:33:11','2024-02-27 12:35:20'),(55,NULL,5,4,43,3,29,0,0,1,28,5,2,24,'2024-02-28 12:47:14','2024-02-28 13:02:57'),(56,NULL,1,1,20,3,29,0,0,0,28,5,2,24,'2024-02-28 13:07:36',NULL),(57,NULL,1,1,25,3,29,0,0,0,28,5,2,24,'2024-02-28 17:34:39',NULL),(58,NULL,1,1,44,3,29,0,0,0,28,5,2,24,'2024-02-28 17:34:39',NULL),(59,NULL,1,1,21,3,24,0,0,5,29,5,2,24,'2024-02-29 10:36:42','2024-02-29 13:46:06'),(60,NULL,1,1,24,3,24,0,0,5,29,5,2,24,'2024-02-29 10:36:42','2024-02-29 13:46:06'),(61,NULL,1,1,32,3,24,0,0,5,29,5,2,24,'2024-02-29 10:36:42','2024-02-29 13:46:06'),(86,NULL,1,1,2,3,26,2,0,1,1,1,3,24,'2024-03-01 13:34:34',NULL),(87,NULL,1,1,32,3,25,2,1,1,1,1,3,24,'2024-03-01 13:35:11','2024-03-01 13:37:08'),(88,NULL,1,1,37,3,25,0,0,4,1,1,3,24,'2024-03-01 13:44:14','2024-03-01 14:31:18'),(89,NULL,1,1,14,3,22,0,0,7,1,1,3,24,'2024-03-01 13:53:39','2024-03-01 14:46:25'),(90,NULL,1,1,15,3,26,0,0,3,1,1,3,24,'2024-03-01 14:27:22',NULL),(91,NULL,1,1,35,3,0,0,0,29,1,1,3,24,'2024-03-01 14:28:34','2024-03-01 14:46:54'),(92,NULL,1,1,38,3,28,0,0,1,3,1,3,24,'2024-03-03 10:38:28',NULL),(93,NULL,1,1,39,3,29,0,0,0,3,1,3,24,'2024-03-03 11:27:19',NULL),(94,NULL,1,1,16,3,29,0,0,0,4,2,3,24,'2024-03-04 12:40:19','2024-03-04 13:29:40'),(95,NULL,1,1,18,3,29,0,0,0,4,2,3,24,'2024-03-04 13:30:37',NULL),(96,NULL,1,1,17,3,28,0,1,0,4,2,3,24,'2024-03-04 13:40:05',NULL),(97,NULL,5,4,6,3,30,0,0,0,4,2,3,24,'2024-03-04 13:50:38',NULL),(98,NULL,5,4,11,3,30,0,0,0,4,2,3,24,'2024-03-04 13:50:44',NULL),(99,NULL,1,1,1,3,29,0,0,0,4,2,3,24,'2024-03-04 14:19:01',NULL),(100,NULL,5,4,31,3,26,2,2,0,5,2,3,24,'2024-03-05 10:18:43','2024-03-05 10:19:27'),(101,NULL,1,1,29,3,29,0,0,0,5,2,3,24,'2024-03-05 10:41:01',NULL),(102,NULL,1,1,19,3,29,0,0,0,5,2,3,24,'2024-03-05 10:41:08',NULL),(103,NULL,1,1,26,3,29,0,0,0,5,2,3,24,'2024-03-05 10:41:17',NULL),(104,NULL,5,4,43,3,29,1,0,0,6,2,3,24,'2024-03-06 10:11:32','2024-03-06 11:19:38'),(105,NULL,1,1,25,3,28,1,0,1,6,2,3,24,'2024-03-06 12:01:27','2024-03-06 12:14:16'),(106,NULL,1,1,20,3,28,1,0,1,6,2,3,24,'2024-03-06 12:16:24','2024-03-06 12:21:32'),(107,NULL,1,1,24,3,29,0,0,1,7,2,3,24,'2024-03-07 11:45:10','2024-03-07 15:13:35'),(108,NULL,1,1,32,3,30,0,0,0,7,2,3,24,'2024-03-07 13:09:20',NULL),(109,NULL,1,1,21,3,29,0,0,1,7,2,3,24,'2024-03-07 13:09:27','2024-03-07 15:12:56'),(110,NULL,1,1,14,3,30,0,0,0,8,2,3,24,'2024-03-08 10:41:07',NULL),(111,NULL,1,1,37,3,30,0,0,0,8,2,3,24,'2024-03-08 10:41:10',NULL),(112,NULL,1,1,15,3,30,0,0,0,8,2,3,24,'2024-03-08 10:41:11',NULL),(113,NULL,1,1,19,3,30,0,0,0,12,3,3,24,'2024-03-12 11:06:10','2024-03-12 14:43:46'),(114,NULL,1,1,26,3,27,2,1,0,12,3,3,24,'2024-03-12 11:10:30','2024-03-12 14:41:44'),(115,NULL,1,1,41,3,29,0,0,1,12,3,3,24,'2024-03-12 11:57:56','2024-03-12 14:41:55'),(116,NULL,1,3,42,3,20,0,0,10,12,3,3,24,'2024-03-12 12:29:20','2024-03-12 14:41:30'),(117,NULL,1,1,29,3,28,1,1,0,12,3,3,24,'2024-03-12 12:46:08','2024-03-12 14:41:50'),(118,NULL,5,4,31,3,29,1,0,0,12,3,3,24,'2024-03-12 12:58:14',NULL),(119,NULL,5,4,43,3,29,0,0,1,13,3,3,24,'2024-03-13 09:07:38','2024-03-13 09:33:36'),(120,NULL,1,1,46,3,28,1,1,0,13,3,3,24,'2024-03-13 10:56:36','2024-03-13 11:05:01'),(121,NULL,1,1,20,3,29,0,1,0,13,3,3,24,'2024-03-13 10:57:09',NULL),(122,NULL,1,1,25,3,28,0,1,1,13,3,3,24,'2024-03-13 12:54:56','2024-03-13 12:55:03'),(123,NULL,1,1,47,3,30,0,0,0,13,3,3,24,'2024-03-13 13:37:26',NULL),(124,NULL,1,1,44,3,25,0,0,2,13,3,3,24,'2024-03-13 14:32:59','2024-03-13 16:46:25'),(125,NULL,1,1,21,3,27,0,0,0,14,3,3,24,'2024-03-14 09:15:17',NULL),(126,NULL,1,1,33,3,23,3,0,1,14,3,3,24,'2024-03-14 12:15:54','2024-03-14 12:34:24'),(127,NULL,1,1,32,3,16,3,2,6,14,3,3,24,'2024-03-14 14:48:37','2024-03-14 15:30:45');
DROP TABLE IF EXISTS `school_class`;
CREATE TABLE `school_class` (
  `id` int(11) unsigned NOT NULL AUTO_INCREMENT,
  `teacher_id` int(11) unsigned DEFAULT NULL,
  `grade` tinyint(2) DEFAULT NULL COMMENT 'tingkatan kelas (1,2,3)',
  `label` varchar(10) DEFAULT NULL COMMENT 'setelah grade (a,b,c)',
  `major` varchar(50) DEFAULT NULL COMMENT 'kejurusan kelas',
  PRIMARY KEY (`id`),
  UNIQUE KEY `teacher_id` (`teacher_id`),
  CONSTRAINT `class_teacher` FOREIGN KEY (`teacher_id`) REFERENCES `school_teacher` (`id`) ON DELETE CASCADE ON UPDATE CASCADE
) ENGINE=InnoDB AUTO_INCREMENT=16 DEFAULT CHARSET=utf8 COMMENT='data banyak kelas';

INSERT INTO `school_class` VALUES (1,1,10,'2','RPL'),(2,2,10,'1','RPL'),(3,3,11,'2','RPL'),(4,5,11,'1','RPL'),(5,4,12,'2','RPL'),(6,6,10,'A','DKV'),(7,7,11,'B','ANIMASI'),(8,8,12,'C','TKJ'),(9,9,10,'D','PRODUKSI'),(10,10,11,'E','Fisika'),(11,11,12,'F','Biologi'),(12,12,10,'G','ANIMASI'),(13,13,11,'H','DKV'),(14,14,12,'I','ANIMASI'),(15,15,10,'J','DKV\r\n');
DROP TABLE IF EXISTS `school_clock`;
CREATE TABLE `school_clock` (
  `id` int(11) unsigned NOT NULL AUTO_INCREMENT,
  `clock_lesson` int(11) DEFAULT NULL,
  `clock_start` char(5) DEFAULT NULL,
  `clock_end` char(5) DEFAULT NULL,
  PRIMARY KEY (`id`)
) ENGINE=InnoDB AUTO_INCREMENT=2 DEFAULT CHARSET=latin1;

INSERT INTO `school_clock` VALUES (1,1,'07:00','08:00');
DROP TABLE IF EXISTS `school_course`;
CREATE TABLE `school_course` (
  `id` int(11) unsigned NOT NULL AUTO_INCREMENT,
  `name` varchar(225) DEFAULT NULL,
  PRIMARY KEY (`id`)
) ENGINE=InnoDB AUTO_INCREMENT=17 DEFAULT CHARSET=utf8 COMMENT='data mata pelajaran sekolah';

INSERT INTO `school_course` VALUES (1,'Bahasa Arab'),(2,'Bahasa Inggris'),(3,'Matematika'),(4,'Ilmu Pengetahuan Alam'),(5,'Ilmu Pengetahuan Sosial'),(6,'Bahasa Jawa'),(7,'Bahasa Jepang'),(8,'Seni Budaya'),(9,'Sejarah'),(10,'Olahraga'),(11,'Seni Musik'),(12,'Pendidikan Agama'),(13,'Sistem Informatika'),(14,'Teknologi Informasi'),(15,'Pendidikan Pancasila dan Kewarganegaraan'),(16,'Halo');
DROP TABLE IF EXISTS `school_parent`;
CREATE TABLE `school_parent` (
  `id` int(11) unsigned NOT NULL AUTO_INCREMENT,
  `user_id` int(11) DEFAULT NULL,
  `name` varchar(255) DEFAULT NULL,
  `birthday` date DEFAULT NULL,
  `phone` char(14) NOT NULL,
  `nik` char(16) DEFAULT NULL,
  `nokk` char(16) DEFAULT NULL,
  `address` text NOT NULL,
  `created` datetime DEFAULT CURRENT_TIMESTAMP,
  `updated` datetime DEFAULT NULL ON UPDATE CURRENT_TIMESTAMP,
  `active` tinyint(1) DEFAULT '1',
  `image` varchar(255) DEFAULT NULL,
  PRIMARY KEY (`id`),
  UNIQUE KEY `phone` (`phone`),
  UNIQUE KEY `nik` (`nik`)
) ENGINE=InnoDB AUTO_INCREMENT=428 DEFAULT CHARSET=utf8 COMMENT='data orang tua siswa';

INSERT INTO `school_parent` VALUES (1,23,'Ryan Gosling','1983-08-23','6281235497864','3497213214','2977474626328383','242 Cedar Street, CityD','2024-02-01 13:39:34','2024-03-08 16:41:19',1,'972835226.jpg'),(2,24,'Ratna Fitri','1987-05-10','6289481542511','3974569999','2977474626328383','242 Cedar Street, CityD','2024-02-01 13:39:34',NULL,1,NULL),(3,26,'Iwan Saputra','1982-04-04','6288016554576','3624745124','7769998296385073','456 Oak Avenue','2024-02-01 13:39:34',NULL,1,NULL),(4,27,'Maria Kusuma','1982-01-07','6282005515151','1991-02-04','7769998296385073','456 Oak Avenue','2024-02-01 13:39:34',NULL,1,NULL),(5,29,'Oabaizbsoana','1982-02-21','6284081333324','3782842854','8815676638896236','890 Elm Road','2024-02-01 13:39:34','2024-03-06 14:13:37',1,NULL),(6,30,'Ratna Fitri','1984-12-04','6288461535078','3545743197','8815676638896236','890 Elm Road','2024-02-01 13:39:34',NULL,1,NULL),(7,32,'Budi Prabowo','1980-03-27','6287641624541','3766232904','8926774470499122','123 Main St','2024-02-01 13:39:34',NULL,1,NULL),(8,33,'Linda Sari','1981-08-20','6285199780575','3915077662','8926774470499122','123 Main St','2024-02-01 13:39:34',NULL,1,NULL),(9,35,'Iwan Saputra','1982-06-29','6285982102089','3381513331','2431882159688996','123 Main St','2024-02-01 13:39:34',NULL,1,NULL),(10,36,'Ayu Fitri','1977-06-24','6284730927203','3101641519','2431882159688996','123 Main St','2024-02-01 13:39:34',NULL,1,NULL),(11,38,'Hendro Saputra','1988-11-26','6288346883355','3733800559','6770172851487730','456 Oak Avenue','2024-02-01 13:39:34',NULL,1,NULL),(12,39,'Ratna Wati','1988-05-15','6288493675172','3470915813','6770172851487730','456 Oak Avenue','2024-02-01 13:39:34',NULL,1,NULL),(13,41,'Agus Santoso','1985-01-14','6288215142801','3129162122','1145724722429583','123 Main St','2024-02-01 13:39:34',NULL,1,NULL),(14,42,'Siti Kusuma','1975-01-29','6282508607545','3695161872','1145724722429583','123 Main St','2024-02-01 13:39:34',NULL,1,NULL),(15,44,'Iwan Nugroho','1989-10-28','6287415878133','3200388252','8152911332880496','789 Pine Street','2024-02-01 13:39:34',NULL,1,NULL),(16,45,'Maria Fitri','1979-04-04','6287039705576','3535988224','8152911332880496','789 Pine Street','2024-02-01 13:39:34',NULL,1,NULL),(17,47,'Agus Santoso','1972-07-31','6284076794662','3663198028','5024154539255437','123 Main St','2024-02-01 13:39:34',NULL,1,NULL),(18,48,'Maria Wati','1980-12-25','6289248744870','3303216194','5024154539255437','123 Main St','2024-02-01 13:39:34',NULL,1,NULL),(19,50,'Agus Prabowo','1975-07-23','6282154186394','3466906593','2660922916383171','123 Main St','2024-02-01 13:39:34',NULL,1,NULL),(20,51,'Siti Sari','1990-12-27','6286177469476','3669162663','2660922916383171','123 Main St','2024-02-01 13:39:34',NULL,1,NULL),(21,53,'Hendro Santoso','1984-01-24','6282654796058','3449806357','3216065521761213','890 Elm Road','2024-02-01 13:39:34',NULL,1,NULL),(22,54,'Ratna Kusuma','1978-02-20','6282320484132','3773106544','3216065521761213','890 Elm Road','2024-02-01 13:39:34',NULL,1,NULL),(23,56,'Hendro Nugroho','1991-05-09','6287842482929','3179493178','3419651079540860','123 Main St','2024-02-01 13:39:34',NULL,1,NULL),(24,57,'Ayu Sari','1993-11-11','6289046658851','3999631834','3419651079540860','123 Main St','2024-02-01 13:39:34',NULL,1,NULL),(25,59,'Hendro Prabowo','1982-08-01','6288825693094','3948811952','5742419443116018','123 Main St','2024-02-01 13:39:34',NULL,1,NULL),(26,60,'Siti Kusuma','1978-01-05','6282336129101','3945803476','5742419443116018','123 Main St','2024-02-01 13:39:34',NULL,1,NULL),(27,62,'Joko Santoso','1993-08-11','6288837884110','3380655664','9071135701754316','456 Oak Avenue','2024-02-01 13:39:34',NULL,1,NULL),(28,63,'Ayu Fitri','1976-07-15','6289876508549','3493921785','9071135701754316','456 Oak Avenue','2024-02-01 13:39:34',NULL,1,NULL),(29,65,'Budi Nugroho','1990-09-02','6286502865064','3286125729','2279843008404134','567 Maple Lane','2024-02-01 13:39:34',NULL,1,NULL),(30,66,'Siti Sari','1988-03-10','6283654996918','3956756248','2279843008404134','567 Maple Lane','2024-02-01 13:39:34',NULL,1,NULL),(31,68,'Agus Nugroho','1979-03-08','6283446475280','3899590656','8324048633015275','456 Oak Avenue','2024-02-01 13:39:34',NULL,1,NULL),(32,69,'Maria Fitri','1972-09-15','6287861734018','3948892086','8324048633015275','456 Oak Avenue','2024-02-01 13:39:34',NULL,1,NULL),(33,71,'Joko Saputra','1984-03-14','6287840779234','3839619306','2921653273580003','456 Oak Avenue','2024-02-01 13:39:34',NULL,1,NULL),(34,72,'Ratna Sari','1973-10-12','6284441043706','3516424352','2921653273580003','456 Oak Avenue','2024-02-01 13:39:34',NULL,1,NULL),(35,74,'Iwan Santoso','1983-03-07','6289897329990','3991396876','8008464545023756','456 Oak Avenue','2024-02-01 13:39:34',NULL,1,NULL),(36,75,'Linda Kusuma','1984-11-24','6287683212797','3824065983','8008464545023756','456 Oak Avenue','2024-02-01 13:39:34',NULL,1,NULL),(37,77,'Budi Wijaya','1977-11-22','6285615254171','3228057855','5599815142291982','123 Main St','2024-02-01 13:39:34',NULL,1,NULL),(38,78,'Siti Wati','1971-04-16','6284574376126','3936527800','5599815142291982','123 Main St','2024-02-01 13:39:34',NULL,1,NULL),(39,80,'Joko Nugroho','1973-03-01','6282568492738','3205751192','7405575592280859','567 Maple Lane','2024-02-01 13:39:34',NULL,1,NULL),(40,81,'Siti Sari','1976-08-09','6286407772101','3296807772','7405575592280859','567 Maple Lane','2024-02-01 13:39:34',NULL,1,NULL),(41,83,'Agus Santoso','1986-02-05','6283633312682','3249184222','5512653960715969','456 Oak Avenue','2024-02-01 13:39:34',NULL,1,NULL),(42,84,'Linda Wati','1985-11-21','6281847520856','3543598100','5512653960715969','456 Oak Avenue','2024-02-01 13:39:34',NULL,1,NULL),(43,86,'Hendro Santoso','1987-10-27','6282981158777','3269357635','6257292427175305','123 Main St','2024-02-01 13:39:34',NULL,1,NULL),(44,87,'Maria Lestari','1974-09-30','6281673868288','3975297845','6257292427175305','123 Main St','2024-02-01 13:39:34',NULL,1,NULL),(45,89,'Joko Nugroho','1980-03-20','6288421302620','3320175345','2575427212633410','789 Pine Street','2024-02-01 13:39:34',NULL,1,NULL),(46,90,'Ratna Kusuma','1971-08-31','6284278300170','3474005612','2575427212633410','789 Pine Street','2024-02-01 13:39:34',NULL,1,NULL),(47,92,'Joko Prabowo','1973-06-11','6285127207723','3689473075','9407623681371124','789 Pine Street','2024-02-01 13:39:34',NULL,1,NULL),(48,93,'Siti Fitri','1985-04-13','6284677091140','3735599979','9407623681371124','789 Pine Street','2024-02-01 13:39:34',NULL,1,NULL),(49,95,'Agus Wijaya','1992-05-26','6281912379318','3213143276','3280011656093619','567 Maple Lane','2024-02-01 13:39:34',NULL,1,NULL),(50,96,'Linda Kusuma','1993-11-06','6285375796316','3799030421','3280011656093619','567 Maple Lane','2024-02-01 13:39:34',NULL,1,NULL),(51,98,'Iwan Prabowo','1993-01-22','6282594580601','3306937143','2961289483300369','567 Maple Lane','2024-02-01 13:39:34',NULL,1,NULL),(52,99,'Siti Wati','1970-10-10','6281583518501','3575506581','2961289483300369','567 Maple Lane','2024-02-01 13:39:34',NULL,1,NULL),(53,101,'Budi Prabowo','1983-05-01','6286777406200','3518464544','5526749682780538','890 Elm Road','2024-02-01 13:39:34',NULL,1,NULL),(54,102,'Maria Lestari','1971-09-03','6286247241799','3503400915','5526749682780538','890 Elm Road','2024-02-01 13:39:34',NULL,1,NULL),(55,104,'Iwan Nugroho','1979-03-27','6281372734094','3367054320','5485204024776619','456 Oak Avenue','2024-02-01 13:39:34',NULL,1,NULL),(56,105,'Linda Kusuma','1989-03-09','6289848158188','3142879382','5485204024776619','456 Oak Avenue','2024-02-01 13:39:34',NULL,1,NULL),(57,107,'Joko Wijaya','1983-03-14','6285956599452','3551941059','4880680328402769','789 Pine Street','2024-02-01 13:39:34',NULL,1,NULL),(58,108,'Linda Wati','1992-09-24','6282423696241','3799779589','4880680328402769','789 Pine Street','2024-02-01 13:39:34',NULL,1,NULL),(59,110,'Agus Wijaya','1980-06-13','6286269618917','3274099967','5442289690317815','123 Main St','2024-02-01 13:39:34',NULL,1,NULL),(60,111,'Maria Sari','1985-12-30','6284066763476','3824851151','5442289690317815','123 Main St','2024-02-01 13:39:34',NULL,1,NULL),(61,113,'Iwan Saputra','1976-06-24','6289480465333','3705362662','9322608298145884','456 Oak Avenue','2024-02-01 13:39:34',NULL,1,NULL),(62,114,'Siti Lestari','1986-11-17','6286778636504','3301952060','9322608298145884','456 Oak Avenue','2024-02-01 13:39:34',NULL,1,NULL),(63,116,'Iwan Nugroho','1983-06-14','6281679023450','3146083834','2964321475008572','890 Elm Road','2024-02-01 13:39:35',NULL,1,NULL),(64,117,'Maria Fitri','1988-06-17','6281800052301','3853717912','2964321475008572','890 Elm Road','2024-02-01 13:39:35',NULL,1,NULL),(65,119,'Budi Santoso','1970-11-05','6283713806499','3334463725','6957234017445632','123 Main St','2024-02-01 13:39:35',NULL,1,NULL),(66,120,'Siti Fitri','1984-05-18','6285303381827','3584905333','6957234017445632','123 Main St','2024-02-01 13:39:35',NULL,1,NULL),(67,122,'Iwan Prabowo','1993-02-04','6289934212561','3263436638','1295457929548772','123 Main St','2024-02-01 13:39:35',NULL,1,NULL),(68,123,'Maria Sari','1977-11-01','6284105276763','3269592308','1295457929548772','123 Main St','2024-02-01 13:39:35',NULL,1,NULL),(69,125,'Iwan Santoso','1992-04-18','6281417402507','3519612148','7234746341899188','789 Pine Street','2024-02-01 13:39:35',NULL,1,NULL),(70,126,'Siti Wati','1988-06-23','6283957657087','3581657193','7234746341899188','789 Pine Street','2024-02-01 13:39:35',NULL,1,NULL),(71,128,'Iwan Saputra','1992-04-17','6283561095945','3960814106','2512618521232682','890 Elm Road','2024-02-01 13:39:35',NULL,1,NULL),(72,129,'Ratna Kusuma','1974-10-09','6287499770880','3349005541','2512618521232682','890 Elm Road','2024-02-01 13:39:35',NULL,1,NULL),(73,131,'Budi Saputra','1981-08-01','6282813144928','3359905880','4092155097298672','123 Main St','2024-02-01 13:39:35',NULL,1,NULL),(74,132,'Linda Kusuma','1975-06-28','6287855072370','3660115675','4092155097298672','123 Main St','2024-02-01 13:39:35',NULL,1,NULL),(75,134,'Hendro Nugroho','1974-02-04','6285797520908','3628735154','5527469678155514','567 Maple Lane','2024-02-01 13:39:35',NULL,1,NULL),(76,135,'Ratna Wati','1976-10-13','6287528329056','3369473696','5527469678155514','567 Maple Lane','2024-02-01 13:39:35',NULL,1,NULL),(77,137,'Joko Prabowo','1971-03-20','6288343915188','3828018827','9161628095639512','890 Elm Road','2024-02-01 13:39:35',NULL,1,NULL),(78,138,'Maria Fitri','1972-04-04','6284307312994','3448228857','9161628095639512','890 Elm Road','2024-02-01 13:39:35',NULL,1,NULL),(79,140,'Budi Saputra','1991-01-29','6281262381542','3266236057','1343264666128805','890 Elm Road','2024-02-01 13:39:35',NULL,1,NULL),(80,141,'Linda Sari','1985-04-03','6287045888604','3521251480','1343264666128805','890 Elm Road','2024-02-01 13:39:35',NULL,1,NULL),(81,143,'Joko Wijaya','1989-04-24','6283417316062','3488641965','1263448051601662','890 Elm Road','2024-02-01 13:39:35',NULL,1,NULL),(82,144,'Ayu Kusuma','1971-05-29','6283790856149','3946669613','1263448051601662','890 Elm Road','2024-02-01 13:39:35',NULL,1,NULL),(83,146,'Budi Prabowo','1992-03-02','6283956737073','3388791469','9799737287574776','789 Pine Street','2024-02-01 13:39:35',NULL,1,NULL),(84,147,'Siti Sari','1977-12-21','6284144402611','3185714777','9799737287574776','789 Pine Street','2024-02-01 13:39:35',NULL,1,NULL),(85,149,'Joko Prabowo','1990-09-05','6286286507668','3491984948','5315415958327646','890 Elm Road','2024-02-01 13:39:35',NULL,1,NULL),(86,150,'Ayu Kusuma','1990-03-12','6287722405323','3934724217','5315415958327646','890 Elm Road','2024-02-01 13:39:35',NULL,1,NULL),(87,152,'Budi Wijaya','1973-08-25','6282984738171','3170934687','3742179117768201','123 Main St','2024-02-01 13:39:35',NULL,1,NULL),(88,153,'Linda Fitri','1971-01-15','6289625733463','3111241583','3742179117768201','123 Main St','2024-02-01 13:39:35',NULL,1,NULL),(89,155,'Agus Santoso','1989-03-22','6283139503013','3980264553','9463043888936490','567 Maple Lane','2024-02-01 13:39:35',NULL,1,NULL),(90,156,'Maria Lestari','1990-05-23','6286664127330','3815547829','9463043888936490','567 Maple Lane','2024-02-01 13:39:35',NULL,1,NULL),(91,158,'Budi Nugroho','1979-02-05','6281769216947','3850668943','9748058681510708','456 Oak Avenue','2024-02-01 13:39:35',NULL,1,NULL),(92,159,'Linda Sari','1987-10-13','6281045802918','3213265881','9748058681510708','456 Oak Avenue','2024-02-01 13:39:35',NULL,1,NULL),(93,161,'Iwan Prabowo','1977-05-14','6285793028198','3201027651','6942425448234088','123 Main St','2024-02-01 13:39:35',NULL,1,NULL),(94,162,'Ayu Fitri','1978-05-21','6282283134625','3288794971','6942425448234088','123 Main St','2024-02-01 13:39:35',NULL,1,NULL),(95,164,'Iwan Prabowo','1986-05-10','6289899305231','3670285928','9734739818399126','789 Pine Street','2024-02-01 13:39:35',NULL,1,NULL),(96,165,'Ayu Lestari','1972-03-20','6284240355408','3854068801','9734739818399126','789 Pine Street','2024-02-01 13:39:35',NULL,1,NULL),(97,167,'Joko Prabowo','1975-05-14','6281331449713','3388344252','4402158527655643','890 Elm Road','2024-02-01 13:39:35',NULL,1,NULL),(98,168,'Ayu Wati','1983-01-11','6288999887823','3958864249','4402158527655643','890 Elm Road','2024-02-01 13:39:35',NULL,1,NULL),(99,170,'Joko Wijaya','1987-10-21','6281253030908','3278613744','2186832425642658','456 Oak Avenue','2024-02-01 13:39:35',NULL,1,NULL),(100,171,'Maria Wati','1987-07-05','6287278142267','3585945846','2186832425642658','456 Oak Avenue','2024-02-01 13:39:35',NULL,1,NULL),(101,173,'Budi Wijaya','1972-01-02','6284247066196','3899129003','8110865020195800','890 Elm Road','2024-02-01 13:39:35',NULL,1,NULL),(102,174,'Siti Fitri','1971-05-31','6288397095895','3319103509','8110865020195800','890 Elm Road','2024-02-01 13:39:35',NULL,1,NULL),(103,176,'Budi Nugroho','1975-04-23','6283890634081','3866756819','4212457858240739','890 Elm Road','2024-02-01 13:39:35',NULL,1,NULL),(104,177,'Maria Wati','1991-03-15','6288542917727','3737430173','4212457858240739','890 Elm Road','2024-02-01 13:39:35',NULL,1,NULL),(105,179,'Iwan Prabowo','1986-05-15','6283901742732','3467388287','2187222059706208','890 Elm Road','2024-02-01 13:39:35',NULL,1,NULL),(106,180,'Maria Kusuma','1990-04-12','6288383260549','3375855251','2187222059706208','890 Elm Road','2024-02-01 13:39:35',NULL,1,NULL),(107,182,'Agus Nugroho','1989-03-06','6286196240590','3594012483','1709027880414083','123 Main St','2024-02-01 13:39:35',NULL,1,NULL),(108,183,'Ratna Kusuma','1977-05-11','6281879508832','3241072660','1709027880414083','123 Main St','2024-02-01 13:39:35',NULL,1,NULL),(109,185,'Agus Prabowo','1984-07-22','6285732261047','3771427345','9257581349756484','456 Oak Avenue','2024-02-01 13:39:35',NULL,1,NULL),(110,186,'Siti Fitri','1989-05-23','6284067751754','3942245484','9257581349756484','456 Oak Avenue','2024-02-01 13:39:35',NULL,1,NULL),(111,188,'Joko Santoso','1975-06-08','6288573517851','3263715721','4945295159379257','567 Maple Lane','2024-02-01 13:39:35',NULL,1,NULL),(112,189,'Ayu Sari','1989-08-14','6281927491212','3780896597','4945295159379257','567 Maple Lane','2024-02-01 13:39:35',NULL,1,NULL),(113,191,'Budi Prabowo','1988-05-12','6288935496917','3794113939','3601928124994505','567 Maple Lane','2024-02-01 13:39:35',NULL,1,NULL),(114,192,'Ayu Sari','1980-05-19','6282567680808','3805039386','3601928124994505','567 Maple Lane','2024-02-01 13:39:35',NULL,1,NULL),(115,194,'Joko Nugroho','1978-01-20','6283522498469','3425990213','4218494547966254','456 Oak Avenue','2024-02-01 13:39:35',NULL,1,NULL),(116,195,'Maria Kusuma','1985-03-19','6283088731026','3355643370','4218494547966254','456 Oak Avenue','2024-02-01 13:39:35',NULL,1,NULL),(117,197,'Agus Prabowo','1978-11-27','6286854704238','3416882187','6401691682719546','789 Pine Street','2024-02-01 13:39:35',NULL,1,NULL),(118,198,'Siti Sari','1991-03-10','6285295770534','3578406420','6401691682719546','789 Pine Street','2024-02-01 13:39:35',NULL,1,NULL),(119,200,'Hendro Nugroho','1976-11-18','6288282562262','3800814807','8364796887971204','890 Elm Road','2024-02-01 13:39:35',NULL,1,NULL),(120,201,'Maria Kusuma','1978-06-30','6289864520332','3548532128','8364796887971204','890 Elm Road','2024-02-01 13:39:35',NULL,1,NULL),(121,203,'Agus Wijaya','1990-11-25','6289309895509','3465970860','8036883961698507','560 Main Street, CityD','2024-02-01 13:41:14',NULL,1,NULL),(122,204,'Ratna Fitri','1980-01-02','6286232065466','3619448132','8036883961698507','560 Main Street, CityD','2024-02-01 13:41:14',NULL,1,NULL),(123,206,'Agus Nugroho','1984-08-23','6287691036206','3421832819','1109073300484353','567 Maple Lane','2024-02-01 13:41:14',NULL,1,NULL),(124,207,'Ratna Lestari','1983-11-03','6285780676696','1979-04-20','1109073300484353','567 Maple Lane','2024-02-01 13:41:14',NULL,1,NULL),(125,209,'Budi Nugroho','1984-11-03','6289782388191','3574827652','3838045410421060','567 Maple Lane','2024-02-01 13:41:14',NULL,1,NULL),(126,210,'Siti Fitri','1978-05-19','6281751675111','3737092562','3838045410421060','567 Maple Lane','2024-02-01 13:41:14',NULL,1,NULL),(127,212,'Budi Nugroho','1971-01-01','6286205168280','3626531321','6176523473354015','567 Maple Lane','2024-02-01 13:41:14',NULL,1,NULL),(128,213,'Siti Sari','1970-10-27','6285449693565','3443194074','6176523473354015','567 Maple Lane','2024-02-01 13:41:14',NULL,1,NULL),(129,215,'Budi Wijaya','1991-12-18','6282561943465','3673826069','7612448259332349','890 Elm Road','2024-02-01 13:41:14',NULL,1,NULL),(130,216,'Siti Wati','1974-07-30','6285352501905','3695719924','7612448259332349','890 Elm Road','2024-02-01 13:41:14',NULL,1,NULL),(131,218,'Budi Wijaya','1973-05-11','6283765821835','3574387308','7500296598012751','567 Maple Lane','2024-02-01 13:41:14',NULL,1,NULL),(132,219,'Siti Sari','1991-03-28','6282502599061','3164319884','7500296598012751','567 Maple Lane','2024-02-01 13:41:14',NULL,1,NULL),(133,221,'Joko Santoso','1986-07-06','6288527454392','3715794689','4675498148472020','456 Oak Avenue','2024-02-01 13:41:14',NULL,1,NULL),(134,222,'Maria Fitri','1989-04-30','6289970931490','3929979001','4675498148472020','456 Oak Avenue','2024-02-01 13:41:14',NULL,1,NULL),(135,224,'Hendro Santoso','1975-06-11','6282335662735','3214541157','7269152867865508','123 Main St','2024-02-01 13:41:14',NULL,1,NULL),(136,225,'Ayu Sari','1976-01-26','6283098280177','3124747302','7269152867865508','123 Main St','2024-02-01 13:41:14',NULL,1,NULL),(137,227,'Budi Saputra','1974-08-07','6281362630811','3540478456','8214144440147482','890 Elm Road','2024-02-01 13:41:14',NULL,1,NULL),(138,228,'Siti Kusuma','1976-12-19','6281168833771','3653437034','8214144440147482','890 Elm Road','2024-02-01 13:41:14',NULL,1,NULL),(139,230,'Joko Prabowo','1984-07-21','6283913083339','3524516467','5690203220718481','789 Pine Street','2024-02-01 13:41:14',NULL,1,NULL),(140,231,'Ayu Sari','1983-01-10','6283558544246','3898591068','5690203220718481','789 Pine Street','2024-02-01 13:41:14',NULL,1,NULL),(141,233,'Agus Saputra','1976-11-07','3643011537','3927997826','8196931903075521','890 Elm Road','2024-02-01 13:41:14',NULL,1,NULL),(142,234,'Maria Sari','1976-03-02','6285111591983','3249415905','8196931903075521','890 Elm Road','2024-02-01 13:41:14',NULL,1,NULL),(143,235,'Hendro Nugroho','1970-09-21','6286126345320','3634770068','7879201741143508','123 Main St','2024-02-01 13:41:14',NULL,1,NULL),(144,236,'Ratna Fitri','1981-11-09','6282195048717','3466406715','7879201741143508','123 Main St','2024-02-01 13:41:14',NULL,1,NULL),(145,238,'Hendro Nugroho','1989-01-27','6285694956643','3710460316','7942322046908639','456 Oak Avenue','2024-02-01 13:41:14',NULL,1,NULL),(146,239,'Linda Wati','1978-06-16','6285604865072','3155073644','7942322046908639','456 Oak Avenue','2024-02-01 13:41:14',NULL,1,NULL),(147,241,'Agus Nugroho','1987-05-04','6283969487620','3411170745','9383249386792632','456 Oak Avenue','2024-02-01 13:41:14',NULL,1,NULL),(148,242,'Ratna Wati','1971-01-06','6285981265347','3891441722','9383249386792632','456 Oak Avenue','2024-02-01 13:41:14',NULL,1,NULL),(149,244,'Iwan Santoso','1977-06-27','6282349585144','3914173604','2315938846160526','456 Oak Avenue','2024-02-01 13:41:14',NULL,1,NULL),(150,245,'Maria Wati','1981-01-29','6287477549474','3173031934','2315938846160526','456 Oak Avenue','2024-02-01 13:41:14',NULL,1,NULL),(151,247,'Budi Santoso','1973-12-29','6284452172725','3312143535','1507018813103083','567 Maple Lane','2024-02-01 13:41:14',NULL,1,NULL),(152,248,'Linda Fitri','1975-02-08','6286479234209','3267001589','1507018813103083','567 Maple Lane','2024-02-01 13:41:14',NULL,1,NULL),(153,250,'Joko Prabowo','1990-06-28','6282185591343','3516027224','9786161592264132','789 Pine Street','2024-02-01 13:41:14',NULL,1,NULL),(154,251,'Maria Wati','1989-01-03','6281757629448','3899414513','9786161592264132','789 Pine Street','2024-02-01 13:41:14',NULL,1,NULL),(155,253,'Budi Prabowo','1990-02-28','6286572982198','3649088084','2617255212332223','890 Elm Road','2024-02-01 13:41:14',NULL,1,NULL),(156,254,'Linda Lestari','1978-02-28','6283534833067','3853769235','2617255212332223','890 Elm Road','2024-02-01 13:41:14',NULL,1,NULL),(157,256,'Iwan Saputra','1983-11-02','6288480193516','3662227848','7840088508353336','567 Maple Lane','2024-02-01 13:41:14',NULL,1,NULL),(158,257,'Siti Fitri','1985-07-03','6282575742271','3567797374','7840088508353336','567 Maple Lane','2024-02-01 13:41:14',NULL,1,NULL),(159,259,'Agus Prabowo','1992-01-28','6283326779448','3935078036','7428796272493258','890 Elm Road','2024-02-01 13:41:14',NULL,1,NULL),(160,260,'Siti Wati','1988-10-18','6289859035956','3469516964','7428796272493258','890 Elm Road','2024-02-01 13:41:14',NULL,1,NULL),(161,262,'Hendro Prabowo','1983-11-06','6282473893888','3968232886','5434981345136415','123 Main St','2024-02-01 13:41:14',NULL,1,NULL),(162,263,'Ayu Sari','1971-03-26','6288263453821','3947107112','5434981345136415','123 Main St','2024-02-01 13:41:14',NULL,1,NULL),(163,265,'Hendro Saputra','1991-07-13','6287449027980','3517797163','3045991181049734','567 Maple Lane','2024-02-01 13:41:14',NULL,1,NULL),(164,266,'Maria Kusuma','1993-08-23','6283083393177','3533289293','3045991181049734','567 Maple Lane','2024-02-01 13:41:14',NULL,1,NULL),(165,268,'Joko Santoso','1984-01-21','6285824385709','3931427341','5623844618733834','567 Maple Lane','2024-02-01 13:41:14',NULL,1,NULL),(166,269,'Ayu Kusuma','1976-04-22','6282853463957','3320230631','5623844618733834','567 Maple Lane','2024-02-01 13:41:14',NULL,1,NULL),(167,271,'Iwan Wijaya','1977-08-08','6289466847431','3737938517','4885545812662543','789 Pine Street','2024-02-01 13:41:14',NULL,1,NULL),(168,272,'Linda Kusuma','1993-03-05','6287850972103','3659870439','4885545812662543','789 Pine Street','2024-02-01 13:41:14',NULL,1,NULL),(169,274,'Iwan Saputra','1993-11-02','6285052571810','3758891445','4977176584558423','456 Oak Avenue','2024-02-01 13:41:14',NULL,1,NULL),(170,275,'Maria Kusuma','1973-10-30','6288540338025','3861687773','4977176584558423','456 Oak Avenue','2024-02-01 13:41:14',NULL,1,NULL),(171,277,'Joko Wijaya','1983-07-07','6284176097192','3994046359','6071023265561341','456 Oak Avenue','2024-02-01 13:41:14',NULL,1,NULL),(172,278,'Ratna Kusuma','1971-06-12','6284949714393','3805718152','6071023265561341','456 Oak Avenue','2024-02-01 13:41:14',NULL,1,NULL),(173,280,'Iwan Santoso','1986-05-01','6288793371089','3425526642','9955410269934238','567 Maple Lane','2024-02-01 13:41:14',NULL,1,NULL),(174,281,'Ayu Fitri','1974-03-27','6283778353615','3154955520','9955410269934238','567 Maple Lane','2024-02-01 13:41:14',NULL,1,NULL),(175,283,'Budi Santoso','1992-12-06','6286635354208','3841094410','4160329924400079','890 Elm Road','2024-02-01 13:41:14',NULL,1,NULL),(176,284,'Ayu Fitri','1971-04-14','6284177747219','3853043999','4160329924400079','890 Elm Road','2024-02-01 13:41:14',NULL,1,NULL),(177,286,'Agus Prabowo','1977-06-18','6289321028683','3451005815','3027741329700892','890 Elm Road','2024-02-01 13:41:14',NULL,1,NULL),(178,287,'Ratna Sari','1993-08-08','6285917788947','3160274244','3027741329700892','890 Elm Road','2024-02-01 13:41:14',NULL,1,NULL),(179,289,'Agus Saputra','1977-01-03','6284354821260','3279765319','7161967951536441','890 Elm Road','2024-02-01 13:41:14',NULL,1,NULL),(180,290,'Siti Lestari','1989-12-07','6281769055198','3138331108','7161967951536441','890 Elm Road','2024-02-01 13:41:14',NULL,1,NULL),(181,292,'Joko Wijaya','1987-11-09','6286632443202','3859444563','5396304419715612','567 Maple Lane','2024-02-01 13:41:14',NULL,1,NULL),(182,293,'Ratna Kusuma','1980-06-18','6287235217199','3132561518','5396304419715612','567 Maple Lane','2024-02-01 13:41:14',NULL,1,NULL),(183,295,'Agus Prabowo','1985-10-31','6287810245838','3477944261','3211072676449374','456 Oak Avenue','2024-02-01 13:41:14',NULL,1,NULL),(184,296,'Ratna Wati','1976-06-25','6283048307762','3858813356','3211072676449374','456 Oak Avenue','2024-02-01 13:41:14',NULL,1,NULL),(185,298,'Agus Nugroho','1988-09-25','6282261536812','3940559480','6390770998574189','789 Pine Street','2024-02-01 13:41:14',NULL,1,NULL),(186,299,'Ratna Wati','1984-12-05','6281819928771','3750523176','6390770998574189','789 Pine Street','2024-02-01 13:41:14',NULL,1,NULL),(187,301,'Agus Prabowo','1984-11-03','6289975739019','3522880310','8110261117118722','456 Oak Avenue','2024-02-01 13:41:14',NULL,1,NULL),(188,302,'Ayu Kusuma','1976-01-29','6284504137373','3229631377','8110261117118722','456 Oak Avenue','2024-02-01 13:41:14',NULL,1,NULL),(189,304,'Agus Nugroho','1991-06-09','6288651339680','3152204507','1708769227842983','789 Pine Street','2024-02-01 13:41:14',NULL,1,NULL),(190,305,'Siti Sari','1979-01-03','6287888801717','3584663655','1708769227842983','789 Pine Street','2024-02-01 13:41:14',NULL,1,NULL),(191,307,'Budi Prabowo','1986-10-31','6284307536868','3830811583','2708332804941855','890 Elm Road','2024-02-01 13:41:14',NULL,1,NULL),(192,308,'Linda Kusuma','1988-08-30','6285983782566','3837084268','2708332804941855','890 Elm Road','2024-02-01 13:41:14',NULL,1,NULL),(193,310,'Joko Nugroho','1982-06-13','6285092432604','3906393624','9769724892333308','789 Pine Street','2024-02-01 13:41:14',NULL,1,NULL),(194,311,'Ayu Wati','1989-12-04','6288445794139','3460838511','9769724892333308','789 Pine Street','2024-02-01 13:41:14',NULL,1,NULL),(195,313,'Budi Prabowo','1992-11-13','6286233510639','3481697266','6075842642903404','789 Pine Street','2024-02-01 13:41:14',NULL,1,NULL),(196,314,'Ayu Wati','1976-11-28','6283907047330','3763213081','6075842642903404','789 Pine Street','2024-02-01 13:41:14',NULL,1,NULL),(197,316,'Agus Nugroho','1991-07-14','6282920398941','3856235986','9811320518696860','567 Maple Lane','2024-02-01 13:41:14',NULL,1,NULL),(198,317,'Siti Kusuma','1990-02-21','6287443280759','3946342427','9811320518696860','567 Maple Lane','2024-02-01 13:41:14',NULL,1,NULL),(199,319,'Hendro Nugroho','1992-09-02','6283139920580','3581200118','5950939466971805','890 Elm Road','2024-02-01 13:41:14',NULL,1,NULL),(200,320,'Maria Wati','1985-05-31','6282583104633','3495037392','5950939466971805','890 Elm Road','2024-02-01 13:41:14',NULL,1,NULL),(201,322,'Joko Nugroho','1992-11-18','6285531154698','3503148326','3315452344990487','456 Oak Avenue','2024-02-01 13:41:14',NULL,1,NULL),(202,323,'Ratna Wati','1972-11-06','6281471406456','3626747404','3315452344990487','456 Oak Avenue','2024-02-01 13:41:14',NULL,1,NULL),(203,325,'Hendro Wijaya','1972-03-14','6282848665389','3222233852','6757922645693296','123 Main St','2024-02-01 13:41:14',NULL,1,NULL),(204,326,'Siti Sari','1978-11-02','6288842093364','3200224862','6757922645693296','123 Main St','2024-02-01 13:41:14',NULL,1,NULL),(205,328,'Hendro Nugroho','1989-01-11','6285235263727','3472768414','5947401547048288','789 Pine Street','2024-02-01 13:41:14',NULL,1,NULL),(206,329,'Ayu Fitri','1976-04-02','6282839282971','3677669833','5947401547048288','789 Pine Street','2024-02-01 13:41:14',NULL,1,NULL),(207,331,'Iwan Santoso','1991-09-06','6282243659909','3311499415','4873664443062047','123 Main St','2024-02-01 13:41:14',NULL,1,NULL),(208,332,'Linda Fitri','1983-05-14','6287251834555','3551073818','4873664443062047','123 Main St','2024-02-01 13:41:14',NULL,1,NULL),(209,334,'Joko Saputra','1970-12-30','6288597602947','3253114793','2133654904666511','123 Main St','2024-02-01 13:41:14',NULL,1,NULL),(210,335,'Maria Fitri','1988-04-29','6283144048396','3727865143','2133654904666511','123 Main St','2024-02-01 13:41:14',NULL,1,NULL),(211,336,'Budi Santoso','1990-03-15','6286053478457','3789411080','3917784542566216','567 Maple Lane','2024-02-01 13:41:14',NULL,1,NULL),(212,337,'Maria Kusuma','1993-11-13','6286605869021','3705074542','3917784542566216','567 Maple Lane','2024-02-01 13:41:14',NULL,1,NULL),(213,339,'Joko Prabowo','1970-04-22','6287558798283','3128974912','8209818343841100','789 Pine Street','2024-02-01 13:41:14',NULL,1,NULL),(214,340,'Ratna Wati','1990-12-16','6289225935565','3999367489','8209818343841100','789 Pine Street','2024-02-01 13:41:14',NULL,1,NULL),(215,342,'Agus Prabowo','1993-11-24','6285082857050','3311854387','5076541935957237','456 Oak Avenue','2024-02-01 13:41:14',NULL,1,NULL),(216,343,'Maria Fitri','1973-06-05','6282112871561','3992615017','5076541935957237','456 Oak Avenue','2024-02-01 13:41:14',NULL,1,NULL),(217,345,'Agus Prabowo','1978-10-19','6287448730953','3688997048','1832234494876761','456 Oak Avenue','2024-02-01 13:41:14',NULL,1,NULL),(218,346,'Linda Lestari','1970-07-09','6284515088168','3164847325','1832234494876761','456 Oak Avenue','2024-02-01 13:41:14',NULL,1,NULL),(219,348,'Joko Nugroho','1994-01-22','6281190068796','3588483552','1286211571499430','890 Elm Road','2024-02-01 13:41:14',NULL,1,NULL),(220,349,'Siti Wati','1990-12-16','6287103415814','3147393979','1286211571499430','890 Elm Road','2024-02-01 13:41:14',NULL,1,NULL),(221,351,'Agus Nugroho','1971-09-16','6285217417008','3851548635','4984573772354220','789 Pine Street','2024-02-01 13:41:15',NULL,1,NULL),(222,352,'Siti Fitri','1970-10-12','6285662326133','3736928518','4984573772354220','789 Pine Street','2024-02-01 13:41:15',NULL,1,NULL),(223,354,'Iwan Nugroho','1980-12-06','6282084263939','3605912611','6463659512771774','789 Pine Street','2024-02-01 13:41:15',NULL,1,NULL),(224,355,'Ratna Kusuma','1972-01-08','6284503935910','3612804540','6463659512771774','789 Pine Street','2024-02-01 13:41:15',NULL,1,NULL),(225,357,'Hendro Saputra','1987-02-12','6281942583852','3450384418','5535139997668104','890 Elm Road','2024-02-01 13:41:15',NULL,1,NULL),(226,358,'Ayu Sari','1987-09-23','6283970521847','3526640366','5535139997668104','890 Elm Road','2024-02-01 13:41:15',NULL,1,NULL),(227,360,'Budi Saputra','1980-02-26','6288394061137','3717354005','3129187082776539','123 Main St','2024-02-01 13:41:15',NULL,1,NULL),(228,361,'Linda Wati','1991-11-04','6288389778354','3923047883','3129187082776539','123 Main St','2024-02-01 13:41:15',NULL,1,NULL),(229,363,'Iwan Prabowo','1993-11-17','6288416357753','3912186236','9388555968567452','123 Main St','2024-02-01 13:41:15',NULL,1,NULL),(230,364,'Maria Kusuma','1974-02-16','6289745921047','3707951613','9388555968567452','123 Main St','2024-02-01 13:41:15',NULL,1,NULL),(231,366,'Joko Nugroho','1982-06-08','6284908861638','3415121006','5455858940707432','789 Pine Street','2024-02-01 13:41:15',NULL,1,NULL),(232,367,'Ratna Wati','1983-12-11','6283063123908','3361178099','5455858940707432','789 Pine Street','2024-02-01 13:41:15',NULL,1,NULL),(233,369,'Agus Prabowo','1981-07-05','6283023452535','3313286210','5376107270517190','123 Main St','2024-02-01 13:41:15',NULL,1,NULL),(234,370,'Maria Kusuma','1977-05-29','6287666412660','3718275890','5376107270517190','123 Main St','2024-02-01 13:41:15',NULL,1,NULL),(235,372,'Joko Santoso','1981-06-25','6289839764982','3531292588','1107145189487862','123 Main St','2024-02-01 13:41:15',NULL,1,NULL),(236,373,'Maria Fitri','1978-11-16','6282820478013','3995269067','1107145189487862','123 Main St','2024-02-01 13:41:15',NULL,1,NULL),(237,375,'Iwan Santoso','1988-09-03','6286570293756','3221879329','1077034105842044','789 Pine Street','2024-02-01 13:41:15',NULL,1,NULL),(238,376,'Ratna Sari','1980-06-14','6289551294693','3979227553','1077034105842044','789 Pine Street','2024-02-01 13:41:15',NULL,1,NULL),(239,378,'Hendro Prabowo','1983-07-04','6288292167703','3792218907','8782910185412343','456 Oak Avenue','2024-02-01 13:41:15',NULL,1,NULL),(240,379,'Linda Sari','1985-03-09','6282451764073','3233751779','8782910185412343','456 Oak Avenue','2024-02-01 13:41:15',NULL,1,NULL),(241,381,'Iwan Saputra','1975-09-05','6284929974189','3377232767','4140132839302757','704 Cedar Street, CityD','2024-02-01 16:15:53',NULL,1,NULL),(242,382,'Ayu Sari','1974-12-12','6284469957663','3816519247','4140132839302757','704 Cedar Street, CityD','2024-02-01 16:15:53',NULL,1,NULL),(243,384,'Budi Wijaya','1975-07-17','6288308119067','3248363108','5120095667882381','456 Oak Avenue','2024-02-01 16:15:53',NULL,1,NULL),(244,385,'Siti Sari','1971-01-08','6284564865005','1978-04-13','5120095667882381','456 Oak Avenue','2024-02-01 16:15:53',NULL,1,NULL),(245,392,'agung','1999-11-20','6285225666666','253465542634','42645462534','kudus','2024-02-09 11:13:49',NULL,1,NULL),(246,394,'mahmudi','1989-06-22','6282255252525','564654654','979879879222','kudus','2024-02-09 11:19:50',NULL,1,NULL),(247,395,'sumini','1988-06-15','6282640848888','2313232222','979879879222','kudus','2024-02-09 11:19:50',NULL,1,NULL),(248,397,'haryanto','1978-07-13','6284654666655','89998988889','2934509283493','welahan','2024-02-09 11:23:33',NULL,1,NULL),(249,399,'kusnan','1988-07-29','6282893475293','592734502349','290348570293','demak','2024-02-09 11:26:13',NULL,1,NULL),(250,400,'endang sukaisih','1988-05-22','6282565565465','987987988888','290348570293','demak','2024-02-09 11:26:13',NULL,1,NULL),(255,408,'BBBBBBBB','1962-04-15','77777777','888888888','999999999','kudus','2024-02-13 11:11:04',NULL,1,NULL),(256,409,'CCCCCCC','1964-08-21','6281234567890','1102040108640000','999999999','kudus','2024-02-13 11:11:04',NULL,1,NULL),(258,414,'Iwan Setiawan','1975-08-22','6281345678901','3302037508750000','4000222110444560','kudus','2024-03-06 06:30:41',NULL,1,NULL),(260,417,'Ahmad Fauzi','1988-12-05','6281456789012','3302038805880000','5000111990333440','kudus','2024-03-06 06:30:41',NULL,1,NULL),(262,420,'Hendra Pratama','1969-02-18','6282345678901','3302036902690000','7000444330222110','kudus','2024-03-06 06:30:41',NULL,1,NULL),(264,423,'Surya Wijaya','1972-06-30','6282456789012','3302037206300000','8000555550111990','kudus','2024-03-06 06:30:41',NULL,1,NULL),(266,426,'Rudi Hartono','1985-11-11','6282567890123','3302038511850010','2000666660999890','kudus','2024-03-06 06:30:41',NULL,1,NULL),(268,429,'Dedi Maulana','1980-09-03','6283456789012','3302038009800010','3000777770888780','kudus','2024-03-06 06:30:41',NULL,1,NULL),(269,430,'Tri Utami','1982-04-08','6283345678901','1702080419820010','3000777770888780','kudus','2024-03-06 06:30:41',NULL,1,NULL),(270,432,'Agus Nugroho','1978-07-14','6283567890123','3302037807740010','9000888880777670','kudus','2024-03-06 06:30:41',NULL,1,NULL),(272,435,'Joko Susanto','1963-01-26','6283678901234','3302036301260010','1000999990666560','kudus','2024-03-06 06:30:41',NULL,1,NULL),(274,438,'Hadi Purnomo','1987-03-08','6284567890123','3302038703870010','2000111110555440','kudus','2024-03-06 06:30:41',NULL,1,NULL),(275,439,'Desi Handayani','1985-07-02','6284345678901','2002070285400010','2000111110555440','kudus','2024-03-06 06:30:41',NULL,1,NULL),(276,441,'Slamet Riyadi','1971-05-19','6284678901234','3302037105690010','3000222220444330','kudus','2024-03-06 06:30:42',NULL,1,NULL),(277,442,'Lina Novita','1973-05-28','6284456789012','2102280573350010','3000222220444330','kudus','2024-03-06 06:30:42',NULL,1,NULL),(278,444,'Sigit Wahyudi','1966-10-12','6284789012345','3302036610120010','4000333330333220','kudus','2024-03-06 06:30:42',NULL,1,NULL),(280,447,'Dwi Santoso','1982-04-27','6285678901234','3302038204820010','5000444440222110','kudus','2024-03-06 06:30:42',NULL,1,NULL),(281,448,'Yanti Kusuma','1980-03-05','6285345678901','2302050315800010','5000444440222110','kudus','2024-03-06 06:30:42',NULL,1,NULL),(282,450,'Samsul Arifin','1974-12-08','6285789012345','3302037412740010','6000555550111990','kudus','2024-03-06 06:30:42',NULL,1,NULL),(283,451,'Nia Susanti','1975-02-09','6285456789012','2402090919750010','6000555550111990','kudus','2024-03-06 06:30:42',NULL,1,NULL),(284,453,'Herry Sutanto','1961-07-23','6285890123456','3302036107230010','7000666660999890','kudus','2024-03-06 06:30:42',NULL,1,NULL),(285,454,'Mega Astuti','1963-08-14','6285567890123','2502141419630020','7000666660999890','kudus','2024-03-06 06:30:42',NULL,1,NULL),(286,456,'Agung Prabowo','1989-06-05','6286789012345','3302038906650040','8000777770888780','kudus','2024-03-06 06:30:42',NULL,1,NULL),(287,457,'Rina Agustina','1988-02-26','6286345678901','2602260226880020','8000777770888780','kudus','2024-03-06 06:30:42',NULL,1,NULL),(288,459,'Yudi Kurniawan','1968-09-17','6286890123456','3302036809170020','9000888880777670','kudus','2024-03-06 06:30:42',NULL,1,NULL),(289,460,'Nani Kartika','1966-11-20','6286456789012','2702210411660020','9000888880777670','kudus','2024-03-06 06:30:42',NULL,1,NULL),(290,462,'Triyono Wibowo','1979-11-02','6286901234567','3302037911020020','1000999990666560','kudus','2024-03-06 06:30:42',NULL,1,NULL),(291,463,'Euis Rohayati','1978-08-31','6286567890123','2802313187810020','1000999990666560','kudus','2024-03-06 06:30:42',NULL,1,NULL),(292,465,'Wahyu Hidayat','1984-02-14','6287789012345','3302038402140020','2000111110555440','kudus','2024-03-06 06:30:42',NULL,1,NULL),(293,466,'Tuti Hermawati','1983-01-24','6287345678901','2902240123830020','2000111110555440','kudus','2024-03-06 06:30:42',NULL,1,NULL),(294,468,'Andi Saputra','1965-03-29','6287890123456','3302036503290020','3000222220444330','kudus','2024-03-06 06:30:42',NULL,1,NULL),(295,469,'Sri Puji Lestari','1960-04-07','6287456789012','3002070734010020','3000222220444330','kudus','2024-03-06 06:30:42',NULL,1,NULL),(296,471,'Hadi Saputro','1976-01-07','6287901234567','3302037601070020','4000333330333220','kudus','2024-03-06 06:30:42',NULL,1,NULL),(297,472,'Nina Suprapti','1972-12-19','6287567890123','3102191937120020','4000333330333220','kudus','2024-03-06 06:30:42',NULL,1,NULL),(298,474,'Slamet Raharjo','1990-08-20','6288789012345','3302039008200040','5000444440222110','kudus','2024-03-06 06:30:42',NULL,1,NULL),(299,475,'Ida Ayu Made','1990-07-30','6288345678901','3202303007900020','5000444440222110','kudus','2024-03-06 06:30:42',NULL,1,NULL),(300,477,'Supriyanto Utomo','1967-05-03','6288890123456','3302036705030020','6000555550111990','kudus','2024-03-06 06:30:42',NULL,1,NULL),(301,478,'Anisa Fitria','1969-06-01','6288456789012','3302121919600020','6000555550111990','kudus','2024-03-06 06:30:42',NULL,1,NULL),(302,480,'Slamet Widodo','1986-10-01','6288901234567','3302038610010020','7000666660999890','kudus','2024-03-06 06:30:42',NULL,1,NULL),(303,481,'Joko Rukmi','1984-09-12','6288567890123','3402091224840020','7000666660999890','kudus','2024-03-06 06:30:42',NULL,1,NULL),(304,483,'Edi Santoso','1973-04-10','6289789012345','3302037314100020','8000777770888780','kudus','2024-03-06 06:30:42',NULL,1,NULL),(305,484,'Rini Sulistiani','1976-07-25','6289345678901','3502151507760030','8000777770888780','kudus','2024-03-06 06:30:42',NULL,1,NULL),(306,486,'Wawan Setiawan','1981-07-18','6289890123456','3302038107180030','9000888880777670','kudus','2024-03-06 06:30:42',NULL,1,NULL),(307,487,'Arum Yulianti','1981-05-15','6289456789012','3602150519810030','9000888880777670','kudus','2024-03-06 06:30:42',NULL,1,NULL),(308,505,'Hendro Wijaya','1976-05-14','6287258607008','3793516175','1366701782816850','947 Oak Street, CityA','2024-03-13 14:57:53',NULL,1,NULL),(309,506,'Linda Sari','1979-09-20','6287240567429','3978754598','1366701782816850','947 Oak Street, CityA','2024-03-13 14:57:53',NULL,1,NULL),(310,508,'Agus Saputra','1990-11-06','6285706657946','3203373135','8552050564305330','890 Elm Road','2024-03-13 14:57:53',NULL,1,NULL),(311,509,'Maria Lestari','1978-06-03','6284822688959','1971-10-02','8552050564305330','890 Elm Road','2024-03-13 14:57:53',NULL,1,NULL),(312,511,'Hendro Saputra','1988-08-29','6282105855655','3134401455','8063695619266930','456 Oak Avenue','2024-03-13 14:57:53',NULL,1,NULL),(313,512,'Maria Lestari','1983-01-25','6283415381608','3884132946','8063695619266930','456 Oak Avenue','2024-03-13 14:57:53',NULL,1,NULL),(314,514,'Budi Santoso','1973-09-09','6285041685992','3725859246','3449730891241750','123 Main St','2024-03-13 14:57:53',NULL,1,NULL),(315,515,'Ratna Fitri','1971-12-04','6287490280685','3493690546','3449730891241750','123 Main St','2024-03-13 14:57:53',NULL,1,NULL),(316,517,'Budi Santoso','1978-05-13','6287466643070','3842766505','9162953661563640','123 Main St','2024-03-13 14:57:53',NULL,1,NULL),(317,518,'Siti Lestari','1988-12-28','6289254393899','3152186211','9162953661563640','123 Main St','2024-03-13 14:57:53',NULL,1,NULL),(318,520,'Agus Nugroho','1991-06-27','6282873449039','3724056026','9690449204411150','890 Elm Road','2024-03-13 14:57:53',NULL,1,NULL),(319,521,'Ayu Fitri','1974-04-01','6283593179274','3187364245','9690449204411150','890 Elm Road','2024-03-13 14:57:53',NULL,1,NULL),(320,523,'Agus Saputra','1975-07-08','6284169720542','3125880847','5041774556162630','123 Main St','2024-03-13 14:57:53',NULL,1,NULL),(321,524,'Ayu Wati','1988-06-30','6289894455822','3451107158','5041774556162630','123 Main St','2024-03-13 14:57:53',NULL,1,NULL),(322,526,'Agus Wijaya','1982-10-04','6282058044524','3630413707','7964698052753990','456 Oak Avenue','2024-03-13 14:57:53',NULL,1,NULL),(323,527,'Siti Wati','1990-07-27','6288664964625','3923767358','7964698052753990','456 Oak Avenue','2024-03-13 14:57:53',NULL,1,NULL),(324,529,'Budi Prabowo','1985-12-08','6289196306330','3649707990','7502595251679480','123 Main St','2024-03-13 14:57:53',NULL,1,NULL),(325,530,'Siti Kusuma','1985-08-01','6286787920416','3276094978','7502595251679480','123 Main St','2024-03-13 14:57:53',NULL,1,NULL),(326,532,'Hendro Wijaya','1988-09-08','6286400575663','3460804851','2124760508872610','123 Main St','2024-03-13 14:57:53',NULL,1,NULL),(327,533,'Ayu Sari','1979-07-01','6289026844628','3184962931','2124760508872610','123 Main St','2024-03-13 14:57:53',NULL,1,NULL),(328,535,'Iwan Wijaya','1975-01-08','6288279849351','3314043662','9596462438551320','890 Elm Road','2024-03-13 14:57:53',NULL,1,NULL),(329,536,'Linda Sari','1975-06-20','6285281464552','3414272054','9596462438551320','890 Elm Road','2024-03-13 14:57:54',NULL,1,NULL),(330,538,'Hendro Wijaya','1985-09-18','6283449044493','3892157761','1006611483489680','456 Oak Avenue','2024-03-13 14:57:54',NULL,1,NULL),(331,539,'Ayu Sari','1972-11-11','6283809193929','3188904965','1006611483489680','456 Oak Avenue','2024-03-13 14:57:54',NULL,1,NULL),(332,541,'Iwan Prabowo','1973-01-09','6282691094068','3269127699','1889012565798780','567 Maple Lane','2024-03-13 14:57:54',NULL,1,NULL),(333,542,'Ayu Wati','1979-03-04','6282495736195','3732953484','1889012565798780','567 Maple Lane','2024-03-13 14:57:54',NULL,1,NULL),(334,544,'Joko Wijaya','1976-06-06','6285163508519','3907555794','1006206766063710','567 Maple Lane','2024-03-13 14:57:54',NULL,1,NULL),(335,545,'Maria Lestari','1981-07-24','6285266080349','3304155585','1006206766063710','567 Maple Lane','2024-03-13 14:57:54',NULL,1,NULL),(336,547,'Agus Nugroho','1983-01-25','6286706046724','3775291858','8471564721141590','890 Elm Road','2024-03-13 14:57:54',NULL,1,NULL),(337,548,'Siti Lestari','1983-07-04','6289476232635','3429911764','8471564721141590','890 Elm Road','2024-03-13 14:57:54',NULL,1,NULL),(338,550,'Joko Prabowo','1972-11-11','6281523300631','3293499719','2723162108193700','456 Oak Avenue','2024-03-13 14:57:54',NULL,1,NULL),(339,551,'Maria Kusuma','1983-07-17','6288970627655','3498619626','2723162108193700','456 Oak Avenue','2024-03-13 14:57:54',NULL,1,NULL),(340,553,'Agus Prabowo','1987-09-09','6286556063462','3158756580','9690304085902200','567 Maple Lane','2024-03-13 14:57:54',NULL,1,NULL),(341,554,'Siti Sari','1983-07-17','6283593178905','3767902642','9690304085902200','567 Maple Lane','2024-03-13 14:57:54',NULL,1,NULL),(342,556,'Hendro Nugroho','1988-12-30','6285266227564','3254840955','2260230611462530','123 Main St','2024-03-13 14:57:54',NULL,1,NULL),(343,557,'Maria Wati','1972-03-01','6289915077787','3510049226','2260230611462530','123 Main St','2024-03-13 14:57:54',NULL,1,NULL),(344,559,'Budi Wijaya','1989-06-01','6287583381991','3519525450','1990053163399400','890 Elm Road','2024-03-13 14:57:54',NULL,1,NULL),(345,560,'Linda Lestari','1981-04-12','6285755930516','3979282404','1990053163399400','890 Elm Road','2024-03-13 14:57:54',NULL,1,NULL),(346,562,'Iwan Saputra','1974-09-10','6286704031670','3973082611','3593287127768190','456 Oak Avenue','2024-03-13 14:57:54',NULL,1,NULL),(347,563,'Ayu Fitri','1973-06-02','6281817066000','3482259272','3593287127768190','456 Oak Avenue','2024-03-13 14:57:54',NULL,1,NULL),(348,565,'Hendro Saputra','1993-07-12','6283741370708','3384734485','5227298303273730','567 Maple Lane','2024-03-13 14:57:54',NULL,1,NULL),(349,566,'Linda Wati','1975-11-27','6284994357444','3498572205','5227298303273730','567 Maple Lane','2024-03-13 14:57:54',NULL,1,NULL),(350,568,'Iwan Saputra','1972-03-18','6286968066480','3605717578','4362764920706240','890 Elm Road','2024-03-13 14:57:54',NULL,1,NULL),(351,569,'Ratna Kusuma','1984-11-01','6286303976290','3481577428','4362764920706240','890 Elm Road','2024-03-13 14:57:54',NULL,1,NULL),(352,571,'Budi Wijaya','1979-11-04','6288839488960','3651750950','5837104165724840','789 Pine Street','2024-03-13 14:57:54',NULL,1,NULL),(353,572,'Ayu Fitri','1992-07-09','6288533621085','3436272828','5837104165724840','789 Pine Street','2024-03-13 14:57:54',NULL,1,NULL),(354,574,'Hendro Wijaya','1982-05-31','6288427739656','3172663307','1715216571971430','456 Oak Avenue','2024-03-13 14:57:54',NULL,1,NULL),(355,575,'Siti Wati','1980-01-05','6285334923479','3748801264','1715216571971430','456 Oak Avenue','2024-03-13 14:57:54',NULL,1,NULL),(356,577,'Joko Saputra','1970-07-13','6289753040536','3939759062','1865674187874870','789 Pine Street','2024-03-13 14:57:54',NULL,1,NULL),(357,578,'Linda Kusuma','1981-01-09','6286790797218','3508961081','1865674187874870','789 Pine Street','2024-03-13 14:57:55',NULL,1,NULL),(358,580,'Budi Saputra','1977-12-23','6286407163635','3477531162','4372147876117280','567 Maple Lane','2024-03-13 14:57:55',NULL,1,NULL),(359,581,'Maria Fitri','1987-12-24','6286772441252','3677237084','4372147876117280','567 Maple Lane','2024-03-13 14:57:55',NULL,1,NULL),(360,583,'Joko Prabowo','1975-04-10','6282877287190','3100604957','2844029780681720','123 Main St','2024-03-13 14:57:55',NULL,1,NULL),(361,584,'Linda Fitri','1982-10-29','6283740287679','3542410592','2844029780681720','123 Main St','2024-03-13 14:57:55',NULL,1,NULL),(362,586,'Joko Santoso','1981-04-14','6284723142450','3192996974','7583387321013250','789 Pine Street','2024-03-13 14:57:55',NULL,1,NULL),(363,587,'Ayu Lestari','1993-02-10','6287693049730','3914819741','7583387321013250','789 Pine Street','2024-03-13 14:57:55',NULL,1,NULL),(364,589,'Iwan Santoso','1988-02-03','6286168473871','3557840923','5770358401188230','123 Main St','2024-03-13 14:57:55',NULL,1,NULL),(365,590,'Maria Sari','1991-09-18','6284542061375','3319901867','5770358401188230','123 Main St','2024-03-13 14:57:55',NULL,1,NULL),(366,592,'Budi Wijaya','1970-07-23','6287728561583','3170581289','9331227509726030','123 Main St','2024-03-13 14:57:55',NULL,1,NULL),(367,593,'Siti Fitri','1978-09-28','6281300416268','3295944999','9331227509726030','123 Main St','2024-03-13 14:57:55',NULL,1,NULL),(368,595,'Iwan Santoso','1972-08-26','6285157482597','3843832199','6921370974399240','890 Elm Road','2024-03-13 14:57:55',NULL,1,NULL),(369,596,'Ayu Sari','1970-08-14','6289032209696','3558962054','6921370974399240','890 Elm Road','2024-03-13 14:57:55',NULL,1,NULL),(370,598,'Joko Prabowo','1989-09-27','6283698382410','3736694993','1849790133645570','789 Pine Street','2024-03-13 14:57:55',NULL,1,NULL),(371,599,'Siti Fitri','1982-08-13','6287497620648','3757885867','1849790133645570','789 Pine Street','2024-03-13 14:57:55',NULL,1,NULL),(372,601,'Agus Nugroho','1989-07-28','6289140621564','3548741476','6145852228054400','567 Maple Lane','2024-03-13 14:57:55',NULL,1,NULL),(373,602,'Ayu Fitri','1983-08-21','6289596281924','3360700784','6145852228054400','567 Maple Lane','2024-03-13 14:57:55',NULL,1,NULL),(374,604,'Budi Prabowo','1970-08-06','6284478910443','3402059791','7874124765979350','456 Oak Avenue','2024-03-13 14:57:55',NULL,1,NULL),(375,605,'Maria Sari','1988-09-22','6283052908873','3528549174','7874124765979350','456 Oak Avenue','2024-03-13 14:57:55',NULL,1,NULL),(376,607,'Agus Nugroho','1986-01-15','6285770371066','3245674195','3403022986927410','789 Pine Street','2024-03-13 14:57:55',NULL,1,NULL),(377,608,'Linda Lestari','1971-08-01','6282508325401','3736697788','3403022986927410','789 Pine Street','2024-03-13 14:57:55',NULL,1,NULL),(378,610,'Iwan Prabowo','1974-06-10','6288190885054','3723672944','1852767790716290','789 Pine Street','2024-03-13 14:57:55',NULL,1,NULL),(379,611,'Ayu Sari','1985-08-13','6287982765269','3583098378','1852767790716290','789 Pine Street','2024-03-13 14:57:55',NULL,1,NULL),(380,613,'Iwan Nugroho','1976-07-24','6284558668546','3579279736','6096511013609060','456 Oak Avenue','2024-03-13 14:57:55',NULL,1,NULL),(381,614,'Linda Fitri','1987-03-16','6281475548100','3907253140','6096511013609060','456 Oak Avenue','2024-03-13 14:57:55',NULL,1,NULL),(382,616,'Joko Prabowo','1987-06-16','6287734568332','3105888829','4986125802127120','567 Maple Lane','2024-03-13 14:57:55',NULL,1,NULL),(383,617,'Linda Fitri','1991-05-28','6283054735305','3356842211','4986125802127120','567 Maple Lane','2024-03-13 14:57:55',NULL,1,NULL),(384,619,'Agus Santoso','1977-05-15','6281386639786','3951585551','3077337890749030','456 Oak Avenue','2024-03-13 14:57:55',NULL,1,NULL),(385,620,'Maria Fitri','1977-04-11','6286834082465','3650145950','3077337890749030','456 Oak Avenue','2024-03-13 14:57:55',NULL,1,NULL),(386,622,'Agus Prabowo','1991-10-14','6283250825718','3169455796','8486701570050980','890 Elm Road','2024-03-13 14:57:56',NULL,1,NULL),(387,623,'Ratna Kusuma','1978-02-21','6282722960267','3665400131','8486701570050980','890 Elm Road','2024-03-13 14:57:56',NULL,1,NULL),(388,625,'Joko Prabowo','1989-05-06','6286770638766','3426546257','2391867616002810','789 Pine Street','2024-03-13 14:57:56',NULL,1,NULL),(389,626,'Ratna Kusuma','1990-02-16','6287398710768','3478951918','2391867616002810','789 Pine Street','2024-03-13 14:57:56',NULL,1,NULL),(390,628,'Budi Saputra','1982-01-06','6288258060840','3649711240','1822222545195200','567 Maple Lane','2024-03-13 14:57:56',NULL,1,NULL),(391,629,'Maria Sari','1991-10-14','6289185537279','3107747583','1822222545195200','567 Maple Lane','2024-03-13 14:57:56',NULL,1,NULL),(392,631,'Joko Santoso','1980-08-01','6285706681415','3279575053','4250680487857280','456 Oak Avenue','2024-03-13 14:57:56',NULL,1,NULL),(393,632,'Siti Lestari','1992-02-18','6281359350352','3594370757','4250680487857280','456 Oak Avenue','2024-03-13 14:57:56',NULL,1,NULL),(394,634,'Budi Wijaya','1971-05-28','6282877039772','3265149712','4030427587237810','567 Maple Lane','2024-03-13 14:57:56',NULL,1,NULL),(395,635,'Siti Kusuma','1992-11-28','6281003611958','3798721343','4030427587237810','567 Maple Lane','2024-03-13 14:57:56',NULL,1,NULL),(396,637,'Hendro Santoso','1971-01-11','6282882952959','3384770919','8733977737772600','123 Main St','2024-03-13 14:57:56',NULL,1,NULL),(397,638,'Linda Kusuma','1981-03-03','6289331133638','3975291396','8733977737772600','123 Main St','2024-03-13 14:57:56',NULL,1,NULL),(398,640,'Budi Santoso','1984-03-28','6285664218317','3231364615','9623236568183280','789 Pine Street','2024-03-13 14:57:56',NULL,1,NULL),(399,641,'Maria Wati','1980-04-11','6289004908036','3905784581','9623236568183280','789 Pine Street','2024-03-13 14:57:56',NULL,1,NULL),(400,643,'Agus Saputra','1973-03-13','6281861513107','3241970130','9153021701099040','789 Pine Street','2024-03-13 14:57:56',NULL,1,NULL),(401,644,'Ratna Fitri','1971-04-12','6285157450920','3714200326','9153021701099040','789 Pine Street','2024-03-13 14:57:56',NULL,1,NULL),(402,646,'Hendro Saputra','1972-02-14','6289673005853','3436266230','5755865972204020','789 Pine Street','2024-03-13 14:57:56',NULL,1,NULL),(403,647,'Siti Kusuma','1977-08-28','6288688299731','3146189119','5755865972204020','789 Pine Street','2024-03-13 14:57:56',NULL,1,NULL),(404,649,'Joko Nugroho','1978-02-21','6289102381411','3280453834','7166222290071900','123 Main St','2024-03-13 14:57:56',NULL,1,NULL),(405,650,'Siti Sari','1972-08-27','6282744975712','3208031129','7166222290071900','123 Main St','2024-03-13 14:57:56',NULL,1,NULL),(406,652,'Joko Prabowo','1976-12-22','6288841436220','3172668108','9787444000745010','456 Oak Avenue','2024-03-13 14:57:56',NULL,1,NULL),(407,653,'Maria Fitri','1972-05-22','6287114707843','3572193344','9787444000745010','456 Oak Avenue','2024-03-13 14:57:56',NULL,1,NULL),(408,655,'Agus Prabowo','1994-01-31','6283075299765','3620157088','9730648981744960','123 Main St','2024-03-13 14:57:56',NULL,1,NULL),(409,656,'Siti Wati','1989-08-31','6289737758707','3804899983','9730648981744960','123 Main St','2024-03-13 14:57:56',NULL,1,NULL),(410,658,'Agus Prabowo','1992-09-20','6286057091683','3797723430','4970643679533530','789 Pine Street','2024-03-13 14:57:56',NULL,1,NULL),(411,659,'Ayu Kusuma','1988-05-26','6281705839219','3805310990','4970643679533530','789 Pine Street','2024-03-13 14:57:56',NULL,1,NULL),(412,661,'Budi Wijaya','1986-04-14','6287939996245','3662222098','8449843118499920','456 Oak Avenue','2024-03-13 14:57:56',NULL,1,NULL),(413,662,'Siti Sari','1978-05-28','6281873459692','3762276459','8449843118499920','456 Oak Avenue','2024-03-13 14:57:56',NULL,1,NULL),(414,664,'Joko Nugroho','1988-08-01','6283033547378','3967184030','9646560609341240','123 Main St','2024-03-13 14:57:56',NULL,1,NULL),(415,665,'Ratna Wati','1970-01-06','6281694453760','3237173371','9646560609341240','123 Main St','2024-03-13 14:57:56',NULL,1,NULL),(416,667,'Agus Saputra','1971-01-10','6284169700008','3150511355','7728520349913300','456 Oak Avenue','2024-03-13 14:57:57',NULL,1,NULL),(417,668,'Linda Fitri','1989-07-09','6289284434423','3655540654','7728520349913300','456 Oak Avenue','2024-03-13 14:57:57',NULL,1,NULL),(418,670,'Iwan Prabowo','1982-02-10','6288691552949','3763100954','9237658656469260','123 Main St','2024-03-13 14:57:57',NULL,1,NULL),(419,671,'Maria Lestari','1970-06-19','6289737920376','3695407247','9237658656469260','123 Main St','2024-03-13 14:57:57',NULL,1,NULL),(420,673,'Joko Saputra','1977-10-04','6281817325082','3143381055','5281438167208900','567 Maple Lane','2024-03-13 14:57:57',NULL,1,NULL),(421,674,'Ratna Kusuma','1985-07-09','6281863550738','3846551412','5281438167208900','567 Maple Lane','2024-03-13 14:57:57',NULL,1,NULL),(422,676,'Agus Saputra','1984-07-05','6285819350294','3996796750','6654026287113880','123 Main St','2024-03-13 14:57:57',NULL,1,NULL),(423,677,'Ratna Wati','1982-05-05','6285465822736','3508010838','6654026287113880','123 Main St','2024-03-13 14:57:57',NULL,1,NULL),(424,679,'Joko Wijaya','1982-06-08','6284711708763','3599973615','9375919090909440','789 Pine Street','2024-03-13 14:57:57',NULL,1,NULL),(425,680,'Maria Fitri','1987-07-23','6282400695844','3358713199','9375919090909440','789 Pine Street','2024-03-13 14:57:57',NULL,1,NULL),(426,682,'Budi Saputra','1982-04-22','6289840792861','3898409150','2571461190302330','567 Maple Lane','2024-03-13 14:57:57',NULL,1,NULL),(427,683,'Siti Lestari','1977-10-02','6285570515321','3198759259','2571461190302330','567 Maple Lane','2024-03-13 14:57:57',NULL,1,NULL);
DROP TABLE IF EXISTS `school_schedule`;
CREATE TABLE `school_schedule` (
  `id` int(11) unsigned NOT NULL AUTO_INCREMENT,
  `subject_id` int(11) unsigned DEFAULT NULL,
  `day` tinyint(1) DEFAULT NULL COMMENT '1=senin, 2=selasa, 3=rabu, 4=kamis,5=jumat, 6=sabtu, 7=ahad',
  `clock_start` char(5) DEFAULT NULL,
  `clock_end` char(5) DEFAULT NULL,
  PRIMARY KEY (`id`),
  KEY `day` (`day`) USING BTREE,
  KEY `schedule_subject` (`subject_id`) USING BTREE,
  CONSTRAINT `schedule_subject` FOREIGN KEY (`subject_id`) REFERENCES `school_teacher_subject` (`id`) ON DELETE CASCADE ON UPDATE CASCADE
) ENGINE=InnoDB AUTO_INCREMENT=48 DEFAULT CHARSET=utf8 COMMENT='data jadwal';

INSERT INTO `school_schedule` VALUES (1,1,1,'09:00','12:00'),(2,57,7,'08:00','09:00'),(3,6,1,'09:00','10:00'),(4,4,1,'07:00','08:00'),(5,5,1,'08:00','09:00'),(6,15,1,'11:00','12:00'),(7,2,1,'16:00','17:00'),(8,9,1,'08:00','09:00'),(9,7,1,'07:00','08:00'),(10,13,1,'08:00','09:00'),(11,15,1,'12:00','13:00'),(12,3,1,'07:00','08:00'),(13,11,1,'08:00','09:00'),(14,1,5,'09:00','10:00'),(15,1,5,'10:00','12:00'),(16,1,1,'13:00','14:00'),(17,1,1,'14:00','16:00'),(18,1,1,'08:00','09:00'),(19,1,2,'07:00','08:00'),(20,1,3,'07:00','08:00'),(21,1,4,'08:00','09:00'),(22,1,6,'07:00','08:00'),(23,1,6,'08:00','10:00'),(24,1,4,'09:00','09:15'),(25,1,3,'12:00','14:00'),(26,1,2,'08:00','09:00'),(27,1,6,'10:00','12:00'),(28,1,6,'12:00','14:00'),(29,1,2,'09:00','10:00'),(30,1,6,'14:00','17:00'),(31,15,2,'10:00','11:00'),(32,1,4,'12:00','17:00'),(33,1,4,'07:00','08:00'),(35,1,5,'12:00','14:00'),(36,6,2,'11:00','12:00'),(37,1,5,'07:00','09:00'),(38,1,7,'07:00','09:00'),(39,1,7,'09:00','17:00'),(40,1,7,'17:00','23:00'),(41,1,2,'11:00','12:00'),(42,2,2,'12:00','13:00'),(43,15,3,'09:00','12:00'),(44,1,3,'14:00','17:00'),(45,1,2,'05:00','07:00'),(46,1,3,'05:00','06:00'),(47,1,3,'08:00','09:00');
DROP TABLE IF EXISTS `school_student`;
CREATE TABLE `school_student` (
  `id` int(11) unsigned NOT NULL AUTO_INCREMENT,
  `user_id` int(11) unsigned DEFAULT NULL,
  `parent_id_dad` int(11) unsigned DEFAULT NULL COMMENT 'parent id ayah siswa',
  `parent_id_mom` int(11) unsigned DEFAULT NULL COMMENT 'parent id ibu siswa',
  `parent_id_guard` int(11) unsigned DEFAULT NULL COMMENT 'parent id wali siswa (jika ada)',
  `name` varchar(225) DEFAULT NULL,
  `birthday` date DEFAULT NULL,
  `nis` varchar(225) DEFAULT NULL COMMENT 'nomor induk siswa',
  `nokk` char(16) DEFAULT NULL COMMENT 'nomor kartu keluarga',
  `address` text NOT NULL COMMENT 'alamat',
  `image` varchar(255) NOT NULL,
  `created` datetime DEFAULT CURRENT_TIMESTAMP,
  `updated` datetime DEFAULT NULL ON UPDATE CURRENT_TIMESTAMP,
  PRIMARY KEY (`id`),
  UNIQUE KEY `nis` (`nis`)
) ENGINE=InnoDB AUTO_INCREMENT=212 DEFAULT CHARSET=utf8 COMMENT='data siswa';

INSERT INTO `school_student` VALUES (1,25,1,2,0,'Sofia Pratama','2021-12-21','2182','2977474626328383','242 Cedar Street, CityD','','2024-02-01 13:39:34',NULL),(3,31,5,6,0,'Farhan Pratama','2022-11-29','5291','8815676638896236','890 Elm Road','','2024-02-01 13:39:34',NULL),(4,34,7,8,0,'Alya Cahaya','2005-05-08','6773','8926774470499122','123 Main St','','2024-02-01 13:39:34',NULL),(5,37,9,10,0,'Farhan Cahaya','2008-04-27','8809','2431882159688996','123 Main St','','2024-02-01 13:39:34',NULL),(8,46,15,16,0,'Rafa Maharani','2019-04-20','1707','8152911332880496','789 Pine Street','','2024-02-01 13:39:34',NULL),(9,49,17,18,0,'Alya Wardhana','2003-12-07','7382','5024154539255437','123 Main St','','2024-02-01 13:39:34',NULL),(10,52,19,20,0,'Rizky Wardhana','2000-12-29','9876','2660922916383171','123 Main St','','2024-02-01 13:39:34',NULL),(11,55,21,22,0,'Sofia Wardhana','2010-10-31','5158','3216065521761213','890 Elm Road','','2024-02-01 13:39:34',NULL),(12,58,23,24,0,'Sofia Putra','2021-09-22','7581','3419651079540860','123 Main St','','2024-02-01 13:39:34',NULL),(13,61,25,26,0,'Farhan Cahaya','2017-10-28','8801','5742419443116018','123 Main St','','2024-02-01 13:39:34',NULL),(14,64,27,28,0,'Sofia Putra','2014-11-19','2470','9071135701754316','456 Oak Avenue','','2024-02-01 13:39:34',NULL),(15,67,29,30,0,'Farhan Wardhana','2007-09-14','6581','2279843008404134','567 Maple Lane','','2024-02-01 13:39:34',NULL),(17,73,33,34,0,'Rafa Pratama','2016-09-01','5094','2921653273580003','456 Oak Avenue','','2024-02-01 13:39:34',NULL),(18,76,35,36,0,'Alya Pratama','2016-05-13','5614','8008464545023756','456 Oak Avenue','','2024-02-01 13:39:34',NULL),(19,79,37,38,0,'Alya Pratama','2016-10-08','8001','5599815142291982','123 Main St','','2024-02-01 13:39:34',NULL),(20,82,39,40,0,'Rafa Cahaya','2018-10-03','2450','7405575592280859','567 Maple Lane','','2024-02-01 13:39:34',NULL),(21,85,41,42,0,'Sofia Maharani','2016-10-14','5659','5512653960715969','456 Oak Avenue','','2024-02-01 13:39:34',NULL),(22,88,43,44,0,'Rafa Pratama','2018-11-12','9529','6257292427175305','123 Main St','','2024-02-01 13:39:34',NULL),(23,91,45,46,0,'Rafa Wardhana','2016-07-02','2719','2575427212633410','789 Pine Street','','2024-02-01 13:39:34',NULL),(24,94,47,48,0,'Rizky Maharani','2010-06-20','8045','9407623681371124','789 Pine Street','','2024-02-01 13:39:34',NULL),(25,97,49,50,0,'Rafa Wardhana','2018-05-30','2049','3280011656093619','567 Maple Lane','','2024-02-01 13:39:34',NULL),(26,100,51,52,0,'Rafa Putra','2008-07-03','9648','2961289483300369','567 Maple Lane','','2024-02-01 13:39:34',NULL),(27,103,53,54,0,'Sofia Wardhana','2007-01-31','6994','5526749682780538','890 Elm Road','','2024-02-01 13:39:34',NULL),(28,106,55,56,0,'Farhan Pratama','2006-03-16','5630','5485204024776619','456 Oak Avenue','','2024-02-01 13:39:34',NULL),(29,109,57,58,0,'Sofia Putra','2022-09-22','5426','4880680328402769','789 Pine Street','','2024-02-01 13:39:34',NULL),(30,112,59,60,0,'Sofia Putra','2023-12-19','5784','5442289690317815','123 Main St','','2024-02-01 13:39:34',NULL),(31,115,61,62,0,'Rizky Maharani','2005-08-14','1266','9322608298145884','456 Oak Avenue','','2024-02-01 13:39:34',NULL),(32,118,63,64,0,'Alya Putra','2008-09-04','4966','2964321475008572','890 Elm Road','','2024-02-01 13:39:35',NULL),(33,121,65,66,0,'Sofia Cahaya','2021-12-14','3281','6957234017445632','123 Main St','','2024-02-01 13:39:35',NULL),(34,124,67,68,0,'Farhan Putra','2019-05-13','5188','1295457929548772','123 Main St','','2024-02-01 13:39:35',NULL),(35,127,69,70,0,'Sofia Cahaya','2004-08-30','1708','7234746341899188','789 Pine Street','','2024-02-01 13:39:35',NULL),(36,130,71,72,0,'Rafa Pratama','2017-12-25','1046','2512618521232682','890 Elm Road','','2024-02-01 13:39:35',NULL),(37,133,73,74,0,'Rafa Cahaya','2010-11-04','5835','4092155097298672','123 Main St','','2024-02-01 13:39:35',NULL),(38,136,75,76,0,'Rizky Pratama','2018-07-05','2418','5527469678155514','567 Maple Lane','','2024-02-01 13:39:35',NULL),(39,139,77,78,0,'Sofia Cahaya','2000-10-02','9939','9161628095639512','890 Elm Road','','2024-02-01 13:39:35',NULL),(40,142,79,80,0,'Sofia Pratama','2014-07-06','5374','1343264666128805','890 Elm Road','','2024-02-01 13:39:35',NULL),(41,145,81,82,0,'Rizky Pratama','2008-08-17','7925','1263448051601662','890 Elm Road','','2024-02-01 13:39:35',NULL),(42,148,83,84,0,'Rafa Wardhana','2012-05-04','7948','9799737287574776','789 Pine Street','','2024-02-01 13:39:35',NULL),(43,151,85,86,0,'Farhan Maharani','2014-06-05','1576','5315415958327646','890 Elm Road','','2024-02-01 13:39:35',NULL),(44,154,87,88,0,'Alya Cahaya','2021-06-14','1920','3742179117768201','123 Main St','','2024-02-01 13:39:35',NULL),(45,157,89,90,0,'Alya Pratama','2003-05-11','2744','9463043888936490','567 Maple Lane','','2024-02-01 13:39:35',NULL),(46,160,91,92,0,'Rafa Wardhana','2002-08-13','2695','9748058681510708','456 Oak Avenue','','2024-02-01 13:39:35',NULL),(47,163,93,94,0,'Alya Cahaya','2021-10-08','1481','6942425448234088','123 Main St','','2024-02-01 13:39:35',NULL),(48,166,95,96,0,'Rizky Cahaya','2023-08-26','1951','9734739818399126','789 Pine Street','','2024-02-01 13:39:35',NULL),(49,169,97,98,0,'Rizky Pratama','2022-02-03','1595','4402158527655643','890 Elm Road','','2024-02-01 13:39:35',NULL),(51,175,101,102,0,'Sofia Maharani','2006-05-17','1362','8110865020195800','890 Elm Road','','2024-02-01 13:39:35',NULL),(52,178,103,104,0,'Sofia Wardhana','2020-08-28','8136','4212457858240739','890 Elm Road','','2024-02-01 13:39:35',NULL),(53,181,105,106,0,'Rizky Wardhana','2018-09-19','6771','2187222059706208','890 Elm Road','','2024-02-01 13:39:35',NULL),(54,184,107,108,0,'Alya Wardhana','2017-04-28','9638','1709027880414083','123 Main St','','2024-02-01 13:39:35',NULL),(55,187,109,110,0,'Rafa Putra','2007-01-06','5558','9257581349756484','456 Oak Avenue','','2024-02-01 13:39:35',NULL),(56,190,111,112,0,'Alya Pratama','2005-01-13','4102','4945295159379257','567 Maple Lane','','2024-02-01 13:39:35',NULL),(57,193,113,114,0,'Farhan Wardhana','2017-07-20','1391','3601928124994505','567 Maple Lane','','2024-02-01 13:39:35',NULL),(58,196,115,116,0,'Rafa Wardhana','2016-06-19','5923','4218494547966254','456 Oak Avenue','','2024-02-01 13:39:35',NULL),(59,199,117,118,0,'Alya Wardhana','2008-03-24','9993','6401691682719546','789 Pine Street','','2024-02-01 13:39:35',NULL),(60,202,119,120,0,'Alya Wardhana','2022-11-18','6204','8364796887971204','890 Elm Road','','2024-02-01 13:39:35',NULL),(61,205,121,122,0,'Farhan Maharani','2020-10-03','4607','8036883961698507','560 Main Street, CityD','','2024-02-01 13:41:14',NULL),(62,208,123,124,0,'Alya Pratama','2005-06-29','8101','1109073300484353','567 Maple Lane','','2024-02-01 13:41:14',NULL),(63,211,125,126,0,'Sofia Wardhana','2018-02-19','6223','3838045410421060','567 Maple Lane','','2024-02-01 13:41:14',NULL),(64,214,127,128,0,'Rafa Cahaya','2011-07-12','3022','6176523473354015','567 Maple Lane','','2024-02-01 13:41:14',NULL),(65,217,129,130,0,'Alya Pratama','2001-06-02','7670','7612448259332349','890 Elm Road','','2024-02-01 13:41:14',NULL),(66,220,131,132,0,'Farhan Pratama','2005-05-01','9565','7500296598012751','567 Maple Lane','','2024-02-01 13:41:14',NULL),(67,223,133,134,0,'Sofia Putra','2018-04-20','1495','4675498148472020','456 Oak Avenue','','2024-02-01 13:41:14',NULL),(68,226,135,136,0,'Rafa Pratama','2007-12-24','3751','7269152867865508','123 Main St','','2024-02-01 13:41:14',NULL),(69,229,137,138,0,'Farhan Pratama','2015-08-03','7458','8214144440147482','890 Elm Road','','2024-02-01 13:41:14',NULL),(70,232,139,140,0,'Alya Putra','2010-08-14','7869','5690203220718481','789 Pine Street','','2024-02-01 13:41:14',NULL),(71,380,239,240,0,'Farhan Cahaya','2005-09-28','3210','8782910185412343','456 Oak Avenue','','2024-02-01 13:41:15','2024-02-01 16:14:24'),(72,237,143,144,0,'Rafa Pratama','2004-05-22','5745','7879201741143508','123 Main St','','2024-02-01 13:41:14',NULL),(73,240,145,146,0,'Rafa Putra','2019-06-05','4754','7942322046908639','456 Oak Avenue','','2024-02-01 13:41:14',NULL),(74,243,147,148,0,'Rizky Cahaya','2013-11-15','1831','9383249386792632','456 Oak Avenue','','2024-02-01 13:41:14',NULL),(75,246,149,150,0,'Rizky Putra','2012-05-29','7283','2315938846160526','456 Oak Avenue','','2024-02-01 13:41:14',NULL),(76,249,151,152,0,'Farhan Wardhana','2010-01-09','8309','1507018813103083','567 Maple Lane','','2024-02-01 13:41:14',NULL),(77,252,153,154,0,'Sofia Putra','2010-10-14','3150','9786161592264132','789 Pine Street','','2024-02-01 13:41:14',NULL),(78,255,155,156,0,'Sofia Wardhana','2011-06-13','9395','2617255212332223','890 Elm Road','','2024-02-01 13:41:14',NULL),(79,258,157,158,0,'Farhan Putra','2020-12-01','5099','7840088508353336','567 Maple Lane','','2024-02-01 13:41:14',NULL),(80,261,159,160,0,'Farhan Pratama','2020-12-24','8653','7428796272493258','890 Elm Road','','2024-02-01 13:41:14',NULL),(81,264,161,162,0,'Rafa Pratama','2016-10-26','2356','5434981345136415','123 Main St','','2024-02-01 13:41:14',NULL),(82,267,163,164,0,'Sofia Maharani','2005-08-29','2056','3045991181049734','567 Maple Lane','','2024-02-01 13:41:14',NULL),(83,270,165,166,0,'Rizky Cahaya','2020-10-09','9393','5623844618733834','567 Maple Lane','','2024-02-01 13:41:14',NULL),(84,273,167,168,0,'Farhan Maharani','2023-10-02','1503','4885545812662543','789 Pine Street','','2024-02-01 13:41:14',NULL),(85,276,169,170,0,'Rizky Pratama','2015-01-08','5632','4977176584558423','456 Oak Avenue','','2024-02-01 13:41:14',NULL),(86,279,171,172,0,'Rizky Maharani','2018-02-22','2585','6071023265561341','456 Oak Avenue','','2024-02-01 13:41:14',NULL),(87,282,173,174,0,'Farhan Maharani','2003-04-28','9404','9955410269934238','567 Maple Lane','','2024-02-01 13:41:14',NULL),(88,285,175,176,0,'Alya Putra','2013-03-29','3239','4160329924400079','890 Elm Road','','2024-02-01 13:41:14',NULL),(89,288,177,178,0,'Rizky Pratama','2021-04-04','4767','3027741329700892','890 Elm Road','','2024-02-01 13:41:14',NULL),(90,291,179,180,0,'Alya Cahaya','2015-10-31','4761','7161967951536441','890 Elm Road','','2024-02-01 13:41:14',NULL),(91,294,181,182,0,'Sofia Pratama','2018-01-07','2819','5396304419715612','567 Maple Lane','','2024-02-01 13:41:14',NULL),(92,297,183,184,0,'Rizky Cahaya','2022-02-25','4639','3211072676449374','456 Oak Avenue','','2024-02-01 13:41:14',NULL),(93,300,185,186,0,'Rafa Maharani','2014-01-25','8254','6390770998574189','789 Pine Street','','2024-02-01 13:41:14',NULL),(94,303,187,188,0,'Farhan Pratama','2023-01-01','8209','8110261117118722','456 Oak Avenue','','2024-02-01 13:41:14',NULL),(95,306,189,190,0,'Farhan Pratama','2003-11-27','4709','1708769227842983','789 Pine Street','','2024-02-01 13:41:14',NULL),(96,309,191,192,0,'Alya Wardhana','2005-03-19','1257','2708332804941855','890 Elm Road','','2024-02-01 13:41:14',NULL),(97,312,193,194,0,'Farhan Putra','2007-03-11','1453','9769724892333308','789 Pine Street','','2024-02-01 13:41:14',NULL),(98,315,195,196,0,'Alya Wardhana','2000-02-29','1961','6075842642903404','789 Pine Street','','2024-02-01 13:41:14',NULL),(99,318,197,198,0,'Alya Pratama','2006-07-24','2556','9811320518696860','567 Maple Lane','','2024-02-01 13:41:14',NULL),(100,321,199,200,0,'Rizky Maharani','2019-09-04','6406','5950939466971805','890 Elm Road','','2024-02-01 13:41:14',NULL),(101,324,201,202,0,'Sofia Wardhana','2021-10-14','3496','3315452344990487','456 Oak Avenue','','2024-02-01 13:41:14',NULL),(102,327,203,204,0,'Rafa Putra','2008-06-05','5840','6757922645693296','123 Main St','','2024-02-01 13:41:14',NULL),(103,330,205,206,0,'Alya Pratama','2006-12-13','2120','5947401547048288','789 Pine Street','','2024-02-01 13:41:14',NULL),(104,333,207,208,0,'Rafa Cahaya','2003-08-25','1623','4873664443062047','123 Main St','','2024-02-01 13:41:14',NULL),(105,377,237,238,0,'Sofia Wardhana','2015-09-30','1381','1077034105842044','789 Pine Street','','2024-02-01 13:41:15','2024-02-01 16:14:41'),(106,338,211,212,0,'Farhan Wardhana','2000-12-03','9985','3917784542566216','567 Maple Lane','','2024-02-01 13:41:14',NULL),(107,341,213,214,0,'Rizky Wardhana','2019-09-10','5192','8209818343841100','789 Pine Street','','2024-02-01 13:41:14',NULL),(108,344,215,216,0,'Rafa Wardhana','2006-03-17','1162','5076541935957237','456 Oak Avenue','','2024-02-01 13:41:14',NULL),(109,347,217,218,0,'Sofia Cahaya','2020-01-31','7274','1832234494876761','456 Oak Avenue','','2024-02-01 13:41:14',NULL),(110,350,219,220,0,'Farhan Cahaya','2006-01-11','4573','1286211571499430','890 Elm Road','','2024-02-01 13:41:14',NULL),(111,353,221,222,0,'Farhan Putra','2012-11-02','4825','4984573772354220','789 Pine Street','','2024-02-01 13:41:15',NULL),(112,356,223,224,0,'Sofia Pratama','2018-08-25','5233','6463659512771774','789 Pine Street','','2024-02-01 13:41:15',NULL),(113,359,225,226,0,'Rizky Pratama','2012-05-16','8609','5535139997668104','890 Elm Road','','2024-02-01 13:41:15',NULL),(114,362,227,228,0,'Farhan Wardhana','2017-12-19','8384','3129187082776539','123 Main St','','2024-02-01 13:41:15',NULL),(115,365,229,230,0,'Rafa Maharani','2011-03-15','7528','9388555968567452','123 Main St','','2024-02-01 13:41:15',NULL),(116,368,231,232,0,'Rafa Wardhana','2010-01-10','7461','5455858940707432','789 Pine Street','','2024-02-01 13:41:15',NULL),(117,371,233,234,0,'Alya Cahaya','2014-12-04','6477','5376107270517190','123 Main St','','2024-02-01 13:41:15',NULL),(118,374,235,236,0,'Rafa Putra','2004-01-23','8877','1107145189487862','123 Main St','','2024-02-01 13:41:15',NULL),(119,383,141,142,0,'Alya Cahaya','2008-01-18','9533','4140132839302757','704 Cedar Street, CityD','','2024-02-01 16:15:53','2024-02-01 16:41:30'),(120,386,209,210,0,'Rizky Maharani','2020-11-15','7477','5120095667882381','456 Oak Avenue','','2024-02-01 16:15:53','2024-02-01 16:41:43'),(121,387,1,2,0,'hananta afgan','2006-05-22','08525','2977474626328383','kudus','','2024-02-06 14:30:33',NULL),(122,393,0,0,245,'nabila queen hamrarose','2007-06-22','46546550','19837491732183','kudus','','2024-02-09 11:13:49',NULL),(123,396,246,247,0,'happy asmara','2006-02-02','56465777','979879879222','kudus','','2024-02-09 11:19:50',NULL),(124,398,0,0,248,'ahmad ','2005-08-28','92834753','123431223','kudus','','2024-02-09 11:23:33',NULL),(125,401,249,250,0,'iskandar','2007-08-05','85928345','290348570293','demak','','2024-02-09 11:26:13',NULL),(126,413,412,256,0,'Muhammad Fikri Ramadhan','2000-03-15','04481','6000333210555670','kudus','','2024-03-06 06:30:41',NULL),(127,416,258,415,0,'Putri Aulia Zahra','2001-08-22','04482','4000222110444560','kudus','','2024-03-06 06:30:41',NULL),(128,419,260,418,0,'Rizky Pratama Utama','2002-01-05','04483','5000111990333440','kudus','','2024-03-06 06:30:41',NULL),(129,422,262,421,0,'Nurul Fitriani Sari','2003-07-11','04484','7000444330222110','kudus','','2024-03-06 06:30:41',NULL),(130,425,264,424,0,'Aditya Kurniawan','2004-12-28','04485','8000555550111990','kudus','','2024-03-06 06:30:41',NULL),(131,428,266,427,0,'Anisa Putri Rahayu','2005-04-09','04486','2000666660999890','kudus','','2024-03-06 06:30:41',NULL),(132,431,268,269,0,'Rafi Pratama Nugraha','2006-09-14','04487','3000777770888780','kudus','','2024-03-06 06:30:41',NULL),(133,434,270,433,0,'Siti Nur Hidayah','2000-11-02','04488','9000888880777670','kudus','','2024-03-06 06:30:41',NULL),(134,437,272,436,0,'Arya Wijaya Kusuma','2001-06-18','04489','1000999990666560','kudus','','2024-03-06 06:30:41',NULL),(135,440,274,275,0,'Dian Pratiwi Anggraini','2002-02-25','04490','2000111110555440','kudus','','2024-03-06 06:30:41',NULL),(136,443,276,277,0,'Ilham Akbar Putra','2003-09-30','04491','3000222220444330','kudus','','2024-03-06 06:30:42',NULL),(137,446,278,445,0,'Melati Puspita Sari','2004-05-16','04492','4000333330333220','kudus','','2024-03-06 06:30:42',NULL),(138,449,280,281,0,'Yoga Wahyu Pratama','2005-10-21','04493','5000444440222110','kudus','','2024-03-06 06:30:42',NULL),(139,452,282,283,0,'Citra Amelia Dewi','2006-03-07','04494','6000555550111990','kudus','','2024-03-06 06:30:42',NULL),(140,455,284,285,0,'Fahri Ramadhani','2000-08-13','04495','7000666660999890','kudus','','2024-03-06 06:30:42',NULL),(141,458,286,287,0,'Dinda Permata Sari','2001-01-28','04496','8000777770888780','kudus','','2024-03-06 06:30:42',NULL),(142,461,288,289,0,'Bagus Adi Prakoso','2002-06-03','04497','9000888880777670','kudus','','2024-03-06 06:30:42',NULL),(143,464,290,291,0,'Rara Amanda Putri','2003-12-09','04498','1000999990666560','kudus','','2024-03-06 06:30:42',NULL),(144,467,292,293,0,'Rizki Prabowo Nugroho','2004-04-24','04499','2000111110555440','kudus','','2024-03-06 06:30:42',NULL),(145,470,294,295,0,'Bella Nurul Hikmah','2005-11-29','04500','3000222220444330','kudus','','2024-03-06 06:30:42',NULL),(146,473,296,297,0,'Arief Budiman','2006-07-04','04501','4000333330333220','kudus','','2024-03-06 06:30:42',NULL),(147,476,298,299,0,'Farida Rizky Pratiwi','2000-02-19','04502','5000444440222110','kudus','','2024-03-06 06:30:42',NULL),(148,479,300,301,0,'Dito Saputra','2001-07-26','04503','6000555550111990','kudus','','2024-03-06 06:30:42',NULL),(149,482,302,303,0,'Rina Agustina','2002-12-31','04504','7000666660999890','kudus','','2024-03-06 06:30:42',NULL),(150,485,304,305,0,'Aldi Prasetyo','2003-05-14','04505','8000777770888780','kudus','','2024-03-06 06:30:42',NULL),(151,488,306,307,0,'Maya Indah Lestari','2004-10-19','04506','9000888880777670','kudus','','2024-03-06 06:30:42',NULL),(152,507,308,309,0,'Alya Wardhana','2008-12-25','5961611','1366701782816850','947 Oak Street, CityA','','2024-03-13 14:57:53',NULL),(153,510,310,311,0,'Alya Wardhana','2002-03-01','5329150','8552050564305330','890 Elm Road','','2024-03-13 14:57:53',NULL),(154,513,312,313,0,'Rizky Maharani','2020-10-22','9927752','8063695619266930','456 Oak Avenue','','2024-03-13 14:57:53',NULL),(155,516,314,315,0,'Sofia Cahaya','2014-07-02','4783754','3449730891241750','123 Main St','','2024-03-13 14:57:53',NULL),(156,519,316,317,0,'Rafa Wardhana','2010-01-07','2723033','9162953661563640','123 Main St','','2024-03-13 14:57:53',NULL),(157,522,318,319,0,'Alya Putra','2011-03-04','4929461','9690449204411150','890 Elm Road','','2024-03-13 14:57:53',NULL),(158,525,320,321,0,'Alya Pratama','2010-04-29','6273130','5041774556162630','123 Main St','','2024-03-13 14:57:53',NULL),(159,528,322,323,0,'Alya Putra','2013-04-16','7977187','7964698052753990','456 Oak Avenue','','2024-03-13 14:57:53',NULL),(160,531,324,325,0,'Alya Putra','2011-03-06','6409423','7502595251679480','123 Main St','','2024-03-13 14:57:53',NULL),(161,534,326,327,0,'Farhan Maharani','2015-08-01','3440435','2124760508872610','123 Main St','','2024-03-13 14:57:53',NULL),(162,537,328,329,0,'Alya Maharani','2002-11-11','9506726','9596462438551320','890 Elm Road','','2024-03-13 14:57:54',NULL),(163,540,330,331,0,'Rafa Cahaya','2020-09-05','2400536','1006611483489680','456 Oak Avenue','','2024-03-13 14:57:54',NULL),(164,543,332,333,0,'Rizky Cahaya','2014-11-01','6195173','1889012565798780','567 Maple Lane','','2024-03-13 14:57:54',NULL),(165,546,334,335,0,'Rafa Putra','2001-04-11','2882961','1006206766063710','567 Maple Lane','','2024-03-13 14:57:54',NULL),(166,549,336,337,0,'Rizky Maharani','2002-08-26','1686280','8471564721141590','890 Elm Road','','2024-03-13 14:57:54',NULL),(167,552,338,339,0,'Rizky Pratama','2016-03-12','1648147','2723162108193700','456 Oak Avenue','','2024-03-13 14:57:54',NULL),(168,555,340,341,0,'Rafa Wardhana','2011-09-17','4362908','9690304085902200','567 Maple Lane','','2024-03-13 14:57:54',NULL),(169,558,342,343,0,'Alya Maharani','2023-05-19','4480053','2260230611462530','123 Main St','','2024-03-13 14:57:54',NULL),(170,561,344,345,0,'Farhan Wardhana','2007-08-02','4372183','1990053163399400','890 Elm Road','','2024-03-13 14:57:54',NULL),(171,564,346,347,0,'Rafa Cahaya','2021-05-07','1354146','3593287127768190','456 Oak Avenue','','2024-03-13 14:57:54',NULL),(172,567,348,349,0,'Alya Wardhana','2018-05-29','1335150','5227298303273730','567 Maple Lane','','2024-03-13 14:57:54',NULL),(173,570,350,351,0,'Sofia Wardhana','2004-12-04','7837366','4362764920706240','890 Elm Road','','2024-03-13 14:57:54',NULL),(174,573,352,353,0,'Rizky Pratama','2018-10-04','8341751','5837104165724840','789 Pine Street','','2024-03-13 14:57:54',NULL),(175,576,354,355,0,'Farhan Putra','2008-07-18','6174467','1715216571971430','456 Oak Avenue','','2024-03-13 14:57:54',NULL),(176,579,356,357,0,'Sofia Wardhana','2001-01-12','7964682','1865674187874870','789 Pine Street','','2024-03-13 14:57:55',NULL),(177,582,358,359,0,'Rizky Cahaya','2009-03-14','8991048','4372147876117280','567 Maple Lane','','2024-03-13 14:57:55',NULL),(178,585,360,361,0,'Rafa Putra','2018-05-16','3244671','2844029780681720','123 Main St','','2024-03-13 14:57:55',NULL),(179,588,362,363,0,'Sofia Maharani','2009-07-10','7056156','7583387321013250','789 Pine Street','','2024-03-13 14:57:55',NULL),(180,591,364,365,0,'Alya Cahaya','2003-12-01','7846829','5770358401188230','123 Main St','','2024-03-13 14:57:55',NULL),(181,594,366,367,0,'Rafa Cahaya','2003-02-02','6790698','9331227509726030','123 Main St','','2024-03-13 14:57:55',NULL),(182,597,368,369,0,'Rafa Maharani','2012-12-21','6790784','6921370974399240','890 Elm Road','','2024-03-13 14:57:55',NULL),(183,600,370,371,0,'Rafa Putra','2006-01-30','8258016','1849790133645570','789 Pine Street','','2024-03-13 14:57:55',NULL),(184,603,372,373,0,'Farhan Wardhana','2006-08-01','4096184','6145852228054400','567 Maple Lane','','2024-03-13 14:57:55',NULL),(185,606,374,375,0,'Farhan Pratama','2007-05-12','3368427','7874124765979350','456 Oak Avenue','','2024-03-13 14:57:55',NULL),(186,609,376,377,0,'Rizky Cahaya','2013-04-26','7692186','3403022986927410','789 Pine Street','','2024-03-13 14:57:55',NULL),(187,612,378,379,0,'Rafa Cahaya','2018-12-28','5465752','1852767790716290','789 Pine Street','','2024-03-13 14:57:55',NULL),(188,615,380,381,0,'Rizky Maharani','2003-11-01','8203415','6096511013609060','456 Oak Avenue','','2024-03-13 14:57:55',NULL),(189,618,382,383,0,'Rizky Putra','2023-12-12','5356608','4986125802127120','567 Maple Lane','','2024-03-13 14:57:55',NULL),(190,621,384,385,0,'Alya Cahaya','2006-01-06','5334928','3077337890749030','456 Oak Avenue','','2024-03-13 14:57:55',NULL),(191,624,386,387,0,'Alya Maharani','2001-01-09','8190894','8486701570050980','890 Elm Road','','2024-03-13 14:57:56',NULL),(192,627,388,389,0,'Rafa Maharani','2003-01-09','5893858','2391867616002810','789 Pine Street','','2024-03-13 14:57:56',NULL),(193,630,390,391,0,'Farhan Wardhana','2014-10-12','7257794','1822222545195200','567 Maple Lane','','2024-03-13 14:57:56',NULL),(194,633,392,393,0,'Farhan Putra','2003-11-01','8970848','4250680487857280','456 Oak Avenue','','2024-03-13 14:57:56',NULL),(195,636,394,395,0,'Rizky Maharani','2018-12-18','4122206','4030427587237810','567 Maple Lane','','2024-03-13 14:57:56',NULL),(196,639,396,397,0,'Rizky Maharani','2000-09-22','1076301','8733977737772600','123 Main St','','2024-03-13 14:57:56',NULL),(197,642,398,399,0,'Rafa Cahaya','2012-01-06','2371760','9623236568183280','789 Pine Street','','2024-03-13 14:57:56',NULL),(198,645,400,401,0,'Sofia Maharani','2008-02-19','2005053','9153021701099040','789 Pine Street','','2024-03-13 14:57:56',NULL),(199,648,402,403,0,'Alya Cahaya','2020-10-23','2026723','5755865972204020','789 Pine Street','','2024-03-13 14:57:56',NULL),(200,651,404,405,0,'Rafa Wardhana','2008-11-13','1822193','7166222290071900','123 Main St','','2024-03-13 14:57:56',NULL),(201,654,406,407,0,'Rafa Maharani','2000-12-19','3415451','9787444000745010','456 Oak Avenue','','2024-03-13 14:57:56',NULL),(202,657,408,409,0,'Farhan Cahaya','2003-07-23','1308939','9730648981744960','123 Main St','','2024-03-13 14:57:56',NULL),(203,660,410,411,0,'Farhan Wardhana','2010-01-26','6227252','4970643679533530','789 Pine Street','','2024-03-13 14:57:56',NULL),(204,663,412,413,0,'Rafa Maharani','2014-02-19','9111149','8449843118499920','456 Oak Avenue','','2024-03-13 14:57:56',NULL),(205,666,414,415,0,'Rizky Putra','2021-06-06','6787951','9646560609341240','123 Main St','','2024-03-13 14:57:57',NULL),(206,669,416,417,0,'Farhan Cahaya','2002-11-26','2450695','7728520349913300','456 Oak Avenue','','2024-03-13 14:57:57',NULL),(207,672,418,419,0,'Farhan Wardhana','2021-10-31','3033328','9237658656469260','123 Main St','','2024-03-13 14:57:57',NULL),(208,675,420,421,0,'Rizky Cahaya','2010-08-31','1105554','5281438167208900','567 Maple Lane','','2024-03-13 14:57:57',NULL),(209,678,422,423,0,'Rafa Wardhana','2017-06-11','1705804','6654026287113880','123 Main St','','2024-03-13 14:57:57',NULL),(210,681,424,425,0,'Alya Pratama','2008-07-15','3528065','9375919090909440','789 Pine Street','','2024-03-13 14:57:57',NULL),(211,684,426,427,0,'Sofia Maharani','2013-02-09','1172548','2571461190302330','567 Maple Lane','','2024-03-13 14:57:57',NULL);
DROP TABLE IF EXISTS `school_student_class`;
CREATE TABLE `school_student_class` (
  `id` int(11) unsigned NOT NULL AUTO_INCREMENT,
  `student_id` int(11) unsigned DEFAULT NULL,
  `class_id` int(11) unsigned DEFAULT NULL,
  `number` int(11) unsigned DEFAULT NULL COMMENT 'nomor absent siswa',
  PRIMARY KEY (`id`),
  UNIQUE KEY `unique_student` (`student_id`),
  KEY `class_class` (`class_id`) USING BTREE,
  CONSTRAINT `class_class` FOREIGN KEY (`class_id`) REFERENCES `school_class` (`id`) ON DELETE CASCADE ON UPDATE CASCADE
) ENGINE=InnoDB AUTO_INCREMENT=122 DEFAULT CHARSET=utf8 COMMENT='data menyimpan siswa per kelas';

INSERT INTO `school_student_class` VALUES (1,1,1,1),(3,3,1,3),(4,4,1,4),(5,5,1,5),(8,8,1,8),(9,9,1,9),(10,10,1,10),(11,11,1,11),(12,12,1,12),(13,13,1,13),(14,14,1,14),(15,15,1,15),(17,17,1,17),(18,18,1,18),(19,19,1,19),(20,20,1,20),(21,21,1,21),(22,22,1,22),(23,23,1,23),(24,24,1,24),(25,25,1,25),(26,26,1,26),(27,27,1,27),(28,28,1,28),(29,29,1,29),(30,30,1,30),(31,31,2,1),(32,32,2,2),(33,33,2,3),(34,34,2,4),(35,35,2,5),(36,36,2,6),(37,37,2,7),(38,38,2,8),(39,39,2,9),(40,40,2,10),(41,41,2,11),(42,42,2,12),(43,43,2,13),(44,44,2,14),(45,45,2,15),(46,46,2,16),(47,47,2,17),(48,48,2,18),(49,49,2,19),(51,51,2,21),(52,52,2,22),(53,53,2,23),(54,54,2,24),(55,55,2,25),(56,56,2,26),(57,57,2,27),(58,58,2,28),(59,59,2,29),(60,60,2,30),(61,61,3,1),(62,62,3,2),(63,63,3,3),(64,64,3,4),(65,65,3,5),(66,66,3,6),(67,67,3,7),(68,68,3,8),(69,69,3,9),(70,70,3,10),(71,71,3,11),(72,72,3,12),(73,73,3,13),(74,74,3,14),(75,75,3,15),(76,76,3,16),(77,77,3,17),(78,78,3,18),(79,79,3,19),(80,80,3,20),(81,81,3,21),(82,82,3,22),(83,83,3,23),(84,84,3,24),(85,85,3,25),(86,86,3,26),(87,87,3,27),(88,88,3,28),(89,89,3,29),(90,90,3,30),(91,91,4,1),(92,92,4,2),(93,93,4,3),(94,94,4,4),(95,95,4,5),(96,96,4,6),(97,97,4,7),(98,98,4,8),(99,99,4,9),(100,100,4,10),(101,101,4,11),(102,102,4,12),(103,103,4,13),(104,104,4,14),(105,105,4,15),(106,106,4,16),(107,107,4,17),(108,108,4,18),(109,109,4,19),(110,110,4,20),(111,111,4,21),(112,112,4,22),(113,113,4,23),(114,114,4,24),(115,115,4,25),(116,116,4,26),(117,117,4,27),(118,118,4,28),(119,119,4,29),(120,120,4,30),(121,121,1,31);
DROP TABLE IF EXISTS `school_student_parent`;
CREATE TABLE `school_student_parent` (
  `id` int(11) unsigned NOT NULL AUTO_INCREMENT,
  `student_id` int(11) unsigned DEFAULT NULL,
  `parent_id` int(11) unsigned DEFAULT NULL,
  PRIMARY KEY (`id`),
  KEY `student_parent_parent` (`parent_id`) USING BTREE,
  KEY `student_parent_student` (`student_id`) USING BTREE,
  CONSTRAINT `student_parent_parent` FOREIGN KEY (`parent_id`) REFERENCES `school_parent` (`id`) ON DELETE CASCADE ON UPDATE CASCADE,
  CONSTRAINT `student_parent_student` FOREIGN KEY (`student_id`) REFERENCES `school_student` (`id`) ON DELETE CASCADE ON UPDATE CASCADE
) ENGINE=InnoDB AUTO_INCREMENT=444 DEFAULT CHARSET=utf8 COMMENT='data menghubungkan orang tua siswa dan siswa';

INSERT INTO `school_student_parent` VALUES (20,1,1),(21,1,2),(24,3,5),(25,3,6),(26,4,7),(27,4,8),(28,5,9),(29,5,10),(34,8,15),(35,8,16),(36,9,17),(37,9,18),(38,10,19),(39,10,20),(40,11,21),(41,11,22),(42,12,23),(43,12,24),(44,13,25),(45,13,26),(46,14,27),(47,14,28),(48,15,29),(49,15,30),(52,17,33),(53,17,34),(54,18,35),(55,18,36),(56,19,37),(57,19,38),(58,20,39),(59,20,40),(60,21,41),(61,21,42),(62,22,43),(63,22,44),(64,23,45),(65,23,46),(66,24,47),(67,24,48),(68,25,49),(69,25,50),(70,26,51),(71,26,52),(72,27,53),(73,27,54),(74,28,55),(75,28,56),(76,29,57),(77,29,58),(78,30,59),(79,30,60),(80,31,61),(81,31,62),(82,32,63),(83,32,64),(84,33,65),(85,33,66),(86,34,67),(87,34,68),(88,35,69),(89,35,70),(90,36,71),(91,36,72),(92,37,73),(93,37,74),(94,38,75),(95,38,76),(96,39,77),(97,39,78),(98,40,79),(99,40,80),(100,41,81),(101,41,82),(102,42,83),(103,42,84),(104,43,85),(105,43,86),(106,44,87),(107,44,88),(108,45,89),(109,45,90),(110,46,91),(111,46,92),(112,47,93),(113,47,94),(114,48,95),(115,48,96),(116,49,97),(117,49,98),(120,51,101),(121,51,102),(122,52,103),(123,52,104),(124,53,105),(125,53,106),(126,54,107),(127,54,108),(128,55,109),(129,55,110),(130,56,111),(131,56,112),(132,57,113),(133,57,114),(134,58,115),(135,58,116),(136,59,117),(137,59,118),(138,60,119),(139,60,120),(140,61,121),(141,61,122),(142,62,123),(143,62,124),(144,63,125),(145,63,126),(146,64,127),(147,64,128),(148,65,129),(149,65,130),(150,66,131),(151,66,132),(152,67,133),(153,67,134),(154,68,135),(155,68,136),(156,69,137),(157,69,138),(158,70,139),(159,70,140),(162,72,143),(163,72,144),(164,73,145),(165,73,146),(166,74,147),(167,74,148),(168,75,149),(169,75,150),(170,76,151),(171,76,152),(172,77,153),(173,77,154),(174,78,155),(175,78,156),(176,79,157),(177,79,158),(178,80,159),(179,80,160),(180,81,161),(181,81,162),(182,82,163),(183,82,164),(184,83,165),(185,83,166),(186,84,167),(187,84,168),(188,85,169),(189,85,170),(190,86,171),(191,86,172),(192,87,173),(193,87,174),(194,88,175),(195,88,176),(196,89,177),(197,89,178),(198,90,179),(199,90,180),(200,91,181),(201,91,182),(202,92,183),(203,92,184),(204,93,185),(205,93,186),(206,94,187),(207,94,188),(208,95,189),(209,95,190),(210,96,191),(211,96,192),(212,97,193),(213,97,194),(214,98,195),(215,98,196),(216,99,197),(217,99,198),(218,100,199),(219,100,200),(220,101,201),(221,101,202),(222,102,203),(223,102,204),(224,103,205),(225,103,206),(226,104,207),(227,104,208),(230,106,211),(231,106,212),(232,107,213),(233,107,214),(234,108,215),(235,108,216),(236,109,217),(237,109,218),(238,110,219),(239,110,220),(240,111,221),(241,111,222),(242,112,223),(243,112,224),(244,113,225),(245,113,226),(246,114,227),(247,114,228),(248,115,229),(249,115,230),(250,116,231),(251,116,232),(252,117,233),(253,117,234),(254,118,235),(255,118,236),(256,105,237),(257,105,238),(258,71,239),(259,71,240),(260,119,241),(261,119,242),(262,120,243),(263,120,244),(264,121,1),(265,121,2),(266,122,245),(267,123,246),(268,123,247),(269,124,248),(270,125,249),(271,125,250),(273,126,256),(274,127,258),(276,128,260),(278,129,262),(280,130,264),(282,131,266),(284,132,268),(285,132,269),(286,133,270),(288,134,272),(290,135,274),(291,135,275),(292,136,276),(293,136,277),(294,137,278),(296,138,280),(297,138,281),(298,139,282),(299,139,283),(300,140,284),(301,140,285),(302,141,286),(303,141,287),(304,142,288),(305,142,289),(306,143,290),(307,143,291),(308,144,292),(309,144,293),(310,145,294),(311,145,295),(312,146,296),(313,146,297),(314,147,298),(315,147,299),(316,148,300),(317,148,301),(318,149,302),(319,149,303),(320,150,304),(321,150,305),(322,151,306),(323,151,307),(324,152,308),(325,152,309),(326,153,310),(327,153,311),(328,154,312),(329,154,313),(330,155,314),(331,155,315),(332,156,316),(333,156,317),(334,157,318),(335,157,319),(336,158,320),(337,158,321),(338,159,322),(339,159,323),(340,160,324),(341,160,325),(342,161,326),(343,161,327),(344,162,328),(345,162,329),(346,163,330),(347,163,331),(348,164,332),(349,164,333),(350,165,334),(351,165,335),(352,166,336),(353,166,337),(354,167,338),(355,167,339),(356,168,340),(357,168,341),(358,169,342),(359,169,343),(360,170,344),(361,170,345),(362,171,346),(363,171,347),(364,172,348),(365,172,349),(366,173,350),(367,173,351),(368,174,352),(369,174,353),(370,175,354),(371,175,355),(372,176,356),(373,176,357),(374,177,358),(375,177,359),(376,178,360),(377,178,361),(378,179,362),(379,179,363),(380,180,364),(381,180,365),(382,181,366),(383,181,367),(384,182,368),(385,182,369),(386,183,370),(387,183,371),(388,184,372),(389,184,373),(390,185,374),(391,185,375),(392,186,376),(393,186,377),(394,187,378),(395,187,379),(396,188,380),(397,188,381),(398,189,382),(399,189,383),(400,190,384),(401,190,385),(402,191,386),(403,191,387),(404,192,388),(405,192,389),(406,193,390),(407,193,391),(408,194,392),(409,194,393),(410,195,394),(411,195,395),(412,196,396),(413,196,397),(414,197,398),(415,197,399),(416,198,400),(417,198,401),(418,199,402),(419,199,403),(420,200,404),(421,200,405),(422,201,406),(423,201,407),(424,202,408),(425,202,409),(426,203,410),(427,203,411),(428,204,412),(429,204,413),(430,205,414),(431,205,415),(432,206,416),(433,206,417),(434,207,418),(435,207,419),(436,208,420),(437,208,421),(438,209,422),(439,209,423),(440,210,424),(441,210,425),(442,211,426),(443,211,427);
DROP TABLE IF EXISTS `school_teacher`;
CREATE TABLE `school_teacher` (
  `id` int(11) unsigned NOT NULL AUTO_INCREMENT,
  `user_id` int(11) unsigned DEFAULT NULL,
  `name` varchar(255) DEFAULT NULL,
  `nip` char(18) DEFAULT NULL COMMENT 'nomor induk pegawai',
  `phone` char(14) DEFAULT NULL,
  `position` varchar(255) DEFAULT NULL COMMENT 'jabatan',
  `birthday` date DEFAULT NULL,
  `image` varchar(255) DEFAULT NULL,
  `created` datetime DEFAULT CURRENT_TIMESTAMP,
  `updated` datetime DEFAULT NULL ON UPDATE CURRENT_TIMESTAMP,
  PRIMARY KEY (`id`),
  UNIQUE KEY `nip` (`nip`),
  UNIQUE KEY `phone` (`phone`)
) ENGINE=InnoDB AUTO_INCREMENT=49 DEFAULT CHARSET=utf8 COMMENT='data guru';

INSERT INTO `school_teacher` VALUES (1,3,'Yasin','55555','62626297363839','Guru Bahasa Indonesia','2024-01-01','351495677.jpg','2024-01-11 09:56:41','2024-03-13 14:25:57'),(2,4,'agung','11111','6282226543','Guru Bahasa Inggris','2024-01-01',NULL,'2024-01-11 11:38:38','2024-02-27 15:18:34'),(3,5,'ilham','22222','6282328753','Guru','2024-01-01',NULL,'2024-01-11 11:39:29','2024-02-01 11:03:00'),(4,6,'yasin','33333','6289532762','Guru Filsafat','2024-01-01',NULL,'2024-01-11 11:40:21','2024-02-27 15:19:24'),(5,7,'vito','44444','6281295822','Guru','2024-01-01',NULL,'2024-01-11 11:43:17','2024-02-01 11:03:00'),(6,8,'Bapak Arief Maharani','120262874595','6286839581626','Guru Bahasa Inggris','1978-07-05',NULL,'2024-02-01 13:37:06','2024-02-27 15:18:46'),(7,9,'Bu Lina Maharani','120767679402','6284582821783','Guru','1991-09-27',NULL,'2024-02-01 13:37:06',NULL),(8,10,'Ibu Sri Susanto','120272943020','6289578490918','Guru','1973-07-28',NULL,'2024-02-01 13:37:06',NULL),(9,11,'Ibu Sri Maharani','120993011554','6284727331170','Guru','1971-08-05',NULL,'2024-02-01 13:37:06',NULL),(10,12,'Bapak Yanto Susanto','120384480034','6284150576864','Guru','1990-10-04',NULL,'2024-02-01 13:37:06',NULL),(11,13,'Bu Lina Susanto','120315388451','6282008644981','Guru','1991-06-11',NULL,'2024-02-01 13:37:06',NULL),(12,14,'Bapak Arief Susanto','120580391382','6285715852976','Guru IPA','1984-02-10',NULL,'2024-02-01 13:37:06','2024-02-27 15:18:55'),(13,15,'Pak Adi Susanto','120682307134','6288487228303','Guru','1974-01-18',NULL,'2024-02-01 13:37:06',NULL),(14,16,'Ibu Sri Cahyono','120901865670','6289653255592','Guru','1974-10-10',NULL,'2024-02-01 13:37:06',NULL),(15,17,'Bu Lina Susanto','120820322274','6283586229977','Guru','1984-01-31',NULL,'2024-02-01 13:37:06',NULL),(16,18,'Pak Adi Cahyono','120874668165','6289590261046','Guru','1989-11-18',NULL,'2024-02-01 13:37:06',NULL),(17,19,'Bapak Yanto Widodo','120598454901','6281869623872','Guru','1993-12-10',NULL,'2024-02-01 13:37:06',NULL),(18,20,'Bu Lina Cahyono','120255106144','6285844009338','Guru','1977-03-03',NULL,'2024-02-01 13:37:06',NULL),(19,21,'Bapak Arief Susanto','120865935695','6287228635496','Guru IPS','1987-06-19',NULL,'2024-02-01 13:37:06','2024-02-27 15:19:09'),(20,22,'Ibu Sri Prabowo','120131367059','6283424623627','Guru','1982-01-06',NULL,'2024-02-01 13:37:06',NULL),(33,0,'Asep 4','9','1','Guru','2024-01-01',NULL,'2024-02-20 12:57:30',NULL),(34,489,'Ibu Sri Susanto','120940634410','6281730743859','Guru','1976-05-28',NULL,'2024-03-13 10:34:17',NULL),(35,490,'Ibu Sri Cahyono','120730256278','6281500106453','Guru','1981-05-11',NULL,'2024-03-13 10:34:17',NULL),(36,491,'Bu Lina Widodo','120980628839','6281287861625','Guru','1991-10-31',NULL,'2024-03-13 10:34:17',NULL),(37,492,'Bapak Yanto Prabowo','120614147683','6285015283869','Guru','1978-06-26',NULL,'2024-03-13 10:34:17',NULL),(38,493,'Bapak Yanto Widodo','120602913728','6284493724731','Guru','1978-10-23',NULL,'2024-03-13 10:34:17',NULL),(39,494,'Bapak Yanto Widodo','120684314460','6281415718770','Guru','1973-09-21',NULL,'2024-03-13 10:34:17',NULL),(40,495,'Pak Adi Susanto','120520164505','6289487148477','Guru','1989-08-21',NULL,'2024-03-13 10:34:17',NULL),(41,496,'Bapak Arief Maharani','120214266647','6285014497734','Guru','1977-02-09',NULL,'2024-03-13 10:34:17',NULL),(42,497,'Pak Adi Cahyono','120170460928','6283808042144','Guru','1970-11-09',NULL,'2024-03-13 10:34:17',NULL),(43,498,'Ibu Sri Maharani','120921886618','6283391676561','Guru','1987-04-02',NULL,'2024-03-13 10:34:17',NULL),(44,499,'Pak Adi Cahyono','120132623540','6281268896226','Guru','1990-12-15',NULL,'2024-03-13 10:34:18',NULL),(45,500,'Bu Lina Prabowo','120658983882','6288563451812','Guru','1986-04-07',NULL,'2024-03-13 10:34:18',NULL),(46,501,'Bapak Arief Widodo','120406574581','6283971940876','Guru','1991-08-18',NULL,'2024-03-13 10:34:18',NULL),(47,502,'Bu Lina Widodo','120730253842','6287368723711','Guru','1986-08-18',NULL,'2024-03-13 10:34:18',NULL),(48,503,'Bu Lina Cahyono','120132615882','6281728423753','Guru','1971-10-23',NULL,'2024-03-13 10:34:18',NULL);
DROP TABLE IF EXISTS `school_teacher_subject`;
CREATE TABLE `school_teacher_subject` (
  `id` int(11) unsigned NOT NULL AUTO_INCREMENT,
  `teacher_id` int(11) unsigned DEFAULT NULL,
  `course_id` int(11) unsigned DEFAULT NULL,
  `class_id` int(11) unsigned DEFAULT NULL,
  PRIMARY KEY (`id`),
  KEY `subject_class` (`class_id`) USING BTREE,
  KEY `subject_course` (`course_id`) USING BTREE,
  KEY `subject_teacher` (`teacher_id`) USING BTREE,
  CONSTRAINT `subject_class` FOREIGN KEY (`class_id`) REFERENCES `school_class` (`id`) ON DELETE CASCADE ON UPDATE CASCADE,
  CONSTRAINT `subject_course` FOREIGN KEY (`course_id`) REFERENCES `school_course` (`id`) ON DELETE CASCADE ON UPDATE CASCADE,
  CONSTRAINT `subject_teacher` FOREIGN KEY (`teacher_id`) REFERENCES `school_teacher` (`id`) ON DELETE CASCADE ON UPDATE CASCADE
) ENGINE=InnoDB AUTO_INCREMENT=58 DEFAULT CHARSET=utf8 COMMENT='mengkelompokan guru dengan mata pelajaran dan kelas ';

INSERT INTO `school_teacher_subject` VALUES (1,1,1,1),(2,1,1,3),(3,1,3,5),(4,2,1,2),(5,5,2,2),(6,3,3,1),(7,4,4,4),(8,1,4,3),(9,4,4,3),(10,5,2,1),(11,5,2,5),(12,1,5,5),(13,2,3,4),(14,3,4,5),(15,1,5,4),(16,3,2,2),(17,5,11,13),(18,2,12,11),(19,20,12,1),(20,16,13,12),(21,4,9,3),(22,7,1,4),(23,2,10,14),(24,14,9,12),(25,2,2,4),(26,4,3,2),(27,17,3,3),(28,9,8,7),(29,10,2,14),(30,11,11,4),(31,14,14,7),(32,10,1,10),(33,5,3,3),(34,6,12,6),(35,6,4,4),(36,8,6,12),(37,14,3,8),(38,6,10,9),(39,16,5,2),(40,12,8,15),(41,6,6,3),(42,11,4,6),(43,5,1,8),(44,11,15,6),(45,16,13,2),(46,1,5,6),(47,1,1,7),(48,5,2,11),(49,5,2,6),(50,15,2,8),(51,5,2,13),(52,5,2,9),(53,5,2,7),(54,5,2,10),(55,5,2,15),(56,5,4,13),(57,35,4,13);
DROP TABLE IF EXISTS `survey_polling`;
CREATE TABLE `survey_polling` (
  `id` int(255) NOT NULL AUTO_INCREMENT,
  `result` varchar(255) DEFAULT NULL,
  `publish` tinyint(1) DEFAULT '0',
  PRIMARY KEY (`id`),
  KEY `publish` (`publish`) USING BTREE
) ENGINE=InnoDB AUTO_INCREMENT=3 DEFAULT CHARSET=utf8;

INSERT INTO `survey_polling` VALUES (1,NULL,1),(2,NULL,1);
DROP TABLE IF EXISTS `survey_polling_option`;
CREATE TABLE `survey_polling_option` (
  `id` int(255) NOT NULL AUTO_INCREMENT,
  `polling_id` int(255) DEFAULT NULL,
  `voted` int(255) NOT NULL DEFAULT '0',
  `orderby` int(11) DEFAULT NULL,
  `publish` tinyint(1) NOT NULL DEFAULT '0',
  PRIMARY KEY (`id`),
  KEY `polling_id` (`polling_id`) USING BTREE,
  KEY `publish` (`publish`) USING BTREE
) ENGINE=InnoDB AUTO_INCREMENT=9 DEFAULT CHARSET=utf8;

INSERT INTO `survey_polling_option` VALUES (1,1,1,1,1),(2,1,0,2,1),(3,1,0,3,1),(4,1,0,4,1),(5,2,0,1,1),(6,2,0,2,1),(7,2,0,3,1),(8,2,0,4,1);
DROP TABLE IF EXISTS `survey_polling_option_text`;
CREATE TABLE `survey_polling_option_text` (
  `polling_option_id` int(255) DEFAULT NULL,
  `title` varchar(255) DEFAULT NULL,
  `lang_id` int(11) DEFAULT NULL,
  KEY `lang_id` (`lang_id`) USING BTREE,
  KEY `polling_option_id` (`polling_option_id`) USING BTREE,
  FULLTEXT KEY `title` (`title`)
) ENGINE=InnoDB DEFAULT CHARSET=utf8;

INSERT INTO `survey_polling_option_text` VALUES (1,'E-Commerce',1),(2,'Enterprise (Web Company)',1),(3,'Web Iklan',1),(4,'Web Sekolahan',1),(5,'God Father',1),(6,'Armagedon',1),(7,'Titanic',1),(8,'Dendam Nyi Pelet',1);
DROP TABLE IF EXISTS `survey_polling_text`;
CREATE TABLE `survey_polling_text` (
  `polling_id` int(255) NOT NULL DEFAULT '0',
  `question` text,
  `lang_id` int(11) DEFAULT NULL,
  KEY `lang_id` (`lang_id`) USING BTREE,
  KEY `polling_id` (`polling_id`) USING BTREE,
  FULLTEXT KEY `question` (`question`)
) ENGINE=InnoDB DEFAULT CHARSET=utf8;

INSERT INTO `survey_polling_text` VALUES (1,'Web aplikasi jenis manakah yang menurut anda paling laku dijual untuk publik ?',1),(2,'Diantara film-film di bawah, manakah menurut anda paling bagus untuk dinikmati?',1);
DROP TABLE IF EXISTS `survey_posted`;
CREATE TABLE `survey_posted` (
  `id` int(255) unsigned NOT NULL AUTO_INCREMENT,
  `user_id` int(255) NOT NULL DEFAULT '0',
  `lang_id` int(255) NOT NULL DEFAULT '0',
  `name` varchar(255) DEFAULT NULL,
  `email` varchar(255) DEFAULT NULL,
  `params` text,
  `question_ids` varchar(255) DEFAULT NULL,
  `question_titles` text,
  `date` datetime NOT NULL,
  `publish` tinyint(1) NOT NULL DEFAULT '0',
  PRIMARY KEY (`id`),
  KEY `account_id` (`user_id`) USING BTREE,
  KEY `lang_id` (`lang_id`) USING BTREE,
  KEY `publish` (`publish`) USING BTREE,
  FULLTEXT KEY `name` (`name`,`email`,`params`,`question_titles`)
) ENGINE=InnoDB AUTO_INCREMENT=4 DEFAULT CHARSET=utf8;

INSERT INTO `survey_posted` VALUES (1,0,1,'Rahma','rahma@fisip.net','a:2:{s:7:\"Address\";s:53:\"Jl.+Pedakbaru+425c+Gowok+banguntapan+Bantul+DIY+55161\";s:5:\"Phone\";s:14:\"0856+2289+4334\";}','1,2,3,4,5','Perceived Ease Of Use<br />Perceived Usefulnes<br />Attitude Toward Using<br />Behavioral Intention to Use<br />Actual Usage Behavior','0000-00-00 00:00:00',0),(2,3,1,'Pengunjung','anonymous@anonymous.com','a:2:{s:7:\"Address\";s:9:\"Indonesia\";s:5:\"Phone\";s:15:\"+62+00+0000+000\";}','6','Demografi','2011-01-28 18:17:23',0),(3,3,1,'Pengunjung','anonymous@anonymous.com','a:2:{s:7:\"Address\";s:9:\"Indonesia\";s:5:\"Phone\";s:15:\"+62+00+0000+000\";}','1,2,3,4,5,6','Perceived Ease Of Use<br />Perceived Usefulnes<br />Attitude Toward Using<br />Behavioral Intention to Use<br />Actual Usage Behavior<br />Demografi','2011-01-28 18:43:18',0);
DROP TABLE IF EXISTS `survey_posted_question`;
CREATE TABLE `survey_posted_question` (
  `id` int(255) NOT NULL AUTO_INCREMENT,
  `posted_id` int(255) NOT NULL DEFAULT '0',
  `question_id` int(255) NOT NULL DEFAULT '0',
  `question_title` text,
  `option_ids` varchar(255) DEFAULT NULL,
  `option_titles` text,
  `note` text,
  PRIMARY KEY (`id`),
  KEY `posted_id` (`posted_id`) USING BTREE,
  KEY `question_id` (`question_id`) USING BTREE
) ENGINE=InnoDB AUTO_INCREMENT=32 DEFAULT CHARSET=utf8;

INSERT INTO `survey_posted_question` VALUES (1,1,1,'Saya dengan mudah dapat mengakses situs berita online dari mana pun<br />Saya dengan mudah dapat mengakses situs berita online dengan menggunakan fasilitas/alat/gadget yang saya miliki<br />Saya dengan mudah dapat mempelajari cara menggunakan/mengakses situs berita online<br />Saya dengan mudah dapat memahami menu atau susunan rubik pada situs berita online<br />Saya dengan mudah dapat menggunakan fasilitas/fitur (contoh: layanan komentar, dll) yang ada pada situs berita online<br />Saya bisa dengan mudah mendapatkan berita yang saya cari ketika mengakses situs berita online<br />Saya dengan mudah dapat berinteraksi dengan pengelola situs berita online<br />Saya dengan mudah dapat berinteraksi dengan sesama pembaca situs berita online','1,8,7,6,5','1.Sangat Tidak Setuju<br />2.Tidak Setuju<br />3.Netral<br />4.Setuju<br />5.Sangat Setuju<br />4.Setuju<br />3.Netral<br />2.Tidak Setuju',''),(2,1,2,'Penggunaan situs berita online meningkatkan efektivitas saya dalam mencari informasi atau sebuah berita dibanding media cetak, televisi atau media yang lain<br />Dengan mengakses situs berita online saya dapat dengan mudah mencari informasi atau berita yang sudah lama berlalu<br />Melalui situs berita online saya mendapatkan informasi/berita yang saya butuhkan<br />Melalui situs berita online saya mendapatkan informasi tambahan yang saya butuhkan<br />Dengan mengakses situs berita online memungkinkan saya lebih cepat dalam mendapatkan berita yang saya butuhkan<br />Dengan mengakses situs berita online memungkinkan saya lebih mudah dalam mendapatkan berita yang saya butuhkan<br />Saya menghemat waktu dalam mencari sebuah informasi/berita jika melalui situs berita online<br />Saya menghemat biaya dalam mencari sebuah informasi/berita jika melalui situs berita online','16,14,13,12,15','5.Sangat Setuju<br />4.Setuju<br />3.Netral<br />2.Tidak Setuju<br />3.Netral<br />4.Setuju<br />1.Sangat Tidak Setuju<br />5.Sangat Setuju',''),(3,1,3,'Saya senang mengakses situs berita online karena tak perlu berlangganan media cetak<br />Saya senang mengakses situs berita online karena tidak perlu memberikan data pribadi<br />Saya senang mengakses situs berita online karena saya dapat mengomentari berita yang saya baca<br />Saya tidak suka situs berita online yang beritanya jarang/tidak diperbaharui (update)<br />Saya tidak suka situs berita online yang penyajian beritanya terlalu formal atau menggunakan bahasa yang terlalu baku<br />Saya bosan dengan tampilan (interface) situs berita online yang saya kunjungi<br />Saya lebih suka situs berita online yang dilengkapi dengan foto/ilustrasi/grafik','17,23,22,20,21','1.Sangat Tidak Setuju<br />5.Sangat Setuju<br />2.Tidak Setuju<br />4.Setuju<br />3.Netral<br />2.Tidak Setuju<br />5.Sangat Setuju',''),(4,1,4,'Saya lebih suka situs berita online yang memperbolehkan saya untuk berkomentar<br />Saya lebih suka situs berita online yang memperbolehkan saya untuk berkontribusi menyumbangkan berita<br />Sekalipun saya telah membaca media cetaknya, saya akan tetap mengakses situs berita secara online untuk mendapatkan informasi/berita yang saya butuhkan<br />Saya akan mengakses situs berita online jika ingin mengetahui berita terbaru mengenai suatu hal<br />Saya akan menyarankan/mengajak teman saya untuk mengakses situs berita online<br />Saya akan mengajak teman untuk berinteraksi/berdiskusi mengenai sebuah berita/informasi melalui fasilitas comment yang ada di situs berita online','28,25,26,27,29','5.Sangat Setuju<br />2.Tidak Setuju<br />4.Setuju<br />1.Sangat Tidak Setuju<br />5.Sangat Setuju<br />3.Netral',''),(5,1,5,'Saya mengakses situs berita online setiap saya terkoneksi dengan internet<br />Saya akan mengakses situs berita online ketika ada peristiwa yang menarik atau yang sedang tren di masyarakat<br />Saya mengakses situs berita online hampir setiap hari<br />Rata-rata, saya mengakses situs berita online selama minimal 10 menit setiap kali mengunjunginya<br />Secara keseluruhan saya merasa puas dengan kinerja situs berita online<br />Saya menyampaikan kepuasan terhadap sebuah situs berita online, kepada teman saya','32,31,33,34,35','1.Sangat Tidak Setuju<br />4.Setuju<br />1.Sangat Tidak Setuju<br />2.Tidak Setuju<br />5.Sangat Setuju<br />3.Netral',''),(6,3,1,'Saya dengan mudah dapat mengakses situs berita online dari mana pun<br />Saya dengan mudah dapat mengakses situs berita online dengan menggunakan fasilitas/alat/gadget yang saya miliki<br />Saya dengan mudah dapat mempelajari cara menggunakan/mengakses situs berita online<br />Saya dengan mudah dapat memahami menu atau susunan rubik pada situs berita online<br />Saya dengan mudah dapat menggunakan fasilitas/fitur (contoh: layanan komentar, dll) yang ada pada situs berita online<br />Saya bisa dengan mudah mendapatkan berita yang saya cari ketika mengakses situs berita online<br />Saya dengan mudah dapat berinteraksi dengan pengelola situs berita online<br />Saya dengan mudah dapat berinteraksi dengan sesama pembaca situs berita online','7,6,5,4,8','4.Setuju<br />3.Netral<br />2.Tidak Setuju<br />1.Sangat Tidak Setuju<br />2.Tidak Setuju<br />3.Netral<br />4.Setuju<br />5.Sangat Setuju',''),(7,3,2,'Penggunaan situs berita online meningkatkan efektivitas saya dalam mencari informasi atau sebuah berita dibanding media cetak, televisi atau media yang lain<br />Dengan mengakses situs berita online saya dapat dengan mudah mencari informasi atau berita yang sudah lama berlalu<br />Melalui situs berita online saya mendapatkan informasi/berita yang saya butuhkan<br />Melalui situs berita online saya mendapatkan informasi tambahan yang saya butuhkan<br />Dengan mengakses situs berita online memungkinkan saya lebih cepat dalam mendapatkan berita yang saya butuhkan<br />Dengan mengakses situs berita online memungkinkan saya lebih mudah dalam mendapatkan berita yang saya butuhkan<br />Saya menghemat waktu dalam mencari sebuah informasi/berita jika melalui situs berita online<br />Saya menghemat biaya dalam mencari sebuah informasi/berita jika melalui situs berita online','15,14,13,12,16','4.Setuju<br />3.Netral<br />2.Tidak Setuju<br />1.Sangat Tidak Setuju<br />2.Tidak Setuju<br />3.Netral<br />4.Setuju<br />5.Sangat Setuju',''),(8,3,3,'Saya senang mengakses situs berita online karena tak perlu berlangganan media cetak<br />Saya senang mengakses situs berita online karena tidak perlu memberikan data pribadi<br />Saya senang mengakses situs berita online karena saya dapat mengomentari berita yang saya baca<br />Saya tidak suka situs berita online yang beritanya jarang/tidak diperbaharui (update)<br />Saya tidak suka situs berita online yang penyajian beritanya terlalu formal atau menggunakan bahasa yang terlalu baku<br />Saya bosan dengan tampilan (interface) situs berita online yang saya kunjungi<br />Saya lebih suka situs berita online yang dilengkapi dengan foto/ilustrasi/grafik','23,22,21,20','4.Setuju<br />3.Netral<br />2.Tidak Setuju<br />1.Sangat Tidak Setuju<br />2.Tidak Setuju<br />3.Netral<br />4.Setuju',''),(9,3,4,'Saya lebih suka situs berita online yang memperbolehkan saya untuk berkomentar<br />Saya lebih suka situs berita online yang memperbolehkan saya untuk berkontribusi menyumbangkan berita<br />Sekalipun saya telah membaca media cetaknya, saya akan tetap mengakses situs berita secara online untuk mendapatkan informasi/berita yang saya butuhkan<br />Saya akan mengakses situs berita online jika ingin mengetahui berita terbaru mengenai suatu hal<br />Saya akan menyarankan/mengajak teman saya untuk mengakses situs berita online<br />Saya akan mengajak teman untuk berinteraksi/berdiskusi mengenai sebuah berita/informasi melalui fasilitas comment yang ada di situs berita online','24,25,26,29,28','5.Sangat Setuju<br />4.Setuju<br />3.Netral<br />2.Tidak Setuju<br />1.Sangat Tidak Setuju<br />2.Tidak Setuju',''),(10,3,5,'Saya mengakses situs berita online setiap saya terkoneksi dengan internet<br />Saya akan mengakses situs berita online ketika ada peristiwa yang menarik atau yang sedang tren di masyarakat<br />Saya mengakses situs berita online hampir setiap hari<br />Rata-rata, saya mengakses situs berita online selama minimal 10 menit setiap kali mengunjunginya<br />Secara keseluruhan saya merasa puas dengan kinerja situs berita online<br />Saya menyampaikan kepuasan terhadap sebuah situs berita online, kepada teman saya','34,33,32,35','3.Netral<br />4.Setuju<br />5.Sangat Setuju<br />4.Setuju<br />3.Netral<br />2.Tidak Setuju',''),(11,3,6,'Tahun lahir','1','2423',''),(12,3,6,'Jenis kelamin','2','Perempuan',''),(13,3,6,'Asal kota','3','kudus',''),(14,3,6,'Status','4','Menikah',''),(15,3,6,'Pendidikan terakhir','5','Sarjana S1',''),(16,3,6,'Pekerjaan','6','Mahasiswa D3/S1',''),(17,3,6,'Pengeluaran per bulan','7','234',''),(18,3,6,'Berapa uang saku','8','234',''),(19,3,6,'Mengakses situs berita online pertama kali (tahun)','9','3423',''),(20,3,6,'Tempat mengakses situs berita online tersering','10','Kampus',''),(21,3,6,'Selain tempat tersebut pada nomor 10. dimana lagi?','11','Warung Internet, Rumah, Kos',''),(22,3,6,'Rata-rata, berapa jam dalam seminggu Anda mengakses situs berita online','12','23',''),(23,3,6,'Rata-rata, berapa berita yang Anda baca setiap membuka sebuah situs berita online','13','12',''),(24,3,6,'Rata-rata, berapa lama Anda membaca satu berita di sebuah situs berita online','14','231',''),(25,3,6,'Rata-rata, selama mengakses situs berita online, jika dihitung dengan uang, berapa banyak uang yang harus Anda keluarkan untuk akses situs berita online dalam satu bulan?','15','12324324',''),(26,3,6,'Walaupun Anda mengakses situs berita online, apakah Anda tetap berlangganan koran, majalah, tabloid, dll, tetap menonton televisi, dan mendengarkan radio untuk mendapatkan sebuah berita/informasi?','16','Ya, alasanya dsfsdfsdg ',''),(27,3,6,'Selama mengakses situs berita online, tema rubrik/berita apa yang paling sering Anda baca ?','17','terkait dengan pendidikan, terkait dengan politik, terkait dengan ekonomi/bisnis, hiburan/hobi (musik, film, fotografi), terkait dengan kuliner, sdgfdg',''),(28,3,6,'Sebutkan 3 rubrik atau tema berita yang paling sering Anda baca (urutkan dari yang paling sering, contoh: politik, kuliner dsb.)','18','dfgdfgdf, dfgfhgf, fghfdghf',''),(29,3,6,'Sebutkan 5 situs berita (media massa) online yang paling sering Anda kunjungi, urutkan dari yang paling sering, tidak harus berbahasa Indonesia','19','fdgdsfgdg, dfgdf, dfgdfg, gdfgdf, gdfgdf',''),(30,3,6,'Alasan mengapa Anda mengakses situs tersebut','20','1. Beritanya selalu ada yang baru (update)<br />2. Beritanya dapat dipercaya, tidak memihak, dan komprehensif <br />3. Beritanya memenuhi unsur 5W+1H (What, Why, When, Where, Who, How)<br />4. Lembaga/pengelola situsnya kredibel<br />5. Beritanya mudah/enak dibaca<br />6. Bahasa yang digunakan mudah/enak dibaca<br />7. Situsnya mudah diakses<br />8. Nama atau alamat situs (URL)-nya mudah diingat<br />9. Tata letak atau desain situsnya tidak membosankan<br />10. Akses ke situs tersebut cepat dibanding situs lainnya<br />11. Beritanya selalu dilengkapi dengan foto/gambar/ilustrasi<br />12. Berita dan rubriknya lengkap<br />13. Penulisan judul beritanya menarik saya untuk membaca beritanya secara lengkap<br />14. sdfsdf<br />15. sdfsdfdgts<br />16. yjfghjfhgjgh',''),(31,3,6,'Alat atau gadget yang paling sering Anda gunakan untuk akses situs tersebut','21','1. Komputer Personal (dengan CPU)<br />2. Laptop (notebook)<br />3. Laptop (netbook)<br />4. Blackberry<br />5. Handphone (dengan fasilitas GPRS, 3G, dll)<br />6. gfehfgjhg<br />7. fgjfjhghjg','');
DROP TABLE IF EXISTS `survey_question`;
CREATE TABLE `survey_question` (
  `id` int(255) NOT NULL AUTO_INCREMENT,
  `par_id` int(255) DEFAULT '0',
  `type` enum('checkbox','multiple','radio','select','text','none','custom') NOT NULL DEFAULT 'checkbox',
  `file` varchar(255) DEFAULT NULL,
  `voted` int(255) DEFAULT '0',
  `orderby` int(255) DEFAULT '0',
  `is_note` tinyint(1) NOT NULL DEFAULT '1',
  `checked` tinyint(1) NOT NULL DEFAULT '0',
  `publish` tinyint(1) NOT NULL DEFAULT '1',
  PRIMARY KEY (`id`),
  KEY `publish` (`publish`) USING BTREE
) ENGINE=InnoDB AUTO_INCREMENT=7 DEFAULT CHARSET=utf8;

INSERT INTO `survey_question` VALUES (1,0,'custom','questionary',2,1,0,1,1),(2,0,'custom','questionary',2,2,0,1,1),(3,0,'custom','questionary',2,3,0,1,1),(4,0,'custom','questionary',2,4,0,1,1),(5,0,'custom','questionary',2,5,0,1,1),(6,0,'custom','demografi',2,6,0,1,1);
DROP TABLE IF EXISTS `survey_question_option`;
CREATE TABLE `survey_question_option` (
  `id` int(255) NOT NULL AUTO_INCREMENT,
  `question_id` int(255) NOT NULL DEFAULT '0',
  `voted` int(255) unsigned NOT NULL DEFAULT '0',
  `orderby` int(255) DEFAULT '0',
  `checked` tinyint(1) NOT NULL DEFAULT '0',
  `publish` tinyint(1) NOT NULL DEFAULT '1',
  PRIMARY KEY (`id`),
  KEY `publish` (`publish`) USING BTREE,
  KEY `question_id` (`question_id`) USING BTREE
) ENGINE=InnoDB DEFAULT CHARSET=utf8;

DROP TABLE IF EXISTS `survey_question_option_text`;
CREATE TABLE `survey_question_option_text` (
  `option_id` int(255) NOT NULL DEFAULT '0',
  `title` varchar(255) DEFAULT NULL,
  `lang_id` int(255) DEFAULT NULL,
  KEY `lang_id` (`lang_id`) USING BTREE,
  KEY `option_id` (`option_id`) USING BTREE,
  FULLTEXT KEY `title` (`title`)
) ENGINE=InnoDB DEFAULT CHARSET=utf8;

DROP TABLE IF EXISTS `survey_question_text`;
CREATE TABLE `survey_question_text` (
  `question_id` int(255) NOT NULL DEFAULT '0',
  `title` varchar(255) DEFAULT NULL,
  `description` text,
  `lang_id` int(255) DEFAULT NULL,
  KEY `lang_id` (`lang_id`) USING BTREE,
  KEY `question_id` (`question_id`) USING BTREE,
  FULLTEXT KEY `title` (`title`,`description`)
) ENGINE=InnoDB DEFAULT CHARSET=utf8;

INSERT INTO `survey_question_text` VALUES (1,'Perceived Ease Of Use','',1),(2,'Perceived Usefulnes','',1),(3,'Attitude Toward Using','',1),(4,'Behavioral Intention to Use','',1),(5,'Actual Usage Behavior','',1),(6,'Demografi','',1);
DROP TABLE IF EXISTS `survey_questionary`;
CREATE TABLE `survey_questionary` (
  `id` int(11) NOT NULL AUTO_INCREMENT,
  `question_id` int(11) DEFAULT NULL,
  `title` varchar(255) DEFAULT NULL,
  `orderby` int(11) DEFAULT NULL,
  `publish` tinyint(1) NOT NULL DEFAULT '1',
  PRIMARY KEY (`id`),
  KEY `publish` (`publish`) USING BTREE,
  KEY `question_id` (`question_id`) USING BTREE
) ENGINE=InnoDB AUTO_INCREMENT=36 DEFAULT CHARSET=utf8;

INSERT INTO `survey_questionary` VALUES (1,1,'Saya dengan mudah dapat mengakses situs berita online dari mana pun',1,1),(2,1,'Saya dengan mudah dapat mengakses situs berita online dengan menggunakan fasilitas/alat/gadget yang saya miliki',2,1),(3,1,'Saya dengan mudah dapat mempelajari cara menggunakan/mengakses situs berita online',3,1),(4,1,'Saya dengan mudah dapat memahami menu atau susunan rubik pada situs berita online',4,1),(5,1,'Saya dengan mudah dapat menggunakan fasilitas/fitur (contoh: layanan komentar, dll) yang ada pada situs berita online',5,1),(6,1,'Saya bisa dengan mudah mendapatkan berita yang saya cari ketika mengakses situs berita online',6,1),(7,1,'Saya dengan mudah dapat berinteraksi dengan pengelola situs berita online',7,1),(8,1,'Saya dengan mudah dapat berinteraksi dengan sesama pembaca situs berita online',8,1),(9,2,'Penggunaan situs berita online meningkatkan efektivitas saya dalam mencari informasi atau sebuah berita dibanding media cetak, televisi atau media yang lain',1,1),(10,2,'Dengan mengakses situs berita online saya dapat dengan mudah mencari informasi atau berita yang sudah lama berlalu',2,1),(11,2,'Melalui situs berita online saya mendapatkan informasi/berita yang saya butuhkan',3,1),(12,2,'Melalui situs berita online saya mendapatkan informasi tambahan yang saya butuhkan',4,1),(13,2,'Dengan mengakses situs berita online memungkinkan saya lebih cepat dalam mendapatkan berita yang saya butuhkan',5,1),(14,2,'Dengan mengakses situs berita online memungkinkan saya lebih mudah dalam mendapatkan berita yang saya butuhkan',6,1),(15,2,'Saya menghemat waktu dalam mencari sebuah informasi/berita jika melalui situs berita online',7,1),(16,2,'Saya menghemat biaya dalam mencari sebuah informasi/berita jika melalui situs berita online',8,1),(17,3,'Saya senang mengakses situs berita online karena tak perlu berlangganan media cetak',1,1),(18,3,'Saya senang mengakses situs berita online karena tidak perlu memberikan data pribadi',2,1),(19,3,'Saya senang mengakses situs berita online karena saya dapat mengomentari berita yang saya baca',3,1),(20,3,'Saya tidak suka situs berita online yang beritanya jarang/tidak diperbaharui (update)',4,1),(21,3,'Saya tidak suka situs berita online yang penyajian beritanya terlalu formal atau menggunakan bahasa yang terlalu baku',5,1),(22,3,'Saya bosan dengan tampilan (interface) situs berita online yang saya kunjungi',6,1),(23,3,'Saya lebih suka situs berita online yang dilengkapi dengan foto/ilustrasi/grafik',7,1),(24,4,'Saya lebih suka situs berita online yang memperbolehkan saya untuk berkomentar',1,1),(25,4,'Saya lebih suka situs berita online yang memperbolehkan saya untuk berkontribusi menyumbangkan berita',2,1),(26,4,'Sekalipun saya telah membaca media cetaknya, saya akan tetap mengakses situs berita secara online untuk mendapatkan informasi/berita yang saya butuhkan',3,1),(27,4,'Saya akan mengakses situs berita online jika ingin mengetahui berita terbaru mengenai suatu hal',4,1),(28,4,'Saya akan menyarankan/mengajak teman saya untuk mengakses situs berita online',5,1),(29,4,'Saya akan mengajak teman untuk berinteraksi/berdiskusi mengenai sebuah berita/informasi melalui fasilitas comment yang ada di situs berita online',6,1),(30,5,'Saya mengakses situs berita online setiap saya terkoneksi dengan internet',1,1),(31,5,'Saya akan mengakses situs berita online ketika ada peristiwa yang menarik atau yang sedang tren di masyarakat',2,1),(32,5,'Saya mengakses situs berita online hampir setiap hari',3,1),(33,5,'Rata-rata, saya mengakses situs berita online selama minimal 10 menit setiap kali mengunjunginya',4,1),(34,5,'Secara keseluruhan saya merasa puas dengan kinerja situs berita online',5,1),(35,5,'Saya menyampaikan kepuasan terhadap sebuah situs berita online, kepada teman saya',6,1);
DROP TABLE IF EXISTS `testimonial`;
CREATE TABLE `testimonial` (
  `id` int(255) NOT NULL AUTO_INCREMENT,
  `name` varchar(255) DEFAULT NULL,
  `email` varchar(255) DEFAULT NULL,
  `params` text,
  `message` text,
  `date` datetime DEFAULT NULL,
  `publish` tinyint(1) NOT NULL DEFAULT '0',
  PRIMARY KEY (`id`),
  KEY `publish` (`publish`) USING BTREE,
  FULLTEXT KEY `name` (`name`,`email`,`params`,`message`)
) ENGINE=InnoDB AUTO_INCREMENT=3 DEFAULT CHARSET=utf8;

INSERT INTO `testimonial` VALUES (1,'Danang Widiantoro','comment@fisip.net','a:2:{s:7:\"Company\";s:9:\"Fisip.Net\";s:7:\"Address\";s:35:\"Gowok Banguntapan Bantul Yogyakarta\";}','It is easy to navigate this site because all of the links are right there on the left hand side, and people without image-loading browsers can access the links via the text at the bottom which is very handy and essential for a good site. It is a good idea having a shopping cart section right in the middle of the screen because it is obvious, and all important information can be accessed by the reader easily.','2012-04-22 03:00:40',1),(2,'Malaquina Aurelia Widiantoro','daloralove@yahoo.com','a:2:{s:7:\"Company\";s:17:\"www.bagikisah.com\";s:7:\"Address\";s:13:\"Denpasar Bali\";}','This site definitely appeals to the average person because the layout is so simple but very effective. It is a clean site with a flawless look, and someone without any technical background would definitely appreciate it. The layout makes anyone feel comfortable because it is so well done and clean looking. We feel as if we are in good hands and we know that we will be able to find anything we need on this site. Well done....','2012-04-22 03:08:47',1);
DROP TABLE IF EXISTS `testimonial_field`;
CREATE TABLE `testimonial_field` (
  `id` int(11) NOT NULL AUTO_INCREMENT,
  `type` varchar(255) NOT NULL,
  `checked` enum('any','email','url','phone','number') DEFAULT 'any',
  `title` varchar(255) NOT NULL,
  `tips` varchar(255) NOT NULL,
  `attr` varchar(255) NOT NULL,
  `default` text NOT NULL,
  `option` text NOT NULL,
  `orderby` int(255) NOT NULL DEFAULT '1',
  `mandatory` tinyint(1) NOT NULL DEFAULT '0',
  `active` tinyint(1) NOT NULL DEFAULT '0',
  PRIMARY KEY (`id`),
  KEY `active` (`active`) USING BTREE
) ENGINE=InnoDB AUTO_INCREMENT=3 DEFAULT CHARSET=utf8;

INSERT INTO `testimonial_field` VALUES (1,'textarea','any','Address','','rows=3 cols=34','','',2,0,1),(2,'text','any','Company','','size=34','','',1,0,1);


SET foreign_key_checks = 1;
